match_id,season,start_date,venue,innings,ball,batting_team,bowling_team,striker,non_striker,bowler,runs_off_bat,extras,wides,noballs,byes,legbyes,penalty,wicket_type,player_dismissed,other_wicket_type,other_player_dismissed
1019983,2016/17,2017-01-08,Bay Oval,1,0.1,New Zealand,Bangladesh,KS Williamson,JDS Neesham,Mashrafe Mortaza,0,0,,,,,,,,,
1019983,2016/17,2017-01-08,Bay Oval,1,0.2,New Zealand,Bangladesh,KS Williamson,JDS Neesham,Mashrafe Mortaza,1,0,,,,,,,,,
1019983,2016/17,2017-01-08,Bay Oval,1,0.3,New Zealand,Bangladesh,JDS Neesham,KS Williamson,Mashrafe Mortaza,4,0,,,,,,,,,
1019983,2016/17,2017-01-08,Bay Oval,1,0.4,New Zealand,Bangladesh,JDS Neesham,KS Williamson,Mashrafe Mortaza,4,0,,,,,,,,,
1019983,2016/17,2017-01-08,Bay Oval,1,0.5,New Zealand,Bangladesh,JDS Neesham,KS Williamson,Mashrafe Mortaza,0,0,,,,,,,,,
1019983,2016/17,2017-01-08,Bay Oval,1,0.6,New Zealand,Bangladesh,JDS Neesham,KS Williamson,Mashrafe Mortaza,0,0,,,,,,,,,
1019983,2016/17,2017-01-08,Bay Oval,1,1.1,New Zealand,Bangladesh,KS Williamson,JDS Neesham,Taskin Ahmed,0,1,,,,1,,,,,
1019983,2016/17,2017-01-08,Bay Oval,1,1.2,New Zealand,Bangladesh,JDS Neesham,KS Williamson,Taskin Ahmed,1,0,,,,,,,,,
1019983,2016/17,2017-01-08,Bay Oval,1,1.3,New Zealand,Bangladesh,KS Williamson,JDS Neesham,Taskin Ahmed,0,0,,,,,,,,,
1019983,2016/17,2017-01-08,Bay Oval,1,1.4,New Zealand,Bangladesh,KS Williamson,JDS Neesham,Taskin Ahmed,0,0,,,,,,,,,
1019983,2016/17,2017-01-08,Bay Oval,1,1.5,New Zealand,Bangladesh,KS Williamson,JDS Neesham,Taskin Ahmed,1,0,,,,,,,,,
1019983,2016/17,2017-01-08,Bay Oval,1,1.6,New Zealand,Bangladesh,JDS Neesham,KS Williamson,Taskin Ahmed,0,1,1,,,,,,,,
1019983,2016/17,2017-01-08,Bay Oval,1,1.7,New Zealand,Bangladesh,JDS Neesham,KS Williamson,Taskin Ahmed,0,0,,,,,,,,,
1019983,2016/17,2017-01-08,Bay Oval,1,2.1,New Zealand,Bangladesh,KS Williamson,JDS Neesham,Rubel Hossain,0,0,,,,,,,,,
1019983,2016/17,2017-01-08,Bay Oval,1,2.2,New Zealand,Bangladesh,KS Williamson,JDS Neesham,Rubel Hossain,1,0,,,,,,,,,
1019983,2016/17,2017-01-08,Bay Oval,1,2.3,New Zealand,Bangladesh,JDS Neesham,KS Williamson,Rubel Hossain,0,0,,,,,,,,,
1019983,2016/17,2017-01-08,Bay Oval,1,2.4,New Zealand,Bangladesh,JDS Neesham,KS Williamson,Rubel Hossain,4,0,,,,,,,,,
1019983,2016/17,2017-01-08,Bay Oval,1,2.5,New Zealand,Bangladesh,JDS Neesham,KS Williamson,Rubel Hossain,1,0,,,,,,,,,
1019983,2016/17,2017-01-08,Bay Oval,1,2.6,New Zealand,Bangladesh,KS Williamson,JDS Neesham,Rubel Hossain,0,0,,,,,,,,,
1019983,2016/17,2017-01-08,Bay Oval,1,3.1,New Zealand,Bangladesh,JDS Neesham,KS Williamson,Shakib Al Hasan,1,0,,,,,,,,,
1019983,2016/17,2017-01-08,Bay Oval,1,3.2,New Zealand,Bangladesh,KS Williamson,JDS Neesham,Shakib Al Hasan,0,0,,,,,,,,,
1019983,2016/17,2017-01-08,Bay Oval,1,3.3,New Zealand,Bangladesh,KS Williamson,JDS Neesham,Shakib Al Hasan,0,0,,,,,,,,,
1019983,2016/17,2017-01-08,Bay Oval,1,3.4,New Zealand,Bangladesh,KS Williamson,JDS Neesham,Shakib Al Hasan,4,0,,,,,,,,,
1019983,2016/17,2017-01-08,Bay Oval,1,3.5,New Zealand,Bangladesh,KS Williamson,JDS Neesham,Shakib Al Hasan,4,0,,,,,,,,,
1019983,2016/17,2017-01-08,Bay Oval,1,3.6,New Zealand,Bangladesh,KS Williamson,JDS Neesham,Shakib Al Hasan,2,0,,,,,,,,,
1019983,2016/17,2017-01-08,Bay Oval,1,4.1,New Zealand,Bangladesh,JDS Neesham,KS Williamson,Rubel Hossain,0,4,,,,4,,,,,
1019983,2016/17,2017-01-08,Bay Oval,1,4.2,New Zealand,Bangladesh,JDS Neesham,KS Williamson,Rubel Hossain,0,0,,,,,,lbw,JDS Neesham,,
1019983,2016/17,2017-01-08,Bay Oval,1,4.3,New Zealand,Bangladesh,C Munro,KS Williamson,Rubel Hossain,0,1,,,,1,,,,,
1019983,2016/17,2017-01-08,Bay Oval,1,4.4,New Zealand,Bangladesh,KS Williamson,C Munro,Rubel Hossain,1,0,,,,,,,,,
1019983,2016/17,2017-01-08,Bay Oval,1,4.5,New Zealand,Bangladesh,C Munro,KS Williamson,Rubel Hossain,0,0,,,,,,,,,
1019983,2016/17,2017-01-08,Bay Oval,1,4.6,New Zealand,Bangladesh,C Munro,KS Williamson,Rubel Hossain,0,0,,,,,,caught,C Munro,,
1019983,2016/17,2017-01-08,Bay Oval,1,5.1,New Zealand,Bangladesh,TC Bruce,KS Williamson,Taskin Ahmed,0,0,,,,,,,,,
1019983,2016/17,2017-01-08,Bay Oval,1,5.2,New Zealand,Bangladesh,TC Bruce,KS Williamson,Taskin Ahmed,4,0,,,,,,,,,
1019983,2016/17,2017-01-08,Bay Oval,1,5.3,New Zealand,Bangladesh,TC Bruce,KS Williamson,Taskin Ahmed,1,0,,,,,,,,,
1019983,2016/17,2017-01-08,Bay Oval,1,5.4,New Zealand,Bangladesh,KS Williamson,TC Bruce,Taskin Ahmed,0,0,,,,,,,,,
1019983,2016/17,2017-01-08,Bay Oval,1,5.5,New Zealand,Bangladesh,KS Williamson,TC Bruce,Taskin Ahmed,0,0,,,,,,,,,
1019983,2016/17,2017-01-08,Bay Oval,1,5.6,New Zealand,Bangladesh,KS Williamson,TC Bruce,Taskin Ahmed,0,0,,,,,,,,,
1019983,2016/17,2017-01-08,Bay Oval,1,6.1,New Zealand,Bangladesh,TC Bruce,KS Williamson,Mosaddek Hossain,0,0,,,,,,caught,TC Bruce,,
1019983,2016/17,2017-01-08,Bay Oval,1,6.2,New Zealand,Bangladesh,KS Williamson,CJ Anderson,Mosaddek Hossain,0,0,,,,,,,,,
1019983,2016/17,2017-01-08,Bay Oval,1,6.3,New Zealand,Bangladesh,KS Williamson,CJ Anderson,Mosaddek Hossain,0,0,,,,,,,,,
1019983,2016/17,2017-01-08,Bay Oval,1,6.4,New Zealand,Bangladesh,KS Williamson,CJ Anderson,Mosaddek Hossain,1,0,,,,,,,,,
1019983,2016/17,2017-01-08,Bay Oval,1,6.5,New Zealand,Bangladesh,CJ Anderson,KS Williamson,Mosaddek Hossain,1,0,,,,,,,,,
1019983,2016/17,2017-01-08,Bay Oval,1,6.6,New Zealand,Bangladesh,KS Williamson,CJ Anderson,Mosaddek Hossain,1,0,,,,,,,,,
1019983,2016/17,2017-01-08,Bay Oval,1,7.1,New Zealand,Bangladesh,KS Williamson,CJ Anderson,Shakib Al Hasan,1,0,,,,,,,,,
1019983,2016/17,2017-01-08,Bay Oval,1,7.2,New Zealand,Bangladesh,CJ Anderson,KS Williamson,Shakib Al Hasan,0,0,,,,,,,,,
1019983,2016/17,2017-01-08,Bay Oval,1,7.3,New Zealand,Bangladesh,CJ Anderson,KS Williamson,Shakib Al Hasan,0,0,,,,,,,,,
1019983,2016/17,2017-01-08,Bay Oval,1,7.4,New Zealand,Bangladesh,CJ Anderson,KS Williamson,Shakib Al Hasan,0,0,,,,,,,,,
1019983,2016/17,2017-01-08,Bay Oval,1,7.5,New Zealand,Bangladesh,CJ Anderson,KS Williamson,Shakib Al Hasan,1,0,,,,,,,,,
1019983,2016/17,2017-01-08,Bay Oval,1,7.6,New Zealand,Bangladesh,KS Williamson,CJ Anderson,Shakib Al Hasan,0,0,,,,,,,,,
1019983,2016/17,2017-01-08,Bay Oval,1,8.1,New Zealand,Bangladesh,CJ Anderson,KS Williamson,Mosaddek Hossain,0,0,,,,,,,,,
1019983,2016/17,2017-01-08,Bay Oval,1,8.2,New Zealand,Bangladesh,CJ Anderson,KS Williamson,Mosaddek Hossain,1,0,,,,,,,,,
1019983,2016/17,2017-01-08,Bay Oval,1,8.3,New Zealand,Bangladesh,KS Williamson,CJ Anderson,Mosaddek Hossain,1,0,,,,,,,,,
1019983,2016/17,2017-01-08,Bay Oval,1,8.4,New Zealand,Bangladesh,CJ Anderson,KS Williamson,Mosaddek Hossain,1,0,,,,,,,,,
1019983,2016/17,2017-01-08,Bay Oval,1,8.5,New Zealand,Bangladesh,KS Williamson,CJ Anderson,Mosaddek Hossain,0,0,,,,,,,,,
1019983,2016/17,2017-01-08,Bay Oval,1,8.6,New Zealand,Bangladesh,KS Williamson,CJ Anderson,Mosaddek Hossain,1,0,,,,,,,,,
1019983,2016/17,2017-01-08,Bay Oval,1,9.1,New Zealand,Bangladesh,KS Williamson,CJ Anderson,Shakib Al Hasan,1,0,,,,,,,,,
1019983,2016/17,2017-01-08,Bay Oval,1,9.2,New Zealand,Bangladesh,CJ Anderson,KS Williamson,Shakib Al Hasan,1,0,,,,,,,,,
1019983,2016/17,2017-01-08,Bay Oval,1,9.3,New Zealand,Bangladesh,KS Williamson,CJ Anderson,Shakib Al Hasan,1,0,,,,,,,,,
1019983,2016/17,2017-01-08,Bay Oval,1,9.4,New Zealand,Bangladesh,CJ Anderson,KS Williamson,Shakib Al Hasan,1,0,,,,,,,,,
1019983,2016/17,2017-01-08,Bay Oval,1,9.5,New Zealand,Bangladesh,KS Williamson,CJ Anderson,Shakib Al Hasan,0,0,,,,,,,,,
1019983,2016/17,2017-01-08,Bay Oval,1,9.6,New Zealand,Bangladesh,KS Williamson,CJ Anderson,Shakib Al Hasan,1,0,,,,,,,,,
1019983,2016/17,2017-01-08,Bay Oval,1,10.1,New Zealand,Bangladesh,KS Williamson,CJ Anderson,Mosaddek Hossain,0,0,,,,,,,,,
1019983,2016/17,2017-01-08,Bay Oval,1,10.2,New Zealand,Bangladesh,KS Williamson,CJ Anderson,Mosaddek Hossain,4,0,,,,,,,,,
1019983,2016/17,2017-01-08,Bay Oval,1,10.3,New Zealand,Bangladesh,KS Williamson,CJ Anderson,Mosaddek Hossain,2,0,,,,,,,,,
1019983,2016/17,2017-01-08,Bay Oval,1,10.4,New Zealand,Bangladesh,KS Williamson,CJ Anderson,Mosaddek Hossain,1,0,,,,,,,,,
1019983,2016/17,2017-01-08,Bay Oval,1,10.5,New Zealand,Bangladesh,CJ Anderson,KS Williamson,Mosaddek Hossain,4,0,,,,,,,,,
1019983,2016/17,2017-01-08,Bay Oval,1,10.6,New Zealand,Bangladesh,CJ Anderson,KS Williamson,Mosaddek Hossain,1,0,,,,,,,,,
1019983,2016/17,2017-01-08,Bay Oval,1,11.1,New Zealand,Bangladesh,CJ Anderson,KS Williamson,Mashrafe Mortaza,1,0,,,,,,,,,
1019983,2016/17,2017-01-08,Bay Oval,1,11.2,New Zealand,Bangladesh,KS Williamson,CJ Anderson,Mashrafe Mortaza,1,0,,,,,,,,,
1019983,2016/17,2017-01-08,Bay Oval,1,11.3,New Zealand,Bangladesh,CJ Anderson,KS Williamson,Mashrafe Mortaza,6,0,,,,,,,,,
1019983,2016/17,2017-01-08,Bay Oval,1,11.4,New Zealand,Bangladesh,CJ Anderson,KS Williamson,Mashrafe Mortaza,1,0,,,,,,,,,
1019983,2016/17,2017-01-08,Bay Oval,1,11.5,New Zealand,Bangladesh,KS Williamson,CJ Anderson,Mashrafe Mortaza,1,0,,,,,,,,,
1019983,2016/17,2017-01-08,Bay Oval,1,11.6,New Zealand,Bangladesh,CJ Anderson,KS Williamson,Mashrafe Mortaza,2,0,,,,,,,,,
1019983,2016/17,2017-01-08,Bay Oval,1,12.1,New Zealand,Bangladesh,KS Williamson,CJ Anderson,Rubel Hossain,4,0,,,,,,,,,
1019983,2016/17,2017-01-08,Bay Oval,1,12.2,New Zealand,Bangladesh,KS Williamson,CJ Anderson,Rubel Hossain,2,0,,,,,,,,,
1019983,2016/17,2017-01-08,Bay Oval,1,12.3,New Zealand,Bangladesh,KS Williamson,CJ Anderson,Rubel Hossain,4,0,,,,,,,,,
1019983,2016/17,2017-01-08,Bay Oval,1,12.4,New Zealand,Bangladesh,KS Williamson,CJ Anderson,Rubel Hossain,1,0,,,,,,,,,
1019983,2016/17,2017-01-08,Bay Oval,1,12.5,New Zealand,Bangladesh,CJ Anderson,KS Williamson,Rubel Hossain,1,0,,,,,,,,,
1019983,2016/17,2017-01-08,Bay Oval,1,12.6,New Zealand,Bangladesh,KS Williamson,CJ Anderson,Rubel Hossain,0,0,,,,,,,,,
1019983,2016/17,2017-01-08,Bay Oval,1,13.1,New Zealand,Bangladesh,CJ Anderson,KS Williamson,Taskin Ahmed,1,0,,,,,,,,,
1019983,2016/17,2017-01-08,Bay Oval,1,13.2,New Zealand,Bangladesh,KS Williamson,CJ Anderson,Taskin Ahmed,6,0,,,,,,,,,
1019983,2016/17,2017-01-08,Bay Oval,1,13.3,New Zealand,Bangladesh,KS Williamson,CJ Anderson,Taskin Ahmed,4,0,,,,,,,,,
1019983,2016/17,2017-01-08,Bay Oval,1,13.4,New Zealand,Bangladesh,KS Williamson,CJ Anderson,Taskin Ahmed,0,0,,,,,,,,,
1019983,2016/17,2017-01-08,Bay Oval,1,13.5,New Zealand,Bangladesh,KS Williamson,CJ Anderson,Taskin Ahmed,0,0,,,,,,,,,
1019983,2016/17,2017-01-08,Bay Oval,1,13.6,New Zealand,Bangladesh,KS Williamson,CJ Anderson,Taskin Ahmed,1,0,,,,,,,,,
1019983,2016/17,2017-01-08,Bay Oval,1,14.1,New Zealand,Bangladesh,KS Williamson,CJ Anderson,Mashrafe Mortaza,0,4,,,,4,,,,,
1019983,2016/17,2017-01-08,Bay Oval,1,14.2,New Zealand,Bangladesh,KS Williamson,CJ Anderson,Mashrafe Mortaza,1,0,,,,,,,,,
1019983,2016/17,2017-01-08,Bay Oval,1,14.3,New Zealand,Bangladesh,CJ Anderson,KS Williamson,Mashrafe Mortaza,4,0,,,,,,,,,
1019983,2016/17,2017-01-08,Bay Oval,1,14.4,New Zealand,Bangladesh,CJ Anderson,KS Williamson,Mashrafe Mortaza,6,0,,,,,,,,,
1019983,2016/17,2017-01-08,Bay Oval,1,14.5,New Zealand,Bangladesh,CJ Anderson,KS Williamson,Mashrafe Mortaza,6,0,,,,,,,,,
1019983,2016/17,2017-01-08,Bay Oval,1,14.6,New Zealand,Bangladesh,CJ Anderson,KS Williamson,Mashrafe Mortaza,1,0,,,,,,,,,
1019983,2016/17,2017-01-08,Bay Oval,1,15.1,New Zealand,Bangladesh,CJ Anderson,KS Williamson,Shakib Al Hasan,1,0,,,,,,,,,
1019983,2016/17,2017-01-08,Bay Oval,1,15.2,New Zealand,Bangladesh,KS Williamson,CJ Anderson,Shakib Al Hasan,2,0,,,,,,,,,
1019983,2016/17,2017-01-08,Bay Oval,1,15.3,New Zealand,Bangladesh,KS Williamson,CJ Anderson,Shakib Al Hasan,0,0,,,,,,,,,
1019983,2016/17,2017-01-08,Bay Oval,1,15.4,New Zealand,Bangladesh,KS Williamson,CJ Anderson,Shakib Al Hasan,1,0,,,,,,,,,
1019983,2016/17,2017-01-08,Bay Oval,1,15.5,New Zealand,Bangladesh,CJ Anderson,KS Williamson,Shakib Al Hasan,0,0,,,,,,,,,
1019983,2016/17,2017-01-08,Bay Oval,1,15.6,New Zealand,Bangladesh,CJ Anderson,KS Williamson,Shakib Al Hasan,0,0,,,,,,,,,
1019983,2016/17,2017-01-08,Bay Oval,1,16.1,New Zealand,Bangladesh,KS Williamson,CJ Anderson,Soumya Sarkar,1,0,,,,,,,,,
1019983,2016/17,2017-01-08,Bay Oval,1,16.2,New Zealand,Bangladesh,CJ Anderson,KS Williamson,Soumya Sarkar,6,0,,,,,,,,,
1019983,2016/17,2017-01-08,Bay Oval,1,16.3,New Zealand,Bangladesh,CJ Anderson,KS Williamson,Soumya Sarkar,6,0,,,,,,,,,
1019983,2016/17,2017-01-08,Bay Oval,1,16.4,New Zealand,Bangladesh,CJ Anderson,KS Williamson,Soumya Sarkar,6,0,,,,,,,,,
1019983,2016/17,2017-01-08,Bay Oval,1,16.5,New Zealand,Bangladesh,CJ Anderson,KS Williamson,Soumya Sarkar,2,0,,,,,,,,,
1019983,2016/17,2017-01-08,Bay Oval,1,16.6,New Zealand,Bangladesh,CJ Anderson,KS Williamson,Soumya Sarkar,0,0,,,,,,,,,
1019983,2016/17,2017-01-08,Bay Oval,1,17.1,New Zealand,Bangladesh,KS Williamson,CJ Anderson,Mashrafe Mortaza,1,0,,,,,,,,,
1019983,2016/17,2017-01-08,Bay Oval,1,17.2,New Zealand,Bangladesh,CJ Anderson,KS Williamson,Mashrafe Mortaza,2,0,,,,,,,,,
1019983,2016/17,2017-01-08,Bay Oval,1,17.3,New Zealand,Bangladesh,CJ Anderson,KS Williamson,Mosaddek Hossain,1,0,,,,,,,,,
1019983,2016/17,2017-01-08,Bay Oval,1,17.4,New Zealand,Bangladesh,KS Williamson,CJ Anderson,Mosaddek Hossain,0,4,,,,4,,,,,
1019983,2016/17,2017-01-08,Bay Oval,1,17.5,New Zealand,Bangladesh,KS Williamson,CJ Anderson,Mosaddek Hossain,1,0,,,,,,,,,
1019983,2016/17,2017-01-08,Bay Oval,1,17.6,New Zealand,Bangladesh,CJ Anderson,KS Williamson,Mosaddek Hossain,6,0,,,,,,,,,
1019983,2016/17,2017-01-08,Bay Oval,1,18.1,New Zealand,Bangladesh,KS Williamson,CJ Anderson,Rubel Hossain,0,0,,,,,,bowled,KS Williamson,,
1019983,2016/17,2017-01-08,Bay Oval,1,18.2,New Zealand,Bangladesh,C de Grandhomme,CJ Anderson,Rubel Hossain,2,0,,,,,,,,,
1019983,2016/17,2017-01-08,Bay Oval,1,18.3,New Zealand,Bangladesh,C de Grandhomme,CJ Anderson,Rubel Hossain,1,0,,,,,,,,,
1019983,2016/17,2017-01-08,Bay Oval,1,18.4,New Zealand,Bangladesh,CJ Anderson,C de Grandhomme,Rubel Hossain,2,0,,,,,,,,,
1019983,2016/17,2017-01-08,Bay Oval,1,18.5,New Zealand,Bangladesh,CJ Anderson,C de Grandhomme,Rubel Hossain,6,0,,,,,,,,,
1019983,2016/17,2017-01-08,Bay Oval,1,18.6,New Zealand,Bangladesh,CJ Anderson,C de Grandhomme,Rubel Hossain,1,0,,,,,,,,,
1019983,2016/17,2017-01-08,Bay Oval,1,19.1,New Zealand,Bangladesh,CJ Anderson,C de Grandhomme,Taskin Ahmed,0,1,1,,,,,,,,
1019983,2016/17,2017-01-08,Bay Oval,1,19.2,New Zealand,Bangladesh,CJ Anderson,C de Grandhomme,Taskin Ahmed,6,0,,,,,,,,,
1019983,2016/17,2017-01-08,Bay Oval,1,19.3,New Zealand,Bangladesh,CJ Anderson,C de Grandhomme,Taskin Ahmed,1,0,,,,,,,,,
1019983,2016/17,2017-01-08,Bay Oval,1,19.4,New Zealand,Bangladesh,C de Grandhomme,CJ Anderson,Taskin Ahmed,1,0,,,,,,,,,
1019983,2016/17,2017-01-08,Bay Oval,1,19.5,New Zealand,Bangladesh,CJ Anderson,C de Grandhomme,Taskin Ahmed,0,0,,,,,,,,,
1019983,2016/17,2017-01-08,Bay Oval,1,19.6,New Zealand,Bangladesh,CJ Anderson,C de Grandhomme,Taskin Ahmed,6,0,,,,,,,,,
1019983,2016/17,2017-01-08,Bay Oval,1,19.7,New Zealand,Bangladesh,CJ Anderson,C de Grandhomme,Taskin Ahmed,2,0,,,,,,,,,
1019983,2016/17,2017-01-08,Bay Oval,2,0.1,Bangladesh,New Zealand,Tamim Iqbal,Soumya Sarkar,MJ Santner,1,0,,,,,,,,,
1019983,2016/17,2017-01-08,Bay Oval,2,0.2,Bangladesh,New Zealand,Soumya Sarkar,Tamim Iqbal,MJ Santner,4,0,,,,,,,,,
1019983,2016/17,2017-01-08,Bay Oval,2,0.3,Bangladesh,New Zealand,Soumya Sarkar,Tamim Iqbal,MJ Santner,0,0,,,,,,,,,
1019983,2016/17,2017-01-08,Bay Oval,2,0.4,Bangladesh,New Zealand,Soumya Sarkar,Tamim Iqbal,MJ Santner,0,1,1,,,,,,,,
1019983,2016/17,2017-01-08,Bay Oval,2,0.5,Bangladesh,New Zealand,Soumya Sarkar,Tamim Iqbal,MJ Santner,4,0,,,,,,,,,
1019983,2016/17,2017-01-08,Bay Oval,2,0.6,Bangladesh,New Zealand,Soumya Sarkar,Tamim Iqbal,MJ Santner,0,0,,,,,,,,,
1019983,2016/17,2017-01-08,Bay Oval,2,0.7,Bangladesh,New Zealand,Soumya Sarkar,Tamim Iqbal,MJ Santner,0,1,1,,,,,,,,
1019983,2016/17,2017-01-08,Bay Oval,2,0.8,Bangladesh,New Zealand,Soumya Sarkar,Tamim Iqbal,MJ Santner,0,0,,,,,,,,,
1019983,2016/17,2017-01-08,Bay Oval,2,1.1,Bangladesh,New Zealand,Tamim Iqbal,Soumya Sarkar,BM Wheeler,0,0,,,,,,,,,
1019983,2016/17,2017-01-08,Bay Oval,2,1.2,Bangladesh,New Zealand,Tamim Iqbal,Soumya Sarkar,BM Wheeler,1,0,,,,,,,,,
1019983,2016/17,2017-01-08,Bay Oval,2,1.3,Bangladesh,New Zealand,Soumya Sarkar,Tamim Iqbal,BM Wheeler,1,0,,,,,,,,,
1019983,2016/17,2017-01-08,Bay Oval,2,1.4,Bangladesh,New Zealand,Tamim Iqbal,Soumya Sarkar,BM Wheeler,0,0,,,,,,,,,
1019983,2016/17,2017-01-08,Bay Oval,2,1.5,Bangladesh,New Zealand,Tamim Iqbal,Soumya Sarkar,BM Wheeler,0,0,,,,,,,,,
1019983,2016/17,2017-01-08,Bay Oval,2,1.6,Bangladesh,New Zealand,Tamim Iqbal,Soumya Sarkar,BM Wheeler,2,0,,,,,,,,,
1019983,2016/17,2017-01-08,Bay Oval,2,2.1,Bangladesh,New Zealand,Soumya Sarkar,Tamim Iqbal,TA Boult,1,0,,,,,,,,,
1019983,2016/17,2017-01-08,Bay Oval,2,2.2,Bangladesh,New Zealand,Tamim Iqbal,Soumya Sarkar,TA Boult,1,0,,,,,,,,,
1019983,2016/17,2017-01-08,Bay Oval,2,2.3,Bangladesh,New Zealand,Soumya Sarkar,Tamim Iqbal,TA Boult,1,0,,,,,,,,,
1019983,2016/17,2017-01-08,Bay Oval,2,2.4,Bangladesh,New Zealand,Tamim Iqbal,Soumya Sarkar,TA Boult,0,0,,,,,,,,,
1019983,2016/17,2017-01-08,Bay Oval,2,2.5,Bangladesh,New Zealand,Tamim Iqbal,Soumya Sarkar,TA Boult,4,0,,,,,,,,,
1019983,2016/17,2017-01-08,Bay Oval,2,2.6,Bangladesh,New Zealand,Tamim Iqbal,Soumya Sarkar,TA Boult,4,0,,,,,,,,,
1019983,2016/17,2017-01-08,Bay Oval,2,3.1,Bangladesh,New Zealand,Soumya Sarkar,Tamim Iqbal,BM Wheeler,0,0,,,,,,,,,
1019983,2016/17,2017-01-08,Bay Oval,2,3.2,Bangladesh,New Zealand,Soumya Sarkar,Tamim Iqbal,BM Wheeler,1,0,,,,,,,,,
1019983,2016/17,2017-01-08,Bay Oval,2,3.3,Bangladesh,New Zealand,Tamim Iqbal,Soumya Sarkar,BM Wheeler,4,0,,,,,,,,,
1019983,2016/17,2017-01-08,Bay Oval,2,3.4,Bangladesh,New Zealand,Tamim Iqbal,Soumya Sarkar,BM Wheeler,1,0,,,,,,,,,
1019983,2016/17,2017-01-08,Bay Oval,2,3.5,Bangladesh,New Zealand,Soumya Sarkar,Tamim Iqbal,BM Wheeler,4,0,,,,,,,,,
1019983,2016/17,2017-01-08,Bay Oval,2,3.6,Bangladesh,New Zealand,Soumya Sarkar,Tamim Iqbal,BM Wheeler,1,0,,,,,,,,,
1019983,2016/17,2017-01-08,Bay Oval,2,4.1,Bangladesh,New Zealand,Soumya Sarkar,Tamim Iqbal,TA Boult,1,0,,,,,,,,,
1019983,2016/17,2017-01-08,Bay Oval,2,4.2,Bangladesh,New Zealand,Tamim Iqbal,Soumya Sarkar,TA Boult,6,0,,,,,,,,,
1019983,2016/17,2017-01-08,Bay Oval,2,4.3,Bangladesh,New Zealand,Tamim Iqbal,Soumya Sarkar,TA Boult,0,0,,,,,,,,,
1019983,2016/17,2017-01-08,Bay Oval,2,4.4,Bangladesh,New Zealand,Tamim Iqbal,Soumya Sarkar,TA Boult,0,0,,,,,,caught,Tamim Iqbal,,
1019983,2016/17,2017-01-08,Bay Oval,2,4.5,Bangladesh,New Zealand,Sabbir Rahman,Soumya Sarkar,TA Boult,4,0,,,,,,,,,
1019983,2016/17,2017-01-08,Bay Oval,2,4.6,Bangladesh,New Zealand,Sabbir Rahman,Soumya Sarkar,TA Boult,4,0,,,,,,,,,
1019983,2016/17,2017-01-08,Bay Oval,2,5.1,Bangladesh,New Zealand,Soumya Sarkar,Sabbir Rahman,JDS Neesham,4,0,,,,,,,,,
1019983,2016/17,2017-01-08,Bay Oval,2,5.2,Bangladesh,New Zealand,Soumya Sarkar,Sabbir Rahman,JDS Neesham,2,0,,,,,,,,,
1019983,2016/17,2017-01-08,Bay Oval,2,5.3,Bangladesh,New Zealand,Soumya Sarkar,Sabbir Rahman,JDS Neesham,2,0,,,,,,,,,
1019983,2016/17,2017-01-08,Bay Oval,2,5.4,Bangladesh,New Zealand,Soumya Sarkar,Sabbir Rahman,JDS Neesham,4,0,,,,,,,,,
1019983,2016/17,2017-01-08,Bay Oval,2,5.5,Bangladesh,New Zealand,Soumya Sarkar,Sabbir Rahman,JDS Neesham,4,0,,,,,,,,,
1019983,2016/17,2017-01-08,Bay Oval,2,5.6,Bangladesh,New Zealand,Soumya Sarkar,Sabbir Rahman,JDS Neesham,1,0,,,,,,,,,
1019983,2016/17,2017-01-08,Bay Oval,2,6.1,Bangladesh,New Zealand,Soumya Sarkar,Sabbir Rahman,IS Sodhi,0,0,,,,,,,,,
1019983,2016/17,2017-01-08,Bay Oval,2,6.2,Bangladesh,New Zealand,Soumya Sarkar,Sabbir Rahman,IS Sodhi,2,0,,,,,,,,,
1019983,2016/17,2017-01-08,Bay Oval,2,6.3,Bangladesh,New Zealand,Soumya Sarkar,Sabbir Rahman,IS Sodhi,1,0,,,,,,,,,
1019983,2016/17,2017-01-08,Bay Oval,2,6.4,Bangladesh,New Zealand,Sabbir Rahman,Soumya Sarkar,IS Sodhi,1,0,,,,,,,,,
1019983,2016/17,2017-01-08,Bay Oval,2,6.5,Bangladesh,New Zealand,Soumya Sarkar,Sabbir Rahman,IS Sodhi,0,0,,,,,,,,,
1019983,2016/17,2017-01-08,Bay Oval,2,6.6,Bangladesh,New Zealand,Soumya Sarkar,Sabbir Rahman,IS Sodhi,2,0,,,,,,,,,
1019983,2016/17,2017-01-08,Bay Oval,2,7.1,Bangladesh,New Zealand,Sabbir Rahman,Soumya Sarkar,C de Grandhomme,1,0,,,,,,,,,
1019983,2016/17,2017-01-08,Bay Oval,2,7.2,Bangladesh,New Zealand,Soumya Sarkar,Sabbir Rahman,C de Grandhomme,0,0,,,,,,,,,
1019983,2016/17,2017-01-08,Bay Oval,2,7.3,Bangladesh,New Zealand,Soumya Sarkar,Sabbir Rahman,C de Grandhomme,1,0,,,,,,,,,
1019983,2016/17,2017-01-08,Bay Oval,2,7.4,Bangladesh,New Zealand,Sabbir Rahman,Soumya Sarkar,C de Grandhomme,1,0,,,,,,,,,
1019983,2016/17,2017-01-08,Bay Oval,2,7.5,Bangladesh,New Zealand,Soumya Sarkar,Sabbir Rahman,C de Grandhomme,1,0,,,,,,,,,
1019983,2016/17,2017-01-08,Bay Oval,2,7.6,Bangladesh,New Zealand,Sabbir Rahman,Soumya Sarkar,C de Grandhomme,0,1,,,,1,,,,,
1019983,2016/17,2017-01-08,Bay Oval,2,8.1,Bangladesh,New Zealand,Sabbir Rahman,Soumya Sarkar,IS Sodhi,0,1,1,,,,,,,,
1019983,2016/17,2017-01-08,Bay Oval,2,8.2,Bangladesh,New Zealand,Sabbir Rahman,Soumya Sarkar,IS Sodhi,1,0,,,,,,,,,
1019983,2016/17,2017-01-08,Bay Oval,2,8.3,Bangladesh,New Zealand,Soumya Sarkar,Sabbir Rahman,IS Sodhi,0,0,,,,,,caught and bowled,Soumya Sarkar,,
1019983,2016/17,2017-01-08,Bay Oval,2,8.4,Bangladesh,New Zealand,Sabbir Rahman,Shakib Al Hasan,IS Sodhi,0,0,,,,,,,,,
1019983,2016/17,2017-01-08,Bay Oval,2,8.5,Bangladesh,New Zealand,Sabbir Rahman,Shakib Al Hasan,IS Sodhi,1,0,,,,,,,,,
1019983,2016/17,2017-01-08,Bay Oval,2,8.6,Bangladesh,New Zealand,Shakib Al Hasan,Sabbir Rahman,IS Sodhi,0,0,,,,,,,,,
1019983,2016/17,2017-01-08,Bay Oval,2,8.7,Bangladesh,New Zealand,Shakib Al Hasan,Sabbir Rahman,IS Sodhi,1,0,,,,,,,,,
1019983,2016/17,2017-01-08,Bay Oval,2,9.1,Bangladesh,New Zealand,Shakib Al Hasan,Sabbir Rahman,KS Williamson,1,0,,,,,,,,,
1019983,2016/17,2017-01-08,Bay Oval,2,9.2,Bangladesh,New Zealand,Sabbir Rahman,Shakib Al Hasan,KS Williamson,1,0,,,,,,,,,
1019983,2016/17,2017-01-08,Bay Oval,2,9.3,Bangladesh,New Zealand,Shakib Al Hasan,Sabbir Rahman,KS Williamson,0,0,,,,,,,,,
1019983,2016/17,2017-01-08,Bay Oval,2,9.4,Bangladesh,New Zealand,Shakib Al Hasan,Sabbir Rahman,KS Williamson,1,0,,,,,,,,,
1019983,2016/17,2017-01-08,Bay Oval,2,9.5,Bangladesh,New Zealand,Sabbir Rahman,Shakib Al Hasan,KS Williamson,1,0,,,,,,,,,
1019983,2016/17,2017-01-08,Bay Oval,2,9.6,Bangladesh,New Zealand,Shakib Al Hasan,Sabbir Rahman,KS Williamson,1,0,,,,,,,,,
1019983,2016/17,2017-01-08,Bay Oval,2,10.1,Bangladesh,New Zealand,Shakib Al Hasan,Sabbir Rahman,MJ Santner,2,0,,,,,,,,,
1019983,2016/17,2017-01-08,Bay Oval,2,10.2,Bangladesh,New Zealand,Shakib Al Hasan,Sabbir Rahman,MJ Santner,1,0,,,,,,,,,
1019983,2016/17,2017-01-08,Bay Oval,2,10.3,Bangladesh,New Zealand,Sabbir Rahman,Shakib Al Hasan,MJ Santner,0,0,,,,,,,,,
1019983,2016/17,2017-01-08,Bay Oval,2,10.4,Bangladesh,New Zealand,Sabbir Rahman,Shakib Al Hasan,MJ Santner,1,0,,,,,,,,,
1019983,2016/17,2017-01-08,Bay Oval,2,10.5,Bangladesh,New Zealand,Shakib Al Hasan,Sabbir Rahman,MJ Santner,1,0,,,,,,,,,
1019983,2016/17,2017-01-08,Bay Oval,2,10.6,Bangladesh,New Zealand,Sabbir Rahman,Shakib Al Hasan,MJ Santner,1,0,,,,,,,,,
1019983,2016/17,2017-01-08,Bay Oval,2,11.1,Bangladesh,New Zealand,Sabbir Rahman,Shakib Al Hasan,KS Williamson,1,0,,,,,,,,,
1019983,2016/17,2017-01-08,Bay Oval,2,11.2,Bangladesh,New Zealand,Shakib Al Hasan,Sabbir Rahman,KS Williamson,1,0,,,,,,,,,
1019983,2016/17,2017-01-08,Bay Oval,2,11.3,Bangladesh,New Zealand,Sabbir Rahman,Shakib Al Hasan,KS Williamson,0,0,,,,,,bowled,Sabbir Rahman,,
1019983,2016/17,2017-01-08,Bay Oval,2,11.4,Bangladesh,New Zealand,Mahmudullah,Shakib Al Hasan,KS Williamson,0,0,,,,,,,,,
1019983,2016/17,2017-01-08,Bay Oval,2,11.5,Bangladesh,New Zealand,Mahmudullah,Shakib Al Hasan,KS Williamson,1,0,,,,,,,,,
1019983,2016/17,2017-01-08,Bay Oval,2,11.6,Bangladesh,New Zealand,Shakib Al Hasan,Mahmudullah,KS Williamson,1,0,,,,,,,,,
1019983,2016/17,2017-01-08,Bay Oval,2,12.1,Bangladesh,New Zealand,Shakib Al Hasan,Mahmudullah,MJ Santner,2,0,,,,,,,,,
1019983,2016/17,2017-01-08,Bay Oval,2,12.2,Bangladesh,New Zealand,Shakib Al Hasan,Mahmudullah,MJ Santner,1,0,,,,,,,,,
1019983,2016/17,2017-01-08,Bay Oval,2,12.3,Bangladesh,New Zealand,Mahmudullah,Shakib Al Hasan,MJ Santner,0,0,,,,,,,,,
1019983,2016/17,2017-01-08,Bay Oval,2,12.4,Bangladesh,New Zealand,Mahmudullah,Shakib Al Hasan,MJ Santner,1,0,,,,,,,,,
1019983,2016/17,2017-01-08,Bay Oval,2,12.5,Bangladesh,New Zealand,Shakib Al Hasan,Mahmudullah,MJ Santner,1,0,,,,,,,,,
1019983,2016/17,2017-01-08,Bay Oval,2,12.6,Bangladesh,New Zealand,Mahmudullah,Shakib Al Hasan,MJ Santner,1,0,,,,,,,,,
1019983,2016/17,2017-01-08,Bay Oval,2,13.1,Bangladesh,New Zealand,Mahmudullah,Shakib Al Hasan,TA Boult,4,0,,,,,,,,,
1019983,2016/17,2017-01-08,Bay Oval,2,13.2,Bangladesh,New Zealand,Mahmudullah,Shakib Al Hasan,TA Boult,4,0,,,,,,,,,
1019983,2016/17,2017-01-08,Bay Oval,2,13.3,Bangladesh,New Zealand,Mahmudullah,Shakib Al Hasan,TA Boult,1,0,,,,,,,,,
1019983,2016/17,2017-01-08,Bay Oval,2,13.4,Bangladesh,New Zealand,Shakib Al Hasan,Mahmudullah,TA Boult,1,0,,,,,,,,,
1019983,2016/17,2017-01-08,Bay Oval,2,13.5,Bangladesh,New Zealand,Mahmudullah,Shakib Al Hasan,TA Boult,4,0,,,,,,,,,
1019983,2016/17,2017-01-08,Bay Oval,2,13.6,Bangladesh,New Zealand,Mahmudullah,Shakib Al Hasan,TA Boult,1,0,,,,,,,,,
1019983,2016/17,2017-01-08,Bay Oval,2,14.1,Bangladesh,New Zealand,Mahmudullah,Shakib Al Hasan,IS Sodhi,1,0,,,,,,,,,
1019983,2016/17,2017-01-08,Bay Oval,2,14.2,Bangladesh,New Zealand,Shakib Al Hasan,Mahmudullah,IS Sodhi,1,0,,,,,,,,,
1019983,2016/17,2017-01-08,Bay Oval,2,14.3,Bangladesh,New Zealand,Mahmudullah,Shakib Al Hasan,IS Sodhi,0,0,,,,,,,,,
1019983,2016/17,2017-01-08,Bay Oval,2,14.4,Bangladesh,New Zealand,Mahmudullah,Shakib Al Hasan,IS Sodhi,0,0,,,,,,,,,
1019983,2016/17,2017-01-08,Bay Oval,2,14.5,Bangladesh,New Zealand,Mahmudullah,Shakib Al Hasan,IS Sodhi,0,0,,,,,,bowled,Mahmudullah,,
1019983,2016/17,2017-01-08,Bay Oval,2,14.6,Bangladesh,New Zealand,Mosaddek Hossain,Shakib Al Hasan,IS Sodhi,1,0,,,,,,,,,
1019983,2016/17,2017-01-08,Bay Oval,2,15.1,Bangladesh,New Zealand,Mosaddek Hossain,Shakib Al Hasan,BM Wheeler,1,0,,,,,,,,,
1019983,2016/17,2017-01-08,Bay Oval,2,15.2,Bangladesh,New Zealand,Shakib Al Hasan,Mosaddek Hossain,BM Wheeler,0,0,,,,,,,,,
1019983,2016/17,2017-01-08,Bay Oval,2,15.3,Bangladesh,New Zealand,Shakib Al Hasan,Mosaddek Hossain,BM Wheeler,0,0,,,,,,,,,
1019983,2016/17,2017-01-08,Bay Oval,2,15.4,Bangladesh,New Zealand,Shakib Al Hasan,Mosaddek Hossain,BM Wheeler,0,0,,,,,,,,,
1019983,2016/17,2017-01-08,Bay Oval,2,15.5,Bangladesh,New Zealand,Shakib Al Hasan,Mosaddek Hossain,BM Wheeler,0,0,,,,,,,,,
1019983,2016/17,2017-01-08,Bay Oval,2,15.6,Bangladesh,New Zealand,Shakib Al Hasan,Mosaddek Hossain,BM Wheeler,1,0,,,,,,,,,
1019983,2016/17,2017-01-08,Bay Oval,2,16.1,Bangladesh,New Zealand,Shakib Al Hasan,Mosaddek Hossain,IS Sodhi,0,0,,,,,,,,,
1019983,2016/17,2017-01-08,Bay Oval,2,16.2,Bangladesh,New Zealand,Shakib Al Hasan,Mosaddek Hossain,IS Sodhi,4,0,,,,,,,,,
1019983,2016/17,2017-01-08,Bay Oval,2,16.3,Bangladesh,New Zealand,Shakib Al Hasan,Mosaddek Hossain,IS Sodhi,1,0,,,,,,,,,
1019983,2016/17,2017-01-08,Bay Oval,2,16.4,Bangladesh,New Zealand,Mosaddek Hossain,Shakib Al Hasan,IS Sodhi,1,0,,,,,,,,,
1019983,2016/17,2017-01-08,Bay Oval,2,16.5,Bangladesh,New Zealand,Shakib Al Hasan,Mosaddek Hossain,IS Sodhi,2,0,,,,,,,,,
1019983,2016/17,2017-01-08,Bay Oval,2,16.6,Bangladesh,New Zealand,Shakib Al Hasan,Mosaddek Hossain,IS Sodhi,1,0,,,,,,,,,
1019983,2016/17,2017-01-08,Bay Oval,2,17.1,Bangladesh,New Zealand,Shakib Al Hasan,Mosaddek Hossain,BM Wheeler,1,0,,,,,,,,,
1019983,2016/17,2017-01-08,Bay Oval,2,17.2,Bangladesh,New Zealand,Mosaddek Hossain,Shakib Al Hasan,BM Wheeler,4,0,,,,,,,,,
1019983,2016/17,2017-01-08,Bay Oval,2,17.3,Bangladesh,New Zealand,Mosaddek Hossain,Shakib Al Hasan,BM Wheeler,1,0,,,,,,,,,
1019983,2016/17,2017-01-08,Bay Oval,2,17.4,Bangladesh,New Zealand,Shakib Al Hasan,Mosaddek Hossain,BM Wheeler,2,0,,,,,,,,,
1019983,2016/17,2017-01-08,Bay Oval,2,17.5,Bangladesh,New Zealand,Shakib Al Hasan,Mosaddek Hossain,BM Wheeler,0,0,,,,,,,,,
1019983,2016/17,2017-01-08,Bay Oval,2,17.6,Bangladesh,New Zealand,Shakib Al Hasan,Mosaddek Hossain,BM Wheeler,4,0,,,,,,,,,
1019983,2016/17,2017-01-08,Bay Oval,2,18.1,Bangladesh,New Zealand,Mosaddek Hossain,Shakib Al Hasan,MJ Santner,4,0,,,,,,,,,
1019983,2016/17,2017-01-08,Bay Oval,2,18.2,Bangladesh,New Zealand,Mosaddek Hossain,Shakib Al Hasan,MJ Santner,0,0,,,,,,caught,Mosaddek Hossain,,
1019983,2016/17,2017-01-08,Bay Oval,2,18.3,Bangladesh,New Zealand,Shakib Al Hasan,Nurul Hasan,MJ Santner,4,0,,,,,,,,,
1019983,2016/17,2017-01-08,Bay Oval,2,18.4,Bangladesh,New Zealand,Shakib Al Hasan,Nurul Hasan,MJ Santner,1,0,,,,,,,,,
1019983,2016/17,2017-01-08,Bay Oval,2,18.5,Bangladesh,New Zealand,Nurul Hasan,Shakib Al Hasan,MJ Santner,1,0,,,,,,,,,
1019983,2016/17,2017-01-08,Bay Oval,2,18.6,Bangladesh,New Zealand,Shakib Al Hasan,Nurul Hasan,MJ Santner,4,0,,,,,,,,,
1019983,2016/17,2017-01-08,Bay Oval,2,19.1,Bangladesh,New Zealand,Nurul Hasan,Shakib Al Hasan,TA Boult,0,0,,,,,,,,,
1019983,2016/17,2017-01-08,Bay Oval,2,19.2,Bangladesh,New Zealand,Nurul Hasan,Shakib Al Hasan,TA Boult,1,0,,,,,,,,,
1019983,2016/17,2017-01-08,Bay Oval,2,19.3,Bangladesh,New Zealand,Shakib Al Hasan,Nurul Hasan,TA Boult,0,0,,,,,,caught,Shakib Al Hasan,,
1019983,2016/17,2017-01-08,Bay Oval,2,19.4,Bangladesh,New Zealand,Rubel Hossain,Nurul Hasan,TA Boult,1,0,,,,,,,,,
1019983,2016/17,2017-01-08,Bay Oval,2,19.5,Bangladesh,New Zealand,Nurul Hasan,Rubel Hossain,TA Boult,4,0,,,,,,,,,
1019983,2016/17,2017-01-08,Bay Oval,2,19.6,Bangladesh,New Zealand,Nurul Hasan,Rubel Hossain,TA Boult,1,0,,,,,,,,,
