version,2.1.0
info,balls_per_over,6
info,team,Pakistan
info,team,West Indies
info,gender,male
info,season,2016/17
info,date,2016/09/24
info,event,Pakistan v West Indies T20I Series
info,match_number,2
info,venue,Dubai International Cricket Stadium
info,city,
info,toss_winner,West Indies
info,toss_decision,field
info,player_of_match,Sarfraz Ahmed
info,umpire,Ahmed Shahab
info,umpire,Shozab Raza
info,reserve_umpire,Khalid Mahmood
info,tv_umpire,Ahsan Raza
info,match_referee,AJ Pycroft
info,winner,Pakistan
info,winner_runs,16
info,player,Pakistan,Sharjeel Khan
info,player,Pakistan,Khalid Latif
info,player,Pakistan,Babar Azam
info,player,Pakistan,Shoaib Malik
info,player,Pakistan,Sarfraz Ahmed
info,player,Pakistan,Umar Akmal
info,player,Pakistan,Mohammad Nawaz (3)
info,player,Pakistan,Imad Wasim
info,player,Pakistan,Wahab Riaz
info,player,Pakistan,Sohail Tanvir
info,player,Pakistan,Hasan Ali
info,player,West Indies,J Charles
info,player,West Indies,E Lewis
info,player,West Indies,ADS Fletcher
info,player,West Indies,MN Samuels
info,player,West Indies,DJ Bravo
info,player,West Indies,KA Pollard
info,player,West Indies,CR Brathwaite
info,player,West Indies,N Pooran
info,player,West Indies,SP Narine
info,player,West Indies,JE Taylor
info,player,West Indies,S Badree
info,registry,people,ADS Fletcher,1bae756b
info,registry,people,AJ Pycroft,685d3f80
info,registry,people,Ahmed Shahab,86a1918c
info,registry,people,Ahsan Raza,e0e5b209
info,registry,people,Babar Azam,8a75e999
info,registry,people,CR Brathwaite,e342e5fb
info,registry,people,DJ Bravo,87e562a9
info,registry,people,E Lewis,0ebfb1ad
info,registry,people,Hasan Ali,2911de16
info,registry,people,Imad Wasim,9cb8d7a6
info,registry,people,J Charles,09a9d073
info,registry,people,JE Taylor,4180d897
info,registry,people,KA Pollard,a757b0d8
info,registry,people,Khalid Latif,5eea345c
info,registry,people,Khalid Mahmood,0b06b921
info,registry,people,MN Samuels,f846de6a
info,registry,people,Mohammad Nawaz (3),3086f7a4
info,registry,people,N Pooran,3241e3fd
info,registry,people,S Badree,76388dc8
info,registry,people,SP Narine,9d430b40
info,registry,people,Sarfraz Ahmed,2254ab79
info,registry,people,Sharjeel Khan,193ef196
info,registry,people,Shoaib Malik,64c34cd0
info,registry,people,Shozab Raza,153c67dc
info,registry,people,Sohail Tanvir,64d43928
info,registry,people,Umar Akmal,fd2bf2a0
info,registry,people,Wahab Riaz,b3118300
