match_id,season,start_date,venue,innings,ball,batting_team,bowling_team,striker,non_striker,bowler,runs_off_bat,extras,wides,noballs,byes,legbyes,penalty,wicket_type,player_dismissed,other_wicket_type,other_player_dismissed
1065348,2016/17,2016-12-04,Asian Institute of Technology Ground,1,0.1,India,Pakistan,M Raj,S Mandhana,Asmavia Iqbal,0,1,1,,,,,,,,
1065348,2016/17,2016-12-04,Asian Institute of Technology Ground,1,0.2,India,Pakistan,M Raj,S Mandhana,Asmavia Iqbal,4,0,,,,,,,,,
1065348,2016/17,2016-12-04,Asian Institute of Technology Ground,1,0.3,India,Pakistan,M Raj,S Mandhana,Asmavia Iqbal,0,1,1,,,,,,,,
1065348,2016/17,2016-12-04,Asian Institute of Technology Ground,1,0.4,India,Pakistan,M Raj,S Mandhana,Asmavia Iqbal,0,1,1,,,,,,,,
1065348,2016/17,2016-12-04,Asian Institute of Technology Ground,1,0.5,India,Pakistan,M Raj,S Mandhana,Asmavia Iqbal,0,1,1,,,,,,,,
1065348,2016/17,2016-12-04,Asian Institute of Technology Ground,1,0.6,India,Pakistan,M Raj,S Mandhana,Asmavia Iqbal,0,1,1,,,,,,,,
1065348,2016/17,2016-12-04,Asian Institute of Technology Ground,1,0.7,India,Pakistan,M Raj,S Mandhana,Asmavia Iqbal,0,0,,,,,,,,,
1065348,2016/17,2016-12-04,Asian Institute of Technology Ground,1,0.8,India,Pakistan,M Raj,S Mandhana,Asmavia Iqbal,0,0,,,,,,,,,
1065348,2016/17,2016-12-04,Asian Institute of Technology Ground,1,0.9,India,Pakistan,M Raj,S Mandhana,Asmavia Iqbal,0,0,,,,,,,,,
1065348,2016/17,2016-12-04,Asian Institute of Technology Ground,1,0.10,India,Pakistan,M Raj,S Mandhana,Asmavia Iqbal,1,0,,,,,,,,,
1065348,2016/17,2016-12-04,Asian Institute of Technology Ground,1,0.11,India,Pakistan,S Mandhana,M Raj,Asmavia Iqbal,0,0,,,,,,,,,
1065348,2016/17,2016-12-04,Asian Institute of Technology Ground,1,1.1,India,Pakistan,M Raj,S Mandhana,Sana Mir,0,0,,,,,,,,,
1065348,2016/17,2016-12-04,Asian Institute of Technology Ground,1,1.2,India,Pakistan,M Raj,S Mandhana,Sana Mir,1,0,,,,,,,,,
1065348,2016/17,2016-12-04,Asian Institute of Technology Ground,1,1.3,India,Pakistan,S Mandhana,M Raj,Sana Mir,0,0,,,,,,,,,
1065348,2016/17,2016-12-04,Asian Institute of Technology Ground,1,1.4,India,Pakistan,S Mandhana,M Raj,Sana Mir,0,0,,,,,,,,,
1065348,2016/17,2016-12-04,Asian Institute of Technology Ground,1,1.5,India,Pakistan,S Mandhana,M Raj,Sana Mir,0,0,,,,,,,,,
1065348,2016/17,2016-12-04,Asian Institute of Technology Ground,1,1.6,India,Pakistan,S Mandhana,M Raj,Sana Mir,0,0,,,,,,,,,
1065348,2016/17,2016-12-04,Asian Institute of Technology Ground,1,2.1,India,Pakistan,M Raj,S Mandhana,Anam Amin,0,0,,,,,,,,,
1065348,2016/17,2016-12-04,Asian Institute of Technology Ground,1,2.2,India,Pakistan,M Raj,S Mandhana,Anam Amin,4,0,,,,,,,,,
1065348,2016/17,2016-12-04,Asian Institute of Technology Ground,1,2.3,India,Pakistan,M Raj,S Mandhana,Anam Amin,0,0,,,,,,,,,
1065348,2016/17,2016-12-04,Asian Institute of Technology Ground,1,2.4,India,Pakistan,M Raj,S Mandhana,Anam Amin,1,0,,,,,,,,,
1065348,2016/17,2016-12-04,Asian Institute of Technology Ground,1,2.5,India,Pakistan,S Mandhana,M Raj,Anam Amin,2,0,,,,,,,,,
1065348,2016/17,2016-12-04,Asian Institute of Technology Ground,1,2.6,India,Pakistan,S Mandhana,M Raj,Anam Amin,1,0,,,,,,,,,
1065348,2016/17,2016-12-04,Asian Institute of Technology Ground,1,3.1,India,Pakistan,S Mandhana,M Raj,Sana Mir,0,0,,,,,,,,,
1065348,2016/17,2016-12-04,Asian Institute of Technology Ground,1,3.2,India,Pakistan,S Mandhana,M Raj,Sana Mir,0,0,,,,,,,,,
1065348,2016/17,2016-12-04,Asian Institute of Technology Ground,1,3.3,India,Pakistan,S Mandhana,M Raj,Sana Mir,1,0,,,,,,,,,
1065348,2016/17,2016-12-04,Asian Institute of Technology Ground,1,3.4,India,Pakistan,M Raj,S Mandhana,Sana Mir,1,0,,,,,,,,,
1065348,2016/17,2016-12-04,Asian Institute of Technology Ground,1,3.5,India,Pakistan,S Mandhana,M Raj,Sana Mir,0,0,,,,,,,,,
1065348,2016/17,2016-12-04,Asian Institute of Technology Ground,1,3.6,India,Pakistan,S Mandhana,M Raj,Sana Mir,1,0,,,,,,,,,
1065348,2016/17,2016-12-04,Asian Institute of Technology Ground,1,4.1,India,Pakistan,S Mandhana,M Raj,Anam Amin,1,0,,,,,,,,,
1065348,2016/17,2016-12-04,Asian Institute of Technology Ground,1,4.2,India,Pakistan,M Raj,S Mandhana,Anam Amin,0,0,,,,,,,,,
1065348,2016/17,2016-12-04,Asian Institute of Technology Ground,1,4.3,India,Pakistan,M Raj,S Mandhana,Anam Amin,0,0,,,,,,,,,
1065348,2016/17,2016-12-04,Asian Institute of Technology Ground,1,4.4,India,Pakistan,M Raj,S Mandhana,Anam Amin,1,0,,,,,,,,,
1065348,2016/17,2016-12-04,Asian Institute of Technology Ground,1,4.5,India,Pakistan,S Mandhana,M Raj,Anam Amin,0,0,,,,,,caught,S Mandhana,,
1065348,2016/17,2016-12-04,Asian Institute of Technology Ground,1,4.6,India,Pakistan,M Raj,S Meghana,Anam Amin,4,0,,,,,,,,,
1065348,2016/17,2016-12-04,Asian Institute of Technology Ground,1,5.1,India,Pakistan,S Meghana,M Raj,Asmavia Iqbal,1,0,,,,,,,,,
1065348,2016/17,2016-12-04,Asian Institute of Technology Ground,1,5.2,India,Pakistan,M Raj,S Meghana,Asmavia Iqbal,0,0,,,,,,,,,
1065348,2016/17,2016-12-04,Asian Institute of Technology Ground,1,5.3,India,Pakistan,M Raj,S Meghana,Asmavia Iqbal,1,0,,,,,,,,,
1065348,2016/17,2016-12-04,Asian Institute of Technology Ground,1,5.4,India,Pakistan,S Meghana,M Raj,Asmavia Iqbal,0,0,,,,,,,,,
1065348,2016/17,2016-12-04,Asian Institute of Technology Ground,1,5.5,India,Pakistan,S Meghana,M Raj,Asmavia Iqbal,0,0,,,,,,,,,
1065348,2016/17,2016-12-04,Asian Institute of Technology Ground,1,5.6,India,Pakistan,S Meghana,M Raj,Asmavia Iqbal,0,0,,,,,,,,,
1065348,2016/17,2016-12-04,Asian Institute of Technology Ground,1,6.1,India,Pakistan,M Raj,S Meghana,Anam Amin,1,0,,,,,,,,,
1065348,2016/17,2016-12-04,Asian Institute of Technology Ground,1,6.2,India,Pakistan,S Meghana,M Raj,Anam Amin,0,0,,,,,,,,,
1065348,2016/17,2016-12-04,Asian Institute of Technology Ground,1,6.3,India,Pakistan,S Meghana,M Raj,Anam Amin,0,0,,,,,,,,,
1065348,2016/17,2016-12-04,Asian Institute of Technology Ground,1,6.4,India,Pakistan,S Meghana,M Raj,Anam Amin,0,0,,,,,,,,,
1065348,2016/17,2016-12-04,Asian Institute of Technology Ground,1,6.5,India,Pakistan,S Meghana,M Raj,Anam Amin,1,0,,,,,,,,,
1065348,2016/17,2016-12-04,Asian Institute of Technology Ground,1,6.6,India,Pakistan,M Raj,S Meghana,Anam Amin,1,0,,,,,,,,,
1065348,2016/17,2016-12-04,Asian Institute of Technology Ground,1,7.1,India,Pakistan,M Raj,S Meghana,Asmavia Iqbal,4,0,,,,,,,,,
1065348,2016/17,2016-12-04,Asian Institute of Technology Ground,1,7.2,India,Pakistan,M Raj,S Meghana,Asmavia Iqbal,4,0,,,,,,,,,
1065348,2016/17,2016-12-04,Asian Institute of Technology Ground,1,7.3,India,Pakistan,M Raj,S Meghana,Asmavia Iqbal,0,0,,,,,,,,,
1065348,2016/17,2016-12-04,Asian Institute of Technology Ground,1,7.4,India,Pakistan,M Raj,S Meghana,Asmavia Iqbal,1,0,,,,,,,,,
1065348,2016/17,2016-12-04,Asian Institute of Technology Ground,1,7.5,India,Pakistan,S Meghana,M Raj,Asmavia Iqbal,1,0,,,,,,,,,
1065348,2016/17,2016-12-04,Asian Institute of Technology Ground,1,7.6,India,Pakistan,M Raj,S Meghana,Asmavia Iqbal,1,0,,,,,,,,,
1065348,2016/17,2016-12-04,Asian Institute of Technology Ground,1,8.1,India,Pakistan,M Raj,S Meghana,Sadia Yousuf,1,0,,,,,,,,,
1065348,2016/17,2016-12-04,Asian Institute of Technology Ground,1,8.2,India,Pakistan,S Meghana,M Raj,Sadia Yousuf,1,0,,,,,,,,,
1065348,2016/17,2016-12-04,Asian Institute of Technology Ground,1,8.3,India,Pakistan,M Raj,S Meghana,Sadia Yousuf,0,0,,,,,,,,,
1065348,2016/17,2016-12-04,Asian Institute of Technology Ground,1,8.4,India,Pakistan,M Raj,S Meghana,Sadia Yousuf,0,0,,,,,,,,,
1065348,2016/17,2016-12-04,Asian Institute of Technology Ground,1,8.5,India,Pakistan,M Raj,S Meghana,Sadia Yousuf,1,0,,,,,,,,,
1065348,2016/17,2016-12-04,Asian Institute of Technology Ground,1,8.6,India,Pakistan,S Meghana,M Raj,Sadia Yousuf,1,0,,,,,,,,,
1065348,2016/17,2016-12-04,Asian Institute of Technology Ground,1,9.1,India,Pakistan,S Meghana,M Raj,Nida Dar,1,0,,,,,,,,,
1065348,2016/17,2016-12-04,Asian Institute of Technology Ground,1,9.2,India,Pakistan,M Raj,S Meghana,Nida Dar,0,0,,,,,,,,,
1065348,2016/17,2016-12-04,Asian Institute of Technology Ground,1,9.3,India,Pakistan,M Raj,S Meghana,Nida Dar,1,0,,,,,,,,,
1065348,2016/17,2016-12-04,Asian Institute of Technology Ground,1,9.4,India,Pakistan,S Meghana,M Raj,Nida Dar,1,0,,,,,,,,,
1065348,2016/17,2016-12-04,Asian Institute of Technology Ground,1,9.5,India,Pakistan,M Raj,S Meghana,Nida Dar,4,1,,1,,,,,,,
1065348,2016/17,2016-12-04,Asian Institute of Technology Ground,1,9.6,India,Pakistan,M Raj,S Meghana,Nida Dar,6,0,,,,,,,,,
1065348,2016/17,2016-12-04,Asian Institute of Technology Ground,1,9.7,India,Pakistan,M Raj,S Meghana,Nida Dar,1,0,,,,,,,,,
1065348,2016/17,2016-12-04,Asian Institute of Technology Ground,1,10.1,India,Pakistan,M Raj,S Meghana,Sadia Yousuf,1,0,,,,,,,,,
1065348,2016/17,2016-12-04,Asian Institute of Technology Ground,1,10.2,India,Pakistan,S Meghana,M Raj,Sadia Yousuf,0,0,,,,,,,,,
1065348,2016/17,2016-12-04,Asian Institute of Technology Ground,1,10.3,India,Pakistan,S Meghana,M Raj,Sadia Yousuf,1,0,,,,,,,,,
1065348,2016/17,2016-12-04,Asian Institute of Technology Ground,1,10.4,India,Pakistan,M Raj,S Meghana,Sadia Yousuf,1,0,,,,,,,,,
1065348,2016/17,2016-12-04,Asian Institute of Technology Ground,1,10.5,India,Pakistan,S Meghana,M Raj,Sadia Yousuf,1,0,,,,,,,,,
1065348,2016/17,2016-12-04,Asian Institute of Technology Ground,1,10.6,India,Pakistan,M Raj,S Meghana,Sadia Yousuf,1,0,,,,,,,,,
1065348,2016/17,2016-12-04,Asian Institute of Technology Ground,1,11.1,India,Pakistan,M Raj,S Meghana,Nida Dar,0,0,,,,,,,,,
1065348,2016/17,2016-12-04,Asian Institute of Technology Ground,1,11.2,India,Pakistan,M Raj,S Meghana,Nida Dar,0,0,,,,,,,,,
1065348,2016/17,2016-12-04,Asian Institute of Technology Ground,1,11.3,India,Pakistan,M Raj,S Meghana,Nida Dar,0,0,,,,,,run out,S Meghana,,
1065348,2016/17,2016-12-04,Asian Institute of Technology Ground,1,11.4,India,Pakistan,V Krishnamurthy,M Raj,Nida Dar,1,0,,,,,,,,,
1065348,2016/17,2016-12-04,Asian Institute of Technology Ground,1,11.5,India,Pakistan,M Raj,V Krishnamurthy,Nida Dar,1,0,,,,,,,,,
1065348,2016/17,2016-12-04,Asian Institute of Technology Ground,1,11.6,India,Pakistan,V Krishnamurthy,M Raj,Nida Dar,0,0,,,,,,,,,
1065348,2016/17,2016-12-04,Asian Institute of Technology Ground,1,12.1,India,Pakistan,M Raj,V Krishnamurthy,Sadia Yousuf,1,0,,,,,,,,,
1065348,2016/17,2016-12-04,Asian Institute of Technology Ground,1,12.2,India,Pakistan,V Krishnamurthy,M Raj,Sadia Yousuf,0,0,,,,,,,,,
1065348,2016/17,2016-12-04,Asian Institute of Technology Ground,1,12.3,India,Pakistan,V Krishnamurthy,M Raj,Sadia Yousuf,1,0,,,,,,,,,
1065348,2016/17,2016-12-04,Asian Institute of Technology Ground,1,12.4,India,Pakistan,M Raj,V Krishnamurthy,Sadia Yousuf,1,0,,,,,,,,,
1065348,2016/17,2016-12-04,Asian Institute of Technology Ground,1,12.5,India,Pakistan,V Krishnamurthy,M Raj,Sadia Yousuf,0,0,,,,,,,,,
1065348,2016/17,2016-12-04,Asian Institute of Technology Ground,1,12.6,India,Pakistan,V Krishnamurthy,M Raj,Sadia Yousuf,0,0,,,,,,lbw,V Krishnamurthy,,
1065348,2016/17,2016-12-04,Asian Institute of Technology Ground,1,13.1,India,Pakistan,M Raj,H Kaur,Nida Dar,0,0,,,,,,,,,
1065348,2016/17,2016-12-04,Asian Institute of Technology Ground,1,13.2,India,Pakistan,M Raj,H Kaur,Nida Dar,1,0,,,,,,,,,
1065348,2016/17,2016-12-04,Asian Institute of Technology Ground,1,13.3,India,Pakistan,H Kaur,M Raj,Nida Dar,0,0,,,,,,,,,
1065348,2016/17,2016-12-04,Asian Institute of Technology Ground,1,13.4,India,Pakistan,H Kaur,M Raj,Nida Dar,0,0,,,,,,,,,
1065348,2016/17,2016-12-04,Asian Institute of Technology Ground,1,13.5,India,Pakistan,H Kaur,M Raj,Nida Dar,1,0,,,,,,,,,
1065348,2016/17,2016-12-04,Asian Institute of Technology Ground,1,13.6,India,Pakistan,M Raj,H Kaur,Nida Dar,1,0,,,,,,,,,
1065348,2016/17,2016-12-04,Asian Institute of Technology Ground,1,14.1,India,Pakistan,M Raj,H Kaur,Sadia Yousuf,1,0,,,,,,,,,
1065348,2016/17,2016-12-04,Asian Institute of Technology Ground,1,14.2,India,Pakistan,H Kaur,M Raj,Sadia Yousuf,1,0,,,,,,,,,
1065348,2016/17,2016-12-04,Asian Institute of Technology Ground,1,14.3,India,Pakistan,M Raj,H Kaur,Sadia Yousuf,1,0,,,,,,,,,
1065348,2016/17,2016-12-04,Asian Institute of Technology Ground,1,14.4,India,Pakistan,H Kaur,M Raj,Sadia Yousuf,0,0,,,,,,,,,
1065348,2016/17,2016-12-04,Asian Institute of Technology Ground,1,14.5,India,Pakistan,H Kaur,M Raj,Sadia Yousuf,0,0,,,,,,,,,
1065348,2016/17,2016-12-04,Asian Institute of Technology Ground,1,14.6,India,Pakistan,H Kaur,M Raj,Sadia Yousuf,0,0,,,,,,,,,
1065348,2016/17,2016-12-04,Asian Institute of Technology Ground,1,15.1,India,Pakistan,M Raj,H Kaur,Sana Mir,1,0,,,,,,,,,
1065348,2016/17,2016-12-04,Asian Institute of Technology Ground,1,15.2,India,Pakistan,H Kaur,M Raj,Sana Mir,2,0,,,,,,,,,
1065348,2016/17,2016-12-04,Asian Institute of Technology Ground,1,15.3,India,Pakistan,H Kaur,M Raj,Sana Mir,1,0,,,,,,,,,
1065348,2016/17,2016-12-04,Asian Institute of Technology Ground,1,15.4,India,Pakistan,M Raj,H Kaur,Sana Mir,0,0,,,,,,,,,
1065348,2016/17,2016-12-04,Asian Institute of Technology Ground,1,15.5,India,Pakistan,M Raj,H Kaur,Sana Mir,1,0,,,,,,,,,
1065348,2016/17,2016-12-04,Asian Institute of Technology Ground,1,15.6,India,Pakistan,H Kaur,M Raj,Sana Mir,0,1,1,,,,,,,,
1065348,2016/17,2016-12-04,Asian Institute of Technology Ground,1,15.7,India,Pakistan,H Kaur,M Raj,Sana Mir,0,2,2,,,,,,,,
1065348,2016/17,2016-12-04,Asian Institute of Technology Ground,1,15.8,India,Pakistan,M Raj,H Kaur,Sana Mir,1,0,,,,,,,,,
1065348,2016/17,2016-12-04,Asian Institute of Technology Ground,1,16.1,India,Pakistan,M Raj,H Kaur,Anam Amin,1,0,,,,,,,,,
1065348,2016/17,2016-12-04,Asian Institute of Technology Ground,1,16.2,India,Pakistan,H Kaur,M Raj,Anam Amin,0,0,,,,,,bowled,H Kaur,,
1065348,2016/17,2016-12-04,Asian Institute of Technology Ground,1,16.3,India,Pakistan,J Goswami,M Raj,Anam Amin,0,0,,,,,,,,,
1065348,2016/17,2016-12-04,Asian Institute of Technology Ground,1,16.4,India,Pakistan,J Goswami,M Raj,Anam Amin,1,0,,,,,,,,,
1065348,2016/17,2016-12-04,Asian Institute of Technology Ground,1,16.5,India,Pakistan,M Raj,J Goswami,Anam Amin,4,0,,,,,,,,,
1065348,2016/17,2016-12-04,Asian Institute of Technology Ground,1,16.6,India,Pakistan,M Raj,J Goswami,Anam Amin,1,0,,,,,,,,,
1065348,2016/17,2016-12-04,Asian Institute of Technology Ground,1,17.1,India,Pakistan,M Raj,J Goswami,Nida Dar,0,0,,,,,,,,,
1065348,2016/17,2016-12-04,Asian Institute of Technology Ground,1,17.2,India,Pakistan,M Raj,J Goswami,Nida Dar,1,0,,,,,,,,,
1065348,2016/17,2016-12-04,Asian Institute of Technology Ground,1,17.3,India,Pakistan,J Goswami,M Raj,Nida Dar,1,0,,,,,,,,,
1065348,2016/17,2016-12-04,Asian Institute of Technology Ground,1,17.4,India,Pakistan,M Raj,J Goswami,Nida Dar,1,0,,,,,,,,,
1065348,2016/17,2016-12-04,Asian Institute of Technology Ground,1,17.5,India,Pakistan,J Goswami,M Raj,Nida Dar,6,0,,,,,,,,,
1065348,2016/17,2016-12-04,Asian Institute of Technology Ground,1,17.6,India,Pakistan,J Goswami,M Raj,Nida Dar,0,0,,,,,,,,,
1065348,2016/17,2016-12-04,Asian Institute of Technology Ground,1,18.1,India,Pakistan,M Raj,J Goswami,Iram Javed,1,0,,,,,,,,,
1065348,2016/17,2016-12-04,Asian Institute of Technology Ground,1,18.2,India,Pakistan,J Goswami,M Raj,Iram Javed,1,0,,,,,,,,,
1065348,2016/17,2016-12-04,Asian Institute of Technology Ground,1,18.3,India,Pakistan,M Raj,J Goswami,Iram Javed,2,0,,,,,,,,,
1065348,2016/17,2016-12-04,Asian Institute of Technology Ground,1,18.4,India,Pakistan,M Raj,J Goswami,Iram Javed,1,0,,,,,,,,,
1065348,2016/17,2016-12-04,Asian Institute of Technology Ground,1,18.5,India,Pakistan,J Goswami,M Raj,Iram Javed,1,0,,,,,,,,,
1065348,2016/17,2016-12-04,Asian Institute of Technology Ground,1,18.6,India,Pakistan,M Raj,J Goswami,Iram Javed,1,0,,,,,,,,,
1065348,2016/17,2016-12-04,Asian Institute of Technology Ground,1,19.1,India,Pakistan,M Raj,J Goswami,Sana Mir,1,0,,,,,,,,,
1065348,2016/17,2016-12-04,Asian Institute of Technology Ground,1,19.2,India,Pakistan,J Goswami,M Raj,Sana Mir,1,0,,,,,,,,,
1065348,2016/17,2016-12-04,Asian Institute of Technology Ground,1,19.3,India,Pakistan,M Raj,J Goswami,Sana Mir,1,0,,,,,,,,,
1065348,2016/17,2016-12-04,Asian Institute of Technology Ground,1,19.4,India,Pakistan,J Goswami,M Raj,Sana Mir,6,0,,,,,,,,,
1065348,2016/17,2016-12-04,Asian Institute of Technology Ground,1,19.5,India,Pakistan,J Goswami,M Raj,Sana Mir,0,0,,,,,,caught,J Goswami,,
1065348,2016/17,2016-12-04,Asian Institute of Technology Ground,1,19.6,India,Pakistan,M Raj,AA Patil,Sana Mir,1,0,,,,,,,,,
1065348,2016/17,2016-12-04,Asian Institute of Technology Ground,2,0.1,Pakistan,India,Ayesha Zafar,Javeria Khan,E Bisht,1,0,,,,,,,,,
1065348,2016/17,2016-12-04,Asian Institute of Technology Ground,2,0.2,Pakistan,India,Javeria Khan,Ayesha Zafar,E Bisht,4,0,,,,,,,,,
1065348,2016/17,2016-12-04,Asian Institute of Technology Ground,2,0.3,Pakistan,India,Javeria Khan,Ayesha Zafar,E Bisht,0,0,,,,,,,,,
1065348,2016/17,2016-12-04,Asian Institute of Technology Ground,2,0.4,Pakistan,India,Javeria Khan,Ayesha Zafar,E Bisht,1,0,,,,,,,,,
1065348,2016/17,2016-12-04,Asian Institute of Technology Ground,2,0.5,Pakistan,India,Ayesha Zafar,Javeria Khan,E Bisht,4,0,,,,,,,,,
1065348,2016/17,2016-12-04,Asian Institute of Technology Ground,2,0.6,Pakistan,India,Ayesha Zafar,Javeria Khan,E Bisht,0,0,,,,,,,,,
1065348,2016/17,2016-12-04,Asian Institute of Technology Ground,2,1.1,Pakistan,India,Javeria Khan,Ayesha Zafar,AA Patil,1,0,,,,,,,,,
1065348,2016/17,2016-12-04,Asian Institute of Technology Ground,2,1.2,Pakistan,India,Ayesha Zafar,Javeria Khan,AA Patil,0,0,,,,,,,,,
1065348,2016/17,2016-12-04,Asian Institute of Technology Ground,2,1.3,Pakistan,India,Ayesha Zafar,Javeria Khan,AA Patil,1,0,,,,,,,,,
1065348,2016/17,2016-12-04,Asian Institute of Technology Ground,2,1.4,Pakistan,India,Javeria Khan,Ayesha Zafar,AA Patil,0,0,,,,,,,,,
1065348,2016/17,2016-12-04,Asian Institute of Technology Ground,2,1.5,Pakistan,India,Javeria Khan,Ayesha Zafar,AA Patil,1,0,,,,,,,,,
1065348,2016/17,2016-12-04,Asian Institute of Technology Ground,2,1.6,Pakistan,India,Ayesha Zafar,Javeria Khan,AA Patil,0,0,,,,,,,,,
1065348,2016/17,2016-12-04,Asian Institute of Technology Ground,2,2.1,Pakistan,India,Javeria Khan,Ayesha Zafar,J Goswami,0,0,,,,,,,,,
1065348,2016/17,2016-12-04,Asian Institute of Technology Ground,2,2.2,Pakistan,India,Javeria Khan,Ayesha Zafar,J Goswami,0,0,,,,,,,,,
1065348,2016/17,2016-12-04,Asian Institute of Technology Ground,2,2.3,Pakistan,India,Javeria Khan,Ayesha Zafar,J Goswami,0,0,,,,,,,,,
1065348,2016/17,2016-12-04,Asian Institute of Technology Ground,2,2.4,Pakistan,India,Javeria Khan,Ayesha Zafar,J Goswami,1,0,,,,,,,,,
1065348,2016/17,2016-12-04,Asian Institute of Technology Ground,2,2.5,Pakistan,India,Ayesha Zafar,Javeria Khan,J Goswami,4,0,,,,,,,,,
1065348,2016/17,2016-12-04,Asian Institute of Technology Ground,2,2.6,Pakistan,India,Ayesha Zafar,Javeria Khan,J Goswami,0,0,,,,,,,,,
1065348,2016/17,2016-12-04,Asian Institute of Technology Ground,2,3.1,Pakistan,India,Javeria Khan,Ayesha Zafar,AA Patil,1,0,,,,,,,,,
1065348,2016/17,2016-12-04,Asian Institute of Technology Ground,2,3.2,Pakistan,India,Ayesha Zafar,Javeria Khan,AA Patil,0,0,,,,,,,,,
1065348,2016/17,2016-12-04,Asian Institute of Technology Ground,2,3.3,Pakistan,India,Ayesha Zafar,Javeria Khan,AA Patil,4,0,,,,,,,,,
1065348,2016/17,2016-12-04,Asian Institute of Technology Ground,2,3.4,Pakistan,India,Ayesha Zafar,Javeria Khan,AA Patil,0,0,,,,,,,,,
1065348,2016/17,2016-12-04,Asian Institute of Technology Ground,2,3.5,Pakistan,India,Ayesha Zafar,Javeria Khan,AA Patil,1,0,,,,,,,,,
1065348,2016/17,2016-12-04,Asian Institute of Technology Ground,2,3.6,Pakistan,India,Javeria Khan,Ayesha Zafar,AA Patil,0,0,,,,,,,,,
1065348,2016/17,2016-12-04,Asian Institute of Technology Ground,2,4.1,Pakistan,India,Ayesha Zafar,Javeria Khan,J Goswami,0,0,,,,,,,,,
1065348,2016/17,2016-12-04,Asian Institute of Technology Ground,2,4.2,Pakistan,India,Ayesha Zafar,Javeria Khan,J Goswami,0,0,,,,,,bowled,Ayesha Zafar,,
1065348,2016/17,2016-12-04,Asian Institute of Technology Ground,2,4.3,Pakistan,India,Asmavia Iqbal,Javeria Khan,J Goswami,0,0,,,,,,,,,
1065348,2016/17,2016-12-04,Asian Institute of Technology Ground,2,4.4,Pakistan,India,Asmavia Iqbal,Javeria Khan,J Goswami,0,0,,,,,,,,,
1065348,2016/17,2016-12-04,Asian Institute of Technology Ground,2,4.5,Pakistan,India,Asmavia Iqbal,Javeria Khan,J Goswami,1,0,,,,,,,,,
1065348,2016/17,2016-12-04,Asian Institute of Technology Ground,2,4.6,Pakistan,India,Javeria Khan,Asmavia Iqbal,J Goswami,1,0,,,,,,,,,
1065348,2016/17,2016-12-04,Asian Institute of Technology Ground,2,5.1,Pakistan,India,Javeria Khan,Asmavia Iqbal,S Pandey,0,0,,,,,,,,,
1065348,2016/17,2016-12-04,Asian Institute of Technology Ground,2,5.2,Pakistan,India,Javeria Khan,Asmavia Iqbal,S Pandey,1,0,,,,,,,,,
1065348,2016/17,2016-12-04,Asian Institute of Technology Ground,2,5.3,Pakistan,India,Asmavia Iqbal,Javeria Khan,S Pandey,0,1,1,,,,,,,,
1065348,2016/17,2016-12-04,Asian Institute of Technology Ground,2,5.4,Pakistan,India,Asmavia Iqbal,Javeria Khan,S Pandey,0,0,,,,,,bowled,Asmavia Iqbal,,
1065348,2016/17,2016-12-04,Asian Institute of Technology Ground,2,5.5,Pakistan,India,Bismah Maroof,Javeria Khan,S Pandey,0,0,,,,,,,,,
1065348,2016/17,2016-12-04,Asian Institute of Technology Ground,2,5.6,Pakistan,India,Bismah Maroof,Javeria Khan,S Pandey,0,1,1,,,,,,,,
1065348,2016/17,2016-12-04,Asian Institute of Technology Ground,2,5.7,Pakistan,India,Bismah Maroof,Javeria Khan,S Pandey,2,0,,,,,,,,,
1065348,2016/17,2016-12-04,Asian Institute of Technology Ground,2,5.8,Pakistan,India,Bismah Maroof,Javeria Khan,S Pandey,1,0,,,,,,,,,
1065348,2016/17,2016-12-04,Asian Institute of Technology Ground,2,6.1,Pakistan,India,Bismah Maroof,Javeria Khan,J Goswami,1,0,,,,,,,,,
1065348,2016/17,2016-12-04,Asian Institute of Technology Ground,2,6.2,Pakistan,India,Javeria Khan,Bismah Maroof,J Goswami,1,0,,,,,,,,,
1065348,2016/17,2016-12-04,Asian Institute of Technology Ground,2,6.3,Pakistan,India,Bismah Maroof,Javeria Khan,J Goswami,1,0,,,,,,,,,
1065348,2016/17,2016-12-04,Asian Institute of Technology Ground,2,6.4,Pakistan,India,Javeria Khan,Bismah Maroof,J Goswami,1,0,,,,,,,,,
1065348,2016/17,2016-12-04,Asian Institute of Technology Ground,2,6.5,Pakistan,India,Bismah Maroof,Javeria Khan,J Goswami,1,0,,,,,,,,,
1065348,2016/17,2016-12-04,Asian Institute of Technology Ground,2,6.6,Pakistan,India,Javeria Khan,Bismah Maroof,J Goswami,0,0,,,,,,,,,
1065348,2016/17,2016-12-04,Asian Institute of Technology Ground,2,7.1,Pakistan,India,Bismah Maroof,Javeria Khan,S Pandey,4,0,,,,,,,,,
1065348,2016/17,2016-12-04,Asian Institute of Technology Ground,2,7.2,Pakistan,India,Bismah Maroof,Javeria Khan,S Pandey,0,0,,,,,,,,,
1065348,2016/17,2016-12-04,Asian Institute of Technology Ground,2,7.3,Pakistan,India,Bismah Maroof,Javeria Khan,S Pandey,1,0,,,,,,,,,
1065348,2016/17,2016-12-04,Asian Institute of Technology Ground,2,7.4,Pakistan,India,Javeria Khan,Bismah Maroof,S Pandey,4,0,,,,,,,,,
1065348,2016/17,2016-12-04,Asian Institute of Technology Ground,2,7.5,Pakistan,India,Javeria Khan,Bismah Maroof,S Pandey,1,0,,,,,,,,,
1065348,2016/17,2016-12-04,Asian Institute of Technology Ground,2,7.6,Pakistan,India,Bismah Maroof,Javeria Khan,S Pandey,1,0,,,,,,,,,
1065348,2016/17,2016-12-04,Asian Institute of Technology Ground,2,8.1,Pakistan,India,Bismah Maroof,Javeria Khan,Preeti Bose,1,0,,,,,,,,,
1065348,2016/17,2016-12-04,Asian Institute of Technology Ground,2,8.2,Pakistan,India,Javeria Khan,Bismah Maroof,Preeti Bose,1,0,,,,,,,,,
1065348,2016/17,2016-12-04,Asian Institute of Technology Ground,2,8.3,Pakistan,India,Bismah Maroof,Javeria Khan,Preeti Bose,0,1,,,,1,,,,,
1065348,2016/17,2016-12-04,Asian Institute of Technology Ground,2,8.4,Pakistan,India,Javeria Khan,Bismah Maroof,Preeti Bose,0,0,,,,,,,,,
1065348,2016/17,2016-12-04,Asian Institute of Technology Ground,2,8.5,Pakistan,India,Javeria Khan,Bismah Maroof,Preeti Bose,1,0,,,,,,,,,
1065348,2016/17,2016-12-04,Asian Institute of Technology Ground,2,8.6,Pakistan,India,Bismah Maroof,Javeria Khan,Preeti Bose,1,0,,,,,,,,,
1065348,2016/17,2016-12-04,Asian Institute of Technology Ground,2,9.1,Pakistan,India,Bismah Maroof,Javeria Khan,E Bisht,1,0,,,,,,,,,
1065348,2016/17,2016-12-04,Asian Institute of Technology Ground,2,9.2,Pakistan,India,Javeria Khan,Bismah Maroof,E Bisht,2,0,,,,,,,,,
1065348,2016/17,2016-12-04,Asian Institute of Technology Ground,2,9.3,Pakistan,India,Javeria Khan,Bismah Maroof,E Bisht,0,0,,,,,,,,,
1065348,2016/17,2016-12-04,Asian Institute of Technology Ground,2,9.4,Pakistan,India,Javeria Khan,Bismah Maroof,E Bisht,0,0,,,,,,caught,Javeria Khan,,
1065348,2016/17,2016-12-04,Asian Institute of Technology Ground,2,9.5,Pakistan,India,Nain Abidi,Bismah Maroof,E Bisht,0,0,,,,,,,,,
1065348,2016/17,2016-12-04,Asian Institute of Technology Ground,2,9.6,Pakistan,India,Nain Abidi,Bismah Maroof,E Bisht,0,0,,,,,,,,,
1065348,2016/17,2016-12-04,Asian Institute of Technology Ground,2,10.1,Pakistan,India,Bismah Maroof,Nain Abidi,Preeti Bose,1,0,,,,,,,,,
1065348,2016/17,2016-12-04,Asian Institute of Technology Ground,2,10.2,Pakistan,India,Nain Abidi,Bismah Maroof,Preeti Bose,0,0,,,,,,,,,
1065348,2016/17,2016-12-04,Asian Institute of Technology Ground,2,10.3,Pakistan,India,Nain Abidi,Bismah Maroof,Preeti Bose,1,0,,,,,,,,,
1065348,2016/17,2016-12-04,Asian Institute of Technology Ground,2,10.4,Pakistan,India,Bismah Maroof,Nain Abidi,Preeti Bose,2,0,,,,,,,,,
1065348,2016/17,2016-12-04,Asian Institute of Technology Ground,2,10.5,Pakistan,India,Bismah Maroof,Nain Abidi,Preeti Bose,0,0,,,,,,,,,
1065348,2016/17,2016-12-04,Asian Institute of Technology Ground,2,10.6,Pakistan,India,Bismah Maroof,Nain Abidi,Preeti Bose,1,0,,,,,,,,,
1065348,2016/17,2016-12-04,Asian Institute of Technology Ground,2,11.1,Pakistan,India,Bismah Maroof,Nain Abidi,AA Patil,0,0,,,,,,,,,
1065348,2016/17,2016-12-04,Asian Institute of Technology Ground,2,11.2,Pakistan,India,Bismah Maroof,Nain Abidi,AA Patil,1,0,,,,,,,,,
1065348,2016/17,2016-12-04,Asian Institute of Technology Ground,2,11.3,Pakistan,India,Nain Abidi,Bismah Maroof,AA Patil,1,0,,,,,,,,,
1065348,2016/17,2016-12-04,Asian Institute of Technology Ground,2,11.4,Pakistan,India,Bismah Maroof,Nain Abidi,AA Patil,0,0,,,,,,,,,
1065348,2016/17,2016-12-04,Asian Institute of Technology Ground,2,11.5,Pakistan,India,Bismah Maroof,Nain Abidi,AA Patil,0,0,,,,,,,,,
1065348,2016/17,2016-12-04,Asian Institute of Technology Ground,2,11.6,Pakistan,India,Bismah Maroof,Nain Abidi,AA Patil,0,0,,,,,,,,,
1065348,2016/17,2016-12-04,Asian Institute of Technology Ground,2,12.1,Pakistan,India,Nain Abidi,Bismah Maroof,Preeti Bose,0,0,,,,,,,,,
1065348,2016/17,2016-12-04,Asian Institute of Technology Ground,2,12.2,Pakistan,India,Nain Abidi,Bismah Maroof,Preeti Bose,1,0,,,,,,,,,
1065348,2016/17,2016-12-04,Asian Institute of Technology Ground,2,12.3,Pakistan,India,Bismah Maroof,Nain Abidi,Preeti Bose,1,0,,,,,,,,,
1065348,2016/17,2016-12-04,Asian Institute of Technology Ground,2,12.4,Pakistan,India,Nain Abidi,Bismah Maroof,Preeti Bose,0,0,,,,,,,,,
1065348,2016/17,2016-12-04,Asian Institute of Technology Ground,2,12.5,Pakistan,India,Nain Abidi,Bismah Maroof,Preeti Bose,0,1,,,1,,,,,,
1065348,2016/17,2016-12-04,Asian Institute of Technology Ground,2,12.6,Pakistan,India,Bismah Maroof,Nain Abidi,Preeti Bose,4,0,,,,,,,,,
1065348,2016/17,2016-12-04,Asian Institute of Technology Ground,2,13.1,Pakistan,India,Nain Abidi,Bismah Maroof,AA Patil,4,0,,,,,,,,,
1065348,2016/17,2016-12-04,Asian Institute of Technology Ground,2,13.2,Pakistan,India,Nain Abidi,Bismah Maroof,AA Patil,1,0,,,,,,,,,
1065348,2016/17,2016-12-04,Asian Institute of Technology Ground,2,13.3,Pakistan,India,Bismah Maroof,Nain Abidi,AA Patil,0,0,,,,,,caught and bowled,Bismah Maroof,,
1065348,2016/17,2016-12-04,Asian Institute of Technology Ground,2,13.4,Pakistan,India,Iram Javed,Nain Abidi,AA Patil,0,0,,,,,,,,,
1065348,2016/17,2016-12-04,Asian Institute of Technology Ground,2,13.5,Pakistan,India,Iram Javed,Nain Abidi,AA Patil,0,0,,,,,,,,,
1065348,2016/17,2016-12-04,Asian Institute of Technology Ground,2,13.6,Pakistan,India,Iram Javed,Nain Abidi,AA Patil,2,0,,,,,,,,,
1065348,2016/17,2016-12-04,Asian Institute of Technology Ground,2,14.1,Pakistan,India,Nain Abidi,Iram Javed,Preeti Bose,1,0,,,,,,,,,
1065348,2016/17,2016-12-04,Asian Institute of Technology Ground,2,14.2,Pakistan,India,Iram Javed,Nain Abidi,Preeti Bose,1,0,,,,,,,,,
1065348,2016/17,2016-12-04,Asian Institute of Technology Ground,2,14.3,Pakistan,India,Nain Abidi,Iram Javed,Preeti Bose,0,0,,,,,,,,,
1065348,2016/17,2016-12-04,Asian Institute of Technology Ground,2,14.4,Pakistan,India,Nain Abidi,Iram Javed,Preeti Bose,0,0,,,,,,stumped,Nain Abidi,,
1065348,2016/17,2016-12-04,Asian Institute of Technology Ground,2,14.5,Pakistan,India,Nida Dar,Iram Javed,Preeti Bose,1,0,,,,,,,,,
1065348,2016/17,2016-12-04,Asian Institute of Technology Ground,2,14.6,Pakistan,India,Iram Javed,Nida Dar,Preeti Bose,0,0,,,,,,,,,
1065348,2016/17,2016-12-04,Asian Institute of Technology Ground,2,15.1,Pakistan,India,Nida Dar,Iram Javed,E Bisht,1,0,,,,,,,,,
1065348,2016/17,2016-12-04,Asian Institute of Technology Ground,2,15.2,Pakistan,India,Iram Javed,Nida Dar,E Bisht,0,0,,,,,,,,,
1065348,2016/17,2016-12-04,Asian Institute of Technology Ground,2,15.3,Pakistan,India,Iram Javed,Nida Dar,E Bisht,0,0,,,,,,,,,
1065348,2016/17,2016-12-04,Asian Institute of Technology Ground,2,15.4,Pakistan,India,Iram Javed,Nida Dar,E Bisht,0,0,,,,,,stumped,Iram Javed,,
1065348,2016/17,2016-12-04,Asian Institute of Technology Ground,2,15.5,Pakistan,India,Sana Mir,Nida Dar,E Bisht,1,0,,,,,,,,,
1065348,2016/17,2016-12-04,Asian Institute of Technology Ground,2,15.6,Pakistan,India,Nida Dar,Sana Mir,E Bisht,0,0,,,,,,,,,
1065348,2016/17,2016-12-04,Asian Institute of Technology Ground,2,16.1,Pakistan,India,Sana Mir,Nida Dar,H Kaur,1,0,,,,,,,,,
1065348,2016/17,2016-12-04,Asian Institute of Technology Ground,2,16.2,Pakistan,India,Nida Dar,Sana Mir,H Kaur,0,0,,,,,,,,,
1065348,2016/17,2016-12-04,Asian Institute of Technology Ground,2,16.3,Pakistan,India,Nida Dar,Sana Mir,H Kaur,0,0,,,,,,,,,
1065348,2016/17,2016-12-04,Asian Institute of Technology Ground,2,16.4,Pakistan,India,Nida Dar,Sana Mir,H Kaur,0,0,,,,,,,,,
1065348,2016/17,2016-12-04,Asian Institute of Technology Ground,2,16.5,Pakistan,India,Nida Dar,Sana Mir,H Kaur,0,0,,,,,,,,,
1065348,2016/17,2016-12-04,Asian Institute of Technology Ground,2,16.6,Pakistan,India,Nida Dar,Sana Mir,H Kaur,0,0,,,,,,,,,
1065348,2016/17,2016-12-04,Asian Institute of Technology Ground,2,17.1,Pakistan,India,Sana Mir,Nida Dar,E Bisht,1,0,,,,,,,,,
1065348,2016/17,2016-12-04,Asian Institute of Technology Ground,2,17.2,Pakistan,India,Nida Dar,Sana Mir,E Bisht,1,0,,,,,,,,,
1065348,2016/17,2016-12-04,Asian Institute of Technology Ground,2,17.3,Pakistan,India,Sana Mir,Nida Dar,E Bisht,1,0,,,,,,,,,
1065348,2016/17,2016-12-04,Asian Institute of Technology Ground,2,17.4,Pakistan,India,Nida Dar,Sana Mir,E Bisht,1,0,,,,,,,,,
1065348,2016/17,2016-12-04,Asian Institute of Technology Ground,2,17.5,Pakistan,India,Sana Mir,Nida Dar,E Bisht,1,0,,,,,,,,,
1065348,2016/17,2016-12-04,Asian Institute of Technology Ground,2,17.6,Pakistan,India,Nida Dar,Sana Mir,E Bisht,2,0,,,,,,,,,
1065348,2016/17,2016-12-04,Asian Institute of Technology Ground,2,18.1,Pakistan,India,Sana Mir,Nida Dar,J Goswami,1,0,,,,,,,,,
1065348,2016/17,2016-12-04,Asian Institute of Technology Ground,2,18.2,Pakistan,India,Nida Dar,Sana Mir,J Goswami,1,0,,,,,,,,,
1065348,2016/17,2016-12-04,Asian Institute of Technology Ground,2,18.3,Pakistan,India,Sana Mir,Nida Dar,J Goswami,1,0,,,,,,,,,
1065348,2016/17,2016-12-04,Asian Institute of Technology Ground,2,18.4,Pakistan,India,Nida Dar,Sana Mir,J Goswami,1,0,,,,,,,,,
1065348,2016/17,2016-12-04,Asian Institute of Technology Ground,2,18.5,Pakistan,India,Sana Mir,Nida Dar,J Goswami,1,0,,,,,,,,,
1065348,2016/17,2016-12-04,Asian Institute of Technology Ground,2,18.6,Pakistan,India,Nida Dar,Sana Mir,J Goswami,0,1,1,,,,,,,,
1065348,2016/17,2016-12-04,Asian Institute of Technology Ground,2,18.7,Pakistan,India,Nida Dar,Sana Mir,J Goswami,1,0,,,,,,,,,
1065348,2016/17,2016-12-04,Asian Institute of Technology Ground,2,19.1,Pakistan,India,Nida Dar,Sana Mir,H Kaur,2,0,,,,,,,,,
1065348,2016/17,2016-12-04,Asian Institute of Technology Ground,2,19.2,Pakistan,India,Nida Dar,Sana Mir,H Kaur,1,0,,,,,,,,,
1065348,2016/17,2016-12-04,Asian Institute of Technology Ground,2,19.3,Pakistan,India,Sana Mir,Nida Dar,H Kaur,2,0,,,,,,,,,
1065348,2016/17,2016-12-04,Asian Institute of Technology Ground,2,19.4,Pakistan,India,Sana Mir,Nida Dar,H Kaur,0,0,,,,,,,,,
1065348,2016/17,2016-12-04,Asian Institute of Technology Ground,2,19.5,Pakistan,India,Sana Mir,Nida Dar,H Kaur,0,0,,,,,,,,,
1065348,2016/17,2016-12-04,Asian Institute of Technology Ground,2,19.6,Pakistan,India,Sana Mir,Nida Dar,H Kaur,2,0,,,,,,,,,
