match_id,season,start_date,venue,innings,ball,batting_team,bowling_team,striker,non_striker,bowler,runs_off_bat,extras,wides,noballs,byes,legbyes,penalty,wicket_type,player_dismissed,other_wicket_type,other_player_dismissed
1074959,2016/17,2017-01-15,Sheikh Zayed Stadium,1,0.1,Oman,Netherlands,A Poulose,Zeeshan Maqsood,MP O'Dowd,0,1,1,,,,,,,,
1074959,2016/17,2017-01-15,Sheikh Zayed Stadium,1,0.2,Oman,Netherlands,A Poulose,Zeeshan Maqsood,MP O'Dowd,0,1,1,,,,,,,,
1074959,2016/17,2017-01-15,Sheikh Zayed Stadium,1,0.3,Oman,Netherlands,A Poulose,Zeeshan Maqsood,MP O'Dowd,1,0,,,,,,,,,
1074959,2016/17,2017-01-15,Sheikh Zayed Stadium,1,0.4,Oman,Netherlands,Zeeshan Maqsood,A Poulose,MP O'Dowd,4,0,,,,,,,,,
1074959,2016/17,2017-01-15,Sheikh Zayed Stadium,1,0.5,Oman,Netherlands,Zeeshan Maqsood,A Poulose,MP O'Dowd,0,0,,,,,,,,,
1074959,2016/17,2017-01-15,Sheikh Zayed Stadium,1,0.6,Oman,Netherlands,Zeeshan Maqsood,A Poulose,MP O'Dowd,2,0,,,,,,,,,
1074959,2016/17,2017-01-15,Sheikh Zayed Stadium,1,0.7,Oman,Netherlands,Zeeshan Maqsood,A Poulose,MP O'Dowd,0,0,,,,,,,,,
1074959,2016/17,2017-01-15,Sheikh Zayed Stadium,1,0.8,Oman,Netherlands,Zeeshan Maqsood,A Poulose,MP O'Dowd,0,0,,,,,,,,,
1074959,2016/17,2017-01-15,Sheikh Zayed Stadium,1,1.1,Oman,Netherlands,A Poulose,Zeeshan Maqsood,T van der Gugten,0,0,,,,,,,,,
1074959,2016/17,2017-01-15,Sheikh Zayed Stadium,1,1.2,Oman,Netherlands,A Poulose,Zeeshan Maqsood,T van der Gugten,0,0,,,,,,,,,
1074959,2016/17,2017-01-15,Sheikh Zayed Stadium,1,1.3,Oman,Netherlands,A Poulose,Zeeshan Maqsood,T van der Gugten,0,0,,,,,,,,,
1074959,2016/17,2017-01-15,Sheikh Zayed Stadium,1,1.4,Oman,Netherlands,A Poulose,Zeeshan Maqsood,T van der Gugten,4,0,,,,,,,,,
1074959,2016/17,2017-01-15,Sheikh Zayed Stadium,1,1.5,Oman,Netherlands,A Poulose,Zeeshan Maqsood,T van der Gugten,0,0,,,,,,,,,
1074959,2016/17,2017-01-15,Sheikh Zayed Stadium,1,1.6,Oman,Netherlands,A Poulose,Zeeshan Maqsood,T van der Gugten,4,0,,,,,,,,,
1074959,2016/17,2017-01-15,Sheikh Zayed Stadium,1,2.1,Oman,Netherlands,Zeeshan Maqsood,A Poulose,PA van Meekeren,0,0,,,,,,,,,
1074959,2016/17,2017-01-15,Sheikh Zayed Stadium,1,2.2,Oman,Netherlands,Zeeshan Maqsood,A Poulose,PA van Meekeren,0,0,,,,,,,,,
1074959,2016/17,2017-01-15,Sheikh Zayed Stadium,1,2.3,Oman,Netherlands,Zeeshan Maqsood,A Poulose,PA van Meekeren,2,0,,,,,,,,,
1074959,2016/17,2017-01-15,Sheikh Zayed Stadium,1,2.4,Oman,Netherlands,Zeeshan Maqsood,A Poulose,PA van Meekeren,1,0,,,,,,,,,
1074959,2016/17,2017-01-15,Sheikh Zayed Stadium,1,2.5,Oman,Netherlands,A Poulose,Zeeshan Maqsood,PA van Meekeren,0,0,,,,,,,,,
1074959,2016/17,2017-01-15,Sheikh Zayed Stadium,1,2.6,Oman,Netherlands,A Poulose,Zeeshan Maqsood,PA van Meekeren,0,0,,,,,,caught,A Poulose,,
1074959,2016/17,2017-01-15,Sheikh Zayed Stadium,1,3.1,Oman,Netherlands,Zeeshan Maqsood,Aqib Ilyas,T van der Gugten,4,0,,,,,,,,,
1074959,2016/17,2017-01-15,Sheikh Zayed Stadium,1,3.2,Oman,Netherlands,Zeeshan Maqsood,Aqib Ilyas,T van der Gugten,0,0,,,,,,,,,
1074959,2016/17,2017-01-15,Sheikh Zayed Stadium,1,3.3,Oman,Netherlands,Zeeshan Maqsood,Aqib Ilyas,T van der Gugten,1,0,,,,,,,,,
1074959,2016/17,2017-01-15,Sheikh Zayed Stadium,1,3.4,Oman,Netherlands,Aqib Ilyas,Zeeshan Maqsood,T van der Gugten,4,0,,,,,,,,,
1074959,2016/17,2017-01-15,Sheikh Zayed Stadium,1,3.5,Oman,Netherlands,Aqib Ilyas,Zeeshan Maqsood,T van der Gugten,0,0,,,,,,,,,
1074959,2016/17,2017-01-15,Sheikh Zayed Stadium,1,3.6,Oman,Netherlands,Aqib Ilyas,Zeeshan Maqsood,T van der Gugten,0,0,,,,,,caught,Aqib Ilyas,,
1074959,2016/17,2017-01-15,Sheikh Zayed Stadium,1,4.1,Oman,Netherlands,Zeeshan Maqsood,Khawar Ali,PA van Meekeren,0,0,,,,,,,,,
1074959,2016/17,2017-01-15,Sheikh Zayed Stadium,1,4.2,Oman,Netherlands,Zeeshan Maqsood,Khawar Ali,PA van Meekeren,1,0,,,,,,,,,
1074959,2016/17,2017-01-15,Sheikh Zayed Stadium,1,4.3,Oman,Netherlands,Khawar Ali,Zeeshan Maqsood,PA van Meekeren,0,1,1,,,,,,,,
1074959,2016/17,2017-01-15,Sheikh Zayed Stadium,1,4.4,Oman,Netherlands,Khawar Ali,Zeeshan Maqsood,PA van Meekeren,0,0,,,,,,,,,
1074959,2016/17,2017-01-15,Sheikh Zayed Stadium,1,4.5,Oman,Netherlands,Khawar Ali,Zeeshan Maqsood,PA van Meekeren,0,0,,,,,,,,,
1074959,2016/17,2017-01-15,Sheikh Zayed Stadium,1,4.6,Oman,Netherlands,Khawar Ali,Zeeshan Maqsood,PA van Meekeren,0,0,,,,,,,,,
1074959,2016/17,2017-01-15,Sheikh Zayed Stadium,1,4.7,Oman,Netherlands,Khawar Ali,Zeeshan Maqsood,PA van Meekeren,0,0,,,,,,,,,
1074959,2016/17,2017-01-15,Sheikh Zayed Stadium,1,5.1,Oman,Netherlands,Zeeshan Maqsood,Khawar Ali,Ahsan Malik,4,0,,,,,,,,,
1074959,2016/17,2017-01-15,Sheikh Zayed Stadium,1,5.2,Oman,Netherlands,Zeeshan Maqsood,Khawar Ali,Ahsan Malik,0,0,,,,,,,,,
1074959,2016/17,2017-01-15,Sheikh Zayed Stadium,1,5.3,Oman,Netherlands,Zeeshan Maqsood,Khawar Ali,Ahsan Malik,4,0,,,,,,,,,
1074959,2016/17,2017-01-15,Sheikh Zayed Stadium,1,5.4,Oman,Netherlands,Zeeshan Maqsood,Khawar Ali,Ahsan Malik,0,0,,,,,,,,,
1074959,2016/17,2017-01-15,Sheikh Zayed Stadium,1,5.5,Oman,Netherlands,Zeeshan Maqsood,Khawar Ali,Ahsan Malik,4,0,,,,,,,,,
1074959,2016/17,2017-01-15,Sheikh Zayed Stadium,1,5.6,Oman,Netherlands,Zeeshan Maqsood,Khawar Ali,Ahsan Malik,1,0,,,,,,,,,
1074959,2016/17,2017-01-15,Sheikh Zayed Stadium,1,6.1,Oman,Netherlands,Zeeshan Maqsood,Khawar Ali,MJG Rippon,0,0,,,,,,,,,
1074959,2016/17,2017-01-15,Sheikh Zayed Stadium,1,6.2,Oman,Netherlands,Zeeshan Maqsood,Khawar Ali,MJG Rippon,1,0,,,,,,,,,
1074959,2016/17,2017-01-15,Sheikh Zayed Stadium,1,6.3,Oman,Netherlands,Khawar Ali,Zeeshan Maqsood,MJG Rippon,0,0,,,,,,,,,
1074959,2016/17,2017-01-15,Sheikh Zayed Stadium,1,6.4,Oman,Netherlands,Khawar Ali,Zeeshan Maqsood,MJG Rippon,0,0,,,,,,,,,
1074959,2016/17,2017-01-15,Sheikh Zayed Stadium,1,6.5,Oman,Netherlands,Khawar Ali,Zeeshan Maqsood,MJG Rippon,0,0,,,,,,,,,
1074959,2016/17,2017-01-15,Sheikh Zayed Stadium,1,6.6,Oman,Netherlands,Khawar Ali,Zeeshan Maqsood,MJG Rippon,0,0,,,,,,,,,
1074959,2016/17,2017-01-15,Sheikh Zayed Stadium,1,7.1,Oman,Netherlands,Zeeshan Maqsood,Khawar Ali,RE van der Merwe,0,0,,,,,,,,,
1074959,2016/17,2017-01-15,Sheikh Zayed Stadium,1,7.2,Oman,Netherlands,Zeeshan Maqsood,Khawar Ali,RE van der Merwe,1,0,,,,,,,,,
1074959,2016/17,2017-01-15,Sheikh Zayed Stadium,1,7.3,Oman,Netherlands,Khawar Ali,Zeeshan Maqsood,RE van der Merwe,1,0,,,,,,,,,
1074959,2016/17,2017-01-15,Sheikh Zayed Stadium,1,7.4,Oman,Netherlands,Zeeshan Maqsood,Khawar Ali,RE van der Merwe,0,0,,,,,,,,,
1074959,2016/17,2017-01-15,Sheikh Zayed Stadium,1,7.5,Oman,Netherlands,Zeeshan Maqsood,Khawar Ali,RE van der Merwe,2,0,,,,,,,,,
1074959,2016/17,2017-01-15,Sheikh Zayed Stadium,1,7.6,Oman,Netherlands,Zeeshan Maqsood,Khawar Ali,RE van der Merwe,1,0,,,,,,,,,
1074959,2016/17,2017-01-15,Sheikh Zayed Stadium,1,8.1,Oman,Netherlands,Zeeshan Maqsood,Khawar Ali,MJG Rippon,0,0,,,,,,,,,
1074959,2016/17,2017-01-15,Sheikh Zayed Stadium,1,8.2,Oman,Netherlands,Zeeshan Maqsood,Khawar Ali,MJG Rippon,1,0,,,,,,,,,
1074959,2016/17,2017-01-15,Sheikh Zayed Stadium,1,8.3,Oman,Netherlands,Khawar Ali,Zeeshan Maqsood,MJG Rippon,1,0,,,,,,,,,
1074959,2016/17,2017-01-15,Sheikh Zayed Stadium,1,8.4,Oman,Netherlands,Zeeshan Maqsood,Khawar Ali,MJG Rippon,0,0,,,,,,,,,
1074959,2016/17,2017-01-15,Sheikh Zayed Stadium,1,8.5,Oman,Netherlands,Zeeshan Maqsood,Khawar Ali,MJG Rippon,0,1,,,,1,,,,,
1074959,2016/17,2017-01-15,Sheikh Zayed Stadium,1,8.6,Oman,Netherlands,Khawar Ali,Zeeshan Maqsood,MJG Rippon,0,0,,,,,,run out,Zeeshan Maqsood,,
1074959,2016/17,2017-01-15,Sheikh Zayed Stadium,1,9.1,Oman,Netherlands,AV Lalcheta,Khawar Ali,RE van der Merwe,0,0,,,,,,,,,
1074959,2016/17,2017-01-15,Sheikh Zayed Stadium,1,9.2,Oman,Netherlands,AV Lalcheta,Khawar Ali,RE van der Merwe,0,3,,,,3,,,,,
1074959,2016/17,2017-01-15,Sheikh Zayed Stadium,1,9.3,Oman,Netherlands,Khawar Ali,AV Lalcheta,RE van der Merwe,1,0,,,,,,,,,
1074959,2016/17,2017-01-15,Sheikh Zayed Stadium,1,9.4,Oman,Netherlands,AV Lalcheta,Khawar Ali,RE van der Merwe,1,0,,,,,,,,,
1074959,2016/17,2017-01-15,Sheikh Zayed Stadium,1,9.5,Oman,Netherlands,Khawar Ali,AV Lalcheta,RE van der Merwe,1,0,,,,,,,,,
1074959,2016/17,2017-01-15,Sheikh Zayed Stadium,1,9.6,Oman,Netherlands,AV Lalcheta,Khawar Ali,RE van der Merwe,1,0,,,,,,,,,
1074959,2016/17,2017-01-15,Sheikh Zayed Stadium,1,10.1,Oman,Netherlands,AV Lalcheta,Khawar Ali,PA van Meekeren,0,1,,,,1,,,,,
1074959,2016/17,2017-01-15,Sheikh Zayed Stadium,1,10.2,Oman,Netherlands,Khawar Ali,AV Lalcheta,PA van Meekeren,0,0,,,,,,,,,
1074959,2016/17,2017-01-15,Sheikh Zayed Stadium,1,10.3,Oman,Netherlands,Khawar Ali,AV Lalcheta,PA van Meekeren,2,0,,,,,,,,,
1074959,2016/17,2017-01-15,Sheikh Zayed Stadium,1,10.4,Oman,Netherlands,Khawar Ali,AV Lalcheta,PA van Meekeren,0,0,,,,,,,,,
1074959,2016/17,2017-01-15,Sheikh Zayed Stadium,1,10.5,Oman,Netherlands,Khawar Ali,AV Lalcheta,PA van Meekeren,1,1,,1,,,,,,,
1074959,2016/17,2017-01-15,Sheikh Zayed Stadium,1,10.6,Oman,Netherlands,AV Lalcheta,Khawar Ali,PA van Meekeren,0,0,,,,,,,,,
1074959,2016/17,2017-01-15,Sheikh Zayed Stadium,1,10.7,Oman,Netherlands,AV Lalcheta,Khawar Ali,PA van Meekeren,0,0,,,,,,,,,
1074959,2016/17,2017-01-15,Sheikh Zayed Stadium,1,11.1,Oman,Netherlands,Khawar Ali,AV Lalcheta,MP O'Dowd,1,0,,,,,,,,,
1074959,2016/17,2017-01-15,Sheikh Zayed Stadium,1,11.2,Oman,Netherlands,AV Lalcheta,Khawar Ali,MP O'Dowd,1,0,,,,,,,,,
1074959,2016/17,2017-01-15,Sheikh Zayed Stadium,1,11.3,Oman,Netherlands,Khawar Ali,AV Lalcheta,MP O'Dowd,0,0,,,,,,,,,
1074959,2016/17,2017-01-15,Sheikh Zayed Stadium,1,11.4,Oman,Netherlands,Khawar Ali,AV Lalcheta,MP O'Dowd,1,0,,,,,,,,,
1074959,2016/17,2017-01-15,Sheikh Zayed Stadium,1,11.5,Oman,Netherlands,AV Lalcheta,Khawar Ali,MP O'Dowd,1,0,,,,,,,,,
1074959,2016/17,2017-01-15,Sheikh Zayed Stadium,1,11.6,Oman,Netherlands,Khawar Ali,AV Lalcheta,MP O'Dowd,1,0,,,,,,,,,
1074959,2016/17,2017-01-15,Sheikh Zayed Stadium,1,12.1,Oman,Netherlands,Khawar Ali,AV Lalcheta,RE van der Merwe,1,0,,,,,,,,,
1074959,2016/17,2017-01-15,Sheikh Zayed Stadium,1,12.2,Oman,Netherlands,AV Lalcheta,Khawar Ali,RE van der Merwe,1,0,,,,,,,,,
1074959,2016/17,2017-01-15,Sheikh Zayed Stadium,1,12.3,Oman,Netherlands,Khawar Ali,AV Lalcheta,RE van der Merwe,1,0,,,,,,,,,
1074959,2016/17,2017-01-15,Sheikh Zayed Stadium,1,12.4,Oman,Netherlands,AV Lalcheta,Khawar Ali,RE van der Merwe,2,0,,,,,,,,,
1074959,2016/17,2017-01-15,Sheikh Zayed Stadium,1,12.5,Oman,Netherlands,AV Lalcheta,Khawar Ali,RE van der Merwe,0,1,,,1,,,,,,
1074959,2016/17,2017-01-15,Sheikh Zayed Stadium,1,12.6,Oman,Netherlands,AV Lalcheta,Khawar Ali,RE van der Merwe,6,0,,,,,,,,,
1074959,2016/17,2017-01-15,Sheikh Zayed Stadium,1,13.1,Oman,Netherlands,Khawar Ali,AV Lalcheta,MJG Rippon,1,0,,,,,,run out,AV Lalcheta,,
1074959,2016/17,2017-01-15,Sheikh Zayed Stadium,1,13.2,Oman,Netherlands,Khurram Nawaz,Khawar Ali,MJG Rippon,1,0,,,,,,,,,
1074959,2016/17,2017-01-15,Sheikh Zayed Stadium,1,13.3,Oman,Netherlands,Khawar Ali,Khurram Nawaz,MJG Rippon,4,0,,,,,,,,,
1074959,2016/17,2017-01-15,Sheikh Zayed Stadium,1,13.4,Oman,Netherlands,Khawar Ali,Khurram Nawaz,MJG Rippon,0,0,,,,,,stumped,Khawar Ali,,
1074959,2016/17,2017-01-15,Sheikh Zayed Stadium,1,13.5,Oman,Netherlands,Sultan Ahmed,Khurram Nawaz,MJG Rippon,1,0,,,,,,,,,
1074959,2016/17,2017-01-15,Sheikh Zayed Stadium,1,13.6,Oman,Netherlands,Khurram Nawaz,Sultan Ahmed,MJG Rippon,0,0,,,,,,,,,
1074959,2016/17,2017-01-15,Sheikh Zayed Stadium,1,14.1,Oman,Netherlands,Sultan Ahmed,Khurram Nawaz,RE van der Merwe,0,0,,,,,,lbw,Sultan Ahmed,,
1074959,2016/17,2017-01-15,Sheikh Zayed Stadium,1,14.2,Oman,Netherlands,Naseem Khushi,Khurram Nawaz,RE van der Merwe,0,0,,,,,,,,,
1074959,2016/17,2017-01-15,Sheikh Zayed Stadium,1,14.3,Oman,Netherlands,Naseem Khushi,Khurram Nawaz,RE van der Merwe,2,0,,,,,,,,,
1074959,2016/17,2017-01-15,Sheikh Zayed Stadium,1,14.4,Oman,Netherlands,Naseem Khushi,Khurram Nawaz,RE van der Merwe,1,0,,,,,,,,,
1074959,2016/17,2017-01-15,Sheikh Zayed Stadium,1,14.5,Oman,Netherlands,Khurram Nawaz,Naseem Khushi,RE van der Merwe,1,0,,,,,,,,,
1074959,2016/17,2017-01-15,Sheikh Zayed Stadium,1,14.6,Oman,Netherlands,Naseem Khushi,Khurram Nawaz,RE van der Merwe,1,0,,,,,,,,,
1074959,2016/17,2017-01-15,Sheikh Zayed Stadium,1,15.1,Oman,Netherlands,Naseem Khushi,Khurram Nawaz,MJG Rippon,1,0,,,,,,,,,
1074959,2016/17,2017-01-15,Sheikh Zayed Stadium,1,15.2,Oman,Netherlands,Khurram Nawaz,Naseem Khushi,MJG Rippon,0,0,,,,,,,,,
1074959,2016/17,2017-01-15,Sheikh Zayed Stadium,1,15.3,Oman,Netherlands,Khurram Nawaz,Naseem Khushi,MJG Rippon,1,0,,,,,,,,,
1074959,2016/17,2017-01-15,Sheikh Zayed Stadium,1,15.4,Oman,Netherlands,Naseem Khushi,Khurram Nawaz,MJG Rippon,1,0,,,,,,,,,
1074959,2016/17,2017-01-15,Sheikh Zayed Stadium,1,15.5,Oman,Netherlands,Khurram Nawaz,Naseem Khushi,MJG Rippon,1,0,,,,,,,,,
1074959,2016/17,2017-01-15,Sheikh Zayed Stadium,1,15.6,Oman,Netherlands,Naseem Khushi,Khurram Nawaz,MJG Rippon,1,0,,,,,,,,,
1074959,2016/17,2017-01-15,Sheikh Zayed Stadium,1,16.1,Oman,Netherlands,Naseem Khushi,Khurram Nawaz,T van der Gugten,1,0,,,,,,,,,
1074959,2016/17,2017-01-15,Sheikh Zayed Stadium,1,16.2,Oman,Netherlands,Khurram Nawaz,Naseem Khushi,T van der Gugten,4,0,,,,,,,,,
1074959,2016/17,2017-01-15,Sheikh Zayed Stadium,1,16.3,Oman,Netherlands,Khurram Nawaz,Naseem Khushi,T van der Gugten,2,0,,,,,,,,,
1074959,2016/17,2017-01-15,Sheikh Zayed Stadium,1,16.4,Oman,Netherlands,Khurram Nawaz,Naseem Khushi,T van der Gugten,0,1,1,,,,,,,,
1074959,2016/17,2017-01-15,Sheikh Zayed Stadium,1,16.5,Oman,Netherlands,Khurram Nawaz,Naseem Khushi,T van der Gugten,0,0,,,,,,,,,
1074959,2016/17,2017-01-15,Sheikh Zayed Stadium,1,16.6,Oman,Netherlands,Khurram Nawaz,Naseem Khushi,T van der Gugten,1,0,,,,,,,,,
1074959,2016/17,2017-01-15,Sheikh Zayed Stadium,1,16.7,Oman,Netherlands,Naseem Khushi,Khurram Nawaz,T van der Gugten,2,0,,,,,,,,,
1074959,2016/17,2017-01-15,Sheikh Zayed Stadium,1,17.1,Oman,Netherlands,Khurram Nawaz,Naseem Khushi,Ahsan Malik,0,2,2,,,,,,,,
1074959,2016/17,2017-01-15,Sheikh Zayed Stadium,1,17.2,Oman,Netherlands,Naseem Khushi,Khurram Nawaz,Ahsan Malik,4,0,,,,,,,,,
1074959,2016/17,2017-01-15,Sheikh Zayed Stadium,1,17.3,Oman,Netherlands,Naseem Khushi,Khurram Nawaz,Ahsan Malik,0,0,,,,,,,,,
1074959,2016/17,2017-01-15,Sheikh Zayed Stadium,1,17.4,Oman,Netherlands,Naseem Khushi,Khurram Nawaz,Ahsan Malik,2,0,,,,,,,,,
1074959,2016/17,2017-01-15,Sheikh Zayed Stadium,1,17.5,Oman,Netherlands,Naseem Khushi,Khurram Nawaz,Ahsan Malik,0,1,1,,,,,,,,
1074959,2016/17,2017-01-15,Sheikh Zayed Stadium,1,17.6,Oman,Netherlands,Naseem Khushi,Khurram Nawaz,Ahsan Malik,0,1,,,,1,,,,,
1074959,2016/17,2017-01-15,Sheikh Zayed Stadium,1,17.7,Oman,Netherlands,Khurram Nawaz,Naseem Khushi,Ahsan Malik,1,0,,,,,,,,,
1074959,2016/17,2017-01-15,Sheikh Zayed Stadium,1,17.8,Oman,Netherlands,Naseem Khushi,Khurram Nawaz,Ahsan Malik,0,1,,,,1,,,,,
1074959,2016/17,2017-01-15,Sheikh Zayed Stadium,1,18.1,Oman,Netherlands,Khurram Nawaz,Naseem Khushi,PA van Meekeren,2,0,,,,,,,,,
1074959,2016/17,2017-01-15,Sheikh Zayed Stadium,1,18.2,Oman,Netherlands,Khurram Nawaz,Naseem Khushi,PA van Meekeren,1,0,,,,,,,,,
1074959,2016/17,2017-01-15,Sheikh Zayed Stadium,1,18.3,Oman,Netherlands,Naseem Khushi,Khurram Nawaz,PA van Meekeren,0,1,,,,1,,,,,
1074959,2016/17,2017-01-15,Sheikh Zayed Stadium,1,18.4,Oman,Netherlands,Khurram Nawaz,Naseem Khushi,PA van Meekeren,2,0,,,,,,,,,
1074959,2016/17,2017-01-15,Sheikh Zayed Stadium,1,18.5,Oman,Netherlands,Khurram Nawaz,Naseem Khushi,PA van Meekeren,1,0,,,,,,,,,
1074959,2016/17,2017-01-15,Sheikh Zayed Stadium,1,18.6,Oman,Netherlands,Naseem Khushi,Khurram Nawaz,PA van Meekeren,6,0,,,,,,,,,
1074959,2016/17,2017-01-15,Sheikh Zayed Stadium,1,19.1,Oman,Netherlands,Khurram Nawaz,Naseem Khushi,Ahsan Malik,6,0,,,,,,,,,
1074959,2016/17,2017-01-15,Sheikh Zayed Stadium,1,19.2,Oman,Netherlands,Khurram Nawaz,Naseem Khushi,Ahsan Malik,1,0,,,,,,,,,
1074959,2016/17,2017-01-15,Sheikh Zayed Stadium,1,19.3,Oman,Netherlands,Naseem Khushi,Khurram Nawaz,Ahsan Malik,2,0,,,,,,,,,
1074959,2016/17,2017-01-15,Sheikh Zayed Stadium,1,19.4,Oman,Netherlands,Naseem Khushi,Khurram Nawaz,Ahsan Malik,1,0,,,,,,,,,
1074959,2016/17,2017-01-15,Sheikh Zayed Stadium,1,19.5,Oman,Netherlands,Khurram Nawaz,Naseem Khushi,Ahsan Malik,1,0,,,,,,,,,
1074959,2016/17,2017-01-15,Sheikh Zayed Stadium,1,19.6,Oman,Netherlands,Naseem Khushi,Khurram Nawaz,Ahsan Malik,0,0,,,,,,caught,Naseem Khushi,,
1074959,2016/17,2017-01-15,Sheikh Zayed Stadium,2,0.1,Netherlands,Oman,SJ Myburgh,MJG Rippon,Bilal Khan,4,0,,,,,,,,,
1074959,2016/17,2017-01-15,Sheikh Zayed Stadium,2,0.2,Netherlands,Oman,SJ Myburgh,MJG Rippon,Bilal Khan,0,0,,,,,,,,,
1074959,2016/17,2017-01-15,Sheikh Zayed Stadium,2,0.3,Netherlands,Oman,SJ Myburgh,MJG Rippon,Bilal Khan,0,0,,,,,,bowled,SJ Myburgh,,
1074959,2016/17,2017-01-15,Sheikh Zayed Stadium,2,0.4,Netherlands,Oman,BN Cooper,MJG Rippon,Bilal Khan,0,0,,,,,,caught,BN Cooper,,
1074959,2016/17,2017-01-15,Sheikh Zayed Stadium,2,0.5,Netherlands,Oman,W Barresi,MJG Rippon,Bilal Khan,0,0,,,,,,,,,
1074959,2016/17,2017-01-15,Sheikh Zayed Stadium,2,0.6,Netherlands,Oman,W Barresi,MJG Rippon,Bilal Khan,0,1,1,,,,,,,,
1074959,2016/17,2017-01-15,Sheikh Zayed Stadium,2,0.7,Netherlands,Oman,W Barresi,MJG Rippon,Bilal Khan,1,1,,1,,,,,,,
1074959,2016/17,2017-01-15,Sheikh Zayed Stadium,2,0.8,Netherlands,Oman,MJG Rippon,W Barresi,Bilal Khan,0,0,,,,,,,,,
1074959,2016/17,2017-01-15,Sheikh Zayed Stadium,2,1.1,Netherlands,Oman,W Barresi,MJG Rippon,Kaleemullah,1,0,,,,,,,,,
1074959,2016/17,2017-01-15,Sheikh Zayed Stadium,2,1.2,Netherlands,Oman,MJG Rippon,W Barresi,Kaleemullah,3,0,,,,,,,,,
1074959,2016/17,2017-01-15,Sheikh Zayed Stadium,2,1.3,Netherlands,Oman,W Barresi,MJG Rippon,Kaleemullah,0,0,,,,,,,,,
1074959,2016/17,2017-01-15,Sheikh Zayed Stadium,2,1.4,Netherlands,Oman,W Barresi,MJG Rippon,Kaleemullah,0,0,,,,,,,,,
1074959,2016/17,2017-01-15,Sheikh Zayed Stadium,2,1.5,Netherlands,Oman,W Barresi,MJG Rippon,Kaleemullah,1,0,,,,,,,,,
1074959,2016/17,2017-01-15,Sheikh Zayed Stadium,2,1.6,Netherlands,Oman,MJG Rippon,W Barresi,Kaleemullah,0,0,,,,,,,,,
1074959,2016/17,2017-01-15,Sheikh Zayed Stadium,2,2.1,Netherlands,Oman,W Barresi,MJG Rippon,Bilal Khan,0,0,,,,,,,,,
1074959,2016/17,2017-01-15,Sheikh Zayed Stadium,2,2.2,Netherlands,Oman,W Barresi,MJG Rippon,Bilal Khan,1,0,,,,,,,,,
1074959,2016/17,2017-01-15,Sheikh Zayed Stadium,2,2.3,Netherlands,Oman,MJG Rippon,W Barresi,Bilal Khan,4,0,,,,,,,,,
1074959,2016/17,2017-01-15,Sheikh Zayed Stadium,2,2.4,Netherlands,Oman,MJG Rippon,W Barresi,Bilal Khan,1,0,,,,,,,,,
1074959,2016/17,2017-01-15,Sheikh Zayed Stadium,2,2.5,Netherlands,Oman,W Barresi,MJG Rippon,Bilal Khan,2,0,,,,,,,,,
1074959,2016/17,2017-01-15,Sheikh Zayed Stadium,2,2.6,Netherlands,Oman,W Barresi,MJG Rippon,Bilal Khan,0,1,,,,1,,,,,
1074959,2016/17,2017-01-15,Sheikh Zayed Stadium,2,3.1,Netherlands,Oman,W Barresi,MJG Rippon,Kaleemullah,0,0,,,,,,,,,
1074959,2016/17,2017-01-15,Sheikh Zayed Stadium,2,3.2,Netherlands,Oman,W Barresi,MJG Rippon,Kaleemullah,0,0,,,,,,,,,
1074959,2016/17,2017-01-15,Sheikh Zayed Stadium,2,3.3,Netherlands,Oman,W Barresi,MJG Rippon,Kaleemullah,2,0,,,,,,,,,
1074959,2016/17,2017-01-15,Sheikh Zayed Stadium,2,3.4,Netherlands,Oman,W Barresi,MJG Rippon,Kaleemullah,4,0,,,,,,,,,
1074959,2016/17,2017-01-15,Sheikh Zayed Stadium,2,3.5,Netherlands,Oman,W Barresi,MJG Rippon,Kaleemullah,1,0,,,,,,,,,
1074959,2016/17,2017-01-15,Sheikh Zayed Stadium,2,3.6,Netherlands,Oman,MJG Rippon,W Barresi,Kaleemullah,0,0,,,,,,,,,
1074959,2016/17,2017-01-15,Sheikh Zayed Stadium,2,4.1,Netherlands,Oman,W Barresi,MJG Rippon,AV Lalcheta,0,0,,,,,,,,,
1074959,2016/17,2017-01-15,Sheikh Zayed Stadium,2,4.2,Netherlands,Oman,W Barresi,MJG Rippon,AV Lalcheta,4,0,,,,,,,,,
1074959,2016/17,2017-01-15,Sheikh Zayed Stadium,2,4.3,Netherlands,Oman,W Barresi,MJG Rippon,AV Lalcheta,0,0,,,,,,,,,
1074959,2016/17,2017-01-15,Sheikh Zayed Stadium,2,4.4,Netherlands,Oman,W Barresi,MJG Rippon,AV Lalcheta,2,0,,,,,,,,,
1074959,2016/17,2017-01-15,Sheikh Zayed Stadium,2,4.5,Netherlands,Oman,W Barresi,MJG Rippon,AV Lalcheta,4,0,,,,,,,,,
1074959,2016/17,2017-01-15,Sheikh Zayed Stadium,2,4.6,Netherlands,Oman,W Barresi,MJG Rippon,AV Lalcheta,4,0,,,,,,,,,
1074959,2016/17,2017-01-15,Sheikh Zayed Stadium,2,5.1,Netherlands,Oman,MJG Rippon,W Barresi,Mohammad Nadeem,0,0,,,,,,,,,
1074959,2016/17,2017-01-15,Sheikh Zayed Stadium,2,5.2,Netherlands,Oman,MJG Rippon,W Barresi,Mohammad Nadeem,0,0,,,,,,,,,
1074959,2016/17,2017-01-15,Sheikh Zayed Stadium,2,5.3,Netherlands,Oman,MJG Rippon,W Barresi,Mohammad Nadeem,1,0,,,,,,,,,
1074959,2016/17,2017-01-15,Sheikh Zayed Stadium,2,5.4,Netherlands,Oman,W Barresi,MJG Rippon,Mohammad Nadeem,1,0,,,,,,,,,
1074959,2016/17,2017-01-15,Sheikh Zayed Stadium,2,5.5,Netherlands,Oman,MJG Rippon,W Barresi,Mohammad Nadeem,0,0,,,,,,,,,
1074959,2016/17,2017-01-15,Sheikh Zayed Stadium,2,5.6,Netherlands,Oman,MJG Rippon,W Barresi,Mohammad Nadeem,1,0,,,,,,,,,
1074959,2016/17,2017-01-15,Sheikh Zayed Stadium,2,6.1,Netherlands,Oman,MJG Rippon,W Barresi,Zeeshan Maqsood,1,0,,,,,,,,,
1074959,2016/17,2017-01-15,Sheikh Zayed Stadium,2,6.2,Netherlands,Oman,W Barresi,MJG Rippon,Zeeshan Maqsood,1,0,,,,,,,,,
1074959,2016/17,2017-01-15,Sheikh Zayed Stadium,2,6.3,Netherlands,Oman,MJG Rippon,W Barresi,Zeeshan Maqsood,0,0,,,,,,,,,
1074959,2016/17,2017-01-15,Sheikh Zayed Stadium,2,6.4,Netherlands,Oman,MJG Rippon,W Barresi,Zeeshan Maqsood,1,0,,,,,,,,,
1074959,2016/17,2017-01-15,Sheikh Zayed Stadium,2,6.5,Netherlands,Oman,W Barresi,MJG Rippon,Zeeshan Maqsood,1,0,,,,,,,,,
1074959,2016/17,2017-01-15,Sheikh Zayed Stadium,2,6.6,Netherlands,Oman,MJG Rippon,W Barresi,Zeeshan Maqsood,1,0,,,,,,,,,
1074959,2016/17,2017-01-15,Sheikh Zayed Stadium,2,7.1,Netherlands,Oman,MJG Rippon,W Barresi,Khawar Ali,1,0,,,,,,,,,
1074959,2016/17,2017-01-15,Sheikh Zayed Stadium,2,7.2,Netherlands,Oman,W Barresi,MJG Rippon,Khawar Ali,1,0,,,,,,,,,
1074959,2016/17,2017-01-15,Sheikh Zayed Stadium,2,7.3,Netherlands,Oman,MJG Rippon,W Barresi,Khawar Ali,2,0,,,,,,,,,
1074959,2016/17,2017-01-15,Sheikh Zayed Stadium,2,7.4,Netherlands,Oman,MJG Rippon,W Barresi,Khawar Ali,1,0,,,,,,,,,
1074959,2016/17,2017-01-15,Sheikh Zayed Stadium,2,7.5,Netherlands,Oman,W Barresi,MJG Rippon,Khawar Ali,0,0,,,,,,,,,
1074959,2016/17,2017-01-15,Sheikh Zayed Stadium,2,7.6,Netherlands,Oman,W Barresi,MJG Rippon,Khawar Ali,1,0,,,,,,,,,
1074959,2016/17,2017-01-15,Sheikh Zayed Stadium,2,8.1,Netherlands,Oman,W Barresi,MJG Rippon,Zeeshan Maqsood,0,0,,,,,,,,,
1074959,2016/17,2017-01-15,Sheikh Zayed Stadium,2,8.2,Netherlands,Oman,W Barresi,MJG Rippon,Zeeshan Maqsood,0,0,,,,,,,,,
1074959,2016/17,2017-01-15,Sheikh Zayed Stadium,2,8.3,Netherlands,Oman,W Barresi,MJG Rippon,Zeeshan Maqsood,1,0,,,,,,,,,
1074959,2016/17,2017-01-15,Sheikh Zayed Stadium,2,8.4,Netherlands,Oman,MJG Rippon,W Barresi,Zeeshan Maqsood,4,0,,,,,,,,,
1074959,2016/17,2017-01-15,Sheikh Zayed Stadium,2,8.5,Netherlands,Oman,MJG Rippon,W Barresi,Zeeshan Maqsood,0,0,,,,,,,,,
1074959,2016/17,2017-01-15,Sheikh Zayed Stadium,2,8.6,Netherlands,Oman,MJG Rippon,W Barresi,Zeeshan Maqsood,1,0,,,,,,,,,
1074959,2016/17,2017-01-15,Sheikh Zayed Stadium,2,9.1,Netherlands,Oman,MJG Rippon,W Barresi,Khawar Ali,4,0,,,,,,,,,
1074959,2016/17,2017-01-15,Sheikh Zayed Stadium,2,9.2,Netherlands,Oman,MJG Rippon,W Barresi,Khawar Ali,1,0,,,,,,,,,
1074959,2016/17,2017-01-15,Sheikh Zayed Stadium,2,9.3,Netherlands,Oman,W Barresi,MJG Rippon,Khawar Ali,0,0,,,,,,,,,
1074959,2016/17,2017-01-15,Sheikh Zayed Stadium,2,9.4,Netherlands,Oman,W Barresi,MJG Rippon,Khawar Ali,1,0,,,,,,,,,
1074959,2016/17,2017-01-15,Sheikh Zayed Stadium,2,9.5,Netherlands,Oman,MJG Rippon,W Barresi,Khawar Ali,2,0,,,,,,,,,
1074959,2016/17,2017-01-15,Sheikh Zayed Stadium,2,9.6,Netherlands,Oman,MJG Rippon,W Barresi,Khawar Ali,0,0,,,,,,,,,
1074959,2016/17,2017-01-15,Sheikh Zayed Stadium,2,10.1,Netherlands,Oman,W Barresi,MJG Rippon,Zeeshan Maqsood,0,0,,,,,,,,,
1074959,2016/17,2017-01-15,Sheikh Zayed Stadium,2,10.2,Netherlands,Oman,W Barresi,MJG Rippon,Zeeshan Maqsood,0,1,,,,1,,,,,
1074959,2016/17,2017-01-15,Sheikh Zayed Stadium,2,10.3,Netherlands,Oman,MJG Rippon,W Barresi,Zeeshan Maqsood,0,0,,,,,,,,,
1074959,2016/17,2017-01-15,Sheikh Zayed Stadium,2,10.4,Netherlands,Oman,MJG Rippon,W Barresi,Zeeshan Maqsood,1,0,,,,,,,,,
1074959,2016/17,2017-01-15,Sheikh Zayed Stadium,2,10.5,Netherlands,Oman,W Barresi,MJG Rippon,Zeeshan Maqsood,0,0,,,,,,,,,
1074959,2016/17,2017-01-15,Sheikh Zayed Stadium,2,10.6,Netherlands,Oman,W Barresi,MJG Rippon,Zeeshan Maqsood,0,0,,,,,,,,,
1074959,2016/17,2017-01-15,Sheikh Zayed Stadium,2,11.1,Netherlands,Oman,MJG Rippon,W Barresi,AV Lalcheta,0,0,,,,,,,,,
1074959,2016/17,2017-01-15,Sheikh Zayed Stadium,2,11.2,Netherlands,Oman,MJG Rippon,W Barresi,AV Lalcheta,1,0,,,,,,,,,
1074959,2016/17,2017-01-15,Sheikh Zayed Stadium,2,11.3,Netherlands,Oman,W Barresi,MJG Rippon,AV Lalcheta,0,0,,,,,,,,,
1074959,2016/17,2017-01-15,Sheikh Zayed Stadium,2,11.4,Netherlands,Oman,W Barresi,MJG Rippon,AV Lalcheta,1,0,,,,,,,,,
1074959,2016/17,2017-01-15,Sheikh Zayed Stadium,2,11.5,Netherlands,Oman,MJG Rippon,W Barresi,AV Lalcheta,1,0,,,,,,,,,
1074959,2016/17,2017-01-15,Sheikh Zayed Stadium,2,11.6,Netherlands,Oman,W Barresi,MJG Rippon,AV Lalcheta,6,0,,,,,,,,,
1074959,2016/17,2017-01-15,Sheikh Zayed Stadium,2,12.1,Netherlands,Oman,MJG Rippon,W Barresi,Zeeshan Maqsood,2,0,,,,,,,,,
1074959,2016/17,2017-01-15,Sheikh Zayed Stadium,2,12.2,Netherlands,Oman,MJG Rippon,W Barresi,Zeeshan Maqsood,1,0,,,,,,,,,
1074959,2016/17,2017-01-15,Sheikh Zayed Stadium,2,12.3,Netherlands,Oman,W Barresi,MJG Rippon,Zeeshan Maqsood,1,0,,,,,,,,,
1074959,2016/17,2017-01-15,Sheikh Zayed Stadium,2,12.4,Netherlands,Oman,MJG Rippon,W Barresi,Zeeshan Maqsood,1,0,,,,,,,,,
1074959,2016/17,2017-01-15,Sheikh Zayed Stadium,2,12.5,Netherlands,Oman,W Barresi,MJG Rippon,Zeeshan Maqsood,1,0,,,,,,,,,
1074959,2016/17,2017-01-15,Sheikh Zayed Stadium,2,12.6,Netherlands,Oman,MJG Rippon,W Barresi,Zeeshan Maqsood,0,0,,,,,,,,,
1074959,2016/17,2017-01-15,Sheikh Zayed Stadium,2,13.1,Netherlands,Oman,W Barresi,MJG Rippon,Mohammad Nadeem,0,0,,,,,,,,,
1074959,2016/17,2017-01-15,Sheikh Zayed Stadium,2,13.2,Netherlands,Oman,W Barresi,MJG Rippon,Mohammad Nadeem,4,0,,,,,,,,,
1074959,2016/17,2017-01-15,Sheikh Zayed Stadium,2,13.3,Netherlands,Oman,W Barresi,MJG Rippon,Mohammad Nadeem,0,1,,,,1,,,,,
1074959,2016/17,2017-01-15,Sheikh Zayed Stadium,2,13.4,Netherlands,Oman,MJG Rippon,W Barresi,Mohammad Nadeem,1,0,,,,,,,,,
1074959,2016/17,2017-01-15,Sheikh Zayed Stadium,2,13.5,Netherlands,Oman,W Barresi,MJG Rippon,Mohammad Nadeem,0,0,,,,,,,,,
1074959,2016/17,2017-01-15,Sheikh Zayed Stadium,2,13.6,Netherlands,Oman,W Barresi,MJG Rippon,Mohammad Nadeem,0,0,,,,,,,,,
1074959,2016/17,2017-01-15,Sheikh Zayed Stadium,2,14.1,Netherlands,Oman,MJG Rippon,W Barresi,Kaleemullah,1,0,,,,,,,,,
1074959,2016/17,2017-01-15,Sheikh Zayed Stadium,2,14.2,Netherlands,Oman,W Barresi,MJG Rippon,Kaleemullah,0,0,,,,,,,,,
1074959,2016/17,2017-01-15,Sheikh Zayed Stadium,2,14.3,Netherlands,Oman,W Barresi,MJG Rippon,Kaleemullah,1,0,,,,,,,,,
1074959,2016/17,2017-01-15,Sheikh Zayed Stadium,2,14.4,Netherlands,Oman,MJG Rippon,W Barresi,Kaleemullah,2,0,,,,,,,,,
1074959,2016/17,2017-01-15,Sheikh Zayed Stadium,2,14.5,Netherlands,Oman,MJG Rippon,W Barresi,Kaleemullah,0,0,,,,,,caught,MJG Rippon,,
1074959,2016/17,2017-01-15,Sheikh Zayed Stadium,2,14.6,Netherlands,Oman,RE van der Merwe,W Barresi,Kaleemullah,4,0,,,,,,,,,
1074959,2016/17,2017-01-15,Sheikh Zayed Stadium,2,15.1,Netherlands,Oman,W Barresi,RE van der Merwe,Mohammad Nadeem,0,0,,,,,,,,,
1074959,2016/17,2017-01-15,Sheikh Zayed Stadium,2,15.2,Netherlands,Oman,W Barresi,RE van der Merwe,Mohammad Nadeem,0,0,,,,,,bowled,W Barresi,,
1074959,2016/17,2017-01-15,Sheikh Zayed Stadium,2,15.3,Netherlands,Oman,PW Borren,RE van der Merwe,Mohammad Nadeem,1,0,,,,,,,,,
1074959,2016/17,2017-01-15,Sheikh Zayed Stadium,2,15.4,Netherlands,Oman,RE van der Merwe,PW Borren,Mohammad Nadeem,2,0,,,,,,,,,
1074959,2016/17,2017-01-15,Sheikh Zayed Stadium,2,15.5,Netherlands,Oman,RE van der Merwe,PW Borren,Mohammad Nadeem,4,0,,,,,,,,,
1074959,2016/17,2017-01-15,Sheikh Zayed Stadium,2,15.6,Netherlands,Oman,RE van der Merwe,PW Borren,Mohammad Nadeem,1,0,,,,,,,,,
1074959,2016/17,2017-01-15,Sheikh Zayed Stadium,2,16.1,Netherlands,Oman,RE van der Merwe,PW Borren,Bilal Khan,1,0,,,,,,,,,
1074959,2016/17,2017-01-15,Sheikh Zayed Stadium,2,16.2,Netherlands,Oman,PW Borren,RE van der Merwe,Bilal Khan,1,0,,,,,,,,,
1074959,2016/17,2017-01-15,Sheikh Zayed Stadium,2,16.3,Netherlands,Oman,RE van der Merwe,PW Borren,Bilal Khan,4,0,,,,,,,,,
1074959,2016/17,2017-01-15,Sheikh Zayed Stadium,2,16.4,Netherlands,Oman,RE van der Merwe,PW Borren,Bilal Khan,1,0,,,,,,,,,
1074959,2016/17,2017-01-15,Sheikh Zayed Stadium,2,16.5,Netherlands,Oman,PW Borren,RE van der Merwe,Bilal Khan,1,0,,,,,,,,,
1074959,2016/17,2017-01-15,Sheikh Zayed Stadium,2,16.6,Netherlands,Oman,RE van der Merwe,PW Borren,Bilal Khan,4,0,,,,,,,,,
1074959,2016/17,2017-01-15,Sheikh Zayed Stadium,2,17.1,Netherlands,Oman,PW Borren,RE van der Merwe,Mohammad Nadeem,1,0,,,,,,,,,
1074959,2016/17,2017-01-15,Sheikh Zayed Stadium,2,17.2,Netherlands,Oman,RE van der Merwe,PW Borren,Mohammad Nadeem,1,0,,,,,,,,,
1074959,2016/17,2017-01-15,Sheikh Zayed Stadium,2,17.3,Netherlands,Oman,PW Borren,RE van der Merwe,Mohammad Nadeem,1,0,,,,,,,,,
1074959,2016/17,2017-01-15,Sheikh Zayed Stadium,2,17.4,Netherlands,Oman,RE van der Merwe,PW Borren,Mohammad Nadeem,4,0,,,,,,,,,
1074959,2016/17,2017-01-15,Sheikh Zayed Stadium,2,17.5,Netherlands,Oman,RE van der Merwe,PW Borren,Mohammad Nadeem,1,0,,,,,,,,,
1074959,2016/17,2017-01-15,Sheikh Zayed Stadium,2,17.6,Netherlands,Oman,PW Borren,RE van der Merwe,Mohammad Nadeem,0,0,,,,,,caught,PW Borren,,
1074959,2016/17,2017-01-15,Sheikh Zayed Stadium,2,18.1,Netherlands,Oman,RE van der Merwe,MP O'Dowd,Kaleemullah,1,0,,,,,,,,,
1074959,2016/17,2017-01-15,Sheikh Zayed Stadium,2,18.2,Netherlands,Oman,MP O'Dowd,RE van der Merwe,Kaleemullah,0,1,1,,,,,,,,
1074959,2016/17,2017-01-15,Sheikh Zayed Stadium,2,18.3,Netherlands,Oman,MP O'Dowd,RE van der Merwe,Kaleemullah,0,0,,,,,,,,,
1074959,2016/17,2017-01-15,Sheikh Zayed Stadium,2,18.4,Netherlands,Oman,MP O'Dowd,RE van der Merwe,Kaleemullah,2,0,,,,,,,,,
1074959,2016/17,2017-01-15,Sheikh Zayed Stadium,2,18.5,Netherlands,Oman,MP O'Dowd,RE van der Merwe,Kaleemullah,6,0,,,,,,,,,
1074959,2016/17,2017-01-15,Sheikh Zayed Stadium,2,18.6,Netherlands,Oman,MP O'Dowd,RE van der Merwe,Kaleemullah,0,1,1,,,,,,,,
1074959,2016/17,2017-01-15,Sheikh Zayed Stadium,2,18.7,Netherlands,Oman,MP O'Dowd,RE van der Merwe,Kaleemullah,1,0,,,,,,,,,
1074959,2016/17,2017-01-15,Sheikh Zayed Stadium,2,18.8,Netherlands,Oman,RE van der Merwe,MP O'Dowd,Kaleemullah,1,0,,,,,,,,,
1074959,2016/17,2017-01-15,Sheikh Zayed Stadium,2,19.1,Netherlands,Oman,RE van der Merwe,MP O'Dowd,Bilal Khan,2,0,,,,,,,,,
1074959,2016/17,2017-01-15,Sheikh Zayed Stadium,2,19.2,Netherlands,Oman,RE van der Merwe,MP O'Dowd,Bilal Khan,4,0,,,,,,,,,
