match_id,season,start_date,venue,innings,ball,batting_team,bowling_team,striker,non_striker,bowler,runs_off_bat,extras,wides,noballs,byes,legbyes,penalty,wicket_type,player_dismissed,other_wicket_type,other_player_dismissed
1115809,2017/18,2018-01-28,Bay Oval,1,0.1,Pakistan,New Zealand,Fakhar Zaman,Ahmed Shehzad,TG Southee,0,1,,,,1,,,,,
1115809,2017/18,2018-01-28,Bay Oval,1,0.2,Pakistan,New Zealand,Ahmed Shehzad,Fakhar Zaman,TG Southee,0,0,,,,,,,,,
1115809,2017/18,2018-01-28,Bay Oval,1,0.3,Pakistan,New Zealand,Ahmed Shehzad,Fakhar Zaman,TG Southee,2,0,,,,,,,,,
1115809,2017/18,2018-01-28,Bay Oval,1,0.4,Pakistan,New Zealand,Ahmed Shehzad,Fakhar Zaman,TG Southee,4,0,,,,,,,,,
1115809,2017/18,2018-01-28,Bay Oval,1,0.5,Pakistan,New Zealand,Ahmed Shehzad,Fakhar Zaman,TG Southee,0,0,,,,,,,,,
1115809,2017/18,2018-01-28,Bay Oval,1,0.6,Pakistan,New Zealand,Ahmed Shehzad,Fakhar Zaman,TG Southee,0,0,,,,,,,,,
1115809,2017/18,2018-01-28,Bay Oval,1,1.1,Pakistan,New Zealand,Fakhar Zaman,Ahmed Shehzad,TA Boult,4,0,,,,,,,,,
1115809,2017/18,2018-01-28,Bay Oval,1,1.2,Pakistan,New Zealand,Fakhar Zaman,Ahmed Shehzad,TA Boult,1,0,,,,,,,,,
1115809,2017/18,2018-01-28,Bay Oval,1,1.3,Pakistan,New Zealand,Ahmed Shehzad,Fakhar Zaman,TA Boult,0,0,,,,,,,,,
1115809,2017/18,2018-01-28,Bay Oval,1,1.4,Pakistan,New Zealand,Ahmed Shehzad,Fakhar Zaman,TA Boult,0,0,,,,,,,,,
1115809,2017/18,2018-01-28,Bay Oval,1,1.5,Pakistan,New Zealand,Ahmed Shehzad,Fakhar Zaman,TA Boult,0,0,,,,,,,,,
1115809,2017/18,2018-01-28,Bay Oval,1,1.6,Pakistan,New Zealand,Ahmed Shehzad,Fakhar Zaman,TA Boult,3,0,,,,,,,,,
1115809,2017/18,2018-01-28,Bay Oval,1,2.1,Pakistan,New Zealand,Ahmed Shehzad,Fakhar Zaman,TG Southee,0,0,,,,,,,,,
1115809,2017/18,2018-01-28,Bay Oval,1,2.2,Pakistan,New Zealand,Ahmed Shehzad,Fakhar Zaman,TG Southee,0,0,,,,,,,,,
1115809,2017/18,2018-01-28,Bay Oval,1,2.3,Pakistan,New Zealand,Ahmed Shehzad,Fakhar Zaman,TG Southee,0,0,,,,,,,,,
1115809,2017/18,2018-01-28,Bay Oval,1,2.4,Pakistan,New Zealand,Ahmed Shehzad,Fakhar Zaman,TG Southee,2,0,,,,,,,,,
1115809,2017/18,2018-01-28,Bay Oval,1,2.5,Pakistan,New Zealand,Ahmed Shehzad,Fakhar Zaman,TG Southee,4,0,,,,,,,,,
1115809,2017/18,2018-01-28,Bay Oval,1,2.6,Pakistan,New Zealand,Ahmed Shehzad,Fakhar Zaman,TG Southee,4,0,,,,,,,,,
1115809,2017/18,2018-01-28,Bay Oval,1,3.1,Pakistan,New Zealand,Fakhar Zaman,Ahmed Shehzad,C de Grandhomme,0,0,,,,,,,,,
1115809,2017/18,2018-01-28,Bay Oval,1,3.2,Pakistan,New Zealand,Fakhar Zaman,Ahmed Shehzad,C de Grandhomme,4,0,,,,,,,,,
1115809,2017/18,2018-01-28,Bay Oval,1,3.3,Pakistan,New Zealand,Fakhar Zaman,Ahmed Shehzad,C de Grandhomme,1,0,,,,,,,,,
1115809,2017/18,2018-01-28,Bay Oval,1,3.4,Pakistan,New Zealand,Ahmed Shehzad,Fakhar Zaman,C de Grandhomme,0,0,,,,,,,,,
1115809,2017/18,2018-01-28,Bay Oval,1,3.5,Pakistan,New Zealand,Ahmed Shehzad,Fakhar Zaman,C de Grandhomme,0,0,,,,,,,,,
1115809,2017/18,2018-01-28,Bay Oval,1,3.6,Pakistan,New Zealand,Ahmed Shehzad,Fakhar Zaman,C de Grandhomme,0,0,,,,,,caught,Ahmed Shehzad,,
1115809,2017/18,2018-01-28,Bay Oval,1,4.1,Pakistan,New Zealand,Fakhar Zaman,Babar Azam,TA Boult,0,0,,,,,,,,,
1115809,2017/18,2018-01-28,Bay Oval,1,4.2,Pakistan,New Zealand,Fakhar Zaman,Babar Azam,TA Boult,1,0,,,,,,,,,
1115809,2017/18,2018-01-28,Bay Oval,1,4.3,Pakistan,New Zealand,Babar Azam,Fakhar Zaman,TA Boult,2,0,,,,,,,,,
1115809,2017/18,2018-01-28,Bay Oval,1,4.4,Pakistan,New Zealand,Babar Azam,Fakhar Zaman,TA Boult,0,0,,,,,,,,,
1115809,2017/18,2018-01-28,Bay Oval,1,4.5,Pakistan,New Zealand,Babar Azam,Fakhar Zaman,TA Boult,1,0,,,,,,,,,
1115809,2017/18,2018-01-28,Bay Oval,1,4.6,Pakistan,New Zealand,Fakhar Zaman,Babar Azam,TA Boult,0,0,,,,,,,,,
1115809,2017/18,2018-01-28,Bay Oval,1,5.1,Pakistan,New Zealand,Babar Azam,Fakhar Zaman,C de Grandhomme,0,0,,,,,,,,,
1115809,2017/18,2018-01-28,Bay Oval,1,5.2,Pakistan,New Zealand,Babar Azam,Fakhar Zaman,C de Grandhomme,0,0,,,,,,,,,
1115809,2017/18,2018-01-28,Bay Oval,1,5.3,Pakistan,New Zealand,Babar Azam,Fakhar Zaman,C de Grandhomme,4,0,,,,,,,,,
1115809,2017/18,2018-01-28,Bay Oval,1,5.4,Pakistan,New Zealand,Babar Azam,Fakhar Zaman,C de Grandhomme,1,0,,,,,,,,,
1115809,2017/18,2018-01-28,Bay Oval,1,5.5,Pakistan,New Zealand,Fakhar Zaman,Babar Azam,C de Grandhomme,6,0,,,,,,,,,
1115809,2017/18,2018-01-28,Bay Oval,1,5.6,Pakistan,New Zealand,Fakhar Zaman,Babar Azam,C de Grandhomme,0,0,,,,,,,,,
1115809,2017/18,2018-01-28,Bay Oval,1,6.1,Pakistan,New Zealand,Babar Azam,Fakhar Zaman,IS Sodhi,1,0,,,,,,,,,
1115809,2017/18,2018-01-28,Bay Oval,1,6.2,Pakistan,New Zealand,Fakhar Zaman,Babar Azam,IS Sodhi,1,1,,1,,,,,,,
1115809,2017/18,2018-01-28,Bay Oval,1,6.3,Pakistan,New Zealand,Babar Azam,Fakhar Zaman,IS Sodhi,2,0,,,,,,,,,
1115809,2017/18,2018-01-28,Bay Oval,1,6.4,Pakistan,New Zealand,Babar Azam,Fakhar Zaman,IS Sodhi,1,0,,,,,,,,,
1115809,2017/18,2018-01-28,Bay Oval,1,6.5,Pakistan,New Zealand,Fakhar Zaman,Babar Azam,IS Sodhi,0,0,,,,,,,,,
1115809,2017/18,2018-01-28,Bay Oval,1,6.6,Pakistan,New Zealand,Fakhar Zaman,Babar Azam,IS Sodhi,0,0,,,,,,,,,
1115809,2017/18,2018-01-28,Bay Oval,1,6.7,Pakistan,New Zealand,Fakhar Zaman,Babar Azam,IS Sodhi,1,0,,,,,,,,,
1115809,2017/18,2018-01-28,Bay Oval,1,7.1,Pakistan,New Zealand,Fakhar Zaman,Babar Azam,MJ Santner,1,0,,,,,,,,,
1115809,2017/18,2018-01-28,Bay Oval,1,7.2,Pakistan,New Zealand,Babar Azam,Fakhar Zaman,MJ Santner,1,0,,,,,,,,,
1115809,2017/18,2018-01-28,Bay Oval,1,7.3,Pakistan,New Zealand,Fakhar Zaman,Babar Azam,MJ Santner,1,0,,,,,,,,,
1115809,2017/18,2018-01-28,Bay Oval,1,7.4,Pakistan,New Zealand,Babar Azam,Fakhar Zaman,MJ Santner,2,0,,,,,,,,,
1115809,2017/18,2018-01-28,Bay Oval,1,7.5,Pakistan,New Zealand,Babar Azam,Fakhar Zaman,MJ Santner,0,0,,,,,,,,,
1115809,2017/18,2018-01-28,Bay Oval,1,7.6,Pakistan,New Zealand,Babar Azam,Fakhar Zaman,MJ Santner,0,0,,,,,,,,,
1115809,2017/18,2018-01-28,Bay Oval,1,8.1,Pakistan,New Zealand,Fakhar Zaman,Babar Azam,IS Sodhi,1,0,,,,,,,,,
1115809,2017/18,2018-01-28,Bay Oval,1,8.2,Pakistan,New Zealand,Babar Azam,Fakhar Zaman,IS Sodhi,1,0,,,,,,,,,
1115809,2017/18,2018-01-28,Bay Oval,1,8.3,Pakistan,New Zealand,Fakhar Zaman,Babar Azam,IS Sodhi,4,0,,,,,,,,,
1115809,2017/18,2018-01-28,Bay Oval,1,8.4,Pakistan,New Zealand,Fakhar Zaman,Babar Azam,IS Sodhi,1,0,,,,,,,,,
1115809,2017/18,2018-01-28,Bay Oval,1,8.5,Pakistan,New Zealand,Babar Azam,Fakhar Zaman,IS Sodhi,2,0,,,,,,,,,
1115809,2017/18,2018-01-28,Bay Oval,1,8.6,Pakistan,New Zealand,Babar Azam,Fakhar Zaman,IS Sodhi,0,0,,,,,,caught,Babar Azam,,
1115809,2017/18,2018-01-28,Bay Oval,1,9.1,Pakistan,New Zealand,Fakhar Zaman,Sarfraz Ahmed,C de Grandhomme,0,0,,,,,,,,,
1115809,2017/18,2018-01-28,Bay Oval,1,9.2,Pakistan,New Zealand,Fakhar Zaman,Sarfraz Ahmed,C de Grandhomme,1,0,,,,,,,,,
1115809,2017/18,2018-01-28,Bay Oval,1,9.3,Pakistan,New Zealand,Sarfraz Ahmed,Fakhar Zaman,C de Grandhomme,0,0,,,,,,,,,
1115809,2017/18,2018-01-28,Bay Oval,1,9.4,Pakistan,New Zealand,Sarfraz Ahmed,Fakhar Zaman,C de Grandhomme,1,0,,,,,,,,,
1115809,2017/18,2018-01-28,Bay Oval,1,9.5,Pakistan,New Zealand,Fakhar Zaman,Sarfraz Ahmed,C de Grandhomme,0,0,,,,,,,,,
1115809,2017/18,2018-01-28,Bay Oval,1,9.6,Pakistan,New Zealand,Fakhar Zaman,Sarfraz Ahmed,C de Grandhomme,4,0,,,,,,,,,
1115809,2017/18,2018-01-28,Bay Oval,1,10.1,Pakistan,New Zealand,Sarfraz Ahmed,Fakhar Zaman,IS Sodhi,3,0,,,,,,,,,
1115809,2017/18,2018-01-28,Bay Oval,1,10.2,Pakistan,New Zealand,Fakhar Zaman,Sarfraz Ahmed,IS Sodhi,1,0,,,,,,,,,
1115809,2017/18,2018-01-28,Bay Oval,1,10.3,Pakistan,New Zealand,Sarfraz Ahmed,Fakhar Zaman,IS Sodhi,1,0,,,,,,,,,
1115809,2017/18,2018-01-28,Bay Oval,1,10.4,Pakistan,New Zealand,Fakhar Zaman,Sarfraz Ahmed,IS Sodhi,4,0,,,,,,,,,
1115809,2017/18,2018-01-28,Bay Oval,1,10.5,Pakistan,New Zealand,Fakhar Zaman,Sarfraz Ahmed,IS Sodhi,1,0,,,,,,,,,
1115809,2017/18,2018-01-28,Bay Oval,1,10.6,Pakistan,New Zealand,Sarfraz Ahmed,Fakhar Zaman,IS Sodhi,0,0,,,,,,,,,
1115809,2017/18,2018-01-28,Bay Oval,1,11.1,Pakistan,New Zealand,Fakhar Zaman,Sarfraz Ahmed,MJ Santner,1,0,,,,,,,,,
1115809,2017/18,2018-01-28,Bay Oval,1,11.2,Pakistan,New Zealand,Sarfraz Ahmed,Fakhar Zaman,MJ Santner,1,0,,,,,,,,,
1115809,2017/18,2018-01-28,Bay Oval,1,11.3,Pakistan,New Zealand,Fakhar Zaman,Sarfraz Ahmed,MJ Santner,1,0,,,,,,,,,
1115809,2017/18,2018-01-28,Bay Oval,1,11.4,Pakistan,New Zealand,Sarfraz Ahmed,Fakhar Zaman,MJ Santner,4,0,,,,,,,,,
1115809,2017/18,2018-01-28,Bay Oval,1,11.5,Pakistan,New Zealand,Sarfraz Ahmed,Fakhar Zaman,MJ Santner,0,0,,,,,,,,,
1115809,2017/18,2018-01-28,Bay Oval,1,11.6,Pakistan,New Zealand,Sarfraz Ahmed,Fakhar Zaman,MJ Santner,4,0,,,,,,,,,
1115809,2017/18,2018-01-28,Bay Oval,1,12.1,Pakistan,New Zealand,Fakhar Zaman,Sarfraz Ahmed,TG Southee,2,0,,,,,,,,,
1115809,2017/18,2018-01-28,Bay Oval,1,12.2,Pakistan,New Zealand,Fakhar Zaman,Sarfraz Ahmed,TG Southee,2,0,,,,,,,,,
1115809,2017/18,2018-01-28,Bay Oval,1,12.3,Pakistan,New Zealand,Fakhar Zaman,Sarfraz Ahmed,TG Southee,0,0,,,,,,,,,
1115809,2017/18,2018-01-28,Bay Oval,1,12.4,Pakistan,New Zealand,Fakhar Zaman,Sarfraz Ahmed,TG Southee,1,0,,,,,,,,,
1115809,2017/18,2018-01-28,Bay Oval,1,12.5,Pakistan,New Zealand,Sarfraz Ahmed,Fakhar Zaman,TG Southee,2,0,,,,,,,,,
1115809,2017/18,2018-01-28,Bay Oval,1,12.6,Pakistan,New Zealand,Sarfraz Ahmed,Fakhar Zaman,TG Southee,1,0,,,,,,,,,
1115809,2017/18,2018-01-28,Bay Oval,1,13.1,Pakistan,New Zealand,Sarfraz Ahmed,Fakhar Zaman,MJ Santner,3,0,,,,,,,,,
1115809,2017/18,2018-01-28,Bay Oval,1,13.2,Pakistan,New Zealand,Fakhar Zaman,Sarfraz Ahmed,MJ Santner,0,0,,,,,,,,,
1115809,2017/18,2018-01-28,Bay Oval,1,13.3,Pakistan,New Zealand,Fakhar Zaman,Sarfraz Ahmed,MJ Santner,1,0,,,,,,,,,
1115809,2017/18,2018-01-28,Bay Oval,1,13.4,Pakistan,New Zealand,Sarfraz Ahmed,Fakhar Zaman,MJ Santner,1,0,,,,,,,,,
1115809,2017/18,2018-01-28,Bay Oval,1,13.5,Pakistan,New Zealand,Fakhar Zaman,Sarfraz Ahmed,MJ Santner,0,0,,,,,,caught,Fakhar Zaman,,
1115809,2017/18,2018-01-28,Bay Oval,1,13.6,Pakistan,New Zealand,Sarfraz Ahmed,Haris Sohail,MJ Santner,1,0,,,,,,,,,
1115809,2017/18,2018-01-28,Bay Oval,1,14.1,Pakistan,New Zealand,Sarfraz Ahmed,Haris Sohail,C de Grandhomme,1,0,,,,,,,,,
1115809,2017/18,2018-01-28,Bay Oval,1,14.2,Pakistan,New Zealand,Haris Sohail,Sarfraz Ahmed,C de Grandhomme,1,0,,,,,,,,,
1115809,2017/18,2018-01-28,Bay Oval,1,14.3,Pakistan,New Zealand,Sarfraz Ahmed,Haris Sohail,C de Grandhomme,0,1,1,,,,,,,,
1115809,2017/18,2018-01-28,Bay Oval,1,14.4,Pakistan,New Zealand,Sarfraz Ahmed,Haris Sohail,C de Grandhomme,4,0,,,,,,,,,
1115809,2017/18,2018-01-28,Bay Oval,1,14.5,Pakistan,New Zealand,Sarfraz Ahmed,Haris Sohail,C de Grandhomme,1,0,,,,,,,,,
1115809,2017/18,2018-01-28,Bay Oval,1,14.6,Pakistan,New Zealand,Haris Sohail,Sarfraz Ahmed,C de Grandhomme,2,0,,,,,,,,,
1115809,2017/18,2018-01-28,Bay Oval,1,14.7,Pakistan,New Zealand,Haris Sohail,Sarfraz Ahmed,C de Grandhomme,4,0,,,,,,,,,
1115809,2017/18,2018-01-28,Bay Oval,1,15.1,Pakistan,New Zealand,Sarfraz Ahmed,Haris Sohail,MJ Santner,1,0,,,,,,,,,
1115809,2017/18,2018-01-28,Bay Oval,1,15.2,Pakistan,New Zealand,Haris Sohail,Sarfraz Ahmed,MJ Santner,1,0,,,,,,,,,
1115809,2017/18,2018-01-28,Bay Oval,1,15.3,Pakistan,New Zealand,Sarfraz Ahmed,Haris Sohail,MJ Santner,0,0,,,,,,,,,
1115809,2017/18,2018-01-28,Bay Oval,1,15.4,Pakistan,New Zealand,Sarfraz Ahmed,Haris Sohail,MJ Santner,0,0,,,,,,,,,
1115809,2017/18,2018-01-28,Bay Oval,1,15.5,Pakistan,New Zealand,Sarfraz Ahmed,Haris Sohail,MJ Santner,0,0,,,,,,caught,Sarfraz Ahmed,,
1115809,2017/18,2018-01-28,Bay Oval,1,15.6,Pakistan,New Zealand,Umar Amin,Haris Sohail,MJ Santner,0,0,,,,,,,,,
1115809,2017/18,2018-01-28,Bay Oval,1,16.1,Pakistan,New Zealand,Haris Sohail,Umar Amin,TA Boult,4,0,,,,,,,,,
1115809,2017/18,2018-01-28,Bay Oval,1,16.2,Pakistan,New Zealand,Haris Sohail,Umar Amin,TA Boult,1,0,,,,,,,,,
1115809,2017/18,2018-01-28,Bay Oval,1,16.3,Pakistan,New Zealand,Umar Amin,Haris Sohail,TA Boult,1,0,,,,,,,,,
1115809,2017/18,2018-01-28,Bay Oval,1,16.4,Pakistan,New Zealand,Haris Sohail,Umar Amin,TA Boult,0,0,,,,,,,,,
1115809,2017/18,2018-01-28,Bay Oval,1,16.5,Pakistan,New Zealand,Haris Sohail,Umar Amin,TA Boult,0,1,1,,,,,,,,
1115809,2017/18,2018-01-28,Bay Oval,1,16.6,Pakistan,New Zealand,Haris Sohail,Umar Amin,TA Boult,4,0,,,,,,,,,
1115809,2017/18,2018-01-28,Bay Oval,1,16.7,Pakistan,New Zealand,Haris Sohail,Umar Amin,TA Boult,1,0,,,,,,,,,
1115809,2017/18,2018-01-28,Bay Oval,1,17.1,Pakistan,New Zealand,Haris Sohail,Umar Amin,IS Sodhi,1,0,,,,,,,,,
1115809,2017/18,2018-01-28,Bay Oval,1,17.2,Pakistan,New Zealand,Umar Amin,Haris Sohail,IS Sodhi,6,0,,,,,,,,,
1115809,2017/18,2018-01-28,Bay Oval,1,17.3,Pakistan,New Zealand,Umar Amin,Haris Sohail,IS Sodhi,2,0,,,,,,,,,
1115809,2017/18,2018-01-28,Bay Oval,1,17.4,Pakistan,New Zealand,Umar Amin,Haris Sohail,IS Sodhi,6,0,,,,,,,,,
1115809,2017/18,2018-01-28,Bay Oval,1,17.5,Pakistan,New Zealand,Umar Amin,Haris Sohail,IS Sodhi,6,0,,,,,,,,,
1115809,2017/18,2018-01-28,Bay Oval,1,17.6,Pakistan,New Zealand,Umar Amin,Haris Sohail,IS Sodhi,0,0,,,,,,caught,Umar Amin,,
1115809,2017/18,2018-01-28,Bay Oval,1,18.1,Pakistan,New Zealand,Faheem Ashraf,Haris Sohail,TA Boult,2,0,,,,,,,,,
1115809,2017/18,2018-01-28,Bay Oval,1,18.2,Pakistan,New Zealand,Faheem Ashraf,Haris Sohail,TA Boult,4,0,,,,,,,,,
1115809,2017/18,2018-01-28,Bay Oval,1,18.3,Pakistan,New Zealand,Faheem Ashraf,Haris Sohail,TA Boult,2,0,,,,,,,,,
1115809,2017/18,2018-01-28,Bay Oval,1,18.4,Pakistan,New Zealand,Faheem Ashraf,Haris Sohail,TA Boult,0,0,,,,,,bowled,Faheem Ashraf,,
1115809,2017/18,2018-01-28,Bay Oval,1,18.5,Pakistan,New Zealand,Aamer Yamin,Haris Sohail,TA Boult,1,0,,,,,,,,,
1115809,2017/18,2018-01-28,Bay Oval,1,18.6,Pakistan,New Zealand,Haris Sohail,Aamer Yamin,TA Boult,0,0,,,,,,,,,
1115809,2017/18,2018-01-28,Bay Oval,1,19.1,Pakistan,New Zealand,Aamer Yamin,Haris Sohail,TG Southee,0,1,,,,1,,,,,
1115809,2017/18,2018-01-28,Bay Oval,1,19.2,Pakistan,New Zealand,Haris Sohail,Aamer Yamin,TG Southee,1,0,,,,,,,,,
1115809,2017/18,2018-01-28,Bay Oval,1,19.3,Pakistan,New Zealand,Aamer Yamin,Haris Sohail,TG Southee,2,0,,,,,,,,,
1115809,2017/18,2018-01-28,Bay Oval,1,19.4,Pakistan,New Zealand,Aamer Yamin,Haris Sohail,TG Southee,2,0,,,,,,,,,
1115809,2017/18,2018-01-28,Bay Oval,1,19.5,Pakistan,New Zealand,Aamer Yamin,Haris Sohail,TG Southee,4,0,,,,,,,,,
1115809,2017/18,2018-01-28,Bay Oval,1,19.6,Pakistan,New Zealand,Aamer Yamin,Haris Sohail,TG Southee,6,0,,,,,,,,,
1115809,2017/18,2018-01-28,Bay Oval,2,0.1,New Zealand,Pakistan,MJ Guptill,KS Williamson,Aamer Yamin,1,0,,,,,,,,,
1115809,2017/18,2018-01-28,Bay Oval,2,0.2,New Zealand,Pakistan,KS Williamson,MJ Guptill,Aamer Yamin,0,0,,,,,,,,,
1115809,2017/18,2018-01-28,Bay Oval,2,0.3,New Zealand,Pakistan,KS Williamson,MJ Guptill,Aamer Yamin,1,0,,,,,,,,,
1115809,2017/18,2018-01-28,Bay Oval,2,0.4,New Zealand,Pakistan,MJ Guptill,KS Williamson,Aamer Yamin,1,0,,,,,,,,,
1115809,2017/18,2018-01-28,Bay Oval,2,0.5,New Zealand,Pakistan,KS Williamson,MJ Guptill,Aamer Yamin,1,0,,,,,,,,,
1115809,2017/18,2018-01-28,Bay Oval,2,0.6,New Zealand,Pakistan,MJ Guptill,KS Williamson,Aamer Yamin,1,0,,,,,,,,,
1115809,2017/18,2018-01-28,Bay Oval,2,1.1,New Zealand,Pakistan,MJ Guptill,KS Williamson,Rumman Raees,1,0,,,,,,,,,
1115809,2017/18,2018-01-28,Bay Oval,2,1.2,New Zealand,Pakistan,KS Williamson,MJ Guptill,Rumman Raees,4,0,,,,,,,,,
1115809,2017/18,2018-01-28,Bay Oval,2,1.3,New Zealand,Pakistan,KS Williamson,MJ Guptill,Rumman Raees,0,0,,,,,,,,,
1115809,2017/18,2018-01-28,Bay Oval,2,1.4,New Zealand,Pakistan,KS Williamson,MJ Guptill,Rumman Raees,0,0,,,,,,,,,
1115809,2017/18,2018-01-28,Bay Oval,2,1.5,New Zealand,Pakistan,KS Williamson,MJ Guptill,Rumman Raees,0,0,,,,,,,,,
1115809,2017/18,2018-01-28,Bay Oval,2,1.6,New Zealand,Pakistan,KS Williamson,MJ Guptill,Rumman Raees,0,0,,,,,,,,,
1115809,2017/18,2018-01-28,Bay Oval,2,2.1,New Zealand,Pakistan,MJ Guptill,KS Williamson,Mohammad Amir,0,0,,,,,,,,,
1115809,2017/18,2018-01-28,Bay Oval,2,2.2,New Zealand,Pakistan,MJ Guptill,KS Williamson,Mohammad Amir,1,0,,,,,,,,,
1115809,2017/18,2018-01-28,Bay Oval,2,2.3,New Zealand,Pakistan,KS Williamson,MJ Guptill,Mohammad Amir,1,0,,,,,,,,,
1115809,2017/18,2018-01-28,Bay Oval,2,2.4,New Zealand,Pakistan,MJ Guptill,KS Williamson,Mohammad Amir,6,0,,,,,,,,,
1115809,2017/18,2018-01-28,Bay Oval,2,2.5,New Zealand,Pakistan,MJ Guptill,KS Williamson,Mohammad Amir,0,0,,,,,,,,,
1115809,2017/18,2018-01-28,Bay Oval,2,2.6,New Zealand,Pakistan,MJ Guptill,KS Williamson,Mohammad Amir,1,0,,,,,,,,,
1115809,2017/18,2018-01-28,Bay Oval,2,3.1,New Zealand,Pakistan,MJ Guptill,KS Williamson,Rumman Raees,1,0,,,,,,,,,
1115809,2017/18,2018-01-28,Bay Oval,2,3.2,New Zealand,Pakistan,KS Williamson,MJ Guptill,Rumman Raees,0,0,,,,,,,,,
1115809,2017/18,2018-01-28,Bay Oval,2,3.3,New Zealand,Pakistan,KS Williamson,MJ Guptill,Rumman Raees,1,0,,,,,,,,,
1115809,2017/18,2018-01-28,Bay Oval,2,3.4,New Zealand,Pakistan,MJ Guptill,KS Williamson,Rumman Raees,6,0,,,,,,,,,
1115809,2017/18,2018-01-28,Bay Oval,2,3.5,New Zealand,Pakistan,MJ Guptill,KS Williamson,Rumman Raees,1,0,,,,,,,,,
1115809,2017/18,2018-01-28,Bay Oval,2,3.6,New Zealand,Pakistan,KS Williamson,MJ Guptill,Rumman Raees,0,0,,,,,,,,,
1115809,2017/18,2018-01-28,Bay Oval,2,4.1,New Zealand,Pakistan,MJ Guptill,KS Williamson,Mohammad Amir,1,0,,,,,,,,,
1115809,2017/18,2018-01-28,Bay Oval,2,4.2,New Zealand,Pakistan,KS Williamson,MJ Guptill,Mohammad Amir,1,0,,,,,,,,,
1115809,2017/18,2018-01-28,Bay Oval,2,4.3,New Zealand,Pakistan,MJ Guptill,KS Williamson,Mohammad Amir,0,0,,,,,,,,,
1115809,2017/18,2018-01-28,Bay Oval,2,4.4,New Zealand,Pakistan,MJ Guptill,KS Williamson,Mohammad Amir,2,0,,,,,,,,,
1115809,2017/18,2018-01-28,Bay Oval,2,4.5,New Zealand,Pakistan,MJ Guptill,KS Williamson,Mohammad Amir,0,0,,,,,,,,,
1115809,2017/18,2018-01-28,Bay Oval,2,4.6,New Zealand,Pakistan,MJ Guptill,KS Williamson,Mohammad Amir,0,0,,,,,,,,,
1115809,2017/18,2018-01-28,Bay Oval,2,5.1,New Zealand,Pakistan,KS Williamson,MJ Guptill,Faheem Ashraf,0,0,,,,,,caught,KS Williamson,,
1115809,2017/18,2018-01-28,Bay Oval,2,5.2,New Zealand,Pakistan,AK Kitchen,MJ Guptill,Faheem Ashraf,4,0,,,,,,,,,
1115809,2017/18,2018-01-28,Bay Oval,2,5.3,New Zealand,Pakistan,AK Kitchen,MJ Guptill,Faheem Ashraf,0,0,,,,,,,,,
1115809,2017/18,2018-01-28,Bay Oval,2,5.4,New Zealand,Pakistan,AK Kitchen,MJ Guptill,Faheem Ashraf,4,0,,,,,,,,,
1115809,2017/18,2018-01-28,Bay Oval,2,5.5,New Zealand,Pakistan,AK Kitchen,MJ Guptill,Faheem Ashraf,1,0,,,,,,,,,
1115809,2017/18,2018-01-28,Bay Oval,2,5.6,New Zealand,Pakistan,MJ Guptill,AK Kitchen,Faheem Ashraf,6,0,,,,,,,,,
1115809,2017/18,2018-01-28,Bay Oval,2,6.1,New Zealand,Pakistan,AK Kitchen,MJ Guptill,Shadab Khan,1,0,,,,,,,,,
1115809,2017/18,2018-01-28,Bay Oval,2,6.2,New Zealand,Pakistan,MJ Guptill,AK Kitchen,Shadab Khan,1,0,,,,,,,,,
1115809,2017/18,2018-01-28,Bay Oval,2,6.3,New Zealand,Pakistan,AK Kitchen,MJ Guptill,Shadab Khan,0,0,,,,,,,,,
1115809,2017/18,2018-01-28,Bay Oval,2,6.4,New Zealand,Pakistan,AK Kitchen,MJ Guptill,Shadab Khan,1,0,,,,,,,,,
1115809,2017/18,2018-01-28,Bay Oval,2,6.5,New Zealand,Pakistan,MJ Guptill,AK Kitchen,Shadab Khan,0,0,,,,,,,,,
1115809,2017/18,2018-01-28,Bay Oval,2,6.6,New Zealand,Pakistan,MJ Guptill,AK Kitchen,Shadab Khan,1,0,,,,,,,,,
1115809,2017/18,2018-01-28,Bay Oval,2,7.1,New Zealand,Pakistan,MJ Guptill,AK Kitchen,Aamer Yamin,0,0,,,,,,,,,
1115809,2017/18,2018-01-28,Bay Oval,2,7.2,New Zealand,Pakistan,MJ Guptill,AK Kitchen,Aamer Yamin,1,0,,,,,,,,,
1115809,2017/18,2018-01-28,Bay Oval,2,7.3,New Zealand,Pakistan,AK Kitchen,MJ Guptill,Aamer Yamin,0,0,,,,,,,,,
1115809,2017/18,2018-01-28,Bay Oval,2,7.4,New Zealand,Pakistan,AK Kitchen,MJ Guptill,Aamer Yamin,0,0,,,,,,,,,
1115809,2017/18,2018-01-28,Bay Oval,2,7.5,New Zealand,Pakistan,AK Kitchen,MJ Guptill,Aamer Yamin,0,0,,,,,,,,,
1115809,2017/18,2018-01-28,Bay Oval,2,7.6,New Zealand,Pakistan,AK Kitchen,MJ Guptill,Aamer Yamin,1,0,,,,,,,,,
1115809,2017/18,2018-01-28,Bay Oval,2,8.1,New Zealand,Pakistan,AK Kitchen,MJ Guptill,Shadab Khan,0,0,,,,,,,,,
1115809,2017/18,2018-01-28,Bay Oval,2,8.2,New Zealand,Pakistan,AK Kitchen,MJ Guptill,Shadab Khan,1,0,,,,,,,,,
1115809,2017/18,2018-01-28,Bay Oval,2,8.3,New Zealand,Pakistan,MJ Guptill,AK Kitchen,Shadab Khan,0,0,,,,,,,,,
1115809,2017/18,2018-01-28,Bay Oval,2,8.4,New Zealand,Pakistan,MJ Guptill,AK Kitchen,Shadab Khan,0,0,,,,,,,,,
1115809,2017/18,2018-01-28,Bay Oval,2,8.5,New Zealand,Pakistan,MJ Guptill,AK Kitchen,Shadab Khan,0,0,,,,,,,,,
1115809,2017/18,2018-01-28,Bay Oval,2,8.6,New Zealand,Pakistan,MJ Guptill,AK Kitchen,Shadab Khan,0,0,,,,,,,,,
1115809,2017/18,2018-01-28,Bay Oval,2,9.1,New Zealand,Pakistan,AK Kitchen,MJ Guptill,Aamer Yamin,0,0,,,,,,,,,
1115809,2017/18,2018-01-28,Bay Oval,2,9.2,New Zealand,Pakistan,AK Kitchen,MJ Guptill,Aamer Yamin,1,0,,,,,,,,,
1115809,2017/18,2018-01-28,Bay Oval,2,9.3,New Zealand,Pakistan,MJ Guptill,AK Kitchen,Aamer Yamin,0,1,1,,,,,,,,
1115809,2017/18,2018-01-28,Bay Oval,2,9.4,New Zealand,Pakistan,MJ Guptill,AK Kitchen,Aamer Yamin,6,0,,,,,,,,,
1115809,2017/18,2018-01-28,Bay Oval,2,9.5,New Zealand,Pakistan,MJ Guptill,AK Kitchen,Aamer Yamin,1,0,,,,,,,,,
1115809,2017/18,2018-01-28,Bay Oval,2,9.6,New Zealand,Pakistan,AK Kitchen,MJ Guptill,Aamer Yamin,1,0,,,,,,,,,
1115809,2017/18,2018-01-28,Bay Oval,2,9.7,New Zealand,Pakistan,MJ Guptill,AK Kitchen,Aamer Yamin,1,0,,,,,,,,,
1115809,2017/18,2018-01-28,Bay Oval,2,10.1,New Zealand,Pakistan,MJ Guptill,AK Kitchen,Shadab Khan,0,0,,,,,,,,,
1115809,2017/18,2018-01-28,Bay Oval,2,10.2,New Zealand,Pakistan,MJ Guptill,AK Kitchen,Shadab Khan,2,0,,,,,,,,,
1115809,2017/18,2018-01-28,Bay Oval,2,10.3,New Zealand,Pakistan,MJ Guptill,AK Kitchen,Shadab Khan,2,0,,,,,,,,,
1115809,2017/18,2018-01-28,Bay Oval,2,10.4,New Zealand,Pakistan,MJ Guptill,AK Kitchen,Shadab Khan,4,0,,,,,,,,,
1115809,2017/18,2018-01-28,Bay Oval,2,10.5,New Zealand,Pakistan,MJ Guptill,AK Kitchen,Shadab Khan,2,0,,,,,,,,,
1115809,2017/18,2018-01-28,Bay Oval,2,10.6,New Zealand,Pakistan,MJ Guptill,AK Kitchen,Shadab Khan,1,0,,,,,,,,,
1115809,2017/18,2018-01-28,Bay Oval,2,11.1,New Zealand,Pakistan,MJ Guptill,AK Kitchen,Faheem Ashraf,1,0,,,,,,,,,
1115809,2017/18,2018-01-28,Bay Oval,2,11.2,New Zealand,Pakistan,AK Kitchen,MJ Guptill,Faheem Ashraf,1,0,,,,,,,,,
1115809,2017/18,2018-01-28,Bay Oval,2,11.3,New Zealand,Pakistan,MJ Guptill,AK Kitchen,Faheem Ashraf,4,0,,,,,,,,,
1115809,2017/18,2018-01-28,Bay Oval,2,11.4,New Zealand,Pakistan,MJ Guptill,AK Kitchen,Faheem Ashraf,0,0,,,,,,,,,
1115809,2017/18,2018-01-28,Bay Oval,2,11.5,New Zealand,Pakistan,MJ Guptill,AK Kitchen,Faheem Ashraf,0,0,,,,,,,,,
1115809,2017/18,2018-01-28,Bay Oval,2,11.6,New Zealand,Pakistan,MJ Guptill,AK Kitchen,Faheem Ashraf,2,0,,,,,,,,,
1115809,2017/18,2018-01-28,Bay Oval,2,12.1,New Zealand,Pakistan,AK Kitchen,MJ Guptill,Shadab Khan,0,0,,,,,,,,,
1115809,2017/18,2018-01-28,Bay Oval,2,12.2,New Zealand,Pakistan,AK Kitchen,MJ Guptill,Shadab Khan,0,0,,,,,,stumped,AK Kitchen,,
1115809,2017/18,2018-01-28,Bay Oval,2,12.3,New Zealand,Pakistan,TC Bruce,MJ Guptill,Shadab Khan,1,0,,,,,,,,,
1115809,2017/18,2018-01-28,Bay Oval,2,12.4,New Zealand,Pakistan,MJ Guptill,TC Bruce,Shadab Khan,1,0,,,,,,,,,
1115809,2017/18,2018-01-28,Bay Oval,2,12.5,New Zealand,Pakistan,TC Bruce,MJ Guptill,Shadab Khan,1,0,,,,,,,,,
1115809,2017/18,2018-01-28,Bay Oval,2,12.6,New Zealand,Pakistan,MJ Guptill,TC Bruce,Shadab Khan,0,0,,,,,,caught,MJ Guptill,,
1115809,2017/18,2018-01-28,Bay Oval,2,13.1,New Zealand,Pakistan,C de Grandhomme,TC Bruce,Aamer Yamin,1,0,,,,,,,,,
1115809,2017/18,2018-01-28,Bay Oval,2,13.2,New Zealand,Pakistan,TC Bruce,C de Grandhomme,Aamer Yamin,1,0,,,,,,,,,
1115809,2017/18,2018-01-28,Bay Oval,2,13.3,New Zealand,Pakistan,C de Grandhomme,TC Bruce,Aamer Yamin,0,0,,,,,,bowled,C de Grandhomme,,
1115809,2017/18,2018-01-28,Bay Oval,2,13.4,New Zealand,Pakistan,LRPL Taylor,TC Bruce,Aamer Yamin,1,0,,,,,,,,,
1115809,2017/18,2018-01-28,Bay Oval,2,13.5,New Zealand,Pakistan,TC Bruce,LRPL Taylor,Aamer Yamin,0,0,,,,,,,,,
1115809,2017/18,2018-01-28,Bay Oval,2,13.6,New Zealand,Pakistan,TC Bruce,LRPL Taylor,Aamer Yamin,4,0,,,,,,,,,
1115809,2017/18,2018-01-28,Bay Oval,2,14.1,New Zealand,Pakistan,LRPL Taylor,TC Bruce,Faheem Ashraf,6,0,,,,,,,,,
1115809,2017/18,2018-01-28,Bay Oval,2,14.2,New Zealand,Pakistan,LRPL Taylor,TC Bruce,Faheem Ashraf,0,0,,,,,,,,,
1115809,2017/18,2018-01-28,Bay Oval,2,14.3,New Zealand,Pakistan,LRPL Taylor,TC Bruce,Faheem Ashraf,6,0,,,,,,,,,
1115809,2017/18,2018-01-28,Bay Oval,2,14.4,New Zealand,Pakistan,LRPL Taylor,TC Bruce,Faheem Ashraf,1,0,,,,,,,,,
1115809,2017/18,2018-01-28,Bay Oval,2,14.5,New Zealand,Pakistan,TC Bruce,LRPL Taylor,Faheem Ashraf,1,0,,,,,,,,,
1115809,2017/18,2018-01-28,Bay Oval,2,14.6,New Zealand,Pakistan,LRPL Taylor,TC Bruce,Faheem Ashraf,2,0,,,,,,,,,
1115809,2017/18,2018-01-28,Bay Oval,2,15.1,New Zealand,Pakistan,TC Bruce,LRPL Taylor,Rumman Raees,1,0,,,,,,,,,
1115809,2017/18,2018-01-28,Bay Oval,2,15.2,New Zealand,Pakistan,LRPL Taylor,TC Bruce,Rumman Raees,6,0,,,,,,,,,
1115809,2017/18,2018-01-28,Bay Oval,2,15.3,New Zealand,Pakistan,LRPL Taylor,TC Bruce,Rumman Raees,1,0,,,,,,,,,
1115809,2017/18,2018-01-28,Bay Oval,2,15.4,New Zealand,Pakistan,TC Bruce,LRPL Taylor,Rumman Raees,6,0,,,,,,,,,
1115809,2017/18,2018-01-28,Bay Oval,2,15.5,New Zealand,Pakistan,TC Bruce,LRPL Taylor,Rumman Raees,1,0,,,,,,,,,
1115809,2017/18,2018-01-28,Bay Oval,2,15.6,New Zealand,Pakistan,LRPL Taylor,TC Bruce,Rumman Raees,2,0,,,,,,,,,
1115809,2017/18,2018-01-28,Bay Oval,2,16.1,New Zealand,Pakistan,TC Bruce,LRPL Taylor,Mohammad Amir,1,0,,,,,,,,,
1115809,2017/18,2018-01-28,Bay Oval,2,16.2,New Zealand,Pakistan,LRPL Taylor,TC Bruce,Mohammad Amir,0,0,,,,,,,,,
1115809,2017/18,2018-01-28,Bay Oval,2,16.3,New Zealand,Pakistan,LRPL Taylor,TC Bruce,Mohammad Amir,0,0,,,,,,caught,LRPL Taylor,,
1115809,2017/18,2018-01-28,Bay Oval,2,16.4,New Zealand,Pakistan,TA Blundell,TC Bruce,Mohammad Amir,1,0,,,,,,,,,
1115809,2017/18,2018-01-28,Bay Oval,2,16.5,New Zealand,Pakistan,TC Bruce,TA Blundell,Mohammad Amir,0,0,,,,,,,,,
1115809,2017/18,2018-01-28,Bay Oval,2,16.6,New Zealand,Pakistan,TC Bruce,TA Blundell,Mohammad Amir,1,0,,,,,,,,,
1115809,2017/18,2018-01-28,Bay Oval,2,17.1,New Zealand,Pakistan,TC Bruce,TA Blundell,Rumman Raees,0,0,,,,,,,,,
1115809,2017/18,2018-01-28,Bay Oval,2,17.2,New Zealand,Pakistan,TC Bruce,TA Blundell,Rumman Raees,4,0,,,,,,,,,
1115809,2017/18,2018-01-28,Bay Oval,2,17.3,New Zealand,Pakistan,TC Bruce,TA Blundell,Rumman Raees,0,0,,,,,,bowled,TC Bruce,,
1115809,2017/18,2018-01-28,Bay Oval,2,17.4,New Zealand,Pakistan,MJ Santner,TA Blundell,Rumman Raees,0,0,,,,,,,,,
1115809,2017/18,2018-01-28,Bay Oval,2,17.5,New Zealand,Pakistan,MJ Santner,TA Blundell,Rumman Raees,4,0,,,,,,,,,
1115809,2017/18,2018-01-28,Bay Oval,2,17.6,New Zealand,Pakistan,MJ Santner,TA Blundell,Rumman Raees,0,1,1,,,,,,,,
1115809,2017/18,2018-01-28,Bay Oval,2,17.7,New Zealand,Pakistan,MJ Santner,TA Blundell,Rumman Raees,1,0,,,,,,,,,
1115809,2017/18,2018-01-28,Bay Oval,2,18.1,New Zealand,Pakistan,MJ Santner,TA Blundell,Mohammad Amir,4,0,,,,,,,,,
1115809,2017/18,2018-01-28,Bay Oval,2,18.2,New Zealand,Pakistan,MJ Santner,TA Blundell,Mohammad Amir,1,0,,,,,,,,,
1115809,2017/18,2018-01-28,Bay Oval,2,18.3,New Zealand,Pakistan,TA Blundell,MJ Santner,Mohammad Amir,0,0,,,,,,,,,
1115809,2017/18,2018-01-28,Bay Oval,2,18.4,New Zealand,Pakistan,TA Blundell,MJ Santner,Mohammad Amir,0,1,1,,,,,,,,
1115809,2017/18,2018-01-28,Bay Oval,2,18.5,New Zealand,Pakistan,TA Blundell,MJ Santner,Mohammad Amir,0,0,,,,,,,,,
1115809,2017/18,2018-01-28,Bay Oval,2,18.6,New Zealand,Pakistan,TA Blundell,MJ Santner,Mohammad Amir,1,0,,,,,,,,,
1115809,2017/18,2018-01-28,Bay Oval,2,18.7,New Zealand,Pakistan,MJ Santner,TA Blundell,Mohammad Amir,0,0,,,,,,,,,
1115809,2017/18,2018-01-28,Bay Oval,2,19.1,New Zealand,Pakistan,TA Blundell,MJ Santner,Faheem Ashraf,1,1,,1,,,,,,,
1115809,2017/18,2018-01-28,Bay Oval,2,19.2,New Zealand,Pakistan,MJ Santner,TA Blundell,Faheem Ashraf,2,0,,,,,,,,,
1115809,2017/18,2018-01-28,Bay Oval,2,19.3,New Zealand,Pakistan,MJ Santner,TA Blundell,Faheem Ashraf,2,0,,,,,,,,,
1115809,2017/18,2018-01-28,Bay Oval,2,19.4,New Zealand,Pakistan,MJ Santner,TA Blundell,Faheem Ashraf,0,0,,,,,,,,,
1115809,2017/18,2018-01-28,Bay Oval,2,19.5,New Zealand,Pakistan,MJ Santner,TA Blundell,Faheem Ashraf,6,0,,,,,,,,,
1115809,2017/18,2018-01-28,Bay Oval,2,19.6,New Zealand,Pakistan,MJ Santner,TA Blundell,Faheem Ashraf,4,0,,,,,,,,,
1115809,2017/18,2018-01-28,Bay Oval,2,19.7,New Zealand,Pakistan,MJ Santner,TA Blundell,Faheem Ashraf,0,0,,,,,,,,,
