match_id,season,start_date,venue,innings,ball,batting_team,bowling_team,striker,non_striker,bowler,runs_off_bat,extras,wides,noballs,byes,legbyes,penalty,wicket_type,player_dismissed,other_wicket_type,other_player_dismissed
1117822,2017/18,2017-09-13,Gaddafi Stadium,1,0.1,Pakistan,ICC World XI,Fakhar Zaman,Ahmed Shehzad,M Morkel,1,0,,,,,,,,,
1117822,2017/18,2017-09-13,Gaddafi Stadium,1,0.2,Pakistan,ICC World XI,Ahmed Shehzad,Fakhar Zaman,M Morkel,0,1,1,,,,,,,,
1117822,2017/18,2017-09-13,Gaddafi Stadium,1,0.3,Pakistan,ICC World XI,Ahmed Shehzad,Fakhar Zaman,M Morkel,0,0,,,,,,,,,
1117822,2017/18,2017-09-13,Gaddafi Stadium,1,0.4,Pakistan,ICC World XI,Ahmed Shehzad,Fakhar Zaman,M Morkel,0,0,,,,,,,,,
1117822,2017/18,2017-09-13,Gaddafi Stadium,1,0.5,Pakistan,ICC World XI,Ahmed Shehzad,Fakhar Zaman,M Morkel,0,0,,,,,,,,,
1117822,2017/18,2017-09-13,Gaddafi Stadium,1,0.6,Pakistan,ICC World XI,Ahmed Shehzad,Fakhar Zaman,M Morkel,0,0,,,,,,,,,
1117822,2017/18,2017-09-13,Gaddafi Stadium,1,0.7,Pakistan,ICC World XI,Ahmed Shehzad,Fakhar Zaman,M Morkel,0,0,,,,,,,,,
1117822,2017/18,2017-09-13,Gaddafi Stadium,1,1.1,Pakistan,ICC World XI,Fakhar Zaman,Ahmed Shehzad,BCJ Cutting,1,0,,,,,,,,,
1117822,2017/18,2017-09-13,Gaddafi Stadium,1,1.2,Pakistan,ICC World XI,Ahmed Shehzad,Fakhar Zaman,BCJ Cutting,1,0,,,,,,,,,
1117822,2017/18,2017-09-13,Gaddafi Stadium,1,1.3,Pakistan,ICC World XI,Fakhar Zaman,Ahmed Shehzad,BCJ Cutting,4,0,,,,,,,,,
1117822,2017/18,2017-09-13,Gaddafi Stadium,1,1.4,Pakistan,ICC World XI,Fakhar Zaman,Ahmed Shehzad,BCJ Cutting,0,0,,,,,,,,,
1117822,2017/18,2017-09-13,Gaddafi Stadium,1,1.5,Pakistan,ICC World XI,Fakhar Zaman,Ahmed Shehzad,BCJ Cutting,4,0,,,,,,,,,
1117822,2017/18,2017-09-13,Gaddafi Stadium,1,1.6,Pakistan,ICC World XI,Fakhar Zaman,Ahmed Shehzad,BCJ Cutting,4,0,,,,,,,,,
1117822,2017/18,2017-09-13,Gaddafi Stadium,1,2.1,Pakistan,ICC World XI,Ahmed Shehzad,Fakhar Zaman,S Badree,1,0,,,,,,,,,
1117822,2017/18,2017-09-13,Gaddafi Stadium,1,2.2,Pakistan,ICC World XI,Fakhar Zaman,Ahmed Shehzad,S Badree,4,0,,,,,,,,,
1117822,2017/18,2017-09-13,Gaddafi Stadium,1,2.3,Pakistan,ICC World XI,Fakhar Zaman,Ahmed Shehzad,S Badree,1,0,,,,,,,,,
1117822,2017/18,2017-09-13,Gaddafi Stadium,1,2.4,Pakistan,ICC World XI,Ahmed Shehzad,Fakhar Zaman,S Badree,0,0,,,,,,,,,
1117822,2017/18,2017-09-13,Gaddafi Stadium,1,2.5,Pakistan,ICC World XI,Ahmed Shehzad,Fakhar Zaman,S Badree,4,0,,,,,,,,,
1117822,2017/18,2017-09-13,Gaddafi Stadium,1,2.6,Pakistan,ICC World XI,Ahmed Shehzad,Fakhar Zaman,S Badree,4,0,,,,,,,,,
1117822,2017/18,2017-09-13,Gaddafi Stadium,1,3.1,Pakistan,ICC World XI,Fakhar Zaman,Ahmed Shehzad,M Morkel,1,0,,,,,,,,,
1117822,2017/18,2017-09-13,Gaddafi Stadium,1,3.2,Pakistan,ICC World XI,Ahmed Shehzad,Fakhar Zaman,M Morkel,0,1,,,,1,,,,,
1117822,2017/18,2017-09-13,Gaddafi Stadium,1,3.3,Pakistan,ICC World XI,Fakhar Zaman,Ahmed Shehzad,M Morkel,0,1,1,,,,,,,,
1117822,2017/18,2017-09-13,Gaddafi Stadium,1,3.4,Pakistan,ICC World XI,Fakhar Zaman,Ahmed Shehzad,M Morkel,1,0,,,,,,,,,
1117822,2017/18,2017-09-13,Gaddafi Stadium,1,3.5,Pakistan,ICC World XI,Ahmed Shehzad,Fakhar Zaman,M Morkel,0,0,,,,,,,,,
1117822,2017/18,2017-09-13,Gaddafi Stadium,1,3.6,Pakistan,ICC World XI,Ahmed Shehzad,Fakhar Zaman,M Morkel,1,0,,,,,,,,,
1117822,2017/18,2017-09-13,Gaddafi Stadium,1,3.7,Pakistan,ICC World XI,Fakhar Zaman,Ahmed Shehzad,M Morkel,0,0,,,,,,,,,
1117822,2017/18,2017-09-13,Gaddafi Stadium,1,4.1,Pakistan,ICC World XI,Ahmed Shehzad,Fakhar Zaman,S Badree,0,1,1,,,,,,,,
1117822,2017/18,2017-09-13,Gaddafi Stadium,1,4.2,Pakistan,ICC World XI,Ahmed Shehzad,Fakhar Zaman,S Badree,4,0,,,,,,,,,
1117822,2017/18,2017-09-13,Gaddafi Stadium,1,4.3,Pakistan,ICC World XI,Ahmed Shehzad,Fakhar Zaman,S Badree,0,0,,,,,,,,,
1117822,2017/18,2017-09-13,Gaddafi Stadium,1,4.4,Pakistan,ICC World XI,Ahmed Shehzad,Fakhar Zaman,S Badree,1,0,,,,,,,,,
1117822,2017/18,2017-09-13,Gaddafi Stadium,1,4.5,Pakistan,ICC World XI,Fakhar Zaman,Ahmed Shehzad,S Badree,0,0,,,,,,,,,
1117822,2017/18,2017-09-13,Gaddafi Stadium,1,4.6,Pakistan,ICC World XI,Fakhar Zaman,Ahmed Shehzad,S Badree,0,0,,,,,,lbw,Fakhar Zaman,,
1117822,2017/18,2017-09-13,Gaddafi Stadium,1,4.7,Pakistan,ICC World XI,Babar Azam,Ahmed Shehzad,S Badree,1,0,,,,,,,,,
1117822,2017/18,2017-09-13,Gaddafi Stadium,1,5.1,Pakistan,ICC World XI,Babar Azam,Ahmed Shehzad,M Morkel,0,0,,,,,,,,,
1117822,2017/18,2017-09-13,Gaddafi Stadium,1,5.2,Pakistan,ICC World XI,Babar Azam,Ahmed Shehzad,M Morkel,0,0,,,,,,,,,
1117822,2017/18,2017-09-13,Gaddafi Stadium,1,5.3,Pakistan,ICC World XI,Babar Azam,Ahmed Shehzad,M Morkel,1,0,,,,,,,,,
1117822,2017/18,2017-09-13,Gaddafi Stadium,1,5.4,Pakistan,ICC World XI,Ahmed Shehzad,Babar Azam,M Morkel,0,0,,,,,,,,,
1117822,2017/18,2017-09-13,Gaddafi Stadium,1,5.5,Pakistan,ICC World XI,Ahmed Shehzad,Babar Azam,M Morkel,0,0,,,,,,,,,
1117822,2017/18,2017-09-13,Gaddafi Stadium,1,5.6,Pakistan,ICC World XI,Ahmed Shehzad,Babar Azam,M Morkel,0,0,,,,,,,,,
1117822,2017/18,2017-09-13,Gaddafi Stadium,1,6.1,Pakistan,ICC World XI,Babar Azam,Ahmed Shehzad,PD Collingwood,1,0,,,,,,,,,
1117822,2017/18,2017-09-13,Gaddafi Stadium,1,6.2,Pakistan,ICC World XI,Ahmed Shehzad,Babar Azam,PD Collingwood,1,0,,,,,,,,,
1117822,2017/18,2017-09-13,Gaddafi Stadium,1,6.3,Pakistan,ICC World XI,Babar Azam,Ahmed Shehzad,PD Collingwood,0,0,,,,,,,,,
1117822,2017/18,2017-09-13,Gaddafi Stadium,1,6.4,Pakistan,ICC World XI,Babar Azam,Ahmed Shehzad,PD Collingwood,0,0,,,,,,,,,
1117822,2017/18,2017-09-13,Gaddafi Stadium,1,6.5,Pakistan,ICC World XI,Babar Azam,Ahmed Shehzad,PD Collingwood,1,0,,,,,,,,,
1117822,2017/18,2017-09-13,Gaddafi Stadium,1,6.6,Pakistan,ICC World XI,Ahmed Shehzad,Babar Azam,PD Collingwood,1,0,,,,,,,,,
1117822,2017/18,2017-09-13,Gaddafi Stadium,1,7.1,Pakistan,ICC World XI,Ahmed Shehzad,Babar Azam,NLTC Perera,2,0,,,,,,,,,
1117822,2017/18,2017-09-13,Gaddafi Stadium,1,7.2,Pakistan,ICC World XI,Ahmed Shehzad,Babar Azam,NLTC Perera,1,0,,,,,,,,,
1117822,2017/18,2017-09-13,Gaddafi Stadium,1,7.3,Pakistan,ICC World XI,Babar Azam,Ahmed Shehzad,NLTC Perera,0,0,,,,,,,,,
1117822,2017/18,2017-09-13,Gaddafi Stadium,1,7.4,Pakistan,ICC World XI,Babar Azam,Ahmed Shehzad,NLTC Perera,4,0,,,,,,,,,
1117822,2017/18,2017-09-13,Gaddafi Stadium,1,7.5,Pakistan,ICC World XI,Babar Azam,Ahmed Shehzad,NLTC Perera,0,0,,,,,,,,,
1117822,2017/18,2017-09-13,Gaddafi Stadium,1,7.6,Pakistan,ICC World XI,Babar Azam,Ahmed Shehzad,NLTC Perera,1,0,,,,,,,,,
1117822,2017/18,2017-09-13,Gaddafi Stadium,1,8.1,Pakistan,ICC World XI,Babar Azam,Ahmed Shehzad,PD Collingwood,1,0,,,,,,,,,
1117822,2017/18,2017-09-13,Gaddafi Stadium,1,8.2,Pakistan,ICC World XI,Ahmed Shehzad,Babar Azam,PD Collingwood,0,1,1,,,,,,,,
1117822,2017/18,2017-09-13,Gaddafi Stadium,1,8.3,Pakistan,ICC World XI,Ahmed Shehzad,Babar Azam,PD Collingwood,4,0,,,,,,,,,
1117822,2017/18,2017-09-13,Gaddafi Stadium,1,8.4,Pakistan,ICC World XI,Ahmed Shehzad,Babar Azam,PD Collingwood,2,0,,,,,,,,,
1117822,2017/18,2017-09-13,Gaddafi Stadium,1,8.5,Pakistan,ICC World XI,Ahmed Shehzad,Babar Azam,PD Collingwood,1,0,,,,,,,,,
1117822,2017/18,2017-09-13,Gaddafi Stadium,1,8.6,Pakistan,ICC World XI,Babar Azam,Ahmed Shehzad,PD Collingwood,1,0,,,,,,,,,
1117822,2017/18,2017-09-13,Gaddafi Stadium,1,8.7,Pakistan,ICC World XI,Ahmed Shehzad,Babar Azam,PD Collingwood,4,0,,,,,,,,,
1117822,2017/18,2017-09-13,Gaddafi Stadium,1,9.1,Pakistan,ICC World XI,Babar Azam,Ahmed Shehzad,NLTC Perera,1,0,,,,,,,,,
1117822,2017/18,2017-09-13,Gaddafi Stadium,1,9.2,Pakistan,ICC World XI,Ahmed Shehzad,Babar Azam,NLTC Perera,1,0,,,,,,,,,
1117822,2017/18,2017-09-13,Gaddafi Stadium,1,9.3,Pakistan,ICC World XI,Babar Azam,Ahmed Shehzad,NLTC Perera,4,0,,,,,,,,,
1117822,2017/18,2017-09-13,Gaddafi Stadium,1,9.4,Pakistan,ICC World XI,Babar Azam,Ahmed Shehzad,NLTC Perera,1,0,,,,,,,,,
1117822,2017/18,2017-09-13,Gaddafi Stadium,1,9.5,Pakistan,ICC World XI,Ahmed Shehzad,Babar Azam,NLTC Perera,1,0,,,,,,,,,
1117822,2017/18,2017-09-13,Gaddafi Stadium,1,9.6,Pakistan,ICC World XI,Babar Azam,Ahmed Shehzad,NLTC Perera,1,0,,,,,,,,,
1117822,2017/18,2017-09-13,Gaddafi Stadium,1,10.1,Pakistan,ICC World XI,Babar Azam,Ahmed Shehzad,Imran Tahir,1,0,,,,,,,,,
1117822,2017/18,2017-09-13,Gaddafi Stadium,1,10.2,Pakistan,ICC World XI,Ahmed Shehzad,Babar Azam,Imran Tahir,1,0,,,,,,,,,
1117822,2017/18,2017-09-13,Gaddafi Stadium,1,10.3,Pakistan,ICC World XI,Babar Azam,Ahmed Shehzad,Imran Tahir,4,0,,,,,,,,,
1117822,2017/18,2017-09-13,Gaddafi Stadium,1,10.4,Pakistan,ICC World XI,Babar Azam,Ahmed Shehzad,Imran Tahir,1,0,,,,,,,,,
1117822,2017/18,2017-09-13,Gaddafi Stadium,1,10.5,Pakistan,ICC World XI,Ahmed Shehzad,Babar Azam,Imran Tahir,1,0,,,,,,,,,
1117822,2017/18,2017-09-13,Gaddafi Stadium,1,10.6,Pakistan,ICC World XI,Babar Azam,Ahmed Shehzad,Imran Tahir,1,0,,,,,,,,,
1117822,2017/18,2017-09-13,Gaddafi Stadium,1,11.1,Pakistan,ICC World XI,Babar Azam,Ahmed Shehzad,BCJ Cutting,2,0,,,,,,,,,
1117822,2017/18,2017-09-13,Gaddafi Stadium,1,11.2,Pakistan,ICC World XI,Babar Azam,Ahmed Shehzad,BCJ Cutting,1,0,,,,,,,,,
1117822,2017/18,2017-09-13,Gaddafi Stadium,1,11.3,Pakistan,ICC World XI,Ahmed Shehzad,Babar Azam,BCJ Cutting,1,0,,,,,,,,,
1117822,2017/18,2017-09-13,Gaddafi Stadium,1,11.4,Pakistan,ICC World XI,Babar Azam,Ahmed Shehzad,BCJ Cutting,0,0,,,,,,,,,
1117822,2017/18,2017-09-13,Gaddafi Stadium,1,11.5,Pakistan,ICC World XI,Babar Azam,Ahmed Shehzad,BCJ Cutting,0,1,1,,,,,,,,
1117822,2017/18,2017-09-13,Gaddafi Stadium,1,11.6,Pakistan,ICC World XI,Babar Azam,Ahmed Shehzad,BCJ Cutting,1,0,,,,,,,,,
1117822,2017/18,2017-09-13,Gaddafi Stadium,1,11.7,Pakistan,ICC World XI,Ahmed Shehzad,Babar Azam,BCJ Cutting,6,0,,,,,,,,,
1117822,2017/18,2017-09-13,Gaddafi Stadium,1,12.1,Pakistan,ICC World XI,Babar Azam,Ahmed Shehzad,Imran Tahir,1,0,,,,,,,,,
1117822,2017/18,2017-09-13,Gaddafi Stadium,1,12.2,Pakistan,ICC World XI,Ahmed Shehzad,Babar Azam,Imran Tahir,0,0,,,,,,caught,Ahmed Shehzad,,
1117822,2017/18,2017-09-13,Gaddafi Stadium,1,12.3,Pakistan,ICC World XI,Babar Azam,Shoaib Malik,Imran Tahir,0,0,,,,,,,,,
1117822,2017/18,2017-09-13,Gaddafi Stadium,1,12.4,Pakistan,ICC World XI,Babar Azam,Shoaib Malik,Imran Tahir,4,0,,,,,,,,,
1117822,2017/18,2017-09-13,Gaddafi Stadium,1,12.5,Pakistan,ICC World XI,Babar Azam,Shoaib Malik,Imran Tahir,1,0,,,,,,,,,
1117822,2017/18,2017-09-13,Gaddafi Stadium,1,12.6,Pakistan,ICC World XI,Shoaib Malik,Babar Azam,Imran Tahir,1,0,,,,,,,,,
1117822,2017/18,2017-09-13,Gaddafi Stadium,1,13.1,Pakistan,ICC World XI,Shoaib Malik,Babar Azam,BCJ Cutting,1,0,,,,,,,,,
1117822,2017/18,2017-09-13,Gaddafi Stadium,1,13.2,Pakistan,ICC World XI,Babar Azam,Shoaib Malik,BCJ Cutting,4,0,,,,,,,,,
1117822,2017/18,2017-09-13,Gaddafi Stadium,1,13.3,Pakistan,ICC World XI,Babar Azam,Shoaib Malik,BCJ Cutting,1,0,,,,,,,,,
1117822,2017/18,2017-09-13,Gaddafi Stadium,1,13.4,Pakistan,ICC World XI,Shoaib Malik,Babar Azam,BCJ Cutting,1,0,,,,,,,,,
1117822,2017/18,2017-09-13,Gaddafi Stadium,1,13.5,Pakistan,ICC World XI,Babar Azam,Shoaib Malik,BCJ Cutting,1,0,,,,,,,,,
1117822,2017/18,2017-09-13,Gaddafi Stadium,1,13.6,Pakistan,ICC World XI,Shoaib Malik,Babar Azam,BCJ Cutting,1,0,,,,,,,,,
1117822,2017/18,2017-09-13,Gaddafi Stadium,1,14.1,Pakistan,ICC World XI,Shoaib Malik,Babar Azam,S Badree,1,0,,,,,,,,,
1117822,2017/18,2017-09-13,Gaddafi Stadium,1,14.2,Pakistan,ICC World XI,Babar Azam,Shoaib Malik,S Badree,1,0,,,,,,,,,
1117822,2017/18,2017-09-13,Gaddafi Stadium,1,14.3,Pakistan,ICC World XI,Shoaib Malik,Babar Azam,S Badree,1,0,,,,,,,,,
1117822,2017/18,2017-09-13,Gaddafi Stadium,1,14.4,Pakistan,ICC World XI,Babar Azam,Shoaib Malik,S Badree,1,0,,,,,,,,,
1117822,2017/18,2017-09-13,Gaddafi Stadium,1,14.5,Pakistan,ICC World XI,Shoaib Malik,Babar Azam,S Badree,1,0,,,,,,,,,
1117822,2017/18,2017-09-13,Gaddafi Stadium,1,14.6,Pakistan,ICC World XI,Babar Azam,Shoaib Malik,S Badree,1,0,,,,,,,,,
1117822,2017/18,2017-09-13,Gaddafi Stadium,1,15.1,Pakistan,ICC World XI,Babar Azam,Shoaib Malik,Imran Tahir,1,0,,,,,,,,,
1117822,2017/18,2017-09-13,Gaddafi Stadium,1,15.2,Pakistan,ICC World XI,Shoaib Malik,Babar Azam,Imran Tahir,0,0,,,,,,,,,
1117822,2017/18,2017-09-13,Gaddafi Stadium,1,15.3,Pakistan,ICC World XI,Shoaib Malik,Babar Azam,Imran Tahir,6,0,,,,,,,,,
1117822,2017/18,2017-09-13,Gaddafi Stadium,1,15.4,Pakistan,ICC World XI,Shoaib Malik,Babar Azam,Imran Tahir,0,0,,,,,,,,,
1117822,2017/18,2017-09-13,Gaddafi Stadium,1,15.5,Pakistan,ICC World XI,Shoaib Malik,Babar Azam,Imran Tahir,4,0,,,,,,,,,
1117822,2017/18,2017-09-13,Gaddafi Stadium,1,15.6,Pakistan,ICC World XI,Shoaib Malik,Babar Azam,Imran Tahir,0,1,1,,,,,,,,
1117822,2017/18,2017-09-13,Gaddafi Stadium,1,15.7,Pakistan,ICC World XI,Shoaib Malik,Babar Azam,Imran Tahir,1,0,,,,,,,,,
1117822,2017/18,2017-09-13,Gaddafi Stadium,1,16.1,Pakistan,ICC World XI,Shoaib Malik,Babar Azam,S Badree,1,0,,,,,,,,,
1117822,2017/18,2017-09-13,Gaddafi Stadium,1,16.2,Pakistan,ICC World XI,Babar Azam,Shoaib Malik,S Badree,0,0,,,,,,caught,Babar Azam,,
1117822,2017/18,2017-09-13,Gaddafi Stadium,1,16.3,Pakistan,ICC World XI,Shoaib Malik,Imad Wasim,S Badree,1,0,,,,,,,,,
1117822,2017/18,2017-09-13,Gaddafi Stadium,1,16.4,Pakistan,ICC World XI,Imad Wasim,Shoaib Malik,S Badree,1,0,,,,,,,,,
1117822,2017/18,2017-09-13,Gaddafi Stadium,1,16.5,Pakistan,ICC World XI,Shoaib Malik,Imad Wasim,S Badree,1,0,,,,,,,,,
1117822,2017/18,2017-09-13,Gaddafi Stadium,1,16.6,Pakistan,ICC World XI,Imad Wasim,Shoaib Malik,S Badree,0,0,,,,,,,,,
1117822,2017/18,2017-09-13,Gaddafi Stadium,1,17.1,Pakistan,ICC World XI,Shoaib Malik,Imad Wasim,M Morkel,1,0,,,,,,,,,
1117822,2017/18,2017-09-13,Gaddafi Stadium,1,17.2,Pakistan,ICC World XI,Imad Wasim,Shoaib Malik,M Morkel,4,0,,,,,,,,,
1117822,2017/18,2017-09-13,Gaddafi Stadium,1,17.3,Pakistan,ICC World XI,Imad Wasim,Shoaib Malik,M Morkel,2,0,,,,,,,,,
1117822,2017/18,2017-09-13,Gaddafi Stadium,1,17.4,Pakistan,ICC World XI,Imad Wasim,Shoaib Malik,M Morkel,4,0,,,,,,,,,
1117822,2017/18,2017-09-13,Gaddafi Stadium,1,17.5,Pakistan,ICC World XI,Imad Wasim,Shoaib Malik,M Morkel,0,0,,,,,,,,,
1117822,2017/18,2017-09-13,Gaddafi Stadium,1,17.6,Pakistan,ICC World XI,Imad Wasim,Shoaib Malik,M Morkel,0,1,1,,,,,,,,
1117822,2017/18,2017-09-13,Gaddafi Stadium,1,17.7,Pakistan,ICC World XI,Imad Wasim,Shoaib Malik,M Morkel,1,0,,,,,,,,,
1117822,2017/18,2017-09-13,Gaddafi Stadium,1,18.1,Pakistan,ICC World XI,Imad Wasim,Shoaib Malik,NLTC Perera,0,1,,1,,,,,,,
1117822,2017/18,2017-09-13,Gaddafi Stadium,1,18.2,Pakistan,ICC World XI,Imad Wasim,Shoaib Malik,NLTC Perera,2,0,,,,,,,,,
1117822,2017/18,2017-09-13,Gaddafi Stadium,1,18.3,Pakistan,ICC World XI,Imad Wasim,Shoaib Malik,NLTC Perera,1,0,,,,,,,,,
1117822,2017/18,2017-09-13,Gaddafi Stadium,1,18.4,Pakistan,ICC World XI,Shoaib Malik,Imad Wasim,NLTC Perera,1,0,,,,,,,,,
1117822,2017/18,2017-09-13,Gaddafi Stadium,1,18.5,Pakistan,ICC World XI,Imad Wasim,Shoaib Malik,NLTC Perera,0,0,,,,,,caught,Imad Wasim,,
1117822,2017/18,2017-09-13,Gaddafi Stadium,1,18.6,Pakistan,ICC World XI,Shoaib Malik,Sarfraz Ahmed,NLTC Perera,1,0,,,,,,,,,
1117822,2017/18,2017-09-13,Gaddafi Stadium,1,18.7,Pakistan,ICC World XI,Sarfraz Ahmed,Shoaib Malik,NLTC Perera,0,0,,,,,,caught,Sarfraz Ahmed,,
1117822,2017/18,2017-09-13,Gaddafi Stadium,1,19.1,Pakistan,ICC World XI,Shoaib Malik,Sohail Khan,BCJ Cutting,6,0,,,,,,,,,
1117822,2017/18,2017-09-13,Gaddafi Stadium,1,19.2,Pakistan,ICC World XI,Shoaib Malik,Sohail Khan,BCJ Cutting,2,0,,,,,,,,,
1117822,2017/18,2017-09-13,Gaddafi Stadium,1,19.3,Pakistan,ICC World XI,Shoaib Malik,Sohail Khan,BCJ Cutting,0,1,1,,,,,,,,
1117822,2017/18,2017-09-13,Gaddafi Stadium,1,19.4,Pakistan,ICC World XI,Shoaib Malik,Sohail Khan,BCJ Cutting,1,0,,,,,,,,,
1117822,2017/18,2017-09-13,Gaddafi Stadium,1,19.5,Pakistan,ICC World XI,Sohail Khan,Shoaib Malik,BCJ Cutting,1,0,,,,,,,,,
1117822,2017/18,2017-09-13,Gaddafi Stadium,1,19.6,Pakistan,ICC World XI,Shoaib Malik,Sohail Khan,BCJ Cutting,6,0,,,,,,,,,
1117822,2017/18,2017-09-13,Gaddafi Stadium,1,19.7,Pakistan,ICC World XI,Shoaib Malik,Sohail Khan,BCJ Cutting,0,0,,,,,,caught,Shoaib Malik,,
1117822,2017/18,2017-09-13,Gaddafi Stadium,2,0.1,ICC World XI,Pakistan,Tamim Iqbal,HM Amla,Imad Wasim,0,0,,,,,,,,,
1117822,2017/18,2017-09-13,Gaddafi Stadium,2,0.2,ICC World XI,Pakistan,Tamim Iqbal,HM Amla,Imad Wasim,1,0,,,,,,,,,
1117822,2017/18,2017-09-13,Gaddafi Stadium,2,0.3,ICC World XI,Pakistan,HM Amla,Tamim Iqbal,Imad Wasim,1,0,,,,,,,,,
1117822,2017/18,2017-09-13,Gaddafi Stadium,2,0.4,ICC World XI,Pakistan,Tamim Iqbal,HM Amla,Imad Wasim,1,0,,,,,,,,,
1117822,2017/18,2017-09-13,Gaddafi Stadium,2,0.5,ICC World XI,Pakistan,HM Amla,Tamim Iqbal,Imad Wasim,0,0,,,,,,,,,
1117822,2017/18,2017-09-13,Gaddafi Stadium,2,0.6,ICC World XI,Pakistan,HM Amla,Tamim Iqbal,Imad Wasim,2,0,,,,,,,,,
1117822,2017/18,2017-09-13,Gaddafi Stadium,2,1.1,ICC World XI,Pakistan,Tamim Iqbal,HM Amla,Sohail Khan,2,0,,,,,,,,,
1117822,2017/18,2017-09-13,Gaddafi Stadium,2,1.2,ICC World XI,Pakistan,Tamim Iqbal,HM Amla,Sohail Khan,0,0,,,,,,,,,
1117822,2017/18,2017-09-13,Gaddafi Stadium,2,1.3,ICC World XI,Pakistan,Tamim Iqbal,HM Amla,Sohail Khan,1,0,,,,,,,,,
1117822,2017/18,2017-09-13,Gaddafi Stadium,2,1.4,ICC World XI,Pakistan,HM Amla,Tamim Iqbal,Sohail Khan,1,0,,,,,,,,,
1117822,2017/18,2017-09-13,Gaddafi Stadium,2,1.5,ICC World XI,Pakistan,Tamim Iqbal,HM Amla,Sohail Khan,1,0,,,,,,,,,
1117822,2017/18,2017-09-13,Gaddafi Stadium,2,1.6,ICC World XI,Pakistan,HM Amla,Tamim Iqbal,Sohail Khan,4,0,,,,,,,,,
1117822,2017/18,2017-09-13,Gaddafi Stadium,2,2.1,ICC World XI,Pakistan,Tamim Iqbal,HM Amla,Imad Wasim,6,0,,,,,,,,,
1117822,2017/18,2017-09-13,Gaddafi Stadium,2,2.2,ICC World XI,Pakistan,Tamim Iqbal,HM Amla,Imad Wasim,4,0,,,,,,,,,
1117822,2017/18,2017-09-13,Gaddafi Stadium,2,2.3,ICC World XI,Pakistan,Tamim Iqbal,HM Amla,Imad Wasim,0,0,,,,,,,,,
1117822,2017/18,2017-09-13,Gaddafi Stadium,2,2.4,ICC World XI,Pakistan,Tamim Iqbal,HM Amla,Imad Wasim,2,0,,,,,,,,,
1117822,2017/18,2017-09-13,Gaddafi Stadium,2,2.5,ICC World XI,Pakistan,Tamim Iqbal,HM Amla,Imad Wasim,0,0,,,,,,,,,
1117822,2017/18,2017-09-13,Gaddafi Stadium,2,2.6,ICC World XI,Pakistan,Tamim Iqbal,HM Amla,Imad Wasim,4,0,,,,,,,,,
1117822,2017/18,2017-09-13,Gaddafi Stadium,2,3.1,ICC World XI,Pakistan,HM Amla,Tamim Iqbal,Usman Shinwari,1,0,,,,,,,,,
1117822,2017/18,2017-09-13,Gaddafi Stadium,2,3.2,ICC World XI,Pakistan,Tamim Iqbal,HM Amla,Usman Shinwari,0,1,,,,1,,,,,
1117822,2017/18,2017-09-13,Gaddafi Stadium,2,3.3,ICC World XI,Pakistan,HM Amla,Tamim Iqbal,Usman Shinwari,4,0,,,,,,,,,
1117822,2017/18,2017-09-13,Gaddafi Stadium,2,3.4,ICC World XI,Pakistan,HM Amla,Tamim Iqbal,Usman Shinwari,0,0,,,,,,,,,
1117822,2017/18,2017-09-13,Gaddafi Stadium,2,3.5,ICC World XI,Pakistan,HM Amla,Tamim Iqbal,Usman Shinwari,4,0,,,,,,,,,
1117822,2017/18,2017-09-13,Gaddafi Stadium,2,3.6,ICC World XI,Pakistan,HM Amla,Tamim Iqbal,Usman Shinwari,1,0,,,,,,,,,
1117822,2017/18,2017-09-13,Gaddafi Stadium,2,4.1,ICC World XI,Pakistan,HM Amla,Tamim Iqbal,Rumman Raees,1,0,,,,,,,,,
1117822,2017/18,2017-09-13,Gaddafi Stadium,2,4.2,ICC World XI,Pakistan,Tamim Iqbal,HM Amla,Rumman Raees,0,0,,,,,,,,,
1117822,2017/18,2017-09-13,Gaddafi Stadium,2,4.3,ICC World XI,Pakistan,Tamim Iqbal,HM Amla,Rumman Raees,0,0,,,,,,,,,
1117822,2017/18,2017-09-13,Gaddafi Stadium,2,4.4,ICC World XI,Pakistan,Tamim Iqbal,HM Amla,Rumman Raees,1,0,,,,,,,,,
1117822,2017/18,2017-09-13,Gaddafi Stadium,2,4.5,ICC World XI,Pakistan,HM Amla,Tamim Iqbal,Rumman Raees,1,0,,,,,,,,,
1117822,2017/18,2017-09-13,Gaddafi Stadium,2,4.6,ICC World XI,Pakistan,Tamim Iqbal,HM Amla,Rumman Raees,0,0,,,,,,,,,
1117822,2017/18,2017-09-13,Gaddafi Stadium,2,5.1,ICC World XI,Pakistan,HM Amla,Tamim Iqbal,Sohail Khan,2,0,,,,,,,,,
1117822,2017/18,2017-09-13,Gaddafi Stadium,2,5.2,ICC World XI,Pakistan,HM Amla,Tamim Iqbal,Sohail Khan,1,0,,,,,,,,,
1117822,2017/18,2017-09-13,Gaddafi Stadium,2,5.3,ICC World XI,Pakistan,Tamim Iqbal,HM Amla,Sohail Khan,0,0,,,,,,caught,Tamim Iqbal,,
1117822,2017/18,2017-09-13,Gaddafi Stadium,2,5.4,ICC World XI,Pakistan,TD Paine,HM Amla,Sohail Khan,1,0,,,,,,,,,
1117822,2017/18,2017-09-13,Gaddafi Stadium,2,5.5,ICC World XI,Pakistan,HM Amla,TD Paine,Sohail Khan,1,0,,,,,,,,,
1117822,2017/18,2017-09-13,Gaddafi Stadium,2,5.6,ICC World XI,Pakistan,TD Paine,HM Amla,Sohail Khan,0,0,,,,,,,,,
1117822,2017/18,2017-09-13,Gaddafi Stadium,2,6.1,ICC World XI,Pakistan,HM Amla,TD Paine,Mohammad Nawaz (3),1,0,,,,,,,,,
1117822,2017/18,2017-09-13,Gaddafi Stadium,2,6.2,ICC World XI,Pakistan,TD Paine,HM Amla,Mohammad Nawaz (3),1,0,,,,,,,,,
1117822,2017/18,2017-09-13,Gaddafi Stadium,2,6.3,ICC World XI,Pakistan,HM Amla,TD Paine,Mohammad Nawaz (3),0,0,,,,,,,,,
1117822,2017/18,2017-09-13,Gaddafi Stadium,2,6.4,ICC World XI,Pakistan,HM Amla,TD Paine,Mohammad Nawaz (3),1,0,,,,,,,,,
1117822,2017/18,2017-09-13,Gaddafi Stadium,2,6.5,ICC World XI,Pakistan,TD Paine,HM Amla,Mohammad Nawaz (3),4,0,,,,,,,,,
1117822,2017/18,2017-09-13,Gaddafi Stadium,2,6.6,ICC World XI,Pakistan,TD Paine,HM Amla,Mohammad Nawaz (3),0,0,,,,,,,,,
1117822,2017/18,2017-09-13,Gaddafi Stadium,2,7.1,ICC World XI,Pakistan,HM Amla,TD Paine,Imad Wasim,1,0,,,,,,,,,
1117822,2017/18,2017-09-13,Gaddafi Stadium,2,7.2,ICC World XI,Pakistan,TD Paine,HM Amla,Imad Wasim,0,0,,,,,,,,,
1117822,2017/18,2017-09-13,Gaddafi Stadium,2,7.3,ICC World XI,Pakistan,TD Paine,HM Amla,Imad Wasim,1,0,,,,,,,,,
1117822,2017/18,2017-09-13,Gaddafi Stadium,2,7.4,ICC World XI,Pakistan,HM Amla,TD Paine,Imad Wasim,0,0,,,,,,,,,
1117822,2017/18,2017-09-13,Gaddafi Stadium,2,7.5,ICC World XI,Pakistan,HM Amla,TD Paine,Imad Wasim,1,0,,,,,,,,,
1117822,2017/18,2017-09-13,Gaddafi Stadium,2,7.6,ICC World XI,Pakistan,TD Paine,HM Amla,Imad Wasim,1,0,,,,,,,,,
1117822,2017/18,2017-09-13,Gaddafi Stadium,2,8.1,ICC World XI,Pakistan,TD Paine,HM Amla,Shadab Khan,1,0,,,,,,,,,
1117822,2017/18,2017-09-13,Gaddafi Stadium,2,8.2,ICC World XI,Pakistan,HM Amla,TD Paine,Shadab Khan,6,0,,,,,,,,,
1117822,2017/18,2017-09-13,Gaddafi Stadium,2,8.3,ICC World XI,Pakistan,HM Amla,TD Paine,Shadab Khan,1,0,,,,,,,,,
1117822,2017/18,2017-09-13,Gaddafi Stadium,2,8.4,ICC World XI,Pakistan,TD Paine,HM Amla,Shadab Khan,1,0,,,,,,,,,
1117822,2017/18,2017-09-13,Gaddafi Stadium,2,8.5,ICC World XI,Pakistan,HM Amla,TD Paine,Shadab Khan,1,0,,,,,,,,,
1117822,2017/18,2017-09-13,Gaddafi Stadium,2,8.6,ICC World XI,Pakistan,TD Paine,HM Amla,Shadab Khan,0,0,,,,,,,,,
1117822,2017/18,2017-09-13,Gaddafi Stadium,2,9.1,ICC World XI,Pakistan,HM Amla,TD Paine,Imad Wasim,1,0,,,,,,,,,
1117822,2017/18,2017-09-13,Gaddafi Stadium,2,9.2,ICC World XI,Pakistan,TD Paine,HM Amla,Imad Wasim,0,0,,,,,,bowled,TD Paine,,
1117822,2017/18,2017-09-13,Gaddafi Stadium,2,9.3,ICC World XI,Pakistan,F du Plessis,HM Amla,Imad Wasim,0,0,,,,,,,,,
1117822,2017/18,2017-09-13,Gaddafi Stadium,2,9.4,ICC World XI,Pakistan,F du Plessis,HM Amla,Imad Wasim,0,0,,,,,,,,,
1117822,2017/18,2017-09-13,Gaddafi Stadium,2,9.5,ICC World XI,Pakistan,F du Plessis,HM Amla,Imad Wasim,1,0,,,,,,,,,
1117822,2017/18,2017-09-13,Gaddafi Stadium,2,9.6,ICC World XI,Pakistan,HM Amla,F du Plessis,Imad Wasim,0,0,,,,,,,,,
1117822,2017/18,2017-09-13,Gaddafi Stadium,2,10.1,ICC World XI,Pakistan,F du Plessis,HM Amla,Shadab Khan,1,0,,,,,,,,,
1117822,2017/18,2017-09-13,Gaddafi Stadium,2,10.2,ICC World XI,Pakistan,HM Amla,F du Plessis,Shadab Khan,1,0,,,,,,,,,
1117822,2017/18,2017-09-13,Gaddafi Stadium,2,10.3,ICC World XI,Pakistan,F du Plessis,HM Amla,Shadab Khan,1,0,,,,,,,,,
1117822,2017/18,2017-09-13,Gaddafi Stadium,2,10.4,ICC World XI,Pakistan,HM Amla,F du Plessis,Shadab Khan,1,0,,,,,,,,,
1117822,2017/18,2017-09-13,Gaddafi Stadium,2,10.5,ICC World XI,Pakistan,F du Plessis,HM Amla,Shadab Khan,1,0,,,,,,,,,
1117822,2017/18,2017-09-13,Gaddafi Stadium,2,10.6,ICC World XI,Pakistan,HM Amla,F du Plessis,Shadab Khan,1,0,,,,,,,,,
1117822,2017/18,2017-09-13,Gaddafi Stadium,2,11.1,ICC World XI,Pakistan,HM Amla,F du Plessis,Mohammad Nawaz (3),1,0,,,,,,,,,
1117822,2017/18,2017-09-13,Gaddafi Stadium,2,11.2,ICC World XI,Pakistan,F du Plessis,HM Amla,Mohammad Nawaz (3),0,0,,,,,,,,,
1117822,2017/18,2017-09-13,Gaddafi Stadium,2,11.3,ICC World XI,Pakistan,F du Plessis,HM Amla,Mohammad Nawaz (3),1,0,,,,,,,,,
1117822,2017/18,2017-09-13,Gaddafi Stadium,2,11.4,ICC World XI,Pakistan,HM Amla,F du Plessis,Mohammad Nawaz (3),0,0,,,,,,,,,
1117822,2017/18,2017-09-13,Gaddafi Stadium,2,11.5,ICC World XI,Pakistan,HM Amla,F du Plessis,Mohammad Nawaz (3),6,0,,,,,,,,,
1117822,2017/18,2017-09-13,Gaddafi Stadium,2,11.6,ICC World XI,Pakistan,HM Amla,F du Plessis,Mohammad Nawaz (3),0,0,,,,,,,,,
1117822,2017/18,2017-09-13,Gaddafi Stadium,2,12.1,ICC World XI,Pakistan,F du Plessis,HM Amla,Shadab Khan,1,0,,,,,,,,,
1117822,2017/18,2017-09-13,Gaddafi Stadium,2,12.2,ICC World XI,Pakistan,HM Amla,F du Plessis,Shadab Khan,0,0,,,,,,,,,
1117822,2017/18,2017-09-13,Gaddafi Stadium,2,12.3,ICC World XI,Pakistan,HM Amla,F du Plessis,Shadab Khan,1,0,,,,,,,,,
1117822,2017/18,2017-09-13,Gaddafi Stadium,2,12.4,ICC World XI,Pakistan,F du Plessis,HM Amla,Shadab Khan,6,0,,,,,,,,,
1117822,2017/18,2017-09-13,Gaddafi Stadium,2,12.5,ICC World XI,Pakistan,F du Plessis,HM Amla,Shadab Khan,1,0,,,,,,,,,
1117822,2017/18,2017-09-13,Gaddafi Stadium,2,12.6,ICC World XI,Pakistan,HM Amla,F du Plessis,Shadab Khan,1,0,,,,,,,,,
1117822,2017/18,2017-09-13,Gaddafi Stadium,2,13.1,ICC World XI,Pakistan,HM Amla,F du Plessis,Mohammad Nawaz (3),1,0,,,,,,,,,
1117822,2017/18,2017-09-13,Gaddafi Stadium,2,13.2,ICC World XI,Pakistan,HM Amla,F du Plessis,Mohammad Nawaz (3),1,0,,,,,,,,,
1117822,2017/18,2017-09-13,Gaddafi Stadium,2,13.3,ICC World XI,Pakistan,F du Plessis,HM Amla,Mohammad Nawaz (3),1,0,,,,,,,,,
1117822,2017/18,2017-09-13,Gaddafi Stadium,2,13.4,ICC World XI,Pakistan,HM Amla,F du Plessis,Mohammad Nawaz (3),1,0,,,,,,,,,
1117822,2017/18,2017-09-13,Gaddafi Stadium,2,13.5,ICC World XI,Pakistan,F du Plessis,HM Amla,Mohammad Nawaz (3),6,0,,,,,,,,,
1117822,2017/18,2017-09-13,Gaddafi Stadium,2,13.6,ICC World XI,Pakistan,F du Plessis,HM Amla,Mohammad Nawaz (3),0,0,,,,,,caught,F du Plessis,,
1117822,2017/18,2017-09-13,Gaddafi Stadium,2,14.1,ICC World XI,Pakistan,NLTC Perera,HM Amla,Shadab Khan,1,0,,,,,,,,,
1117822,2017/18,2017-09-13,Gaddafi Stadium,2,14.2,ICC World XI,Pakistan,HM Amla,NLTC Perera,Shadab Khan,1,0,,,,,,,,,
1117822,2017/18,2017-09-13,Gaddafi Stadium,2,14.3,ICC World XI,Pakistan,NLTC Perera,HM Amla,Shadab Khan,1,0,,,,,,,,,
1117822,2017/18,2017-09-13,Gaddafi Stadium,2,14.4,ICC World XI,Pakistan,HM Amla,NLTC Perera,Shadab Khan,1,0,,,,,,,,,
1117822,2017/18,2017-09-13,Gaddafi Stadium,2,14.5,ICC World XI,Pakistan,NLTC Perera,HM Amla,Shadab Khan,1,0,,,,,,,,,
1117822,2017/18,2017-09-13,Gaddafi Stadium,2,14.6,ICC World XI,Pakistan,HM Amla,NLTC Perera,Shadab Khan,1,0,,,,,,,,,
1117822,2017/18,2017-09-13,Gaddafi Stadium,2,15.1,ICC World XI,Pakistan,HM Amla,NLTC Perera,Rumman Raees,2,0,,,,,,,,,
1117822,2017/18,2017-09-13,Gaddafi Stadium,2,15.2,ICC World XI,Pakistan,HM Amla,NLTC Perera,Rumman Raees,1,0,,,,,,,,,
1117822,2017/18,2017-09-13,Gaddafi Stadium,2,15.3,ICC World XI,Pakistan,NLTC Perera,HM Amla,Rumman Raees,1,0,,,,,,,,,
1117822,2017/18,2017-09-13,Gaddafi Stadium,2,15.4,ICC World XI,Pakistan,HM Amla,NLTC Perera,Rumman Raees,4,0,,,,,,,,,
1117822,2017/18,2017-09-13,Gaddafi Stadium,2,15.5,ICC World XI,Pakistan,HM Amla,NLTC Perera,Rumman Raees,0,0,,,,,,,,,
1117822,2017/18,2017-09-13,Gaddafi Stadium,2,15.6,ICC World XI,Pakistan,HM Amla,NLTC Perera,Rumman Raees,4,0,,,,,,,,,
1117822,2017/18,2017-09-13,Gaddafi Stadium,2,16.1,ICC World XI,Pakistan,NLTC Perera,HM Amla,Sohail Khan,0,0,,,,,,,,,
1117822,2017/18,2017-09-13,Gaddafi Stadium,2,16.2,ICC World XI,Pakistan,NLTC Perera,HM Amla,Sohail Khan,1,0,,,,,,,,,
1117822,2017/18,2017-09-13,Gaddafi Stadium,2,16.3,ICC World XI,Pakistan,HM Amla,NLTC Perera,Sohail Khan,1,0,,,,,,,,,
1117822,2017/18,2017-09-13,Gaddafi Stadium,2,16.4,ICC World XI,Pakistan,NLTC Perera,HM Amla,Sohail Khan,6,0,,,,,,,,,
1117822,2017/18,2017-09-13,Gaddafi Stadium,2,16.5,ICC World XI,Pakistan,NLTC Perera,HM Amla,Sohail Khan,1,0,,,,,,,,,
1117822,2017/18,2017-09-13,Gaddafi Stadium,2,16.6,ICC World XI,Pakistan,HM Amla,NLTC Perera,Sohail Khan,1,0,,,,,,,,,
1117822,2017/18,2017-09-13,Gaddafi Stadium,2,17.1,ICC World XI,Pakistan,HM Amla,NLTC Perera,Rumman Raees,0,0,,,,,,,,,
1117822,2017/18,2017-09-13,Gaddafi Stadium,2,17.2,ICC World XI,Pakistan,HM Amla,NLTC Perera,Rumman Raees,1,0,,,,,,,,,
1117822,2017/18,2017-09-13,Gaddafi Stadium,2,17.3,ICC World XI,Pakistan,NLTC Perera,HM Amla,Rumman Raees,6,0,,,,,,,,,
1117822,2017/18,2017-09-13,Gaddafi Stadium,2,17.4,ICC World XI,Pakistan,NLTC Perera,HM Amla,Rumman Raees,1,0,,,,,,,,,
1117822,2017/18,2017-09-13,Gaddafi Stadium,2,17.5,ICC World XI,Pakistan,HM Amla,NLTC Perera,Rumman Raees,0,0,,,,,,,,,
1117822,2017/18,2017-09-13,Gaddafi Stadium,2,17.6,ICC World XI,Pakistan,HM Amla,NLTC Perera,Rumman Raees,0,0,,,,,,,,,
1117822,2017/18,2017-09-13,Gaddafi Stadium,2,18.1,ICC World XI,Pakistan,NLTC Perera,HM Amla,Sohail Khan,6,0,,,,,,,,,
1117822,2017/18,2017-09-13,Gaddafi Stadium,2,18.2,ICC World XI,Pakistan,NLTC Perera,HM Amla,Sohail Khan,2,0,,,,,,,,,
1117822,2017/18,2017-09-13,Gaddafi Stadium,2,18.3,ICC World XI,Pakistan,NLTC Perera,HM Amla,Sohail Khan,0,1,1,,,,,,,,
1117822,2017/18,2017-09-13,Gaddafi Stadium,2,18.4,ICC World XI,Pakistan,NLTC Perera,HM Amla,Sohail Khan,2,0,,,,,,,,,
1117822,2017/18,2017-09-13,Gaddafi Stadium,2,18.5,ICC World XI,Pakistan,NLTC Perera,HM Amla,Sohail Khan,2,0,,,,,,,,,
1117822,2017/18,2017-09-13,Gaddafi Stadium,2,18.6,ICC World XI,Pakistan,NLTC Perera,HM Amla,Sohail Khan,6,0,,,,,,,,,
1117822,2017/18,2017-09-13,Gaddafi Stadium,2,18.7,ICC World XI,Pakistan,NLTC Perera,HM Amla,Sohail Khan,1,0,,,,,,,,,
1117822,2017/18,2017-09-13,Gaddafi Stadium,2,19.1,ICC World XI,Pakistan,NLTC Perera,HM Amla,Rumman Raees,0,1,1,,,,,,,,
1117822,2017/18,2017-09-13,Gaddafi Stadium,2,19.2,ICC World XI,Pakistan,NLTC Perera,HM Amla,Rumman Raees,2,0,,,,,,,,,
1117822,2017/18,2017-09-13,Gaddafi Stadium,2,19.3,ICC World XI,Pakistan,NLTC Perera,HM Amla,Rumman Raees,1,0,,,,,,,,,
1117822,2017/18,2017-09-13,Gaddafi Stadium,2,19.4,ICC World XI,Pakistan,HM Amla,NLTC Perera,Rumman Raees,2,0,,,,,,,,,
1117822,2017/18,2017-09-13,Gaddafi Stadium,2,19.5,ICC World XI,Pakistan,HM Amla,NLTC Perera,Rumman Raees,1,0,,,,,,,,,
1117822,2017/18,2017-09-13,Gaddafi Stadium,2,19.6,ICC World XI,Pakistan,NLTC Perera,HM Amla,Rumman Raees,6,0,,,,,,,,,
