match_id,season,start_date,venue,innings,ball,batting_team,bowling_team,striker,non_striker,bowler,runs_off_bat,extras,wides,noballs,byes,legbyes,penalty,wicket_type,player_dismissed,other_wicket_type,other_player_dismissed
1120094,2017/18,2017-11-04,Saurashtra Cricket Association Stadium,1,0.1,New Zealand,India,MJ Guptill,C Munro,B Kumar,0,0,,,,,,,,,
1120094,2017/18,2017-11-04,Saurashtra Cricket Association Stadium,1,0.2,New Zealand,India,MJ Guptill,C Munro,B Kumar,0,0,,,,,,,,,
1120094,2017/18,2017-11-04,Saurashtra Cricket Association Stadium,1,0.3,New Zealand,India,MJ Guptill,C Munro,B Kumar,4,0,,,,,,,,,
1120094,2017/18,2017-11-04,Saurashtra Cricket Association Stadium,1,0.4,New Zealand,India,MJ Guptill,C Munro,B Kumar,0,0,,,,,,,,,
1120094,2017/18,2017-11-04,Saurashtra Cricket Association Stadium,1,0.5,New Zealand,India,MJ Guptill,C Munro,B Kumar,0,0,,,,,,,,,
1120094,2017/18,2017-11-04,Saurashtra Cricket Association Stadium,1,0.6,New Zealand,India,MJ Guptill,C Munro,B Kumar,0,1,1,,,,,,,,
1120094,2017/18,2017-11-04,Saurashtra Cricket Association Stadium,1,0.7,New Zealand,India,MJ Guptill,C Munro,B Kumar,0,0,,,,,,,,,
1120094,2017/18,2017-11-04,Saurashtra Cricket Association Stadium,1,1.1,New Zealand,India,C Munro,MJ Guptill,Mohammed Siraj,4,0,,,,,,,,,
1120094,2017/18,2017-11-04,Saurashtra Cricket Association Stadium,1,1.2,New Zealand,India,C Munro,MJ Guptill,Mohammed Siraj,1,0,,,,,,,,,
1120094,2017/18,2017-11-04,Saurashtra Cricket Association Stadium,1,1.3,New Zealand,India,MJ Guptill,C Munro,Mohammed Siraj,0,0,,,,,,,,,
1120094,2017/18,2017-11-04,Saurashtra Cricket Association Stadium,1,1.4,New Zealand,India,MJ Guptill,C Munro,Mohammed Siraj,4,0,,,,,,,,,
1120094,2017/18,2017-11-04,Saurashtra Cricket Association Stadium,1,1.5,New Zealand,India,MJ Guptill,C Munro,Mohammed Siraj,0,0,,,,,,,,,
1120094,2017/18,2017-11-04,Saurashtra Cricket Association Stadium,1,1.6,New Zealand,India,MJ Guptill,C Munro,Mohammed Siraj,1,0,,,,,,,,,
1120094,2017/18,2017-11-04,Saurashtra Cricket Association Stadium,1,2.1,New Zealand,India,MJ Guptill,C Munro,B Kumar,0,0,,,,,,,,,
1120094,2017/18,2017-11-04,Saurashtra Cricket Association Stadium,1,2.2,New Zealand,India,MJ Guptill,C Munro,B Kumar,0,0,,,,,,,,,
1120094,2017/18,2017-11-04,Saurashtra Cricket Association Stadium,1,2.3,New Zealand,India,MJ Guptill,C Munro,B Kumar,0,1,1,,,,,,,,
1120094,2017/18,2017-11-04,Saurashtra Cricket Association Stadium,1,2.4,New Zealand,India,MJ Guptill,C Munro,B Kumar,0,0,,,,,,,,,
1120094,2017/18,2017-11-04,Saurashtra Cricket Association Stadium,1,2.5,New Zealand,India,MJ Guptill,C Munro,B Kumar,1,0,,,,,,,,,
1120094,2017/18,2017-11-04,Saurashtra Cricket Association Stadium,1,2.6,New Zealand,India,C Munro,MJ Guptill,B Kumar,0,0,,,,,,,,,
1120094,2017/18,2017-11-04,Saurashtra Cricket Association Stadium,1,2.7,New Zealand,India,C Munro,MJ Guptill,B Kumar,4,0,,,,,,,,,
1120094,2017/18,2017-11-04,Saurashtra Cricket Association Stadium,1,3.1,New Zealand,India,MJ Guptill,C Munro,JJ Bumrah,0,0,,,,,,,,,
1120094,2017/18,2017-11-04,Saurashtra Cricket Association Stadium,1,3.2,New Zealand,India,MJ Guptill,C Munro,JJ Bumrah,0,0,,,,,,,,,
1120094,2017/18,2017-11-04,Saurashtra Cricket Association Stadium,1,3.3,New Zealand,India,MJ Guptill,C Munro,JJ Bumrah,1,0,,,,,,,,,
1120094,2017/18,2017-11-04,Saurashtra Cricket Association Stadium,1,3.4,New Zealand,India,C Munro,MJ Guptill,JJ Bumrah,0,0,,,,,,,,,
1120094,2017/18,2017-11-04,Saurashtra Cricket Association Stadium,1,3.5,New Zealand,India,C Munro,MJ Guptill,JJ Bumrah,1,0,,,,,,,,,
1120094,2017/18,2017-11-04,Saurashtra Cricket Association Stadium,1,3.6,New Zealand,India,MJ Guptill,C Munro,JJ Bumrah,1,0,,,,,,,,,
1120094,2017/18,2017-11-04,Saurashtra Cricket Association Stadium,1,4.1,New Zealand,India,MJ Guptill,C Munro,YS Chahal,0,0,,,,,,,,,
1120094,2017/18,2017-11-04,Saurashtra Cricket Association Stadium,1,4.2,New Zealand,India,MJ Guptill,C Munro,YS Chahal,6,0,,,,,,,,,
1120094,2017/18,2017-11-04,Saurashtra Cricket Association Stadium,1,4.3,New Zealand,India,MJ Guptill,C Munro,YS Chahal,4,0,,,,,,,,,
1120094,2017/18,2017-11-04,Saurashtra Cricket Association Stadium,1,4.4,New Zealand,India,MJ Guptill,C Munro,YS Chahal,6,0,,,,,,,,,
1120094,2017/18,2017-11-04,Saurashtra Cricket Association Stadium,1,4.5,New Zealand,India,MJ Guptill,C Munro,YS Chahal,1,0,,,,,,,,,
1120094,2017/18,2017-11-04,Saurashtra Cricket Association Stadium,1,4.6,New Zealand,India,C Munro,MJ Guptill,YS Chahal,0,0,,,,,,,,,
1120094,2017/18,2017-11-04,Saurashtra Cricket Association Stadium,1,5.1,New Zealand,India,MJ Guptill,C Munro,JJ Bumrah,0,0,,,,,,,,,
1120094,2017/18,2017-11-04,Saurashtra Cricket Association Stadium,1,5.2,New Zealand,India,MJ Guptill,C Munro,JJ Bumrah,1,0,,,,,,,,,
1120094,2017/18,2017-11-04,Saurashtra Cricket Association Stadium,1,5.3,New Zealand,India,C Munro,MJ Guptill,JJ Bumrah,1,0,,,,,,,,,
1120094,2017/18,2017-11-04,Saurashtra Cricket Association Stadium,1,5.4,New Zealand,India,MJ Guptill,C Munro,JJ Bumrah,0,1,,,,1,,,,,
1120094,2017/18,2017-11-04,Saurashtra Cricket Association Stadium,1,5.5,New Zealand,India,C Munro,MJ Guptill,JJ Bumrah,4,0,,,,,,,,,
1120094,2017/18,2017-11-04,Saurashtra Cricket Association Stadium,1,5.6,New Zealand,India,C Munro,MJ Guptill,JJ Bumrah,0,0,,,,,,,,,
1120094,2017/18,2017-11-04,Saurashtra Cricket Association Stadium,1,6.1,New Zealand,India,MJ Guptill,C Munro,YS Chahal,0,0,,,,,,,,,
1120094,2017/18,2017-11-04,Saurashtra Cricket Association Stadium,1,6.2,New Zealand,India,MJ Guptill,C Munro,YS Chahal,1,0,,,,,,,,,
1120094,2017/18,2017-11-04,Saurashtra Cricket Association Stadium,1,6.3,New Zealand,India,C Munro,MJ Guptill,YS Chahal,1,0,,,,,,,,,
1120094,2017/18,2017-11-04,Saurashtra Cricket Association Stadium,1,6.4,New Zealand,India,MJ Guptill,C Munro,YS Chahal,1,0,,,,,,,,,
1120094,2017/18,2017-11-04,Saurashtra Cricket Association Stadium,1,6.5,New Zealand,India,C Munro,MJ Guptill,YS Chahal,0,0,,,,,,,,,
1120094,2017/18,2017-11-04,Saurashtra Cricket Association Stadium,1,6.6,New Zealand,India,C Munro,MJ Guptill,YS Chahal,1,0,,,,,,,,,
1120094,2017/18,2017-11-04,Saurashtra Cricket Association Stadium,1,7.1,New Zealand,India,C Munro,MJ Guptill,Mohammed Siraj,0,0,,,,,,,,,
1120094,2017/18,2017-11-04,Saurashtra Cricket Association Stadium,1,7.2,New Zealand,India,C Munro,MJ Guptill,Mohammed Siraj,1,0,,,,,,,,,
1120094,2017/18,2017-11-04,Saurashtra Cricket Association Stadium,1,7.3,New Zealand,India,MJ Guptill,C Munro,Mohammed Siraj,1,0,,,,,,,,,
1120094,2017/18,2017-11-04,Saurashtra Cricket Association Stadium,1,7.4,New Zealand,India,C Munro,MJ Guptill,Mohammed Siraj,6,0,,,,,,,,,
1120094,2017/18,2017-11-04,Saurashtra Cricket Association Stadium,1,7.5,New Zealand,India,C Munro,MJ Guptill,Mohammed Siraj,2,0,,,,,,,,,
1120094,2017/18,2017-11-04,Saurashtra Cricket Association Stadium,1,7.6,New Zealand,India,C Munro,MJ Guptill,Mohammed Siraj,6,0,,,,,,,,,
1120094,2017/18,2017-11-04,Saurashtra Cricket Association Stadium,1,8.1,New Zealand,India,MJ Guptill,C Munro,AR Patel,0,0,,,,,,,,,
1120094,2017/18,2017-11-04,Saurashtra Cricket Association Stadium,1,8.2,New Zealand,India,MJ Guptill,C Munro,AR Patel,2,0,,,,,,,,,
1120094,2017/18,2017-11-04,Saurashtra Cricket Association Stadium,1,8.3,New Zealand,India,MJ Guptill,C Munro,AR Patel,0,0,,,,,,,,,
1120094,2017/18,2017-11-04,Saurashtra Cricket Association Stadium,1,8.4,New Zealand,India,MJ Guptill,C Munro,AR Patel,1,0,,,,,,,,,
1120094,2017/18,2017-11-04,Saurashtra Cricket Association Stadium,1,8.5,New Zealand,India,C Munro,MJ Guptill,AR Patel,1,0,,,,,,,,,
1120094,2017/18,2017-11-04,Saurashtra Cricket Association Stadium,1,8.6,New Zealand,India,MJ Guptill,C Munro,AR Patel,0,0,,,,,,,,,
1120094,2017/18,2017-11-04,Saurashtra Cricket Association Stadium,1,9.1,New Zealand,India,C Munro,MJ Guptill,YS Chahal,1,0,,,,,,,,,
1120094,2017/18,2017-11-04,Saurashtra Cricket Association Stadium,1,9.2,New Zealand,India,MJ Guptill,C Munro,YS Chahal,0,0,,,,,,,,,
1120094,2017/18,2017-11-04,Saurashtra Cricket Association Stadium,1,9.3,New Zealand,India,MJ Guptill,C Munro,YS Chahal,6,0,,,,,,,,,
1120094,2017/18,2017-11-04,Saurashtra Cricket Association Stadium,1,9.4,New Zealand,India,MJ Guptill,C Munro,YS Chahal,1,0,,,,,,,,,
1120094,2017/18,2017-11-04,Saurashtra Cricket Association Stadium,1,9.5,New Zealand,India,C Munro,MJ Guptill,YS Chahal,2,0,,,,,,,,,
1120094,2017/18,2017-11-04,Saurashtra Cricket Association Stadium,1,9.6,New Zealand,India,C Munro,MJ Guptill,YS Chahal,1,0,,,,,,,,,
1120094,2017/18,2017-11-04,Saurashtra Cricket Association Stadium,1,10.1,New Zealand,India,C Munro,MJ Guptill,AR Patel,1,0,,,,,,,,,
1120094,2017/18,2017-11-04,Saurashtra Cricket Association Stadium,1,10.2,New Zealand,India,MJ Guptill,C Munro,AR Patel,1,0,,,,,,,,,
1120094,2017/18,2017-11-04,Saurashtra Cricket Association Stadium,1,10.3,New Zealand,India,C Munro,MJ Guptill,AR Patel,0,5,5,,,,,,,,
1120094,2017/18,2017-11-04,Saurashtra Cricket Association Stadium,1,10.4,New Zealand,India,C Munro,MJ Guptill,AR Patel,1,0,,,,,,,,,
1120094,2017/18,2017-11-04,Saurashtra Cricket Association Stadium,1,10.5,New Zealand,India,MJ Guptill,C Munro,AR Patel,1,0,,,,,,,,,
1120094,2017/18,2017-11-04,Saurashtra Cricket Association Stadium,1,10.6,New Zealand,India,C Munro,MJ Guptill,AR Patel,6,0,,,,,,,,,
1120094,2017/18,2017-11-04,Saurashtra Cricket Association Stadium,1,10.7,New Zealand,India,C Munro,MJ Guptill,AR Patel,6,0,,,,,,,,,
1120094,2017/18,2017-11-04,Saurashtra Cricket Association Stadium,1,11.1,New Zealand,India,MJ Guptill,C Munro,YS Chahal,0,1,1,,,,,,,,
1120094,2017/18,2017-11-04,Saurashtra Cricket Association Stadium,1,11.2,New Zealand,India,MJ Guptill,C Munro,YS Chahal,0,0,,,,,,caught,MJ Guptill,,
1120094,2017/18,2017-11-04,Saurashtra Cricket Association Stadium,1,11.3,New Zealand,India,C Munro,KS Williamson,YS Chahal,0,0,,,,,,,,,
1120094,2017/18,2017-11-04,Saurashtra Cricket Association Stadium,1,11.4,New Zealand,India,C Munro,KS Williamson,YS Chahal,0,1,1,,,,,,,,
1120094,2017/18,2017-11-04,Saurashtra Cricket Association Stadium,1,11.5,New Zealand,India,C Munro,KS Williamson,YS Chahal,1,0,,,,,,,,,
1120094,2017/18,2017-11-04,Saurashtra Cricket Association Stadium,1,11.6,New Zealand,India,KS Williamson,C Munro,YS Chahal,0,0,,,,,,,,,
1120094,2017/18,2017-11-04,Saurashtra Cricket Association Stadium,1,11.7,New Zealand,India,KS Williamson,C Munro,YS Chahal,0,0,,,,,,,,,
1120094,2017/18,2017-11-04,Saurashtra Cricket Association Stadium,1,11.8,New Zealand,India,KS Williamson,C Munro,YS Chahal,1,0,,,,,,,,,
1120094,2017/18,2017-11-04,Saurashtra Cricket Association Stadium,1,12.1,New Zealand,India,KS Williamson,C Munro,AR Patel,1,0,,,,,,,,,
1120094,2017/18,2017-11-04,Saurashtra Cricket Association Stadium,1,12.2,New Zealand,India,C Munro,KS Williamson,AR Patel,1,0,,,,,,,,,
1120094,2017/18,2017-11-04,Saurashtra Cricket Association Stadium,1,12.3,New Zealand,India,KS Williamson,C Munro,AR Patel,1,0,,,,,,,,,
1120094,2017/18,2017-11-04,Saurashtra Cricket Association Stadium,1,12.4,New Zealand,India,C Munro,KS Williamson,AR Patel,6,0,,,,,,,,,
1120094,2017/18,2017-11-04,Saurashtra Cricket Association Stadium,1,12.5,New Zealand,India,C Munro,KS Williamson,AR Patel,1,0,,,,,,,,,
1120094,2017/18,2017-11-04,Saurashtra Cricket Association Stadium,1,12.6,New Zealand,India,KS Williamson,C Munro,AR Patel,4,0,,,,,,,,,
1120094,2017/18,2017-11-04,Saurashtra Cricket Association Stadium,1,13.1,New Zealand,India,C Munro,KS Williamson,HH Pandya,1,0,,,,,,,,,
1120094,2017/18,2017-11-04,Saurashtra Cricket Association Stadium,1,13.2,New Zealand,India,KS Williamson,C Munro,HH Pandya,1,0,,,,,,,,,
1120094,2017/18,2017-11-04,Saurashtra Cricket Association Stadium,1,13.3,New Zealand,India,C Munro,KS Williamson,HH Pandya,4,0,,,,,,,,,
1120094,2017/18,2017-11-04,Saurashtra Cricket Association Stadium,1,13.4,New Zealand,India,C Munro,KS Williamson,HH Pandya,0,0,,,,,,,,,
1120094,2017/18,2017-11-04,Saurashtra Cricket Association Stadium,1,13.5,New Zealand,India,C Munro,KS Williamson,HH Pandya,2,0,,,,,,,,,
1120094,2017/18,2017-11-04,Saurashtra Cricket Association Stadium,1,13.6,New Zealand,India,C Munro,KS Williamson,HH Pandya,6,0,,,,,,,,,
1120094,2017/18,2017-11-04,Saurashtra Cricket Association Stadium,1,14.1,New Zealand,India,KS Williamson,C Munro,Mohammed Siraj,4,0,,,,,,,,,
1120094,2017/18,2017-11-04,Saurashtra Cricket Association Stadium,1,14.2,New Zealand,India,KS Williamson,C Munro,Mohammed Siraj,0,0,,,,,,caught,KS Williamson,,
1120094,2017/18,2017-11-04,Saurashtra Cricket Association Stadium,1,14.3,New Zealand,India,C Munro,TC Bruce,Mohammed Siraj,1,0,,,,,,,,,
1120094,2017/18,2017-11-04,Saurashtra Cricket Association Stadium,1,14.4,New Zealand,India,TC Bruce,C Munro,Mohammed Siraj,1,0,,,,,,,,,
1120094,2017/18,2017-11-04,Saurashtra Cricket Association Stadium,1,14.5,New Zealand,India,C Munro,TC Bruce,Mohammed Siraj,4,0,,,,,,,,,
1120094,2017/18,2017-11-04,Saurashtra Cricket Association Stadium,1,14.6,New Zealand,India,C Munro,TC Bruce,Mohammed Siraj,1,0,,,,,,,,,
1120094,2017/18,2017-11-04,Saurashtra Cricket Association Stadium,1,15.1,New Zealand,India,C Munro,TC Bruce,B Kumar,1,0,,,,,,,,,
1120094,2017/18,2017-11-04,Saurashtra Cricket Association Stadium,1,15.2,New Zealand,India,TC Bruce,C Munro,B Kumar,1,0,,,,,,,,,
1120094,2017/18,2017-11-04,Saurashtra Cricket Association Stadium,1,15.3,New Zealand,India,C Munro,TC Bruce,B Kumar,0,0,,,,,,,,,
1120094,2017/18,2017-11-04,Saurashtra Cricket Association Stadium,1,15.4,New Zealand,India,C Munro,TC Bruce,B Kumar,4,0,,,,,,,,,
1120094,2017/18,2017-11-04,Saurashtra Cricket Association Stadium,1,15.5,New Zealand,India,C Munro,TC Bruce,B Kumar,0,1,,,,1,,,,,
1120094,2017/18,2017-11-04,Saurashtra Cricket Association Stadium,1,15.6,New Zealand,India,TC Bruce,C Munro,B Kumar,4,0,,,,,,,,,
1120094,2017/18,2017-11-04,Saurashtra Cricket Association Stadium,1,16.1,New Zealand,India,C Munro,TC Bruce,Mohammed Siraj,6,0,,,,,,,,,
1120094,2017/18,2017-11-04,Saurashtra Cricket Association Stadium,1,16.2,New Zealand,India,C Munro,TC Bruce,Mohammed Siraj,2,0,,,,,,,,,
1120094,2017/18,2017-11-04,Saurashtra Cricket Association Stadium,1,16.3,New Zealand,India,C Munro,TC Bruce,Mohammed Siraj,0,1,1,,,,,,,,
1120094,2017/18,2017-11-04,Saurashtra Cricket Association Stadium,1,16.4,New Zealand,India,C Munro,TC Bruce,Mohammed Siraj,1,0,,,,,,,,,
1120094,2017/18,2017-11-04,Saurashtra Cricket Association Stadium,1,16.5,New Zealand,India,TC Bruce,C Munro,Mohammed Siraj,4,0,,,,,,,,,
1120094,2017/18,2017-11-04,Saurashtra Cricket Association Stadium,1,16.6,New Zealand,India,TC Bruce,C Munro,Mohammed Siraj,1,0,,,,,,,,,
1120094,2017/18,2017-11-04,Saurashtra Cricket Association Stadium,1,16.7,New Zealand,India,C Munro,TC Bruce,Mohammed Siraj,1,0,,,,,,,,,
1120094,2017/18,2017-11-04,Saurashtra Cricket Association Stadium,1,17.1,New Zealand,India,C Munro,TC Bruce,JJ Bumrah,0,0,,,,,,,,,
1120094,2017/18,2017-11-04,Saurashtra Cricket Association Stadium,1,17.2,New Zealand,India,C Munro,TC Bruce,JJ Bumrah,1,0,,,,,,,,,
1120094,2017/18,2017-11-04,Saurashtra Cricket Association Stadium,1,17.3,New Zealand,India,TC Bruce,C Munro,JJ Bumrah,1,0,,,,,,,,,
1120094,2017/18,2017-11-04,Saurashtra Cricket Association Stadium,1,17.4,New Zealand,India,C Munro,TC Bruce,JJ Bumrah,0,0,,,,,,,,,
1120094,2017/18,2017-11-04,Saurashtra Cricket Association Stadium,1,17.5,New Zealand,India,C Munro,TC Bruce,JJ Bumrah,2,0,,,,,,,,,
1120094,2017/18,2017-11-04,Saurashtra Cricket Association Stadium,1,17.6,New Zealand,India,C Munro,TC Bruce,JJ Bumrah,1,0,,,,,,,,,
1120094,2017/18,2017-11-04,Saurashtra Cricket Association Stadium,1,18.1,New Zealand,India,C Munro,TC Bruce,B Kumar,1,0,,,,,,,,,
1120094,2017/18,2017-11-04,Saurashtra Cricket Association Stadium,1,18.2,New Zealand,India,TC Bruce,C Munro,B Kumar,1,0,,,,,,,,,
1120094,2017/18,2017-11-04,Saurashtra Cricket Association Stadium,1,18.3,New Zealand,India,C Munro,TC Bruce,B Kumar,2,0,,,,,,,,,
1120094,2017/18,2017-11-04,Saurashtra Cricket Association Stadium,1,18.4,New Zealand,India,C Munro,TC Bruce,B Kumar,1,0,,,,,,,,,
1120094,2017/18,2017-11-04,Saurashtra Cricket Association Stadium,1,18.5,New Zealand,India,TC Bruce,C Munro,B Kumar,1,0,,,,,,,,,
1120094,2017/18,2017-11-04,Saurashtra Cricket Association Stadium,1,18.6,New Zealand,India,C Munro,TC Bruce,B Kumar,2,0,,,,,,,,,
1120094,2017/18,2017-11-04,Saurashtra Cricket Association Stadium,1,19.1,New Zealand,India,TC Bruce,C Munro,JJ Bumrah,2,0,,,,,,,,,
1120094,2017/18,2017-11-04,Saurashtra Cricket Association Stadium,1,19.2,New Zealand,India,TC Bruce,C Munro,JJ Bumrah,1,0,,,,,,,,,
1120094,2017/18,2017-11-04,Saurashtra Cricket Association Stadium,1,19.3,New Zealand,India,C Munro,TC Bruce,JJ Bumrah,4,0,,,,,,,,,
1120094,2017/18,2017-11-04,Saurashtra Cricket Association Stadium,1,19.4,New Zealand,India,C Munro,TC Bruce,JJ Bumrah,1,0,,,,,,,,,
1120094,2017/18,2017-11-04,Saurashtra Cricket Association Stadium,1,19.5,New Zealand,India,TC Bruce,C Munro,JJ Bumrah,0,0,,,,,,,,,
1120094,2017/18,2017-11-04,Saurashtra Cricket Association Stadium,1,19.6,New Zealand,India,TC Bruce,C Munro,JJ Bumrah,1,0,,,,,,,,,
1120094,2017/18,2017-11-04,Saurashtra Cricket Association Stadium,2,0.1,India,New Zealand,RG Sharma,S Dhawan,AF Milne,0,0,,,,,,,,,
1120094,2017/18,2017-11-04,Saurashtra Cricket Association Stadium,2,0.2,India,New Zealand,RG Sharma,S Dhawan,AF Milne,4,0,,,,,,,,,
1120094,2017/18,2017-11-04,Saurashtra Cricket Association Stadium,2,0.3,India,New Zealand,RG Sharma,S Dhawan,AF Milne,0,0,,,,,,,,,
1120094,2017/18,2017-11-04,Saurashtra Cricket Association Stadium,2,0.4,India,New Zealand,RG Sharma,S Dhawan,AF Milne,1,0,,,,,,,,,
1120094,2017/18,2017-11-04,Saurashtra Cricket Association Stadium,2,0.5,India,New Zealand,S Dhawan,RG Sharma,AF Milne,0,0,,,,,,,,,
1120094,2017/18,2017-11-04,Saurashtra Cricket Association Stadium,2,0.6,India,New Zealand,S Dhawan,RG Sharma,AF Milne,1,0,,,,,,,,,
1120094,2017/18,2017-11-04,Saurashtra Cricket Association Stadium,2,1.1,India,New Zealand,S Dhawan,RG Sharma,TA Boult,0,0,,,,,,,,,
1120094,2017/18,2017-11-04,Saurashtra Cricket Association Stadium,2,1.2,India,New Zealand,S Dhawan,RG Sharma,TA Boult,0,0,,,,,,bowled,S Dhawan,,
1120094,2017/18,2017-11-04,Saurashtra Cricket Association Stadium,2,1.3,India,New Zealand,SS Iyer,RG Sharma,TA Boult,4,0,,,,,,,,,
1120094,2017/18,2017-11-04,Saurashtra Cricket Association Stadium,2,1.4,India,New Zealand,SS Iyer,RG Sharma,TA Boult,1,0,,,,,,,,,
1120094,2017/18,2017-11-04,Saurashtra Cricket Association Stadium,2,1.5,India,New Zealand,RG Sharma,SS Iyer,TA Boult,0,0,,,,,,,,,
1120094,2017/18,2017-11-04,Saurashtra Cricket Association Stadium,2,1.6,India,New Zealand,RG Sharma,SS Iyer,TA Boult,0,0,,,,,,caught,RG Sharma,,
1120094,2017/18,2017-11-04,Saurashtra Cricket Association Stadium,2,2.1,India,New Zealand,SS Iyer,V Kohli,C de Grandhomme,4,0,,,,,,,,,
1120094,2017/18,2017-11-04,Saurashtra Cricket Association Stadium,2,2.2,India,New Zealand,SS Iyer,V Kohli,C de Grandhomme,1,0,,,,,,,,,
1120094,2017/18,2017-11-04,Saurashtra Cricket Association Stadium,2,2.3,India,New Zealand,V Kohli,SS Iyer,C de Grandhomme,0,0,,,,,,,,,
1120094,2017/18,2017-11-04,Saurashtra Cricket Association Stadium,2,2.4,India,New Zealand,V Kohli,SS Iyer,C de Grandhomme,1,0,,,,,,,,,
1120094,2017/18,2017-11-04,Saurashtra Cricket Association Stadium,2,2.5,India,New Zealand,SS Iyer,V Kohli,C de Grandhomme,0,0,,,,,,,,,
1120094,2017/18,2017-11-04,Saurashtra Cricket Association Stadium,2,2.6,India,New Zealand,SS Iyer,V Kohli,C de Grandhomme,4,0,,,,,,,,,
1120094,2017/18,2017-11-04,Saurashtra Cricket Association Stadium,2,3.1,India,New Zealand,V Kohli,SS Iyer,TA Boult,4,0,,,,,,,,,
1120094,2017/18,2017-11-04,Saurashtra Cricket Association Stadium,2,3.2,India,New Zealand,V Kohli,SS Iyer,TA Boult,0,0,,,,,,,,,
1120094,2017/18,2017-11-04,Saurashtra Cricket Association Stadium,2,3.3,India,New Zealand,V Kohli,SS Iyer,TA Boult,1,0,,,,,,,,,
1120094,2017/18,2017-11-04,Saurashtra Cricket Association Stadium,2,3.4,India,New Zealand,SS Iyer,V Kohli,TA Boult,4,0,,,,,,,,,
1120094,2017/18,2017-11-04,Saurashtra Cricket Association Stadium,2,3.5,India,New Zealand,SS Iyer,V Kohli,TA Boult,1,0,,,,,,,,,
1120094,2017/18,2017-11-04,Saurashtra Cricket Association Stadium,2,3.6,India,New Zealand,V Kohli,SS Iyer,TA Boult,4,0,,,,,,,,,
1120094,2017/18,2017-11-04,Saurashtra Cricket Association Stadium,2,4.1,India,New Zealand,SS Iyer,V Kohli,AF Milne,1,0,,,,,,,,,
1120094,2017/18,2017-11-04,Saurashtra Cricket Association Stadium,2,4.2,India,New Zealand,V Kohli,SS Iyer,AF Milne,0,0,,,,,,,,,
1120094,2017/18,2017-11-04,Saurashtra Cricket Association Stadium,2,4.3,India,New Zealand,V Kohli,SS Iyer,AF Milne,1,0,,,,,,,,,
1120094,2017/18,2017-11-04,Saurashtra Cricket Association Stadium,2,4.4,India,New Zealand,SS Iyer,V Kohli,AF Milne,0,0,,,,,,,,,
1120094,2017/18,2017-11-04,Saurashtra Cricket Association Stadium,2,4.5,India,New Zealand,SS Iyer,V Kohli,AF Milne,0,0,,,,,,,,,
1120094,2017/18,2017-11-04,Saurashtra Cricket Association Stadium,2,4.6,India,New Zealand,SS Iyer,V Kohli,AF Milne,0,0,,,,,,,,,
1120094,2017/18,2017-11-04,Saurashtra Cricket Association Stadium,2,5.1,India,New Zealand,V Kohli,SS Iyer,MJ Santner,1,0,,,,,,,,,
1120094,2017/18,2017-11-04,Saurashtra Cricket Association Stadium,2,5.2,India,New Zealand,SS Iyer,V Kohli,MJ Santner,0,0,,,,,,,,,
1120094,2017/18,2017-11-04,Saurashtra Cricket Association Stadium,2,5.3,India,New Zealand,SS Iyer,V Kohli,MJ Santner,0,0,,,,,,,,,
1120094,2017/18,2017-11-04,Saurashtra Cricket Association Stadium,2,5.4,India,New Zealand,SS Iyer,V Kohli,MJ Santner,1,0,,,,,,,,,
1120094,2017/18,2017-11-04,Saurashtra Cricket Association Stadium,2,5.5,India,New Zealand,V Kohli,SS Iyer,MJ Santner,0,0,,,,,,,,,
1120094,2017/18,2017-11-04,Saurashtra Cricket Association Stadium,2,5.6,India,New Zealand,V Kohli,SS Iyer,MJ Santner,1,0,,,,,,,,,
1120094,2017/18,2017-11-04,Saurashtra Cricket Association Stadium,2,6.1,India,New Zealand,V Kohli,SS Iyer,IS Sodhi,1,0,,,,,,,,,
1120094,2017/18,2017-11-04,Saurashtra Cricket Association Stadium,2,6.2,India,New Zealand,SS Iyer,V Kohli,IS Sodhi,1,0,,,,,,,,,
1120094,2017/18,2017-11-04,Saurashtra Cricket Association Stadium,2,6.3,India,New Zealand,V Kohli,SS Iyer,IS Sodhi,1,0,,,,,,,,,
1120094,2017/18,2017-11-04,Saurashtra Cricket Association Stadium,2,6.4,India,New Zealand,SS Iyer,V Kohli,IS Sodhi,0,0,,,,,,,,,
1120094,2017/18,2017-11-04,Saurashtra Cricket Association Stadium,2,6.5,India,New Zealand,SS Iyer,V Kohli,IS Sodhi,0,1,,,,1,,,,,
1120094,2017/18,2017-11-04,Saurashtra Cricket Association Stadium,2,6.6,India,New Zealand,V Kohli,SS Iyer,IS Sodhi,1,0,,,,,,,,,
1120094,2017/18,2017-11-04,Saurashtra Cricket Association Stadium,2,7.1,India,New Zealand,V Kohli,SS Iyer,MJ Santner,4,0,,,,,,,,,
1120094,2017/18,2017-11-04,Saurashtra Cricket Association Stadium,2,7.2,India,New Zealand,V Kohli,SS Iyer,MJ Santner,4,0,,,,,,,,,
1120094,2017/18,2017-11-04,Saurashtra Cricket Association Stadium,2,7.3,India,New Zealand,V Kohli,SS Iyer,MJ Santner,1,0,,,,,,,,,
1120094,2017/18,2017-11-04,Saurashtra Cricket Association Stadium,2,7.4,India,New Zealand,SS Iyer,V Kohli,MJ Santner,1,0,,,,,,,,,
1120094,2017/18,2017-11-04,Saurashtra Cricket Association Stadium,2,7.5,India,New Zealand,V Kohli,SS Iyer,MJ Santner,6,0,,,,,,,,,
1120094,2017/18,2017-11-04,Saurashtra Cricket Association Stadium,2,7.6,India,New Zealand,V Kohli,SS Iyer,MJ Santner,1,0,,,,,,,,,
1120094,2017/18,2017-11-04,Saurashtra Cricket Association Stadium,2,8.1,India,New Zealand,V Kohli,SS Iyer,C Munro,2,0,,,,,,,,,
1120094,2017/18,2017-11-04,Saurashtra Cricket Association Stadium,2,8.2,India,New Zealand,V Kohli,SS Iyer,C Munro,1,0,,,,,,,,,
1120094,2017/18,2017-11-04,Saurashtra Cricket Association Stadium,2,8.3,India,New Zealand,SS Iyer,V Kohli,C Munro,0,0,,,,,,,,,
1120094,2017/18,2017-11-04,Saurashtra Cricket Association Stadium,2,8.4,India,New Zealand,SS Iyer,V Kohli,C Munro,0,0,,,,,,caught and bowled,SS Iyer,,
1120094,2017/18,2017-11-04,Saurashtra Cricket Association Stadium,2,8.5,India,New Zealand,V Kohli,HH Pandya,C Munro,1,0,,,,,,,,,
1120094,2017/18,2017-11-04,Saurashtra Cricket Association Stadium,2,8.6,India,New Zealand,HH Pandya,V Kohli,C Munro,1,0,,,,,,,,,
1120094,2017/18,2017-11-04,Saurashtra Cricket Association Stadium,2,9.1,India,New Zealand,HH Pandya,V Kohli,IS Sodhi,0,0,,,,,,bowled,HH Pandya,,
1120094,2017/18,2017-11-04,Saurashtra Cricket Association Stadium,2,9.2,India,New Zealand,MS Dhoni,V Kohli,IS Sodhi,1,0,,,,,,,,,
1120094,2017/18,2017-11-04,Saurashtra Cricket Association Stadium,2,9.3,India,New Zealand,V Kohli,MS Dhoni,IS Sodhi,1,0,,,,,,,,,
1120094,2017/18,2017-11-04,Saurashtra Cricket Association Stadium,2,9.4,India,New Zealand,MS Dhoni,V Kohli,IS Sodhi,1,0,,,,,,,,,
1120094,2017/18,2017-11-04,Saurashtra Cricket Association Stadium,2,9.5,India,New Zealand,V Kohli,MS Dhoni,IS Sodhi,0,0,,,,,,,,,
1120094,2017/18,2017-11-04,Saurashtra Cricket Association Stadium,2,9.6,India,New Zealand,V Kohli,MS Dhoni,IS Sodhi,1,0,,,,,,,,,
1120094,2017/18,2017-11-04,Saurashtra Cricket Association Stadium,2,10.1,India,New Zealand,V Kohli,MS Dhoni,C Munro,1,0,,,,,,,,,
1120094,2017/18,2017-11-04,Saurashtra Cricket Association Stadium,2,10.2,India,New Zealand,MS Dhoni,V Kohli,C Munro,1,0,,,,,,,,,
1120094,2017/18,2017-11-04,Saurashtra Cricket Association Stadium,2,10.3,India,New Zealand,V Kohli,MS Dhoni,C Munro,1,0,,,,,,,,,
1120094,2017/18,2017-11-04,Saurashtra Cricket Association Stadium,2,10.4,India,New Zealand,MS Dhoni,V Kohli,C Munro,0,0,,,,,,,,,
1120094,2017/18,2017-11-04,Saurashtra Cricket Association Stadium,2,10.5,India,New Zealand,MS Dhoni,V Kohli,C Munro,1,0,,,,,,,,,
1120094,2017/18,2017-11-04,Saurashtra Cricket Association Stadium,2,10.6,India,New Zealand,V Kohli,MS Dhoni,C Munro,4,0,,,,,,,,,
1120094,2017/18,2017-11-04,Saurashtra Cricket Association Stadium,2,11.1,India,New Zealand,MS Dhoni,V Kohli,MJ Santner,1,0,,,,,,,,,
1120094,2017/18,2017-11-04,Saurashtra Cricket Association Stadium,2,11.2,India,New Zealand,V Kohli,MS Dhoni,MJ Santner,0,0,,,,,,,,,
1120094,2017/18,2017-11-04,Saurashtra Cricket Association Stadium,2,11.3,India,New Zealand,V Kohli,MS Dhoni,MJ Santner,1,0,,,,,,,,,
1120094,2017/18,2017-11-04,Saurashtra Cricket Association Stadium,2,11.4,India,New Zealand,MS Dhoni,V Kohli,MJ Santner,1,0,,,,,,,,,
1120094,2017/18,2017-11-04,Saurashtra Cricket Association Stadium,2,11.5,India,New Zealand,V Kohli,MS Dhoni,MJ Santner,4,0,,,,,,,,,
1120094,2017/18,2017-11-04,Saurashtra Cricket Association Stadium,2,11.6,India,New Zealand,V Kohli,MS Dhoni,MJ Santner,1,0,,,,,,,,,
1120094,2017/18,2017-11-04,Saurashtra Cricket Association Stadium,2,12.1,India,New Zealand,V Kohli,MS Dhoni,C Munro,1,0,,,,,,,,,
1120094,2017/18,2017-11-04,Saurashtra Cricket Association Stadium,2,12.2,India,New Zealand,MS Dhoni,V Kohli,C Munro,1,0,,,,,,,,,
1120094,2017/18,2017-11-04,Saurashtra Cricket Association Stadium,2,12.3,India,New Zealand,V Kohli,MS Dhoni,C Munro,4,0,,,,,,,,,
1120094,2017/18,2017-11-04,Saurashtra Cricket Association Stadium,2,12.4,India,New Zealand,V Kohli,MS Dhoni,C Munro,2,0,,,,,,,,,
1120094,2017/18,2017-11-04,Saurashtra Cricket Association Stadium,2,12.5,India,New Zealand,V Kohli,MS Dhoni,C Munro,1,0,,,,,,,,,
1120094,2017/18,2017-11-04,Saurashtra Cricket Association Stadium,2,12.6,India,New Zealand,MS Dhoni,V Kohli,C Munro,1,0,,,,,,,,,
1120094,2017/18,2017-11-04,Saurashtra Cricket Association Stadium,2,13.1,India,New Zealand,MS Dhoni,V Kohli,IS Sodhi,0,2,,,2,,,,,,
1120094,2017/18,2017-11-04,Saurashtra Cricket Association Stadium,2,13.2,India,New Zealand,MS Dhoni,V Kohli,IS Sodhi,6,0,,,,,,,,,
1120094,2017/18,2017-11-04,Saurashtra Cricket Association Stadium,2,13.3,India,New Zealand,MS Dhoni,V Kohli,IS Sodhi,0,0,,,,,,,,,
1120094,2017/18,2017-11-04,Saurashtra Cricket Association Stadium,2,13.4,India,New Zealand,MS Dhoni,V Kohli,IS Sodhi,0,0,,,,,,,,,
1120094,2017/18,2017-11-04,Saurashtra Cricket Association Stadium,2,13.5,India,New Zealand,MS Dhoni,V Kohli,IS Sodhi,0,0,,,,,,,,,
1120094,2017/18,2017-11-04,Saurashtra Cricket Association Stadium,2,13.6,India,New Zealand,MS Dhoni,V Kohli,IS Sodhi,1,0,,,,,,,,,
1120094,2017/18,2017-11-04,Saurashtra Cricket Association Stadium,2,14.1,India,New Zealand,MS Dhoni,V Kohli,AF Milne,0,0,,,,,,,,,
1120094,2017/18,2017-11-04,Saurashtra Cricket Association Stadium,2,14.2,India,New Zealand,MS Dhoni,V Kohli,AF Milne,0,0,,,,,,,,,
1120094,2017/18,2017-11-04,Saurashtra Cricket Association Stadium,2,14.3,India,New Zealand,MS Dhoni,V Kohli,AF Milne,1,0,,,,,,,,,
1120094,2017/18,2017-11-04,Saurashtra Cricket Association Stadium,2,14.4,India,New Zealand,V Kohli,MS Dhoni,AF Milne,0,0,,,,,,,,,
1120094,2017/18,2017-11-04,Saurashtra Cricket Association Stadium,2,14.5,India,New Zealand,V Kohli,MS Dhoni,AF Milne,4,0,,,,,,,,,
1120094,2017/18,2017-11-04,Saurashtra Cricket Association Stadium,2,14.6,India,New Zealand,V Kohli,MS Dhoni,AF Milne,1,0,,,,,,,,,
1120094,2017/18,2017-11-04,Saurashtra Cricket Association Stadium,2,15.1,India,New Zealand,V Kohli,MS Dhoni,IS Sodhi,1,0,,,,,,,,,
1120094,2017/18,2017-11-04,Saurashtra Cricket Association Stadium,2,15.2,India,New Zealand,MS Dhoni,V Kohli,IS Sodhi,1,0,,,,,,,,,
1120094,2017/18,2017-11-04,Saurashtra Cricket Association Stadium,2,15.3,India,New Zealand,V Kohli,MS Dhoni,IS Sodhi,1,0,,,,,,,,,
1120094,2017/18,2017-11-04,Saurashtra Cricket Association Stadium,2,15.4,India,New Zealand,MS Dhoni,V Kohli,IS Sodhi,0,0,,,,,,,,,
1120094,2017/18,2017-11-04,Saurashtra Cricket Association Stadium,2,15.5,India,New Zealand,MS Dhoni,V Kohli,IS Sodhi,6,0,,,,,,,,,
1120094,2017/18,2017-11-04,Saurashtra Cricket Association Stadium,2,15.6,India,New Zealand,MS Dhoni,V Kohli,IS Sodhi,1,0,,,,,,,,,
1120094,2017/18,2017-11-04,Saurashtra Cricket Association Stadium,2,16.1,India,New Zealand,MS Dhoni,V Kohli,MJ Santner,0,0,,,,,,,,,
1120094,2017/18,2017-11-04,Saurashtra Cricket Association Stadium,2,16.2,India,New Zealand,MS Dhoni,V Kohli,MJ Santner,1,0,,,,,,,,,
1120094,2017/18,2017-11-04,Saurashtra Cricket Association Stadium,2,16.3,India,New Zealand,V Kohli,MS Dhoni,MJ Santner,0,0,,,,,,caught,V Kohli,,
1120094,2017/18,2017-11-04,Saurashtra Cricket Association Stadium,2,16.4,India,New Zealand,AR Patel,MS Dhoni,MJ Santner,1,0,,,,,,,,,
1120094,2017/18,2017-11-04,Saurashtra Cricket Association Stadium,2,16.5,India,New Zealand,MS Dhoni,AR Patel,MJ Santner,0,0,,,,,,,,,
1120094,2017/18,2017-11-04,Saurashtra Cricket Association Stadium,2,16.6,India,New Zealand,MS Dhoni,AR Patel,MJ Santner,1,0,,,,,,,,,
1120094,2017/18,2017-11-04,Saurashtra Cricket Association Stadium,2,17.1,India,New Zealand,MS Dhoni,AR Patel,TA Boult,1,0,,,,,,,,,
1120094,2017/18,2017-11-04,Saurashtra Cricket Association Stadium,2,17.2,India,New Zealand,AR Patel,MS Dhoni,TA Boult,4,0,,,,,,,,,
1120094,2017/18,2017-11-04,Saurashtra Cricket Association Stadium,2,17.3,India,New Zealand,AR Patel,MS Dhoni,TA Boult,0,0,,,,,,caught,AR Patel,,
1120094,2017/18,2017-11-04,Saurashtra Cricket Association Stadium,2,17.4,India,New Zealand,B Kumar,MS Dhoni,TA Boult,0,0,,,,,,,,,
1120094,2017/18,2017-11-04,Saurashtra Cricket Association Stadium,2,17.5,India,New Zealand,B Kumar,MS Dhoni,TA Boult,1,0,,,,,,,,,
1120094,2017/18,2017-11-04,Saurashtra Cricket Association Stadium,2,17.6,India,New Zealand,MS Dhoni,B Kumar,TA Boult,1,0,,,,,,,,,
1120094,2017/18,2017-11-04,Saurashtra Cricket Association Stadium,2,18.1,India,New Zealand,MS Dhoni,B Kumar,AF Milne,4,0,,,,,,,,,
1120094,2017/18,2017-11-04,Saurashtra Cricket Association Stadium,2,18.2,India,New Zealand,MS Dhoni,B Kumar,AF Milne,2,0,,,,,,,,,
1120094,2017/18,2017-11-04,Saurashtra Cricket Association Stadium,2,18.3,India,New Zealand,MS Dhoni,B Kumar,AF Milne,2,0,,,,,,,,,
1120094,2017/18,2017-11-04,Saurashtra Cricket Association Stadium,2,18.4,India,New Zealand,MS Dhoni,B Kumar,AF Milne,2,0,,,,,,,,,
1120094,2017/18,2017-11-04,Saurashtra Cricket Association Stadium,2,18.5,India,New Zealand,MS Dhoni,B Kumar,AF Milne,0,1,1,,,,,,,,
1120094,2017/18,2017-11-04,Saurashtra Cricket Association Stadium,2,18.6,India,New Zealand,MS Dhoni,B Kumar,AF Milne,4,0,,,,,,,,,
1120094,2017/18,2017-11-04,Saurashtra Cricket Association Stadium,2,18.7,India,New Zealand,MS Dhoni,B Kumar,AF Milne,1,0,,,,,,,,,
1120094,2017/18,2017-11-04,Saurashtra Cricket Association Stadium,2,19.1,India,New Zealand,MS Dhoni,B Kumar,TA Boult,6,0,,,,,,,,,
1120094,2017/18,2017-11-04,Saurashtra Cricket Association Stadium,2,19.2,India,New Zealand,MS Dhoni,B Kumar,TA Boult,0,0,,,,,,,,,
1120094,2017/18,2017-11-04,Saurashtra Cricket Association Stadium,2,19.3,India,New Zealand,MS Dhoni,B Kumar,TA Boult,0,0,,,,,,caught,MS Dhoni,,
1120094,2017/18,2017-11-04,Saurashtra Cricket Association Stadium,2,19.4,India,New Zealand,JJ Bumrah,B Kumar,TA Boult,0,0,,,,,,,,,
1120094,2017/18,2017-11-04,Saurashtra Cricket Association Stadium,2,19.5,India,New Zealand,JJ Bumrah,B Kumar,TA Boult,1,0,,,,,,,,,
1120094,2017/18,2017-11-04,Saurashtra Cricket Association Stadium,2,19.6,India,New Zealand,B Kumar,JJ Bumrah,TA Boult,1,0,,,,,,,,,
