version,2.1.0
info,balls_per_over,6
info,team,India
info,team,South Africa
info,gender,male
info,season,2017/18
info,date,2018/02/21
info,event,India tour of South Africa
info,match_number,2
info,venue,SuperSport Park
info,city,Centurion
info,toss_winner,South Africa
info,toss_decision,field
info,player_of_match,H Klaasen
info,umpire,A Paleker
info,umpire,BP Jele
info,reserve_umpire,S George
info,tv_umpire,AT Holdstock
info,match_referee,AJ Pycroft
info,winner,South Africa
info,winner_wickets,6
info,player,India,S Dhawan
info,player,India,RG Sharma
info,player,India,SK Raina
info,player,India,V Kohli
info,player,India,MK Pandey
info,player,India,MS Dhoni
info,player,India,HH Pandya
info,player,India,B Kumar
info,player,India,JD Unadkat
info,player,India,YS Chahal
info,player,India,SN Thakur
info,player,South Africa,RR Hendricks
info,player,South Africa,JT Smuts
info,player,South Africa,JP Duminy
info,player,South Africa,H Klaasen
info,player,South Africa,DA Miller
info,player,South Africa,F Behardien
info,player,South Africa,AL Phehlukwayo
info,player,South Africa,CH Morris
info,player,South Africa,D Paterson
info,player,South Africa,CJ Dala
info,player,South Africa,T Shamsi
info,registry,people,A Paleker,634b11ac
info,registry,people,AJ Pycroft,685d3f80
info,registry,people,AL Phehlukwayo,ab6b1c45
info,registry,people,AT Holdstock,6fa3258c
info,registry,people,B Kumar,2e81a32d
info,registry,people,BP Jele,7bb1331e
info,registry,people,CH Morris,fb66ce1f
info,registry,people,CJ Dala,1cb14aa4
info,registry,people,D Paterson,462d7c62
info,registry,people,DA Miller,d67d5f00
info,registry,people,F Behardien,dce2019b
info,registry,people,H Klaasen,235c2bb6
info,registry,people,HH Pandya,dbe50b21
info,registry,people,JD Unadkat,1e66c162
info,registry,people,JP Duminy,2e8994e7
info,registry,people,JT Smuts,42172c3c
info,registry,people,MK Pandey,93b4fc78
info,registry,people,MS Dhoni,4a8a2e3b
info,registry,people,RG Sharma,740742ef
info,registry,people,RR Hendricks,b8cc58c9
info,registry,people,S Dhawan,0a476045
info,registry,people,S George,6d9e5a54
info,registry,people,SK Raina,1dc12ab9
info,registry,people,SN Thakur,1abb78f8
info,registry,people,T Shamsi,a03bba42
info,registry,people,V Kohli,ba607b88
info,registry,people,YS Chahal,57ee1fde
