match_id,season,start_date,venue,innings,ball,batting_team,bowling_team,striker,non_striker,bowler,runs_off_bat,extras,wides,noballs,byes,legbyes,penalty,wicket_type,player_dismissed,other_wicket_type,other_player_dismissed
1122909,2017/18,2017-11-12,Sharjah Cricket Stadium,1,0.1,New Zealand,Pakistan,SFM Devine,SW Bates,Aiman Anwer,1,0,,,,,,,,,
1122909,2017/18,2017-11-12,Sharjah Cricket Stadium,1,0.2,New Zealand,Pakistan,SW Bates,SFM Devine,Aiman Anwer,0,0,,,,,,,,,
1122909,2017/18,2017-11-12,Sharjah Cricket Stadium,1,0.3,New Zealand,Pakistan,SW Bates,SFM Devine,Aiman Anwer,1,0,,,,,,,,,
1122909,2017/18,2017-11-12,Sharjah Cricket Stadium,1,0.4,New Zealand,Pakistan,SFM Devine,SW Bates,Aiman Anwer,0,1,1,,,,,,,,
1122909,2017/18,2017-11-12,Sharjah Cricket Stadium,1,0.5,New Zealand,Pakistan,SFM Devine,SW Bates,Aiman Anwer,4,0,,,,,,,,,
1122909,2017/18,2017-11-12,Sharjah Cricket Stadium,1,0.6,New Zealand,Pakistan,SFM Devine,SW Bates,Aiman Anwer,1,0,,,,,,,,,
1122909,2017/18,2017-11-12,Sharjah Cricket Stadium,1,0.7,New Zealand,Pakistan,SW Bates,SFM Devine,Aiman Anwer,0,0,,,,,,,,,
1122909,2017/18,2017-11-12,Sharjah Cricket Stadium,1,1.1,New Zealand,Pakistan,SFM Devine,SW Bates,Natalia Pervaiz,0,0,,,,,,,,,
1122909,2017/18,2017-11-12,Sharjah Cricket Stadium,1,1.2,New Zealand,Pakistan,SFM Devine,SW Bates,Natalia Pervaiz,0,0,,,,,,,,,
1122909,2017/18,2017-11-12,Sharjah Cricket Stadium,1,1.3,New Zealand,Pakistan,SFM Devine,SW Bates,Natalia Pervaiz,0,0,,,,,,,,,
1122909,2017/18,2017-11-12,Sharjah Cricket Stadium,1,1.4,New Zealand,Pakistan,SFM Devine,SW Bates,Natalia Pervaiz,0,0,,,,,,caught,SFM Devine,,
1122909,2017/18,2017-11-12,Sharjah Cricket Stadium,1,1.5,New Zealand,Pakistan,SW Bates,ML Green,Natalia Pervaiz,1,0,,,,,,,,,
1122909,2017/18,2017-11-12,Sharjah Cricket Stadium,1,1.6,New Zealand,Pakistan,ML Green,SW Bates,Natalia Pervaiz,0,0,,,,,,,,,
1122909,2017/18,2017-11-12,Sharjah Cricket Stadium,1,2.1,New Zealand,Pakistan,SW Bates,ML Green,Aiman Anwer,1,0,,,,,,,,,
1122909,2017/18,2017-11-12,Sharjah Cricket Stadium,1,2.2,New Zealand,Pakistan,ML Green,SW Bates,Aiman Anwer,0,0,,,,,,,,,
1122909,2017/18,2017-11-12,Sharjah Cricket Stadium,1,2.3,New Zealand,Pakistan,ML Green,SW Bates,Aiman Anwer,0,0,,,,,,,,,
1122909,2017/18,2017-11-12,Sharjah Cricket Stadium,1,2.4,New Zealand,Pakistan,ML Green,SW Bates,Aiman Anwer,1,0,,,,,,,,,
1122909,2017/18,2017-11-12,Sharjah Cricket Stadium,1,2.5,New Zealand,Pakistan,SW Bates,ML Green,Aiman Anwer,2,0,,,,,,,,,
1122909,2017/18,2017-11-12,Sharjah Cricket Stadium,1,2.6,New Zealand,Pakistan,SW Bates,ML Green,Aiman Anwer,1,0,,,,,,,,,
1122909,2017/18,2017-11-12,Sharjah Cricket Stadium,1,3.1,New Zealand,Pakistan,SW Bates,ML Green,Natalia Pervaiz,1,0,,,,,,,,,
1122909,2017/18,2017-11-12,Sharjah Cricket Stadium,1,3.2,New Zealand,Pakistan,ML Green,SW Bates,Natalia Pervaiz,4,0,,,,,,,,,
1122909,2017/18,2017-11-12,Sharjah Cricket Stadium,1,3.3,New Zealand,Pakistan,ML Green,SW Bates,Natalia Pervaiz,0,0,,,,,,,,,
1122909,2017/18,2017-11-12,Sharjah Cricket Stadium,1,3.4,New Zealand,Pakistan,ML Green,SW Bates,Natalia Pervaiz,0,0,,,,,,,,,
1122909,2017/18,2017-11-12,Sharjah Cricket Stadium,1,3.5,New Zealand,Pakistan,ML Green,SW Bates,Natalia Pervaiz,0,1,1,,,,,,,,
1122909,2017/18,2017-11-12,Sharjah Cricket Stadium,1,3.6,New Zealand,Pakistan,ML Green,SW Bates,Natalia Pervaiz,0,0,,,,,,,,,
1122909,2017/18,2017-11-12,Sharjah Cricket Stadium,1,3.7,New Zealand,Pakistan,ML Green,SW Bates,Natalia Pervaiz,0,0,,,,,,caught,ML Green,,
1122909,2017/18,2017-11-12,Sharjah Cricket Stadium,1,4.1,New Zealand,Pakistan,AE Satterthwaite,SW Bates,Aiman Anwer,0,0,,,,,,,,,
1122909,2017/18,2017-11-12,Sharjah Cricket Stadium,1,4.2,New Zealand,Pakistan,AE Satterthwaite,SW Bates,Aiman Anwer,1,0,,,,,,,,,
1122909,2017/18,2017-11-12,Sharjah Cricket Stadium,1,4.3,New Zealand,Pakistan,SW Bates,AE Satterthwaite,Aiman Anwer,1,0,,,,,,,,,
1122909,2017/18,2017-11-12,Sharjah Cricket Stadium,1,4.4,New Zealand,Pakistan,AE Satterthwaite,SW Bates,Aiman Anwer,4,0,,,,,,,,,
1122909,2017/18,2017-11-12,Sharjah Cricket Stadium,1,4.5,New Zealand,Pakistan,AE Satterthwaite,SW Bates,Aiman Anwer,0,0,,,,,,,,,
1122909,2017/18,2017-11-12,Sharjah Cricket Stadium,1,4.6,New Zealand,Pakistan,AE Satterthwaite,SW Bates,Aiman Anwer,0,0,,,,,,,,,
1122909,2017/18,2017-11-12,Sharjah Cricket Stadium,1,5.1,New Zealand,Pakistan,SW Bates,AE Satterthwaite,Natalia Pervaiz,1,0,,,,,,,,,
1122909,2017/18,2017-11-12,Sharjah Cricket Stadium,1,5.2,New Zealand,Pakistan,AE Satterthwaite,SW Bates,Natalia Pervaiz,2,0,,,,,,,,,
1122909,2017/18,2017-11-12,Sharjah Cricket Stadium,1,5.3,New Zealand,Pakistan,AE Satterthwaite,SW Bates,Natalia Pervaiz,1,0,,,,,,,,,
1122909,2017/18,2017-11-12,Sharjah Cricket Stadium,1,5.4,New Zealand,Pakistan,SW Bates,AE Satterthwaite,Natalia Pervaiz,1,0,,,,,,,,,
1122909,2017/18,2017-11-12,Sharjah Cricket Stadium,1,5.5,New Zealand,Pakistan,AE Satterthwaite,SW Bates,Natalia Pervaiz,0,0,,,,,,,,,
1122909,2017/18,2017-11-12,Sharjah Cricket Stadium,1,5.6,New Zealand,Pakistan,AE Satterthwaite,SW Bates,Natalia Pervaiz,0,0,,,,,,,,,
1122909,2017/18,2017-11-12,Sharjah Cricket Stadium,1,6.1,New Zealand,Pakistan,SW Bates,AE Satterthwaite,Nashra Sandhu,0,0,,,,,,,,,
1122909,2017/18,2017-11-12,Sharjah Cricket Stadium,1,6.2,New Zealand,Pakistan,SW Bates,AE Satterthwaite,Nashra Sandhu,0,0,,,,,,,,,
1122909,2017/18,2017-11-12,Sharjah Cricket Stadium,1,6.3,New Zealand,Pakistan,SW Bates,AE Satterthwaite,Nashra Sandhu,0,0,,,,,,,,,
1122909,2017/18,2017-11-12,Sharjah Cricket Stadium,1,6.4,New Zealand,Pakistan,SW Bates,AE Satterthwaite,Nashra Sandhu,0,0,,,,,,,,,
1122909,2017/18,2017-11-12,Sharjah Cricket Stadium,1,6.5,New Zealand,Pakistan,SW Bates,AE Satterthwaite,Nashra Sandhu,0,0,,,,,,run out,AE Satterthwaite,,
1122909,2017/18,2017-11-12,Sharjah Cricket Stadium,1,6.6,New Zealand,Pakistan,KJ Martin,SW Bates,Nashra Sandhu,0,0,,,,,,,,,
1122909,2017/18,2017-11-12,Sharjah Cricket Stadium,1,7.1,New Zealand,Pakistan,SW Bates,KJ Martin,Sana Mir,1,0,,,,,,,,,
1122909,2017/18,2017-11-12,Sharjah Cricket Stadium,1,7.2,New Zealand,Pakistan,KJ Martin,SW Bates,Sana Mir,1,0,,,,,,,,,
1122909,2017/18,2017-11-12,Sharjah Cricket Stadium,1,7.3,New Zealand,Pakistan,SW Bates,KJ Martin,Sana Mir,0,0,,,,,,,,,
1122909,2017/18,2017-11-12,Sharjah Cricket Stadium,1,7.4,New Zealand,Pakistan,SW Bates,KJ Martin,Sana Mir,1,0,,,,,,,,,
1122909,2017/18,2017-11-12,Sharjah Cricket Stadium,1,7.5,New Zealand,Pakistan,KJ Martin,SW Bates,Sana Mir,0,0,,,,,,,,,
1122909,2017/18,2017-11-12,Sharjah Cricket Stadium,1,7.6,New Zealand,Pakistan,KJ Martin,SW Bates,Sana Mir,0,0,,,,,,,,,
1122909,2017/18,2017-11-12,Sharjah Cricket Stadium,1,8.1,New Zealand,Pakistan,SW Bates,KJ Martin,Nashra Sandhu,3,0,,,,,,,,,
1122909,2017/18,2017-11-12,Sharjah Cricket Stadium,1,8.2,New Zealand,Pakistan,KJ Martin,SW Bates,Nashra Sandhu,1,0,,,,,,,,,
1122909,2017/18,2017-11-12,Sharjah Cricket Stadium,1,8.3,New Zealand,Pakistan,SW Bates,KJ Martin,Nashra Sandhu,0,0,,,,,,,,,
1122909,2017/18,2017-11-12,Sharjah Cricket Stadium,1,8.4,New Zealand,Pakistan,SW Bates,KJ Martin,Nashra Sandhu,0,0,,,,,,,,,
1122909,2017/18,2017-11-12,Sharjah Cricket Stadium,1,8.5,New Zealand,Pakistan,SW Bates,KJ Martin,Nashra Sandhu,0,0,,,,,,,,,
1122909,2017/18,2017-11-12,Sharjah Cricket Stadium,1,8.6,New Zealand,Pakistan,SW Bates,KJ Martin,Nashra Sandhu,1,0,,,,,,,,,
1122909,2017/18,2017-11-12,Sharjah Cricket Stadium,1,9.1,New Zealand,Pakistan,SW Bates,KJ Martin,Sana Mir,0,0,,,,,,,,,
1122909,2017/18,2017-11-12,Sharjah Cricket Stadium,1,9.2,New Zealand,Pakistan,SW Bates,KJ Martin,Sana Mir,0,0,,,,,,,,,
1122909,2017/18,2017-11-12,Sharjah Cricket Stadium,1,9.3,New Zealand,Pakistan,SW Bates,KJ Martin,Sana Mir,0,0,,,,,,,,,
1122909,2017/18,2017-11-12,Sharjah Cricket Stadium,1,9.4,New Zealand,Pakistan,SW Bates,KJ Martin,Sana Mir,1,0,,,,,,,,,
1122909,2017/18,2017-11-12,Sharjah Cricket Stadium,1,9.5,New Zealand,Pakistan,KJ Martin,SW Bates,Sana Mir,4,0,,,,,,,,,
1122909,2017/18,2017-11-12,Sharjah Cricket Stadium,1,9.6,New Zealand,Pakistan,KJ Martin,SW Bates,Sana Mir,1,0,,,,,,,,,
1122909,2017/18,2017-11-12,Sharjah Cricket Stadium,1,10.1,New Zealand,Pakistan,KJ Martin,SW Bates,Sadia Yousuf,0,0,,,,,,,,,
1122909,2017/18,2017-11-12,Sharjah Cricket Stadium,1,10.2,New Zealand,Pakistan,KJ Martin,SW Bates,Sadia Yousuf,0,0,,,,,,,,,
1122909,2017/18,2017-11-12,Sharjah Cricket Stadium,1,10.3,New Zealand,Pakistan,KJ Martin,SW Bates,Sadia Yousuf,1,0,,,,,,,,,
1122909,2017/18,2017-11-12,Sharjah Cricket Stadium,1,10.4,New Zealand,Pakistan,SW Bates,KJ Martin,Sadia Yousuf,1,0,,,,,,,,,
1122909,2017/18,2017-11-12,Sharjah Cricket Stadium,1,10.5,New Zealand,Pakistan,KJ Martin,SW Bates,Sadia Yousuf,2,0,,,,,,,,,
1122909,2017/18,2017-11-12,Sharjah Cricket Stadium,1,10.6,New Zealand,Pakistan,KJ Martin,SW Bates,Sadia Yousuf,0,0,,,,,,,,,
1122909,2017/18,2017-11-12,Sharjah Cricket Stadium,1,11.1,New Zealand,Pakistan,SW Bates,KJ Martin,Sana Mir,1,0,,,,,,,,,
1122909,2017/18,2017-11-12,Sharjah Cricket Stadium,1,11.2,New Zealand,Pakistan,KJ Martin,SW Bates,Sana Mir,2,0,,,,,,,,,
1122909,2017/18,2017-11-12,Sharjah Cricket Stadium,1,11.3,New Zealand,Pakistan,KJ Martin,SW Bates,Sana Mir,1,0,,,,,,,,,
1122909,2017/18,2017-11-12,Sharjah Cricket Stadium,1,11.4,New Zealand,Pakistan,SW Bates,KJ Martin,Sana Mir,2,0,,,,,,,,,
1122909,2017/18,2017-11-12,Sharjah Cricket Stadium,1,11.5,New Zealand,Pakistan,SW Bates,KJ Martin,Sana Mir,1,0,,,,,,,,,
1122909,2017/18,2017-11-12,Sharjah Cricket Stadium,1,11.6,New Zealand,Pakistan,KJ Martin,SW Bates,Sana Mir,1,0,,,,,,,,,
1122909,2017/18,2017-11-12,Sharjah Cricket Stadium,1,12.1,New Zealand,Pakistan,KJ Martin,SW Bates,Sadia Yousuf,4,0,,,,,,,,,
1122909,2017/18,2017-11-12,Sharjah Cricket Stadium,1,12.2,New Zealand,Pakistan,KJ Martin,SW Bates,Sadia Yousuf,1,0,,,,,,,,,
1122909,2017/18,2017-11-12,Sharjah Cricket Stadium,1,12.3,New Zealand,Pakistan,SW Bates,KJ Martin,Sadia Yousuf,1,0,,,,,,,,,
1122909,2017/18,2017-11-12,Sharjah Cricket Stadium,1,12.4,New Zealand,Pakistan,KJ Martin,SW Bates,Sadia Yousuf,0,1,1,,,,,,,,
1122909,2017/18,2017-11-12,Sharjah Cricket Stadium,1,12.5,New Zealand,Pakistan,KJ Martin,SW Bates,Sadia Yousuf,0,0,,,,,,,,,
1122909,2017/18,2017-11-12,Sharjah Cricket Stadium,1,12.6,New Zealand,Pakistan,KJ Martin,SW Bates,Sadia Yousuf,1,0,,,,,,,,,
1122909,2017/18,2017-11-12,Sharjah Cricket Stadium,1,12.7,New Zealand,Pakistan,SW Bates,KJ Martin,Sadia Yousuf,2,0,,,,,,,,,
1122909,2017/18,2017-11-12,Sharjah Cricket Stadium,1,13.1,New Zealand,Pakistan,KJ Martin,SW Bates,Javeria Khan,0,0,,,,,,,,,
1122909,2017/18,2017-11-12,Sharjah Cricket Stadium,1,13.2,New Zealand,Pakistan,KJ Martin,SW Bates,Javeria Khan,1,0,,,,,,,,,
1122909,2017/18,2017-11-12,Sharjah Cricket Stadium,1,13.3,New Zealand,Pakistan,SW Bates,KJ Martin,Javeria Khan,4,0,,,,,,,,,
1122909,2017/18,2017-11-12,Sharjah Cricket Stadium,1,13.4,New Zealand,Pakistan,SW Bates,KJ Martin,Javeria Khan,0,0,,,,,,,,,
1122909,2017/18,2017-11-12,Sharjah Cricket Stadium,1,13.5,New Zealand,Pakistan,SW Bates,KJ Martin,Javeria Khan,0,0,,,,,,,,,
1122909,2017/18,2017-11-12,Sharjah Cricket Stadium,1,13.6,New Zealand,Pakistan,SW Bates,KJ Martin,Javeria Khan,1,0,,,,,,,,,
1122909,2017/18,2017-11-12,Sharjah Cricket Stadium,1,14.1,New Zealand,Pakistan,SW Bates,KJ Martin,Bismah Maroof,1,0,,,,,,,,,
1122909,2017/18,2017-11-12,Sharjah Cricket Stadium,1,14.2,New Zealand,Pakistan,KJ Martin,SW Bates,Bismah Maroof,1,0,,,,,,,,,
1122909,2017/18,2017-11-12,Sharjah Cricket Stadium,1,14.3,New Zealand,Pakistan,SW Bates,KJ Martin,Bismah Maroof,4,0,,,,,,,,,
1122909,2017/18,2017-11-12,Sharjah Cricket Stadium,1,14.4,New Zealand,Pakistan,SW Bates,KJ Martin,Bismah Maroof,0,0,,,,,,,,,
1122909,2017/18,2017-11-12,Sharjah Cricket Stadium,1,14.5,New Zealand,Pakistan,SW Bates,KJ Martin,Bismah Maroof,0,0,,,,,,,,,
1122909,2017/18,2017-11-12,Sharjah Cricket Stadium,1,14.6,New Zealand,Pakistan,SW Bates,KJ Martin,Bismah Maroof,0,0,,,,,,,,,
1122909,2017/18,2017-11-12,Sharjah Cricket Stadium,1,15.1,New Zealand,Pakistan,KJ Martin,SW Bates,Javeria Khan,0,0,,,,,,,,,
1122909,2017/18,2017-11-12,Sharjah Cricket Stadium,1,15.2,New Zealand,Pakistan,KJ Martin,SW Bates,Javeria Khan,1,0,,,,,,,,,
1122909,2017/18,2017-11-12,Sharjah Cricket Stadium,1,15.3,New Zealand,Pakistan,SW Bates,KJ Martin,Javeria Khan,1,0,,,,,,,,,
1122909,2017/18,2017-11-12,Sharjah Cricket Stadium,1,15.4,New Zealand,Pakistan,KJ Martin,SW Bates,Javeria Khan,1,0,,,,,,,,,
1122909,2017/18,2017-11-12,Sharjah Cricket Stadium,1,15.5,New Zealand,Pakistan,SW Bates,KJ Martin,Javeria Khan,0,0,,,,,,,,,
1122909,2017/18,2017-11-12,Sharjah Cricket Stadium,1,15.6,New Zealand,Pakistan,SW Bates,KJ Martin,Javeria Khan,4,0,,,,,,,,,
1122909,2017/18,2017-11-12,Sharjah Cricket Stadium,1,16.1,New Zealand,Pakistan,KJ Martin,SW Bates,Nashra Sandhu,0,0,,,,,,,,,
1122909,2017/18,2017-11-12,Sharjah Cricket Stadium,1,16.2,New Zealand,Pakistan,KJ Martin,SW Bates,Nashra Sandhu,0,0,,,,,,,,,
1122909,2017/18,2017-11-12,Sharjah Cricket Stadium,1,16.3,New Zealand,Pakistan,KJ Martin,SW Bates,Nashra Sandhu,1,0,,,,,,,,,
1122909,2017/18,2017-11-12,Sharjah Cricket Stadium,1,16.4,New Zealand,Pakistan,SW Bates,KJ Martin,Nashra Sandhu,1,0,,,,,,,,,
1122909,2017/18,2017-11-12,Sharjah Cricket Stadium,1,16.5,New Zealand,Pakistan,KJ Martin,SW Bates,Nashra Sandhu,0,0,,,,,,caught,KJ Martin,,
1122909,2017/18,2017-11-12,Sharjah Cricket Stadium,1,16.6,New Zealand,Pakistan,KT Perkins,SW Bates,Nashra Sandhu,1,0,,,,,,,,,
1122909,2017/18,2017-11-12,Sharjah Cricket Stadium,1,17.1,New Zealand,Pakistan,KT Perkins,SW Bates,Sana Mir,0,0,,,,,,,,,
1122909,2017/18,2017-11-12,Sharjah Cricket Stadium,1,17.2,New Zealand,Pakistan,KT Perkins,SW Bates,Sana Mir,1,0,,,,,,,,,
1122909,2017/18,2017-11-12,Sharjah Cricket Stadium,1,17.3,New Zealand,Pakistan,SW Bates,KT Perkins,Sana Mir,1,0,,,,,,,,,
1122909,2017/18,2017-11-12,Sharjah Cricket Stadium,1,17.4,New Zealand,Pakistan,KT Perkins,SW Bates,Sana Mir,1,0,,,,,,,,,
1122909,2017/18,2017-11-12,Sharjah Cricket Stadium,1,17.5,New Zealand,Pakistan,SW Bates,KT Perkins,Sana Mir,1,0,,,,,,,,,
1122909,2017/18,2017-11-12,Sharjah Cricket Stadium,1,17.6,New Zealand,Pakistan,KT Perkins,SW Bates,Sana Mir,1,0,,,,,,,,,
1122909,2017/18,2017-11-12,Sharjah Cricket Stadium,1,18.1,New Zealand,Pakistan,KT Perkins,SW Bates,Nashra Sandhu,1,0,,,,,,,,,
1122909,2017/18,2017-11-12,Sharjah Cricket Stadium,1,18.2,New Zealand,Pakistan,SW Bates,KT Perkins,Nashra Sandhu,2,0,,,,,,,,,
1122909,2017/18,2017-11-12,Sharjah Cricket Stadium,1,18.3,New Zealand,Pakistan,SW Bates,KT Perkins,Nashra Sandhu,2,0,,,,,,,,,
1122909,2017/18,2017-11-12,Sharjah Cricket Stadium,1,18.4,New Zealand,Pakistan,SW Bates,KT Perkins,Nashra Sandhu,2,0,,,,,,,,,
1122909,2017/18,2017-11-12,Sharjah Cricket Stadium,1,18.5,New Zealand,Pakistan,SW Bates,KT Perkins,Nashra Sandhu,0,0,,,,,,,,,
1122909,2017/18,2017-11-12,Sharjah Cricket Stadium,1,18.6,New Zealand,Pakistan,SW Bates,KT Perkins,Nashra Sandhu,2,0,,,,,,,,,
1122909,2017/18,2017-11-12,Sharjah Cricket Stadium,1,19.1,New Zealand,Pakistan,KT Perkins,SW Bates,Sadia Yousuf,4,0,,,,,,,,,
1122909,2017/18,2017-11-12,Sharjah Cricket Stadium,1,19.2,New Zealand,Pakistan,KT Perkins,SW Bates,Sadia Yousuf,4,0,,,,,,,,,
1122909,2017/18,2017-11-12,Sharjah Cricket Stadium,1,19.3,New Zealand,Pakistan,KT Perkins,SW Bates,Sadia Yousuf,1,0,,,,,,,,,
1122909,2017/18,2017-11-12,Sharjah Cricket Stadium,1,19.4,New Zealand,Pakistan,SW Bates,KT Perkins,Sadia Yousuf,6,0,,,,,,,,,
1122909,2017/18,2017-11-12,Sharjah Cricket Stadium,1,19.5,New Zealand,Pakistan,SW Bates,KT Perkins,Sadia Yousuf,6,0,,,,,,,,,
1122909,2017/18,2017-11-12,Sharjah Cricket Stadium,1,19.6,New Zealand,Pakistan,SW Bates,KT Perkins,Sadia Yousuf,2,0,,,,,,,,,
1122909,2017/18,2017-11-12,Sharjah Cricket Stadium,2,0.1,Pakistan,New Zealand,Nahida Khan,Sidra Ameen,LM Kasperek,1,0,,,,,,,,,
1122909,2017/18,2017-11-12,Sharjah Cricket Stadium,2,0.2,Pakistan,New Zealand,Sidra Ameen,Nahida Khan,LM Kasperek,0,0,,,,,,,,,
1122909,2017/18,2017-11-12,Sharjah Cricket Stadium,2,0.3,Pakistan,New Zealand,Sidra Ameen,Nahida Khan,LM Kasperek,4,0,,,,,,,,,
1122909,2017/18,2017-11-12,Sharjah Cricket Stadium,2,0.4,Pakistan,New Zealand,Sidra Ameen,Nahida Khan,LM Kasperek,0,0,,,,,,,,,
1122909,2017/18,2017-11-12,Sharjah Cricket Stadium,2,0.5,Pakistan,New Zealand,Sidra Ameen,Nahida Khan,LM Kasperek,1,0,,,,,,,,,
1122909,2017/18,2017-11-12,Sharjah Cricket Stadium,2,0.6,Pakistan,New Zealand,Nahida Khan,Sidra Ameen,LM Kasperek,0,1,,,,1,,,,,
1122909,2017/18,2017-11-12,Sharjah Cricket Stadium,2,1.1,Pakistan,New Zealand,Nahida Khan,Sidra Ameen,HM Rowe,0,0,,,,,,,,,
1122909,2017/18,2017-11-12,Sharjah Cricket Stadium,2,1.2,Pakistan,New Zealand,Nahida Khan,Sidra Ameen,HM Rowe,1,0,,,,,,,,,
1122909,2017/18,2017-11-12,Sharjah Cricket Stadium,2,1.3,Pakistan,New Zealand,Sidra Ameen,Nahida Khan,HM Rowe,0,0,,,,,,,,,
1122909,2017/18,2017-11-12,Sharjah Cricket Stadium,2,1.4,Pakistan,New Zealand,Sidra Ameen,Nahida Khan,HM Rowe,4,0,,,,,,,,,
1122909,2017/18,2017-11-12,Sharjah Cricket Stadium,2,1.5,Pakistan,New Zealand,Sidra Ameen,Nahida Khan,HM Rowe,1,0,,,,,,,,,
1122909,2017/18,2017-11-12,Sharjah Cricket Stadium,2,1.6,Pakistan,New Zealand,Nahida Khan,Sidra Ameen,HM Rowe,1,0,,,,,,,,,
1122909,2017/18,2017-11-12,Sharjah Cricket Stadium,2,2.1,Pakistan,New Zealand,Nahida Khan,Sidra Ameen,SFM Devine,0,0,,,,,,,,,
1122909,2017/18,2017-11-12,Sharjah Cricket Stadium,2,2.2,Pakistan,New Zealand,Nahida Khan,Sidra Ameen,SFM Devine,1,0,,,,,,,,,
1122909,2017/18,2017-11-12,Sharjah Cricket Stadium,2,2.3,Pakistan,New Zealand,Sidra Ameen,Nahida Khan,SFM Devine,1,0,,,,,,,,,
1122909,2017/18,2017-11-12,Sharjah Cricket Stadium,2,2.4,Pakistan,New Zealand,Nahida Khan,Sidra Ameen,SFM Devine,0,0,,,,,,,,,
1122909,2017/18,2017-11-12,Sharjah Cricket Stadium,2,2.5,Pakistan,New Zealand,Nahida Khan,Sidra Ameen,SFM Devine,4,0,,,,,,,,,
1122909,2017/18,2017-11-12,Sharjah Cricket Stadium,2,2.6,Pakistan,New Zealand,Nahida Khan,Sidra Ameen,SFM Devine,0,0,,,,,,,,,
1122909,2017/18,2017-11-12,Sharjah Cricket Stadium,2,3.1,Pakistan,New Zealand,Sidra Ameen,Nahida Khan,HM Rowe,0,0,,,,,,,,,
1122909,2017/18,2017-11-12,Sharjah Cricket Stadium,2,3.2,Pakistan,New Zealand,Sidra Ameen,Nahida Khan,HM Rowe,0,0,,,,,,,,,
1122909,2017/18,2017-11-12,Sharjah Cricket Stadium,2,3.3,Pakistan,New Zealand,Sidra Ameen,Nahida Khan,HM Rowe,1,0,,,,,,,,,
1122909,2017/18,2017-11-12,Sharjah Cricket Stadium,2,3.4,Pakistan,New Zealand,Nahida Khan,Sidra Ameen,HM Rowe,2,0,,,,,,,,,
1122909,2017/18,2017-11-12,Sharjah Cricket Stadium,2,3.5,Pakistan,New Zealand,Nahida Khan,Sidra Ameen,HM Rowe,1,0,,,,,,,,,
1122909,2017/18,2017-11-12,Sharjah Cricket Stadium,2,3.6,Pakistan,New Zealand,Sidra Ameen,Nahida Khan,HM Rowe,4,0,,,,,,,,,
1122909,2017/18,2017-11-12,Sharjah Cricket Stadium,2,4.1,Pakistan,New Zealand,Nahida Khan,Sidra Ameen,SFM Devine,0,0,,,,,,,,,
1122909,2017/18,2017-11-12,Sharjah Cricket Stadium,2,4.2,Pakistan,New Zealand,Nahida Khan,Sidra Ameen,SFM Devine,6,0,,,,,,,,,
1122909,2017/18,2017-11-12,Sharjah Cricket Stadium,2,4.3,Pakistan,New Zealand,Nahida Khan,Sidra Ameen,SFM Devine,4,0,,,,,,,,,
1122909,2017/18,2017-11-12,Sharjah Cricket Stadium,2,4.4,Pakistan,New Zealand,Nahida Khan,Sidra Ameen,SFM Devine,1,0,,,,,,,,,
1122909,2017/18,2017-11-12,Sharjah Cricket Stadium,2,4.5,Pakistan,New Zealand,Sidra Ameen,Nahida Khan,SFM Devine,0,0,,,,,,lbw,Sidra Ameen,,
1122909,2017/18,2017-11-12,Sharjah Cricket Stadium,2,4.6,Pakistan,New Zealand,Bismah Maroof,Nahida Khan,SFM Devine,0,0,,,,,,,,,
1122909,2017/18,2017-11-12,Sharjah Cricket Stadium,2,5.1,Pakistan,New Zealand,Nahida Khan,Bismah Maroof,SW Bates,0,0,,,,,,,,,
1122909,2017/18,2017-11-12,Sharjah Cricket Stadium,2,5.2,Pakistan,New Zealand,Nahida Khan,Bismah Maroof,SW Bates,1,0,,,,,,,,,
1122909,2017/18,2017-11-12,Sharjah Cricket Stadium,2,5.3,Pakistan,New Zealand,Bismah Maroof,Nahida Khan,SW Bates,0,0,,,,,,,,,
1122909,2017/18,2017-11-12,Sharjah Cricket Stadium,2,5.4,Pakistan,New Zealand,Bismah Maroof,Nahida Khan,SW Bates,0,0,,,,,,run out,Nahida Khan,,
1122909,2017/18,2017-11-12,Sharjah Cricket Stadium,2,5.5,Pakistan,New Zealand,Bismah Maroof,Javeria Khan,SW Bates,2,0,,,,,,,,,
1122909,2017/18,2017-11-12,Sharjah Cricket Stadium,2,5.6,Pakistan,New Zealand,Bismah Maroof,Javeria Khan,SW Bates,1,0,,,,,,,,,
1122909,2017/18,2017-11-12,Sharjah Cricket Stadium,2,6.1,Pakistan,New Zealand,Bismah Maroof,Javeria Khan,LM Kasperek,1,0,,,,,,,,,
1122909,2017/18,2017-11-12,Sharjah Cricket Stadium,2,6.2,Pakistan,New Zealand,Javeria Khan,Bismah Maroof,LM Kasperek,1,0,,,,,,,,,
1122909,2017/18,2017-11-12,Sharjah Cricket Stadium,2,6.3,Pakistan,New Zealand,Bismah Maroof,Javeria Khan,LM Kasperek,0,0,,,,,,,,,
1122909,2017/18,2017-11-12,Sharjah Cricket Stadium,2,6.4,Pakistan,New Zealand,Bismah Maroof,Javeria Khan,LM Kasperek,0,0,,,,,,,,,
1122909,2017/18,2017-11-12,Sharjah Cricket Stadium,2,6.5,Pakistan,New Zealand,Bismah Maroof,Javeria Khan,LM Kasperek,2,0,,,,,,,,,
1122909,2017/18,2017-11-12,Sharjah Cricket Stadium,2,6.6,Pakistan,New Zealand,Bismah Maroof,Javeria Khan,LM Kasperek,0,0,,,,,,caught,Bismah Maroof,,
1122909,2017/18,2017-11-12,Sharjah Cricket Stadium,2,7.1,Pakistan,New Zealand,Javeria Khan,Aliya Riaz,AC Kerr,1,0,,,,,,,,,
1122909,2017/18,2017-11-12,Sharjah Cricket Stadium,2,7.2,Pakistan,New Zealand,Aliya Riaz,Javeria Khan,AC Kerr,0,0,,,,,,,,,
1122909,2017/18,2017-11-12,Sharjah Cricket Stadium,2,7.3,Pakistan,New Zealand,Aliya Riaz,Javeria Khan,AC Kerr,0,0,,,,,,lbw,Aliya Riaz,,
1122909,2017/18,2017-11-12,Sharjah Cricket Stadium,2,7.4,Pakistan,New Zealand,Sana Mir,Javeria Khan,AC Kerr,0,0,,,,,,,,,
1122909,2017/18,2017-11-12,Sharjah Cricket Stadium,2,7.5,Pakistan,New Zealand,Sana Mir,Javeria Khan,AC Kerr,0,0,,,,,,,,,
1122909,2017/18,2017-11-12,Sharjah Cricket Stadium,2,7.6,Pakistan,New Zealand,Sana Mir,Javeria Khan,AC Kerr,0,0,,,,,,,,,
1122909,2017/18,2017-11-12,Sharjah Cricket Stadium,2,8.1,Pakistan,New Zealand,Javeria Khan,Sana Mir,LM Kasperek,1,0,,,,,,,,,
1122909,2017/18,2017-11-12,Sharjah Cricket Stadium,2,8.2,Pakistan,New Zealand,Sana Mir,Javeria Khan,LM Kasperek,0,0,,,,,,,,,
1122909,2017/18,2017-11-12,Sharjah Cricket Stadium,2,8.3,Pakistan,New Zealand,Sana Mir,Javeria Khan,LM Kasperek,1,0,,,,,,,,,
1122909,2017/18,2017-11-12,Sharjah Cricket Stadium,2,8.4,Pakistan,New Zealand,Javeria Khan,Sana Mir,LM Kasperek,1,0,,,,,,,,,
1122909,2017/18,2017-11-12,Sharjah Cricket Stadium,2,8.5,Pakistan,New Zealand,Sana Mir,Javeria Khan,LM Kasperek,1,0,,,,,,,,,
1122909,2017/18,2017-11-12,Sharjah Cricket Stadium,2,8.6,Pakistan,New Zealand,Javeria Khan,Sana Mir,LM Kasperek,1,0,,,,,,,,,
1122909,2017/18,2017-11-12,Sharjah Cricket Stadium,2,9.1,Pakistan,New Zealand,Javeria Khan,Sana Mir,AC Kerr,1,0,,,,,,,,,
1122909,2017/18,2017-11-12,Sharjah Cricket Stadium,2,9.2,Pakistan,New Zealand,Sana Mir,Javeria Khan,AC Kerr,0,0,,,,,,,,,
1122909,2017/18,2017-11-12,Sharjah Cricket Stadium,2,9.3,Pakistan,New Zealand,Sana Mir,Javeria Khan,AC Kerr,1,0,,,,,,,,,
1122909,2017/18,2017-11-12,Sharjah Cricket Stadium,2,9.4,Pakistan,New Zealand,Javeria Khan,Sana Mir,AC Kerr,0,0,,,,,,,,,
1122909,2017/18,2017-11-12,Sharjah Cricket Stadium,2,9.5,Pakistan,New Zealand,Javeria Khan,Sana Mir,AC Kerr,0,0,,,,,,,,,
1122909,2017/18,2017-11-12,Sharjah Cricket Stadium,2,9.6,Pakistan,New Zealand,Javeria Khan,Sana Mir,AC Kerr,0,0,,,,,,caught,Javeria Khan,,
1122909,2017/18,2017-11-12,Sharjah Cricket Stadium,2,10.1,Pakistan,New Zealand,Sidra Nawaz,Sana Mir,SW Bates,0,0,,,,,,,,,
1122909,2017/18,2017-11-12,Sharjah Cricket Stadium,2,10.2,Pakistan,New Zealand,Sidra Nawaz,Sana Mir,SW Bates,0,0,,,,,,,,,
1122909,2017/18,2017-11-12,Sharjah Cricket Stadium,2,10.3,Pakistan,New Zealand,Sidra Nawaz,Sana Mir,SW Bates,2,0,,,,,,,,,
1122909,2017/18,2017-11-12,Sharjah Cricket Stadium,2,10.4,Pakistan,New Zealand,Sidra Nawaz,Sana Mir,SW Bates,0,0,,,,,,,,,
1122909,2017/18,2017-11-12,Sharjah Cricket Stadium,2,10.5,Pakistan,New Zealand,Sidra Nawaz,Sana Mir,SW Bates,0,0,,,,,,,,,
1122909,2017/18,2017-11-12,Sharjah Cricket Stadium,2,10.6,Pakistan,New Zealand,Sidra Nawaz,Sana Mir,SW Bates,0,0,,,,,,run out,Sana Mir,,
1122909,2017/18,2017-11-12,Sharjah Cricket Stadium,2,11.1,Pakistan,New Zealand,Sidra Nawaz,Natalia Pervaiz,AC Kerr,0,0,,,,,,,,,
1122909,2017/18,2017-11-12,Sharjah Cricket Stadium,2,11.2,Pakistan,New Zealand,Sidra Nawaz,Natalia Pervaiz,AC Kerr,0,0,,,,,,,,,
1122909,2017/18,2017-11-12,Sharjah Cricket Stadium,2,11.3,Pakistan,New Zealand,Sidra Nawaz,Natalia Pervaiz,AC Kerr,0,0,,,,,,,,,
1122909,2017/18,2017-11-12,Sharjah Cricket Stadium,2,11.4,Pakistan,New Zealand,Sidra Nawaz,Natalia Pervaiz,AC Kerr,0,0,,,,,,,,,
1122909,2017/18,2017-11-12,Sharjah Cricket Stadium,2,11.5,Pakistan,New Zealand,Sidra Nawaz,Natalia Pervaiz,AC Kerr,4,0,,,,,,,,,
1122909,2017/18,2017-11-12,Sharjah Cricket Stadium,2,11.6,Pakistan,New Zealand,Sidra Nawaz,Natalia Pervaiz,AC Kerr,0,0,,,,,,,,,
1122909,2017/18,2017-11-12,Sharjah Cricket Stadium,2,12.1,Pakistan,New Zealand,Natalia Pervaiz,Sidra Nawaz,TMM Newton,0,0,,,,,,,,,
1122909,2017/18,2017-11-12,Sharjah Cricket Stadium,2,12.2,Pakistan,New Zealand,Natalia Pervaiz,Sidra Nawaz,TMM Newton,0,0,,,,,,,,,
1122909,2017/18,2017-11-12,Sharjah Cricket Stadium,2,12.3,Pakistan,New Zealand,Natalia Pervaiz,Sidra Nawaz,TMM Newton,0,0,,,,,,,,,
1122909,2017/18,2017-11-12,Sharjah Cricket Stadium,2,12.4,Pakistan,New Zealand,Natalia Pervaiz,Sidra Nawaz,TMM Newton,1,0,,,,,,,,,
1122909,2017/18,2017-11-12,Sharjah Cricket Stadium,2,12.5,Pakistan,New Zealand,Sidra Nawaz,Natalia Pervaiz,TMM Newton,1,0,,,,,,,,,
1122909,2017/18,2017-11-12,Sharjah Cricket Stadium,2,12.6,Pakistan,New Zealand,Natalia Pervaiz,Sidra Nawaz,TMM Newton,0,0,,,,,,,,,
1122909,2017/18,2017-11-12,Sharjah Cricket Stadium,2,13.1,Pakistan,New Zealand,Sidra Nawaz,Natalia Pervaiz,AC Kerr,1,0,,,,,,,,,
1122909,2017/18,2017-11-12,Sharjah Cricket Stadium,2,13.2,Pakistan,New Zealand,Natalia Pervaiz,Sidra Nawaz,AC Kerr,0,0,,,,,,,,,
1122909,2017/18,2017-11-12,Sharjah Cricket Stadium,2,13.3,Pakistan,New Zealand,Natalia Pervaiz,Sidra Nawaz,AC Kerr,0,0,,,,,,,,,
1122909,2017/18,2017-11-12,Sharjah Cricket Stadium,2,13.4,Pakistan,New Zealand,Natalia Pervaiz,Sidra Nawaz,AC Kerr,0,0,,,,,,,,,
1122909,2017/18,2017-11-12,Sharjah Cricket Stadium,2,13.5,Pakistan,New Zealand,Natalia Pervaiz,Sidra Nawaz,AC Kerr,0,0,,,,,,,,,
1122909,2017/18,2017-11-12,Sharjah Cricket Stadium,2,13.6,Pakistan,New Zealand,Natalia Pervaiz,Sidra Nawaz,AC Kerr,0,0,,,,,,,,,
1122909,2017/18,2017-11-12,Sharjah Cricket Stadium,2,14.1,Pakistan,New Zealand,Sidra Nawaz,Natalia Pervaiz,TMM Newton,0,1,1,,,,,,,,
1122909,2017/18,2017-11-12,Sharjah Cricket Stadium,2,14.2,Pakistan,New Zealand,Sidra Nawaz,Natalia Pervaiz,TMM Newton,0,0,,,,,,,,,
1122909,2017/18,2017-11-12,Sharjah Cricket Stadium,2,14.3,Pakistan,New Zealand,Sidra Nawaz,Natalia Pervaiz,TMM Newton,0,0,,,,,,,,,
1122909,2017/18,2017-11-12,Sharjah Cricket Stadium,2,14.4,Pakistan,New Zealand,Sidra Nawaz,Natalia Pervaiz,TMM Newton,0,0,,,,,,,,,
1122909,2017/18,2017-11-12,Sharjah Cricket Stadium,2,14.5,Pakistan,New Zealand,Sidra Nawaz,Natalia Pervaiz,TMM Newton,1,0,,,,,,,,,
1122909,2017/18,2017-11-12,Sharjah Cricket Stadium,2,14.6,Pakistan,New Zealand,Natalia Pervaiz,Sidra Nawaz,TMM Newton,1,0,,,,,,,,,
1122909,2017/18,2017-11-12,Sharjah Cricket Stadium,2,14.7,Pakistan,New Zealand,Sidra Nawaz,Natalia Pervaiz,TMM Newton,1,0,,,,,,,,,
1122909,2017/18,2017-11-12,Sharjah Cricket Stadium,2,15.1,Pakistan,New Zealand,Sidra Nawaz,Natalia Pervaiz,HM Rowe,2,0,,,,,,,,,
1122909,2017/18,2017-11-12,Sharjah Cricket Stadium,2,15.2,Pakistan,New Zealand,Sidra Nawaz,Natalia Pervaiz,HM Rowe,0,0,,,,,,,,,
1122909,2017/18,2017-11-12,Sharjah Cricket Stadium,2,15.3,Pakistan,New Zealand,Sidra Nawaz,Natalia Pervaiz,HM Rowe,0,0,,,,,,caught,Sidra Nawaz,,
1122909,2017/18,2017-11-12,Sharjah Cricket Stadium,2,15.4,Pakistan,New Zealand,Aiman Anwer,Natalia Pervaiz,HM Rowe,0,0,,,,,,lbw,Aiman Anwer,,
1122909,2017/18,2017-11-12,Sharjah Cricket Stadium,2,15.5,Pakistan,New Zealand,Nashra Sandhu,Natalia Pervaiz,HM Rowe,0,0,,,,,,,,,
1122909,2017/18,2017-11-12,Sharjah Cricket Stadium,2,15.6,Pakistan,New Zealand,Nashra Sandhu,Natalia Pervaiz,HM Rowe,1,0,,,,,,,,,
1122909,2017/18,2017-11-12,Sharjah Cricket Stadium,2,16.1,Pakistan,New Zealand,Nashra Sandhu,Natalia Pervaiz,AM Peterson,0,0,,,,,,,,,
1122909,2017/18,2017-11-12,Sharjah Cricket Stadium,2,16.2,Pakistan,New Zealand,Nashra Sandhu,Natalia Pervaiz,AM Peterson,0,0,,,,,,,,,
1122909,2017/18,2017-11-12,Sharjah Cricket Stadium,2,16.3,Pakistan,New Zealand,Nashra Sandhu,Natalia Pervaiz,AM Peterson,0,0,,,,,,,,,
1122909,2017/18,2017-11-12,Sharjah Cricket Stadium,2,16.4,Pakistan,New Zealand,Nashra Sandhu,Natalia Pervaiz,AM Peterson,0,0,,,,,,,,,
1122909,2017/18,2017-11-12,Sharjah Cricket Stadium,2,16.5,Pakistan,New Zealand,Nashra Sandhu,Natalia Pervaiz,AM Peterson,0,0,,,,,,,,,
1122909,2017/18,2017-11-12,Sharjah Cricket Stadium,2,16.6,Pakistan,New Zealand,Nashra Sandhu,Natalia Pervaiz,AM Peterson,0,1,1,,,,,,,,
1122909,2017/18,2017-11-12,Sharjah Cricket Stadium,2,16.7,Pakistan,New Zealand,Nashra Sandhu,Natalia Pervaiz,AM Peterson,1,0,,,,,,,,,
1122909,2017/18,2017-11-12,Sharjah Cricket Stadium,2,17.1,Pakistan,New Zealand,Nashra Sandhu,Natalia Pervaiz,HM Rowe,0,0,,,,,,,,,
1122909,2017/18,2017-11-12,Sharjah Cricket Stadium,2,17.2,Pakistan,New Zealand,Nashra Sandhu,Natalia Pervaiz,HM Rowe,0,0,,,,,,,,,
1122909,2017/18,2017-11-12,Sharjah Cricket Stadium,2,17.3,Pakistan,New Zealand,Nashra Sandhu,Natalia Pervaiz,HM Rowe,0,0,,,,,,bowled,Nashra Sandhu,,
1122909,2017/18,2017-11-12,Sharjah Cricket Stadium,2,17.4,Pakistan,New Zealand,Sadia Yousuf,Natalia Pervaiz,HM Rowe,0,0,,,,,,,,,
1122909,2017/18,2017-11-12,Sharjah Cricket Stadium,2,17.5,Pakistan,New Zealand,Sadia Yousuf,Natalia Pervaiz,HM Rowe,0,0,,,,,,,,,
1122909,2017/18,2017-11-12,Sharjah Cricket Stadium,2,17.6,Pakistan,New Zealand,Sadia Yousuf,Natalia Pervaiz,HM Rowe,0,0,,,,,,,,,
1122909,2017/18,2017-11-12,Sharjah Cricket Stadium,2,18.1,Pakistan,New Zealand,Natalia Pervaiz,Sadia Yousuf,AM Peterson,2,0,,,,,,,,,
1122909,2017/18,2017-11-12,Sharjah Cricket Stadium,2,18.2,Pakistan,New Zealand,Natalia Pervaiz,Sadia Yousuf,AM Peterson,1,0,,,,,,,,,
1122909,2017/18,2017-11-12,Sharjah Cricket Stadium,2,18.3,Pakistan,New Zealand,Sadia Yousuf,Natalia Pervaiz,AM Peterson,1,0,,,,,,,,,
1122909,2017/18,2017-11-12,Sharjah Cricket Stadium,2,18.4,Pakistan,New Zealand,Natalia Pervaiz,Sadia Yousuf,AM Peterson,6,0,,,,,,,,,
1122909,2017/18,2017-11-12,Sharjah Cricket Stadium,2,18.5,Pakistan,New Zealand,Natalia Pervaiz,Sadia Yousuf,AM Peterson,1,0,,,,,,,,,
1122909,2017/18,2017-11-12,Sharjah Cricket Stadium,2,18.6,Pakistan,New Zealand,Sadia Yousuf,Natalia Pervaiz,AM Peterson,0,0,,,,,,bowled,Sadia Yousuf,,
