match_id,season,start_date,venue,innings,ball,batting_team,bowling_team,striker,non_striker,bowler,runs_off_bat,extras,wides,noballs,byes,legbyes,penalty,wicket_type,player_dismissed,other_wicket_type,other_player_dismissed
1123208,2017/18,2018-02-18,The Wanderers Stadium,1,0.1,India,South Africa,M Raj,S Mandhana,M Kapp,0,0,,,,,,,,,
1123208,2017/18,2018-02-18,The Wanderers Stadium,1,0.2,India,South Africa,M Raj,S Mandhana,M Kapp,0,0,,,,,,,,,
1123208,2017/18,2018-02-18,The Wanderers Stadium,1,0.3,India,South Africa,M Raj,S Mandhana,M Kapp,0,0,,,,,,,,,
1123208,2017/18,2018-02-18,The Wanderers Stadium,1,0.4,India,South Africa,M Raj,S Mandhana,M Kapp,0,0,,,,,,,,,
1123208,2017/18,2018-02-18,The Wanderers Stadium,1,0.5,India,South Africa,M Raj,S Mandhana,M Kapp,0,0,,,,,,caught,M Raj,,
1123208,2017/18,2018-02-18,The Wanderers Stadium,1,0.6,India,South Africa,H Kaur,S Mandhana,M Kapp,0,0,,,,,,,,,
1123208,2017/18,2018-02-18,The Wanderers Stadium,1,1.1,India,South Africa,S Mandhana,H Kaur,S Ismail,4,0,,,,,,,,,
1123208,2017/18,2018-02-18,The Wanderers Stadium,1,1.2,India,South Africa,S Mandhana,H Kaur,S Ismail,4,0,,,,,,,,,
1123208,2017/18,2018-02-18,The Wanderers Stadium,1,1.3,India,South Africa,S Mandhana,H Kaur,S Ismail,4,0,,,,,,,,,
1123208,2017/18,2018-02-18,The Wanderers Stadium,1,1.4,India,South Africa,S Mandhana,H Kaur,S Ismail,4,0,,,,,,,,,
1123208,2017/18,2018-02-18,The Wanderers Stadium,1,1.5,India,South Africa,S Mandhana,H Kaur,S Ismail,0,0,,,,,,,,,
1123208,2017/18,2018-02-18,The Wanderers Stadium,1,1.6,India,South Africa,S Mandhana,H Kaur,S Ismail,1,0,,,,,,,,,
1123208,2017/18,2018-02-18,The Wanderers Stadium,1,2.1,India,South Africa,S Mandhana,H Kaur,M Kapp,0,0,,,,,,,,,
1123208,2017/18,2018-02-18,The Wanderers Stadium,1,2.2,India,South Africa,S Mandhana,H Kaur,M Kapp,0,0,,,,,,,,,
1123208,2017/18,2018-02-18,The Wanderers Stadium,1,2.3,India,South Africa,S Mandhana,H Kaur,M Kapp,0,0,,,,,,,,,
1123208,2017/18,2018-02-18,The Wanderers Stadium,1,2.4,India,South Africa,S Mandhana,H Kaur,M Kapp,1,0,,,,,,,,,
1123208,2017/18,2018-02-18,The Wanderers Stadium,1,2.5,India,South Africa,H Kaur,S Mandhana,M Kapp,1,0,,,,,,,,,
1123208,2017/18,2018-02-18,The Wanderers Stadium,1,2.6,India,South Africa,S Mandhana,H Kaur,M Kapp,0,0,,,,,,,,,
1123208,2017/18,2018-02-18,The Wanderers Stadium,1,3.1,India,South Africa,H Kaur,S Mandhana,M Daniels,1,0,,,,,,,,,
1123208,2017/18,2018-02-18,The Wanderers Stadium,1,3.2,India,South Africa,S Mandhana,H Kaur,M Daniels,4,0,,,,,,,,,
1123208,2017/18,2018-02-18,The Wanderers Stadium,1,3.3,India,South Africa,S Mandhana,H Kaur,M Daniels,1,0,,,,,,,,,
1123208,2017/18,2018-02-18,The Wanderers Stadium,1,3.4,India,South Africa,H Kaur,S Mandhana,M Daniels,4,0,,,,,,,,,
1123208,2017/18,2018-02-18,The Wanderers Stadium,1,3.5,India,South Africa,H Kaur,S Mandhana,M Daniels,0,0,,,,,,,,,
1123208,2017/18,2018-02-18,The Wanderers Stadium,1,3.6,India,South Africa,H Kaur,S Mandhana,M Daniels,4,0,,,,,,,,,
1123208,2017/18,2018-02-18,The Wanderers Stadium,1,4.1,India,South Africa,S Mandhana,H Kaur,M Kapp,0,0,,,,,,,,,
1123208,2017/18,2018-02-18,The Wanderers Stadium,1,4.2,India,South Africa,S Mandhana,H Kaur,M Kapp,0,0,,,,,,,,,
1123208,2017/18,2018-02-18,The Wanderers Stadium,1,4.3,India,South Africa,S Mandhana,H Kaur,M Kapp,0,1,1,,,,,,,,
1123208,2017/18,2018-02-18,The Wanderers Stadium,1,4.4,India,South Africa,S Mandhana,H Kaur,M Kapp,1,0,,,,,,,,,
1123208,2017/18,2018-02-18,The Wanderers Stadium,1,4.5,India,South Africa,H Kaur,S Mandhana,M Kapp,2,0,,,,,,,,,
1123208,2017/18,2018-02-18,The Wanderers Stadium,1,4.6,India,South Africa,H Kaur,S Mandhana,M Kapp,0,0,,,,,,,,,
1123208,2017/18,2018-02-18,The Wanderers Stadium,1,4.7,India,South Africa,H Kaur,S Mandhana,M Kapp,0,0,,,,,,,,,
1123208,2017/18,2018-02-18,The Wanderers Stadium,1,5.1,India,South Africa,S Mandhana,H Kaur,CL Tryon,4,0,,,,,,,,,
1123208,2017/18,2018-02-18,The Wanderers Stadium,1,5.2,India,South Africa,S Mandhana,H Kaur,CL Tryon,1,0,,,,,,,,,
1123208,2017/18,2018-02-18,The Wanderers Stadium,1,5.3,India,South Africa,H Kaur,S Mandhana,CL Tryon,0,0,,,,,,,,,
1123208,2017/18,2018-02-18,The Wanderers Stadium,1,5.4,India,South Africa,H Kaur,S Mandhana,CL Tryon,1,0,,,,,,,,,
1123208,2017/18,2018-02-18,The Wanderers Stadium,1,5.5,India,South Africa,S Mandhana,H Kaur,CL Tryon,0,0,,,,,,,,,
1123208,2017/18,2018-02-18,The Wanderers Stadium,1,5.6,India,South Africa,S Mandhana,H Kaur,CL Tryon,6,0,,,,,,,,,
1123208,2017/18,2018-02-18,The Wanderers Stadium,1,6.1,India,South Africa,H Kaur,S Mandhana,R Ntozakhe,1,0,,,,,,,,,
1123208,2017/18,2018-02-18,The Wanderers Stadium,1,6.2,India,South Africa,S Mandhana,H Kaur,R Ntozakhe,0,0,,,,,,,,,
1123208,2017/18,2018-02-18,The Wanderers Stadium,1,6.3,India,South Africa,S Mandhana,H Kaur,R Ntozakhe,1,0,,,,,,,,,
1123208,2017/18,2018-02-18,The Wanderers Stadium,1,6.4,India,South Africa,H Kaur,S Mandhana,R Ntozakhe,1,0,,,,,,,,,
1123208,2017/18,2018-02-18,The Wanderers Stadium,1,6.5,India,South Africa,S Mandhana,H Kaur,R Ntozakhe,1,0,,,,,,,,,
1123208,2017/18,2018-02-18,The Wanderers Stadium,1,6.6,India,South Africa,H Kaur,S Mandhana,R Ntozakhe,1,0,,,,,,,,,
1123208,2017/18,2018-02-18,The Wanderers Stadium,1,7.1,India,South Africa,H Kaur,S Mandhana,D van Niekerk,1,0,,,,,,,,,
1123208,2017/18,2018-02-18,The Wanderers Stadium,1,7.2,India,South Africa,S Mandhana,H Kaur,D van Niekerk,0,0,,,,,,caught,S Mandhana,,
1123208,2017/18,2018-02-18,The Wanderers Stadium,1,7.3,India,South Africa,JI Rodrigues,H Kaur,D van Niekerk,1,0,,,,,,,,,
1123208,2017/18,2018-02-18,The Wanderers Stadium,1,7.4,India,South Africa,H Kaur,JI Rodrigues,D van Niekerk,0,0,,,,,,,,,
1123208,2017/18,2018-02-18,The Wanderers Stadium,1,7.5,India,South Africa,H Kaur,JI Rodrigues,D van Niekerk,4,0,,,,,,,,,
1123208,2017/18,2018-02-18,The Wanderers Stadium,1,7.6,India,South Africa,H Kaur,JI Rodrigues,D van Niekerk,0,0,,,,,,,,,
1123208,2017/18,2018-02-18,The Wanderers Stadium,1,8.1,India,South Africa,JI Rodrigues,H Kaur,R Ntozakhe,1,0,,,,,,,,,
1123208,2017/18,2018-02-18,The Wanderers Stadium,1,8.2,India,South Africa,H Kaur,JI Rodrigues,R Ntozakhe,1,0,,,,,,,,,
1123208,2017/18,2018-02-18,The Wanderers Stadium,1,8.3,India,South Africa,JI Rodrigues,H Kaur,R Ntozakhe,0,0,,,,,,,,,
1123208,2017/18,2018-02-18,The Wanderers Stadium,1,8.4,India,South Africa,JI Rodrigues,H Kaur,R Ntozakhe,0,0,,,,,,,,,
1123208,2017/18,2018-02-18,The Wanderers Stadium,1,8.5,India,South Africa,JI Rodrigues,H Kaur,R Ntozakhe,1,0,,,,,,,,,
1123208,2017/18,2018-02-18,The Wanderers Stadium,1,8.6,India,South Africa,H Kaur,JI Rodrigues,R Ntozakhe,0,0,,,,,,,,,
1123208,2017/18,2018-02-18,The Wanderers Stadium,1,9.1,India,South Africa,JI Rodrigues,H Kaur,D van Niekerk,1,0,,,,,,,,,
1123208,2017/18,2018-02-18,The Wanderers Stadium,1,9.2,India,South Africa,H Kaur,JI Rodrigues,D van Niekerk,1,0,,,,,,,,,
1123208,2017/18,2018-02-18,The Wanderers Stadium,1,9.3,India,South Africa,JI Rodrigues,H Kaur,D van Niekerk,1,0,,,,,,,,,
1123208,2017/18,2018-02-18,The Wanderers Stadium,1,9.4,India,South Africa,H Kaur,JI Rodrigues,D van Niekerk,6,0,,,,,,,,,
1123208,2017/18,2018-02-18,The Wanderers Stadium,1,9.5,India,South Africa,H Kaur,JI Rodrigues,D van Niekerk,1,0,,,,,,,,,
1123208,2017/18,2018-02-18,The Wanderers Stadium,1,9.6,India,South Africa,JI Rodrigues,H Kaur,D van Niekerk,0,0,,,,,,,,,
1123208,2017/18,2018-02-18,The Wanderers Stadium,1,10.1,India,South Africa,H Kaur,JI Rodrigues,R Ntozakhe,6,0,,,,,,,,,
1123208,2017/18,2018-02-18,The Wanderers Stadium,1,10.2,India,South Africa,H Kaur,JI Rodrigues,R Ntozakhe,0,0,,,,,,,,,
1123208,2017/18,2018-02-18,The Wanderers Stadium,1,10.3,India,South Africa,H Kaur,JI Rodrigues,R Ntozakhe,0,0,,,,,,,,,
1123208,2017/18,2018-02-18,The Wanderers Stadium,1,10.4,India,South Africa,H Kaur,JI Rodrigues,R Ntozakhe,4,0,,,,,,,,,
1123208,2017/18,2018-02-18,The Wanderers Stadium,1,10.5,India,South Africa,H Kaur,JI Rodrigues,R Ntozakhe,4,0,,,,,,,,,
1123208,2017/18,2018-02-18,The Wanderers Stadium,1,10.6,India,South Africa,H Kaur,JI Rodrigues,R Ntozakhe,4,0,,,,,,,,,
1123208,2017/18,2018-02-18,The Wanderers Stadium,1,11.1,India,South Africa,JI Rodrigues,H Kaur,S Ismail,1,0,,,,,,,,,
1123208,2017/18,2018-02-18,The Wanderers Stadium,1,11.2,India,South Africa,H Kaur,JI Rodrigues,S Ismail,0,1,1,,,,,,,,
1123208,2017/18,2018-02-18,The Wanderers Stadium,1,11.3,India,South Africa,H Kaur,JI Rodrigues,S Ismail,0,0,,,,,,caught,H Kaur,,
1123208,2017/18,2018-02-18,The Wanderers Stadium,1,11.4,India,South Africa,V Krishnamurthy,JI Rodrigues,S Ismail,1,0,,,,,,,,,
1123208,2017/18,2018-02-18,The Wanderers Stadium,1,11.5,India,South Africa,JI Rodrigues,V Krishnamurthy,S Ismail,0,0,,,,,,caught,JI Rodrigues,,
1123208,2017/18,2018-02-18,The Wanderers Stadium,1,11.6,India,South Africa,AA Patil,V Krishnamurthy,S Ismail,1,0,,,,,,,,,
1123208,2017/18,2018-02-18,The Wanderers Stadium,1,11.7,India,South Africa,V Krishnamurthy,AA Patil,S Ismail,0,0,,,,,,,,,
1123208,2017/18,2018-02-18,The Wanderers Stadium,1,12.1,India,South Africa,AA Patil,V Krishnamurthy,M Klaas,0,0,,,,,,,,,
1123208,2017/18,2018-02-18,The Wanderers Stadium,1,12.2,India,South Africa,AA Patil,V Krishnamurthy,M Klaas,1,0,,,,,,,,,
1123208,2017/18,2018-02-18,The Wanderers Stadium,1,12.3,India,South Africa,V Krishnamurthy,AA Patil,M Klaas,1,0,,,,,,,,,
1123208,2017/18,2018-02-18,The Wanderers Stadium,1,12.4,India,South Africa,AA Patil,V Krishnamurthy,M Klaas,4,0,,,,,,,,,
1123208,2017/18,2018-02-18,The Wanderers Stadium,1,12.5,India,South Africa,AA Patil,V Krishnamurthy,M Klaas,1,0,,,,,,,,,
1123208,2017/18,2018-02-18,The Wanderers Stadium,1,12.6,India,South Africa,V Krishnamurthy,AA Patil,M Klaas,1,0,,,,,,,,,
1123208,2017/18,2018-02-18,The Wanderers Stadium,1,13.1,India,South Africa,V Krishnamurthy,AA Patil,S Ismail,4,0,,,,,,,,,
1123208,2017/18,2018-02-18,The Wanderers Stadium,1,13.2,India,South Africa,V Krishnamurthy,AA Patil,S Ismail,1,0,,,,,,,,,
1123208,2017/18,2018-02-18,The Wanderers Stadium,1,13.3,India,South Africa,AA Patil,V Krishnamurthy,S Ismail,0,0,,,,,,,,,
1123208,2017/18,2018-02-18,The Wanderers Stadium,1,13.4,India,South Africa,AA Patil,V Krishnamurthy,S Ismail,0,0,,,,,,,,,
1123208,2017/18,2018-02-18,The Wanderers Stadium,1,13.5,India,South Africa,AA Patil,V Krishnamurthy,S Ismail,0,0,,,,,,caught,AA Patil,,
1123208,2017/18,2018-02-18,The Wanderers Stadium,1,13.6,India,South Africa,V Krishnamurthy,S Pandey,S Ismail,1,0,,,,,,,,,
1123208,2017/18,2018-02-18,The Wanderers Stadium,1,14.1,India,South Africa,V Krishnamurthy,S Pandey,M Klaas,1,0,,,,,,,,,
1123208,2017/18,2018-02-18,The Wanderers Stadium,1,14.2,India,South Africa,S Pandey,V Krishnamurthy,M Klaas,0,0,,,,,,,,,
1123208,2017/18,2018-02-18,The Wanderers Stadium,1,14.3,India,South Africa,S Pandey,V Krishnamurthy,M Klaas,1,0,,,,,,,,,
1123208,2017/18,2018-02-18,The Wanderers Stadium,1,14.4,India,South Africa,V Krishnamurthy,S Pandey,M Klaas,4,0,,,,,,,,,
1123208,2017/18,2018-02-18,The Wanderers Stadium,1,14.5,India,South Africa,V Krishnamurthy,S Pandey,M Klaas,1,0,,,,,,,,,
1123208,2017/18,2018-02-18,The Wanderers Stadium,1,14.6,India,South Africa,S Pandey,V Krishnamurthy,M Klaas,0,0,,,,,,,,,
1123208,2017/18,2018-02-18,The Wanderers Stadium,1,15.1,India,South Africa,V Krishnamurthy,S Pandey,M Daniels,4,0,,,,,,,,,
1123208,2017/18,2018-02-18,The Wanderers Stadium,1,15.2,India,South Africa,V Krishnamurthy,S Pandey,M Daniels,4,0,,,,,,,,,
1123208,2017/18,2018-02-18,The Wanderers Stadium,1,15.3,India,South Africa,V Krishnamurthy,S Pandey,M Daniels,0,0,,,,,,,,,
1123208,2017/18,2018-02-18,The Wanderers Stadium,1,15.4,India,South Africa,V Krishnamurthy,S Pandey,M Daniels,0,0,,,,,,bowled,V Krishnamurthy,,
1123208,2017/18,2018-02-18,The Wanderers Stadium,1,15.5,India,South Africa,T Bhatia,S Pandey,M Daniels,0,0,,,,,,,,,
1123208,2017/18,2018-02-18,The Wanderers Stadium,1,15.6,India,South Africa,T Bhatia,S Pandey,M Daniels,1,0,,,,,,,,,
1123208,2017/18,2018-02-18,The Wanderers Stadium,1,16.1,India,South Africa,T Bhatia,S Pandey,M Klaas,0,0,,,,,,caught,T Bhatia,,
1123208,2017/18,2018-02-18,The Wanderers Stadium,1,16.2,India,South Africa,S Pandey,P Vastrakar,M Klaas,2,0,,,,,,,,,
1123208,2017/18,2018-02-18,The Wanderers Stadium,1,16.3,India,South Africa,S Pandey,P Vastrakar,M Klaas,0,0,,,,,,caught,S Pandey,,
1123208,2017/18,2018-02-18,The Wanderers Stadium,1,16.4,India,South Africa,Poonam Yadav,P Vastrakar,M Klaas,1,0,,,,,,,,,
1123208,2017/18,2018-02-18,The Wanderers Stadium,1,16.5,India,South Africa,P Vastrakar,Poonam Yadav,M Klaas,1,0,,,,,,,,,
1123208,2017/18,2018-02-18,The Wanderers Stadium,1,16.6,India,South Africa,Poonam Yadav,P Vastrakar,M Klaas,1,0,,,,,,,,,
1123208,2017/18,2018-02-18,The Wanderers Stadium,1,17.1,India,South Africa,Poonam Yadav,P Vastrakar,S Ismail,1,0,,,,,,,,,
1123208,2017/18,2018-02-18,The Wanderers Stadium,1,17.2,India,South Africa,P Vastrakar,Poonam Yadav,S Ismail,1,0,,,,,,,,,
1123208,2017/18,2018-02-18,The Wanderers Stadium,1,17.3,India,South Africa,Poonam Yadav,P Vastrakar,S Ismail,0,0,,,,,,caught,Poonam Yadav,,
1123208,2017/18,2018-02-18,The Wanderers Stadium,1,17.4,India,South Africa,RS Gayakwad,P Vastrakar,S Ismail,1,0,,,,,,,,,
1123208,2017/18,2018-02-18,The Wanderers Stadium,1,17.5,India,South Africa,P Vastrakar,RS Gayakwad,S Ismail,0,0,,,,,,caught,P Vastrakar,,
1123208,2017/18,2018-02-18,The Wanderers Stadium,2,0.1,South Africa,India,L Lee,D van Niekerk,P Vastrakar,0,0,,,,,,,,,
1123208,2017/18,2018-02-18,The Wanderers Stadium,2,0.2,South Africa,India,L Lee,D van Niekerk,P Vastrakar,0,0,,,,,,,,,
1123208,2017/18,2018-02-18,The Wanderers Stadium,2,0.3,South Africa,India,L Lee,D van Niekerk,P Vastrakar,0,0,,,,,,,,,
1123208,2017/18,2018-02-18,The Wanderers Stadium,2,0.4,South Africa,India,L Lee,D van Niekerk,P Vastrakar,0,0,,,,,,,,,
1123208,2017/18,2018-02-18,The Wanderers Stadium,2,0.5,South Africa,India,L Lee,D van Niekerk,P Vastrakar,0,0,,,,,,,,,
1123208,2017/18,2018-02-18,The Wanderers Stadium,2,0.6,South Africa,India,L Lee,D van Niekerk,P Vastrakar,0,0,,,,,,,,,
1123208,2017/18,2018-02-18,The Wanderers Stadium,2,1.1,South Africa,India,D van Niekerk,L Lee,S Pandey,1,0,,,,,,,,,
1123208,2017/18,2018-02-18,The Wanderers Stadium,2,1.2,South Africa,India,L Lee,D van Niekerk,S Pandey,0,0,,,,,,,,,
1123208,2017/18,2018-02-18,The Wanderers Stadium,2,1.3,South Africa,India,L Lee,D van Niekerk,S Pandey,0,0,,,,,,,,,
1123208,2017/18,2018-02-18,The Wanderers Stadium,2,1.4,South Africa,India,L Lee,D van Niekerk,S Pandey,4,0,,,,,,,,,
1123208,2017/18,2018-02-18,The Wanderers Stadium,2,1.5,South Africa,India,L Lee,D van Niekerk,S Pandey,1,0,,,,,,,,,
1123208,2017/18,2018-02-18,The Wanderers Stadium,2,1.6,South Africa,India,D van Niekerk,L Lee,S Pandey,1,0,,,,,,,,,
1123208,2017/18,2018-02-18,The Wanderers Stadium,2,2.1,South Africa,India,D van Niekerk,L Lee,P Vastrakar,4,0,,,,,,,,,
1123208,2017/18,2018-02-18,The Wanderers Stadium,2,2.2,South Africa,India,D van Niekerk,L Lee,P Vastrakar,0,0,,,,,,,,,
1123208,2017/18,2018-02-18,The Wanderers Stadium,2,2.3,South Africa,India,D van Niekerk,L Lee,P Vastrakar,1,0,,,,,,,,,
1123208,2017/18,2018-02-18,The Wanderers Stadium,2,2.4,South Africa,India,L Lee,D van Niekerk,P Vastrakar,0,0,,,,,,,,,
1123208,2017/18,2018-02-18,The Wanderers Stadium,2,2.5,South Africa,India,L Lee,D van Niekerk,P Vastrakar,0,0,,,,,,caught,L Lee,,
1123208,2017/18,2018-02-18,The Wanderers Stadium,2,2.6,South Africa,India,D van Niekerk,S Luus,P Vastrakar,1,0,,,,,,,,,
1123208,2017/18,2018-02-18,The Wanderers Stadium,2,3.1,South Africa,India,D van Niekerk,S Luus,RS Gayakwad,0,0,,,,,,,,,
1123208,2017/18,2018-02-18,The Wanderers Stadium,2,3.2,South Africa,India,D van Niekerk,S Luus,RS Gayakwad,0,0,,,,,,,,,
1123208,2017/18,2018-02-18,The Wanderers Stadium,2,3.3,South Africa,India,D van Niekerk,S Luus,RS Gayakwad,1,0,,,,,,,,,
1123208,2017/18,2018-02-18,The Wanderers Stadium,2,3.4,South Africa,India,S Luus,D van Niekerk,RS Gayakwad,1,0,,,,,,,,,
1123208,2017/18,2018-02-18,The Wanderers Stadium,2,3.5,South Africa,India,D van Niekerk,S Luus,RS Gayakwad,0,0,,,,,,,,,
1123208,2017/18,2018-02-18,The Wanderers Stadium,2,3.6,South Africa,India,D van Niekerk,S Luus,RS Gayakwad,1,0,,,,,,,,,
1123208,2017/18,2018-02-18,The Wanderers Stadium,2,4.1,South Africa,India,D van Niekerk,S Luus,P Vastrakar,4,0,,,,,,,,,
1123208,2017/18,2018-02-18,The Wanderers Stadium,2,4.2,South Africa,India,D van Niekerk,S Luus,P Vastrakar,4,0,,,,,,,,,
1123208,2017/18,2018-02-18,The Wanderers Stadium,2,4.3,South Africa,India,D van Niekerk,S Luus,P Vastrakar,0,0,,,,,,,,,
1123208,2017/18,2018-02-18,The Wanderers Stadium,2,4.4,South Africa,India,D van Niekerk,S Luus,P Vastrakar,0,1,1,,,,,,,,
1123208,2017/18,2018-02-18,The Wanderers Stadium,2,4.5,South Africa,India,D van Niekerk,S Luus,P Vastrakar,4,0,,,,,,,,,
1123208,2017/18,2018-02-18,The Wanderers Stadium,2,4.6,South Africa,India,D van Niekerk,S Luus,P Vastrakar,0,0,,,,,,,,,
1123208,2017/18,2018-02-18,The Wanderers Stadium,2,4.7,South Africa,India,D van Niekerk,S Luus,P Vastrakar,0,0,,,,,,,,,
1123208,2017/18,2018-02-18,The Wanderers Stadium,2,5.1,South Africa,India,S Luus,D van Niekerk,RS Gayakwad,0,0,,,,,,,,,
1123208,2017/18,2018-02-18,The Wanderers Stadium,2,5.2,South Africa,India,S Luus,D van Niekerk,RS Gayakwad,1,0,,,,,,,,,
1123208,2017/18,2018-02-18,The Wanderers Stadium,2,5.3,South Africa,India,D van Niekerk,S Luus,RS Gayakwad,4,0,,,,,,,,,
1123208,2017/18,2018-02-18,The Wanderers Stadium,2,5.4,South Africa,India,D van Niekerk,S Luus,RS Gayakwad,0,0,,,,,,,,,
1123208,2017/18,2018-02-18,The Wanderers Stadium,2,5.5,South Africa,India,D van Niekerk,S Luus,RS Gayakwad,0,0,,,,,,caught,D van Niekerk,,
1123208,2017/18,2018-02-18,The Wanderers Stadium,2,5.6,South Africa,India,M du Preez,S Luus,RS Gayakwad,1,0,,,,,,,,,
1123208,2017/18,2018-02-18,The Wanderers Stadium,2,6.1,South Africa,India,M du Preez,S Luus,AA Patil,1,0,,,,,,,,,
1123208,2017/18,2018-02-18,The Wanderers Stadium,2,6.2,South Africa,India,S Luus,M du Preez,AA Patil,0,0,,,,,,,,,
1123208,2017/18,2018-02-18,The Wanderers Stadium,2,6.3,South Africa,India,S Luus,M du Preez,AA Patil,1,0,,,,,,,,,
1123208,2017/18,2018-02-18,The Wanderers Stadium,2,6.4,South Africa,India,M du Preez,S Luus,AA Patil,1,0,,,,,,,,,
1123208,2017/18,2018-02-18,The Wanderers Stadium,2,6.5,South Africa,India,S Luus,M du Preez,AA Patil,1,0,,,,,,,,,
1123208,2017/18,2018-02-18,The Wanderers Stadium,2,6.6,South Africa,India,M du Preez,S Luus,AA Patil,1,0,,,,,,,,,
1123208,2017/18,2018-02-18,The Wanderers Stadium,2,7.1,South Africa,India,M du Preez,S Luus,Poonam Yadav,0,0,,,,,,,,,
1123208,2017/18,2018-02-18,The Wanderers Stadium,2,7.2,South Africa,India,M du Preez,S Luus,Poonam Yadav,1,0,,,,,,,,,
1123208,2017/18,2018-02-18,The Wanderers Stadium,2,7.3,South Africa,India,S Luus,M du Preez,Poonam Yadav,1,0,,,,,,,,,
1123208,2017/18,2018-02-18,The Wanderers Stadium,2,7.4,South Africa,India,M du Preez,S Luus,Poonam Yadav,0,0,,,,,,,,,
1123208,2017/18,2018-02-18,The Wanderers Stadium,2,7.5,South Africa,India,M du Preez,S Luus,Poonam Yadav,0,0,,,,,,,,,
1123208,2017/18,2018-02-18,The Wanderers Stadium,2,7.6,South Africa,India,M du Preez,S Luus,Poonam Yadav,1,0,,,,,,,,,
1123208,2017/18,2018-02-18,The Wanderers Stadium,2,8.1,South Africa,India,M du Preez,S Luus,AA Patil,1,0,,,,,,,,,
1123208,2017/18,2018-02-18,The Wanderers Stadium,2,8.2,South Africa,India,S Luus,M du Preez,AA Patil,4,0,,,,,,,,,
1123208,2017/18,2018-02-18,The Wanderers Stadium,2,8.3,South Africa,India,S Luus,M du Preez,AA Patil,1,0,,,,,,,,,
1123208,2017/18,2018-02-18,The Wanderers Stadium,2,8.4,South Africa,India,M du Preez,S Luus,AA Patil,1,0,,,,,,,,,
1123208,2017/18,2018-02-18,The Wanderers Stadium,2,8.5,South Africa,India,S Luus,M du Preez,AA Patil,0,0,,,,,,,,,
1123208,2017/18,2018-02-18,The Wanderers Stadium,2,8.6,South Africa,India,S Luus,M du Preez,AA Patil,1,0,,,,,,,,,
1123208,2017/18,2018-02-18,The Wanderers Stadium,2,9.1,South Africa,India,S Luus,M du Preez,Poonam Yadav,1,0,,,,,,,,,
1123208,2017/18,2018-02-18,The Wanderers Stadium,2,9.2,South Africa,India,M du Preez,S Luus,Poonam Yadav,1,0,,,,,,,,,
1123208,2017/18,2018-02-18,The Wanderers Stadium,2,9.3,South Africa,India,S Luus,M du Preez,Poonam Yadav,1,0,,,,,,,,,
1123208,2017/18,2018-02-18,The Wanderers Stadium,2,9.4,South Africa,India,M du Preez,S Luus,Poonam Yadav,0,0,,,,,,,,,
1123208,2017/18,2018-02-18,The Wanderers Stadium,2,9.5,South Africa,India,M du Preez,S Luus,Poonam Yadav,1,0,,,,,,,,,
1123208,2017/18,2018-02-18,The Wanderers Stadium,2,9.6,South Africa,India,S Luus,M du Preez,Poonam Yadav,0,0,,,,,,,,,
1123208,2017/18,2018-02-18,The Wanderers Stadium,2,10.1,South Africa,India,M du Preez,S Luus,S Pandey,1,0,,,,,,,,,
1123208,2017/18,2018-02-18,The Wanderers Stadium,2,10.2,South Africa,India,S Luus,M du Preez,S Pandey,1,0,,,,,,,,,
1123208,2017/18,2018-02-18,The Wanderers Stadium,2,10.3,South Africa,India,M du Preez,S Luus,S Pandey,2,0,,,,,,,,,
1123208,2017/18,2018-02-18,The Wanderers Stadium,2,10.4,South Africa,India,M du Preez,S Luus,S Pandey,1,0,,,,,,,,,
1123208,2017/18,2018-02-18,The Wanderers Stadium,2,10.5,South Africa,India,S Luus,M du Preez,S Pandey,4,0,,,,,,,,,
1123208,2017/18,2018-02-18,The Wanderers Stadium,2,10.6,South Africa,India,S Luus,M du Preez,S Pandey,4,0,,,,,,,,,
1123208,2017/18,2018-02-18,The Wanderers Stadium,2,11.1,South Africa,India,M du Preez,S Luus,Poonam Yadav,1,0,,,,,,,,,
1123208,2017/18,2018-02-18,The Wanderers Stadium,2,11.2,South Africa,India,S Luus,M du Preez,Poonam Yadav,1,0,,,,,,,,,
1123208,2017/18,2018-02-18,The Wanderers Stadium,2,11.3,South Africa,India,M du Preez,S Luus,Poonam Yadav,1,0,,,,,,,,,
1123208,2017/18,2018-02-18,The Wanderers Stadium,2,11.4,South Africa,India,S Luus,M du Preez,Poonam Yadav,1,0,,,,,,,,,
1123208,2017/18,2018-02-18,The Wanderers Stadium,2,11.5,South Africa,India,M du Preez,S Luus,Poonam Yadav,0,0,,,,,,,,,
1123208,2017/18,2018-02-18,The Wanderers Stadium,2,11.6,South Africa,India,M du Preez,S Luus,Poonam Yadav,0,0,,,,,,,,,
1123208,2017/18,2018-02-18,The Wanderers Stadium,2,12.1,South Africa,India,S Luus,M du Preez,RS Gayakwad,0,0,,,,,,,,,
1123208,2017/18,2018-02-18,The Wanderers Stadium,2,12.2,South Africa,India,S Luus,M du Preez,RS Gayakwad,1,0,,,,,,,,,
1123208,2017/18,2018-02-18,The Wanderers Stadium,2,12.3,South Africa,India,M du Preez,S Luus,RS Gayakwad,1,0,,,,,,,,,
1123208,2017/18,2018-02-18,The Wanderers Stadium,2,12.4,South Africa,India,S Luus,M du Preez,RS Gayakwad,1,0,,,,,,,,,
1123208,2017/18,2018-02-18,The Wanderers Stadium,2,12.5,South Africa,India,M du Preez,S Luus,RS Gayakwad,0,0,,,,,,,,,
1123208,2017/18,2018-02-18,The Wanderers Stadium,2,12.6,South Africa,India,M du Preez,S Luus,RS Gayakwad,1,0,,,,,,,,,
1123208,2017/18,2018-02-18,The Wanderers Stadium,2,13.1,South Africa,India,M du Preez,S Luus,Poonam Yadav,1,0,,,,,,,,,
1123208,2017/18,2018-02-18,The Wanderers Stadium,2,13.2,South Africa,India,S Luus,M du Preez,Poonam Yadav,4,0,,,,,,,,,
1123208,2017/18,2018-02-18,The Wanderers Stadium,2,13.3,South Africa,India,S Luus,M du Preez,Poonam Yadav,1,0,,,,,,,,,
1123208,2017/18,2018-02-18,The Wanderers Stadium,2,13.4,South Africa,India,M du Preez,S Luus,Poonam Yadav,1,0,,,,,,,,,
1123208,2017/18,2018-02-18,The Wanderers Stadium,2,13.5,South Africa,India,S Luus,M du Preez,Poonam Yadav,1,0,,,,,,,,,
1123208,2017/18,2018-02-18,The Wanderers Stadium,2,13.6,South Africa,India,M du Preez,S Luus,Poonam Yadav,0,0,,,,,,caught,M du Preez,,
1123208,2017/18,2018-02-18,The Wanderers Stadium,2,14.1,South Africa,India,CL Tryon,S Luus,RS Gayakwad,1,0,,,,,,,,,
1123208,2017/18,2018-02-18,The Wanderers Stadium,2,14.2,South Africa,India,S Luus,CL Tryon,RS Gayakwad,0,0,,,,,,,,,
1123208,2017/18,2018-02-18,The Wanderers Stadium,2,14.3,South Africa,India,S Luus,CL Tryon,RS Gayakwad,0,0,,,,,,,,,
1123208,2017/18,2018-02-18,The Wanderers Stadium,2,14.4,South Africa,India,S Luus,CL Tryon,RS Gayakwad,1,0,,,,,,,,,
1123208,2017/18,2018-02-18,The Wanderers Stadium,2,14.5,South Africa,India,CL Tryon,S Luus,RS Gayakwad,1,0,,,,,,,,,
1123208,2017/18,2018-02-18,The Wanderers Stadium,2,14.6,South Africa,India,S Luus,CL Tryon,RS Gayakwad,4,0,,,,,,,,,
1123208,2017/18,2018-02-18,The Wanderers Stadium,2,15.1,South Africa,India,CL Tryon,S Luus,AA Patil,1,0,,,,,,,,,
1123208,2017/18,2018-02-18,The Wanderers Stadium,2,15.2,South Africa,India,S Luus,CL Tryon,AA Patil,2,0,,,,,,,,,
1123208,2017/18,2018-02-18,The Wanderers Stadium,2,15.3,South Africa,India,S Luus,CL Tryon,AA Patil,1,0,,,,,,,,,
1123208,2017/18,2018-02-18,The Wanderers Stadium,2,15.4,South Africa,India,CL Tryon,S Luus,AA Patil,6,0,,,,,,,,,
1123208,2017/18,2018-02-18,The Wanderers Stadium,2,15.5,South Africa,India,CL Tryon,S Luus,AA Patil,4,0,,,,,,,,,
1123208,2017/18,2018-02-18,The Wanderers Stadium,2,15.6,South Africa,India,CL Tryon,S Luus,AA Patil,4,0,,,,,,,,,
1123208,2017/18,2018-02-18,The Wanderers Stadium,2,16.1,South Africa,India,S Luus,CL Tryon,P Vastrakar,1,0,,,,,,,,,
1123208,2017/18,2018-02-18,The Wanderers Stadium,2,16.2,South Africa,India,CL Tryon,S Luus,P Vastrakar,1,0,,,,,,,,,
1123208,2017/18,2018-02-18,The Wanderers Stadium,2,16.3,South Africa,India,S Luus,CL Tryon,P Vastrakar,0,0,,,,,,,,,
1123208,2017/18,2018-02-18,The Wanderers Stadium,2,16.4,South Africa,India,S Luus,CL Tryon,P Vastrakar,0,0,,,,,,caught,S Luus,,
1123208,2017/18,2018-02-18,The Wanderers Stadium,2,16.5,South Africa,India,CL Tryon,N de Klerk,P Vastrakar,0,0,,,,,,,,,
1123208,2017/18,2018-02-18,The Wanderers Stadium,2,16.6,South Africa,India,CL Tryon,N de Klerk,P Vastrakar,0,0,,,,,,,,,
1123208,2017/18,2018-02-18,The Wanderers Stadium,2,17.1,South Africa,India,N de Klerk,CL Tryon,S Pandey,0,0,,,,,,,,,
1123208,2017/18,2018-02-18,The Wanderers Stadium,2,17.2,South Africa,India,N de Klerk,CL Tryon,S Pandey,3,0,,,,,,,,,
1123208,2017/18,2018-02-18,The Wanderers Stadium,2,17.3,South Africa,India,CL Tryon,N de Klerk,S Pandey,4,0,,,,,,,,,
1123208,2017/18,2018-02-18,The Wanderers Stadium,2,17.4,South Africa,India,CL Tryon,N de Klerk,S Pandey,1,0,,,,,,,,,
1123208,2017/18,2018-02-18,The Wanderers Stadium,2,17.5,South Africa,India,N de Klerk,CL Tryon,S Pandey,1,0,,,,,,,,,
1123208,2017/18,2018-02-18,The Wanderers Stadium,2,17.6,South Africa,India,CL Tryon,N de Klerk,S Pandey,1,0,,,,,,,,,
1123208,2017/18,2018-02-18,The Wanderers Stadium,2,18.1,South Africa,India,CL Tryon,N de Klerk,AA Patil,4,0,,,,,,,,,
1123208,2017/18,2018-02-18,The Wanderers Stadium,2,18.2,South Africa,India,CL Tryon,N de Klerk,AA Patil,6,0,,,,,,,,,
1123208,2017/18,2018-02-18,The Wanderers Stadium,2,18.3,South Africa,India,CL Tryon,N de Klerk,AA Patil,0,0,,,,,,stumped,CL Tryon,,
1123208,2017/18,2018-02-18,The Wanderers Stadium,2,18.4,South Africa,India,M Kapp,N de Klerk,AA Patil,1,0,,,,,,,,,
1123208,2017/18,2018-02-18,The Wanderers Stadium,2,18.5,South Africa,India,N de Klerk,M Kapp,AA Patil,1,0,,,,,,,,,
1123208,2017/18,2018-02-18,The Wanderers Stadium,2,18.6,South Africa,India,M Kapp,N de Klerk,AA Patil,1,0,,,,,,,,,
