match_id,season,start_date,venue,innings,ball,batting_team,bowling_team,striker,non_striker,bowler,runs_off_bat,extras,wides,noballs,byes,legbyes,penalty,wicket_type,player_dismissed,other_wicket_type,other_player_dismissed
1126721,2018,2018-06-20,The Cooper Associates County Ground,1,0.1,England,South Africa,DN Wyatt,TT Beaumont,M Kapp,1,0,,,,,,,,,
1126721,2018,2018-06-20,The Cooper Associates County Ground,1,0.2,England,South Africa,TT Beaumont,DN Wyatt,M Kapp,0,0,,,,,,,,,
1126721,2018,2018-06-20,The Cooper Associates County Ground,1,0.3,England,South Africa,TT Beaumont,DN Wyatt,M Kapp,1,0,,,,,,,,,
1126721,2018,2018-06-20,The Cooper Associates County Ground,1,0.4,England,South Africa,DN Wyatt,TT Beaumont,M Kapp,4,0,,,,,,,,,
1126721,2018,2018-06-20,The Cooper Associates County Ground,1,0.5,England,South Africa,DN Wyatt,TT Beaumont,M Kapp,1,0,,,,,,,,,
1126721,2018,2018-06-20,The Cooper Associates County Ground,1,0.6,England,South Africa,TT Beaumont,DN Wyatt,M Kapp,1,0,,,,,,,,,
1126721,2018,2018-06-20,The Cooper Associates County Ground,1,1.1,England,South Africa,TT Beaumont,DN Wyatt,S Ismail,4,0,,,,,,,,,
1126721,2018,2018-06-20,The Cooper Associates County Ground,1,1.2,England,South Africa,TT Beaumont,DN Wyatt,S Ismail,0,0,,,,,,,,,
1126721,2018,2018-06-20,The Cooper Associates County Ground,1,1.3,England,South Africa,TT Beaumont,DN Wyatt,S Ismail,0,0,,,,,,,,,
1126721,2018,2018-06-20,The Cooper Associates County Ground,1,1.4,England,South Africa,TT Beaumont,DN Wyatt,S Ismail,2,0,,,,,,,,,
1126721,2018,2018-06-20,The Cooper Associates County Ground,1,1.5,England,South Africa,TT Beaumont,DN Wyatt,S Ismail,0,0,,,,,,,,,
1126721,2018,2018-06-20,The Cooper Associates County Ground,1,1.6,England,South Africa,TT Beaumont,DN Wyatt,S Ismail,0,0,,,,,,,,,
1126721,2018,2018-06-20,The Cooper Associates County Ground,1,2.1,England,South Africa,DN Wyatt,TT Beaumont,M Kapp,4,0,,,,,,,,,
1126721,2018,2018-06-20,The Cooper Associates County Ground,1,2.2,England,South Africa,DN Wyatt,TT Beaumont,M Kapp,4,0,,,,,,,,,
1126721,2018,2018-06-20,The Cooper Associates County Ground,1,2.3,England,South Africa,DN Wyatt,TT Beaumont,M Kapp,0,0,,,,,,,,,
1126721,2018,2018-06-20,The Cooper Associates County Ground,1,2.4,England,South Africa,DN Wyatt,TT Beaumont,M Kapp,4,0,,,,,,,,,
1126721,2018,2018-06-20,The Cooper Associates County Ground,1,2.5,England,South Africa,DN Wyatt,TT Beaumont,M Kapp,1,0,,,,,,,,,
1126721,2018,2018-06-20,The Cooper Associates County Ground,1,2.6,England,South Africa,TT Beaumont,DN Wyatt,M Kapp,0,0,,,,,,,,,
1126721,2018,2018-06-20,The Cooper Associates County Ground,1,3.1,England,South Africa,DN Wyatt,TT Beaumont,S Ismail,0,0,,,,,,,,,
1126721,2018,2018-06-20,The Cooper Associates County Ground,1,3.2,England,South Africa,DN Wyatt,TT Beaumont,S Ismail,1,0,,,,,,,,,
1126721,2018,2018-06-20,The Cooper Associates County Ground,1,3.3,England,South Africa,TT Beaumont,DN Wyatt,S Ismail,1,0,,,,,,,,,
1126721,2018,2018-06-20,The Cooper Associates County Ground,1,3.4,England,South Africa,DN Wyatt,TT Beaumont,S Ismail,4,0,,,,,,,,,
1126721,2018,2018-06-20,The Cooper Associates County Ground,1,3.5,England,South Africa,DN Wyatt,TT Beaumont,S Ismail,0,0,,,,,,,,,
1126721,2018,2018-06-20,The Cooper Associates County Ground,1,3.6,England,South Africa,DN Wyatt,TT Beaumont,S Ismail,4,0,,,,,,,,,
1126721,2018,2018-06-20,The Cooper Associates County Ground,1,4.1,England,South Africa,TT Beaumont,DN Wyatt,M Klaas,0,0,,,,,,,,,
1126721,2018,2018-06-20,The Cooper Associates County Ground,1,4.2,England,South Africa,TT Beaumont,DN Wyatt,M Klaas,4,0,,,,,,,,,
1126721,2018,2018-06-20,The Cooper Associates County Ground,1,4.3,England,South Africa,TT Beaumont,DN Wyatt,M Klaas,4,0,,,,,,,,,
1126721,2018,2018-06-20,The Cooper Associates County Ground,1,4.4,England,South Africa,TT Beaumont,DN Wyatt,M Klaas,4,0,,,,,,,,,
1126721,2018,2018-06-20,The Cooper Associates County Ground,1,4.5,England,South Africa,TT Beaumont,DN Wyatt,M Klaas,4,0,,,,,,,,,
1126721,2018,2018-06-20,The Cooper Associates County Ground,1,4.6,England,South Africa,TT Beaumont,DN Wyatt,M Klaas,0,0,,,,,,,,,
1126721,2018,2018-06-20,The Cooper Associates County Ground,1,5.1,England,South Africa,DN Wyatt,TT Beaumont,S Ismail,2,0,,,,,,,,,
1126721,2018,2018-06-20,The Cooper Associates County Ground,1,5.2,England,South Africa,DN Wyatt,TT Beaumont,S Ismail,1,0,,,,,,,,,
1126721,2018,2018-06-20,The Cooper Associates County Ground,1,5.3,England,South Africa,TT Beaumont,DN Wyatt,S Ismail,4,0,,,,,,,,,
1126721,2018,2018-06-20,The Cooper Associates County Ground,1,5.4,England,South Africa,TT Beaumont,DN Wyatt,S Ismail,4,0,,,,,,,,,
1126721,2018,2018-06-20,The Cooper Associates County Ground,1,5.5,England,South Africa,TT Beaumont,DN Wyatt,S Ismail,4,0,,,,,,,,,
1126721,2018,2018-06-20,The Cooper Associates County Ground,1,5.6,England,South Africa,TT Beaumont,DN Wyatt,S Ismail,1,0,,,,,,,,,
1126721,2018,2018-06-20,The Cooper Associates County Ground,1,6.1,England,South Africa,TT Beaumont,DN Wyatt,D van Niekerk,2,0,,,,,,,,,
1126721,2018,2018-06-20,The Cooper Associates County Ground,1,6.2,England,South Africa,TT Beaumont,DN Wyatt,D van Niekerk,1,0,,,,,,,,,
1126721,2018,2018-06-20,The Cooper Associates County Ground,1,6.3,England,South Africa,DN Wyatt,TT Beaumont,D van Niekerk,0,0,,,,,,,,,
1126721,2018,2018-06-20,The Cooper Associates County Ground,1,6.4,England,South Africa,DN Wyatt,TT Beaumont,D van Niekerk,2,0,,,,,,,,,
1126721,2018,2018-06-20,The Cooper Associates County Ground,1,6.5,England,South Africa,DN Wyatt,TT Beaumont,D van Niekerk,4,0,,,,,,,,,
1126721,2018,2018-06-20,The Cooper Associates County Ground,1,6.6,England,South Africa,DN Wyatt,TT Beaumont,D van Niekerk,0,0,,,,,,,,,
1126721,2018,2018-06-20,The Cooper Associates County Ground,1,7.1,England,South Africa,TT Beaumont,DN Wyatt,R Ntozakhe,0,0,,,,,,,,,
1126721,2018,2018-06-20,The Cooper Associates County Ground,1,7.2,England,South Africa,TT Beaumont,DN Wyatt,R Ntozakhe,4,0,,,,,,,,,
1126721,2018,2018-06-20,The Cooper Associates County Ground,1,7.3,England,South Africa,TT Beaumont,DN Wyatt,R Ntozakhe,4,0,,,,,,,,,
1126721,2018,2018-06-20,The Cooper Associates County Ground,1,7.4,England,South Africa,TT Beaumont,DN Wyatt,R Ntozakhe,1,0,,,,,,,,,
1126721,2018,2018-06-20,The Cooper Associates County Ground,1,7.5,England,South Africa,DN Wyatt,TT Beaumont,R Ntozakhe,1,0,,,,,,,,,
1126721,2018,2018-06-20,The Cooper Associates County Ground,1,7.6,England,South Africa,TT Beaumont,DN Wyatt,R Ntozakhe,4,0,,,,,,,,,
1126721,2018,2018-06-20,The Cooper Associates County Ground,1,8.1,England,South Africa,DN Wyatt,TT Beaumont,D van Niekerk,1,0,,,,,,,,,
1126721,2018,2018-06-20,The Cooper Associates County Ground,1,8.2,England,South Africa,TT Beaumont,DN Wyatt,D van Niekerk,4,0,,,,,,,,,
1126721,2018,2018-06-20,The Cooper Associates County Ground,1,8.3,England,South Africa,TT Beaumont,DN Wyatt,D van Niekerk,1,0,,,,,,,,,
1126721,2018,2018-06-20,The Cooper Associates County Ground,1,8.4,England,South Africa,DN Wyatt,TT Beaumont,D van Niekerk,1,0,,,,,,,,,
1126721,2018,2018-06-20,The Cooper Associates County Ground,1,8.5,England,South Africa,TT Beaumont,DN Wyatt,D van Niekerk,1,0,,,,,,,,,
1126721,2018,2018-06-20,The Cooper Associates County Ground,1,8.6,England,South Africa,DN Wyatt,TT Beaumont,D van Niekerk,0,0,,,,,,,,,
1126721,2018,2018-06-20,The Cooper Associates County Ground,1,9.1,England,South Africa,TT Beaumont,DN Wyatt,S Luus,1,0,,,,,,,,,
1126721,2018,2018-06-20,The Cooper Associates County Ground,1,9.2,England,South Africa,DN Wyatt,TT Beaumont,S Luus,4,0,,,,,,,,,
1126721,2018,2018-06-20,The Cooper Associates County Ground,1,9.3,England,South Africa,DN Wyatt,TT Beaumont,S Luus,0,0,,,,,,,,,
1126721,2018,2018-06-20,The Cooper Associates County Ground,1,9.4,England,South Africa,DN Wyatt,TT Beaumont,S Luus,1,0,,,,,,,,,
1126721,2018,2018-06-20,The Cooper Associates County Ground,1,9.5,England,South Africa,TT Beaumont,DN Wyatt,S Luus,4,0,,,,,,,,,
1126721,2018,2018-06-20,The Cooper Associates County Ground,1,9.6,England,South Africa,TT Beaumont,DN Wyatt,S Luus,6,0,,,,,,,,,
1126721,2018,2018-06-20,The Cooper Associates County Ground,1,10.1,England,South Africa,DN Wyatt,TT Beaumont,M Klaas,1,0,,,,,,,,,
1126721,2018,2018-06-20,The Cooper Associates County Ground,1,10.2,England,South Africa,TT Beaumont,DN Wyatt,M Klaas,4,0,,,,,,,,,
1126721,2018,2018-06-20,The Cooper Associates County Ground,1,10.3,England,South Africa,TT Beaumont,DN Wyatt,M Klaas,4,0,,,,,,,,,
1126721,2018,2018-06-20,The Cooper Associates County Ground,1,10.4,England,South Africa,TT Beaumont,DN Wyatt,M Klaas,0,0,,,,,,,,,
1126721,2018,2018-06-20,The Cooper Associates County Ground,1,10.5,England,South Africa,TT Beaumont,DN Wyatt,M Klaas,1,0,,,,,,,,,
1126721,2018,2018-06-20,The Cooper Associates County Ground,1,10.6,England,South Africa,DN Wyatt,TT Beaumont,M Klaas,1,0,,,,,,,,,
1126721,2018,2018-06-20,The Cooper Associates County Ground,1,11.1,England,South Africa,DN Wyatt,TT Beaumont,S Lackay,0,0,,,,,,,,,
1126721,2018,2018-06-20,The Cooper Associates County Ground,1,11.2,England,South Africa,DN Wyatt,TT Beaumont,S Lackay,2,0,,,,,,,,,
1126721,2018,2018-06-20,The Cooper Associates County Ground,1,11.3,England,South Africa,DN Wyatt,TT Beaumont,S Lackay,1,0,,,,,,,,,
1126721,2018,2018-06-20,The Cooper Associates County Ground,1,11.4,England,South Africa,TT Beaumont,DN Wyatt,S Lackay,1,0,,,,,,,,,
1126721,2018,2018-06-20,The Cooper Associates County Ground,1,11.5,England,South Africa,DN Wyatt,TT Beaumont,S Lackay,4,0,,,,,,,,,
1126721,2018,2018-06-20,The Cooper Associates County Ground,1,11.6,England,South Africa,DN Wyatt,TT Beaumont,S Lackay,1,0,,,,,,,,,
1126721,2018,2018-06-20,The Cooper Associates County Ground,1,12.1,England,South Africa,DN Wyatt,TT Beaumont,D van Niekerk,0,1,,,1,,,,,,
1126721,2018,2018-06-20,The Cooper Associates County Ground,1,12.2,England,South Africa,TT Beaumont,DN Wyatt,D van Niekerk,0,0,,,,,,,,,
1126721,2018,2018-06-20,The Cooper Associates County Ground,1,12.3,England,South Africa,TT Beaumont,DN Wyatt,D van Niekerk,6,0,,,,,,,,,
1126721,2018,2018-06-20,The Cooper Associates County Ground,1,12.4,England,South Africa,TT Beaumont,DN Wyatt,D van Niekerk,2,0,,,,,,,,,
1126721,2018,2018-06-20,The Cooper Associates County Ground,1,12.5,England,South Africa,TT Beaumont,DN Wyatt,D van Niekerk,1,0,,,,,,,,,
1126721,2018,2018-06-20,The Cooper Associates County Ground,1,12.6,England,South Africa,DN Wyatt,TT Beaumont,D van Niekerk,1,0,,,,,,,,,
1126721,2018,2018-06-20,The Cooper Associates County Ground,1,13.1,England,South Africa,DN Wyatt,TT Beaumont,S Lackay,0,0,,,,,,caught,DN Wyatt,,
1126721,2018,2018-06-20,The Cooper Associates County Ground,1,13.2,England,South Africa,TT Beaumont,NR Sciver,S Lackay,1,0,,,,,,,,,
1126721,2018,2018-06-20,The Cooper Associates County Ground,1,13.3,England,South Africa,NR Sciver,TT Beaumont,S Lackay,1,0,,,,,,,,,
1126721,2018,2018-06-20,The Cooper Associates County Ground,1,13.4,England,South Africa,TT Beaumont,NR Sciver,S Lackay,6,0,,,,,,,,,
1126721,2018,2018-06-20,The Cooper Associates County Ground,1,13.5,England,South Africa,TT Beaumont,NR Sciver,S Lackay,0,0,,,,,,,,,
1126721,2018,2018-06-20,The Cooper Associates County Ground,1,13.6,England,South Africa,TT Beaumont,NR Sciver,S Lackay,4,0,,,,,,,,,
1126721,2018,2018-06-20,The Cooper Associates County Ground,1,14.1,England,South Africa,NR Sciver,TT Beaumont,M Klaas,1,0,,,,,,,,,
1126721,2018,2018-06-20,The Cooper Associates County Ground,1,14.2,England,South Africa,TT Beaumont,NR Sciver,M Klaas,4,0,,,,,,,,,
1126721,2018,2018-06-20,The Cooper Associates County Ground,1,14.3,England,South Africa,TT Beaumont,NR Sciver,M Klaas,1,0,,,,,,,,,
1126721,2018,2018-06-20,The Cooper Associates County Ground,1,14.4,England,South Africa,NR Sciver,TT Beaumont,M Klaas,4,0,,,,,,,,,
1126721,2018,2018-06-20,The Cooper Associates County Ground,1,14.5,England,South Africa,NR Sciver,TT Beaumont,M Klaas,4,0,,,,,,,,,
1126721,2018,2018-06-20,The Cooper Associates County Ground,1,14.6,England,South Africa,NR Sciver,TT Beaumont,M Klaas,2,0,,,,,,,,,
1126721,2018,2018-06-20,The Cooper Associates County Ground,1,15.1,England,South Africa,TT Beaumont,NR Sciver,S Lackay,4,0,,,,,,,,,
1126721,2018,2018-06-20,The Cooper Associates County Ground,1,15.2,England,South Africa,TT Beaumont,NR Sciver,S Lackay,6,0,,,,,,,,,
1126721,2018,2018-06-20,The Cooper Associates County Ground,1,15.3,England,South Africa,TT Beaumont,NR Sciver,S Lackay,0,0,,,,,,caught and bowled,TT Beaumont,,
1126721,2018,2018-06-20,The Cooper Associates County Ground,1,15.4,England,South Africa,KH Brunt,NR Sciver,S Lackay,1,0,,,,,,,,,
1126721,2018,2018-06-20,The Cooper Associates County Ground,1,15.5,England,South Africa,NR Sciver,KH Brunt,S Lackay,1,0,,,,,,,,,
1126721,2018,2018-06-20,The Cooper Associates County Ground,1,15.6,England,South Africa,KH Brunt,NR Sciver,S Lackay,1,0,,,,,,,,,
1126721,2018,2018-06-20,The Cooper Associates County Ground,1,16.1,England,South Africa,KH Brunt,NR Sciver,D van Niekerk,4,0,,,,,,,,,
1126721,2018,2018-06-20,The Cooper Associates County Ground,1,16.2,England,South Africa,KH Brunt,NR Sciver,D van Niekerk,1,0,,,,,,,,,
1126721,2018,2018-06-20,The Cooper Associates County Ground,1,16.3,England,South Africa,NR Sciver,KH Brunt,D van Niekerk,1,0,,,,,,,,,
1126721,2018,2018-06-20,The Cooper Associates County Ground,1,16.4,England,South Africa,KH Brunt,NR Sciver,D van Niekerk,4,0,,,,,,,,,
1126721,2018,2018-06-20,The Cooper Associates County Ground,1,16.5,England,South Africa,KH Brunt,NR Sciver,D van Niekerk,1,0,,,,,,,,,
1126721,2018,2018-06-20,The Cooper Associates County Ground,1,16.6,England,South Africa,NR Sciver,KH Brunt,D van Niekerk,0,0,,,,,,,,,
1126721,2018,2018-06-20,The Cooper Associates County Ground,1,17.1,England,South Africa,KH Brunt,NR Sciver,S Lackay,6,0,,,,,,,,,
1126721,2018,2018-06-20,The Cooper Associates County Ground,1,17.2,England,South Africa,KH Brunt,NR Sciver,S Lackay,4,0,,,,,,,,,
1126721,2018,2018-06-20,The Cooper Associates County Ground,1,17.3,England,South Africa,KH Brunt,NR Sciver,S Lackay,2,0,,,,,,,,,
1126721,2018,2018-06-20,The Cooper Associates County Ground,1,17.4,England,South Africa,KH Brunt,NR Sciver,S Lackay,6,0,,,,,,,,,
1126721,2018,2018-06-20,The Cooper Associates County Ground,1,17.5,England,South Africa,KH Brunt,NR Sciver,S Lackay,6,0,,,,,,,,,
1126721,2018,2018-06-20,The Cooper Associates County Ground,1,17.6,England,South Africa,KH Brunt,NR Sciver,S Lackay,1,0,,,,,,,,,
1126721,2018,2018-06-20,The Cooper Associates County Ground,1,18.1,England,South Africa,KH Brunt,NR Sciver,M Klaas,1,0,,,,,,,,,
1126721,2018,2018-06-20,The Cooper Associates County Ground,1,18.2,England,South Africa,NR Sciver,KH Brunt,M Klaas,1,0,,,,,,,,,
1126721,2018,2018-06-20,The Cooper Associates County Ground,1,18.3,England,South Africa,KH Brunt,NR Sciver,M Klaas,1,0,,,,,,,,,
1126721,2018,2018-06-20,The Cooper Associates County Ground,1,18.4,England,South Africa,NR Sciver,KH Brunt,M Klaas,2,0,,,,,,,,,
1126721,2018,2018-06-20,The Cooper Associates County Ground,1,18.5,England,South Africa,NR Sciver,KH Brunt,M Klaas,4,0,,,,,,,,,
1126721,2018,2018-06-20,The Cooper Associates County Ground,1,18.6,England,South Africa,NR Sciver,KH Brunt,M Klaas,0,1,1,,,,,,,,
1126721,2018,2018-06-20,The Cooper Associates County Ground,1,18.7,England,South Africa,NR Sciver,KH Brunt,M Klaas,6,0,,,,,,,,,
1126721,2018,2018-06-20,The Cooper Associates County Ground,1,19.1,England,South Africa,KH Brunt,NR Sciver,S Ismail,2,0,,,,,,,,,
1126721,2018,2018-06-20,The Cooper Associates County Ground,1,19.2,England,South Africa,KH Brunt,NR Sciver,S Ismail,1,0,,,,,,,,,
1126721,2018,2018-06-20,The Cooper Associates County Ground,1,19.3,England,South Africa,NR Sciver,KH Brunt,S Ismail,0,0,,,,,,,,,
1126721,2018,2018-06-20,The Cooper Associates County Ground,1,19.4,England,South Africa,NR Sciver,KH Brunt,S Ismail,6,0,,,,,,,,,
1126721,2018,2018-06-20,The Cooper Associates County Ground,1,19.5,England,South Africa,NR Sciver,KH Brunt,S Ismail,0,0,,,,,,bowled,NR Sciver,,
1126721,2018,2018-06-20,The Cooper Associates County Ground,1,19.6,England,South Africa,HC Knight,KH Brunt,S Ismail,1,0,,,,,,,,,
1126721,2018,2018-06-20,The Cooper Associates County Ground,2,0.1,South Africa,England,L Lee,L Wolvaardt,A Shrubsole,0,0,,,,,,,,,
1126721,2018,2018-06-20,The Cooper Associates County Ground,2,0.2,South Africa,England,L Lee,L Wolvaardt,A Shrubsole,0,0,,,,,,,,,
1126721,2018,2018-06-20,The Cooper Associates County Ground,2,0.3,South Africa,England,L Lee,L Wolvaardt,A Shrubsole,0,0,,,,,,,,,
1126721,2018,2018-06-20,The Cooper Associates County Ground,2,0.4,South Africa,England,L Lee,L Wolvaardt,A Shrubsole,0,0,,,,,,,,,
1126721,2018,2018-06-20,The Cooper Associates County Ground,2,0.5,South Africa,England,L Lee,L Wolvaardt,A Shrubsole,0,0,,,,,,,,,
1126721,2018,2018-06-20,The Cooper Associates County Ground,2,0.6,South Africa,England,L Lee,L Wolvaardt,A Shrubsole,0,0,,,,,,,,,
1126721,2018,2018-06-20,The Cooper Associates County Ground,2,1.1,South Africa,England,L Wolvaardt,L Lee,KH Brunt,0,0,,,,,,,,,
1126721,2018,2018-06-20,The Cooper Associates County Ground,2,1.2,South Africa,England,L Wolvaardt,L Lee,KH Brunt,2,0,,,,,,,,,
1126721,2018,2018-06-20,The Cooper Associates County Ground,2,1.3,South Africa,England,L Wolvaardt,L Lee,KH Brunt,0,0,,,,,,,,,
1126721,2018,2018-06-20,The Cooper Associates County Ground,2,1.4,South Africa,England,L Wolvaardt,L Lee,KH Brunt,0,0,,,,,,caught,L Wolvaardt,,
1126721,2018,2018-06-20,The Cooper Associates County Ground,2,1.5,South Africa,England,L Lee,T Brits,KH Brunt,0,0,,,,,,,,,
1126721,2018,2018-06-20,The Cooper Associates County Ground,2,1.6,South Africa,England,L Lee,T Brits,KH Brunt,4,0,,,,,,,,,
1126721,2018,2018-06-20,The Cooper Associates County Ground,2,2.1,South Africa,England,T Brits,L Lee,A Shrubsole,1,0,,,,,,,,,
1126721,2018,2018-06-20,The Cooper Associates County Ground,2,2.2,South Africa,England,L Lee,T Brits,A Shrubsole,1,0,,,,,,,,,
1126721,2018,2018-06-20,The Cooper Associates County Ground,2,2.3,South Africa,England,T Brits,L Lee,A Shrubsole,0,0,,,,,,,,,
1126721,2018,2018-06-20,The Cooper Associates County Ground,2,2.4,South Africa,England,T Brits,L Lee,A Shrubsole,0,0,,,,,,,,,
1126721,2018,2018-06-20,The Cooper Associates County Ground,2,2.5,South Africa,England,T Brits,L Lee,A Shrubsole,0,0,,,,,,,,,
1126721,2018,2018-06-20,The Cooper Associates County Ground,2,2.6,South Africa,England,T Brits,L Lee,A Shrubsole,0,0,,,,,,,,,
1126721,2018,2018-06-20,The Cooper Associates County Ground,2,3.1,South Africa,England,L Lee,T Brits,D Hazell,4,0,,,,,,,,,
1126721,2018,2018-06-20,The Cooper Associates County Ground,2,3.2,South Africa,England,L Lee,T Brits,D Hazell,4,0,,,,,,,,,
1126721,2018,2018-06-20,The Cooper Associates County Ground,2,3.3,South Africa,England,L Lee,T Brits,D Hazell,0,0,,,,,,,,,
1126721,2018,2018-06-20,The Cooper Associates County Ground,2,3.4,South Africa,England,L Lee,T Brits,D Hazell,6,0,,,,,,,,,
1126721,2018,2018-06-20,The Cooper Associates County Ground,2,3.5,South Africa,England,L Lee,T Brits,D Hazell,0,0,,,,,,lbw,L Lee,,
1126721,2018,2018-06-20,The Cooper Associates County Ground,2,3.6,South Africa,England,D van Niekerk,T Brits,D Hazell,0,0,,,,,,,,,
1126721,2018,2018-06-20,The Cooper Associates County Ground,2,4.1,South Africa,England,T Brits,D van Niekerk,A Shrubsole,0,0,,,,,,,,,
1126721,2018,2018-06-20,The Cooper Associates County Ground,2,4.2,South Africa,England,T Brits,D van Niekerk,A Shrubsole,0,0,,,,,,,,,
1126721,2018,2018-06-20,The Cooper Associates County Ground,2,4.3,South Africa,England,T Brits,D van Niekerk,A Shrubsole,0,0,,,,,,,,,
1126721,2018,2018-06-20,The Cooper Associates County Ground,2,4.4,South Africa,England,T Brits,D van Niekerk,A Shrubsole,0,0,,,,,,,,,
1126721,2018,2018-06-20,The Cooper Associates County Ground,2,4.5,South Africa,England,T Brits,D van Niekerk,A Shrubsole,0,0,,,,,,,,,
1126721,2018,2018-06-20,The Cooper Associates County Ground,2,4.6,South Africa,England,T Brits,D van Niekerk,A Shrubsole,0,0,,,,,,,,,
1126721,2018,2018-06-20,The Cooper Associates County Ground,2,5.1,South Africa,England,D van Niekerk,T Brits,KH Brunt,0,0,,,,,,,,,
1126721,2018,2018-06-20,The Cooper Associates County Ground,2,5.2,South Africa,England,D van Niekerk,T Brits,KH Brunt,4,0,,,,,,,,,
1126721,2018,2018-06-20,The Cooper Associates County Ground,2,5.3,South Africa,England,D van Niekerk,T Brits,KH Brunt,0,0,,,,,,,,,
1126721,2018,2018-06-20,The Cooper Associates County Ground,2,5.4,South Africa,England,D van Niekerk,T Brits,KH Brunt,0,0,,,,,,,,,
1126721,2018,2018-06-20,The Cooper Associates County Ground,2,5.5,South Africa,England,D van Niekerk,T Brits,KH Brunt,0,0,,,,,,,,,
1126721,2018,2018-06-20,The Cooper Associates County Ground,2,5.6,South Africa,England,D van Niekerk,T Brits,KH Brunt,0,0,,,,,,,,,
1126721,2018,2018-06-20,The Cooper Associates County Ground,2,6.1,South Africa,England,T Brits,D van Niekerk,JL Gunn,0,0,,,,,,,,,
1126721,2018,2018-06-20,The Cooper Associates County Ground,2,6.2,South Africa,England,T Brits,D van Niekerk,JL Gunn,0,0,,,,,,run out,T Brits,,
1126721,2018,2018-06-20,The Cooper Associates County Ground,2,6.3,South Africa,England,D van Niekerk,M du Preez,JL Gunn,1,0,,,,,,,,,
1126721,2018,2018-06-20,The Cooper Associates County Ground,2,6.4,South Africa,England,M du Preez,D van Niekerk,JL Gunn,0,0,,,,,,,,,
1126721,2018,2018-06-20,The Cooper Associates County Ground,2,6.5,South Africa,England,M du Preez,D van Niekerk,JL Gunn,1,0,,,,,,,,,
1126721,2018,2018-06-20,The Cooper Associates County Ground,2,6.6,South Africa,England,D van Niekerk,M du Preez,JL Gunn,0,0,,,,,,,,,
1126721,2018,2018-06-20,The Cooper Associates County Ground,2,7.1,South Africa,England,M du Preez,D van Niekerk,S Ecclestone,0,0,,,,,,,,,
1126721,2018,2018-06-20,The Cooper Associates County Ground,2,7.2,South Africa,England,M du Preez,D van Niekerk,S Ecclestone,0,0,,,,,,,,,
1126721,2018,2018-06-20,The Cooper Associates County Ground,2,7.3,South Africa,England,M du Preez,D van Niekerk,S Ecclestone,4,0,,,,,,,,,
1126721,2018,2018-06-20,The Cooper Associates County Ground,2,7.4,South Africa,England,M du Preez,D van Niekerk,S Ecclestone,1,0,,,,,,,,,
1126721,2018,2018-06-20,The Cooper Associates County Ground,2,7.5,South Africa,England,D van Niekerk,M du Preez,S Ecclestone,0,0,,,,,,,,,
1126721,2018,2018-06-20,The Cooper Associates County Ground,2,7.6,South Africa,England,D van Niekerk,M du Preez,S Ecclestone,4,0,,,,,,,,,
1126721,2018,2018-06-20,The Cooper Associates County Ground,2,8.1,South Africa,England,M du Preez,D van Niekerk,NR Sciver,1,0,,,,,,,,,
1126721,2018,2018-06-20,The Cooper Associates County Ground,2,8.2,South Africa,England,D van Niekerk,M du Preez,NR Sciver,1,0,,,,,,,,,
1126721,2018,2018-06-20,The Cooper Associates County Ground,2,8.3,South Africa,England,M du Preez,D van Niekerk,NR Sciver,4,0,,,,,,,,,
1126721,2018,2018-06-20,The Cooper Associates County Ground,2,8.4,South Africa,England,M du Preez,D van Niekerk,NR Sciver,1,0,,,,,,,,,
1126721,2018,2018-06-20,The Cooper Associates County Ground,2,8.5,South Africa,England,D van Niekerk,M du Preez,NR Sciver,6,0,,,,,,,,,
1126721,2018,2018-06-20,The Cooper Associates County Ground,2,8.6,South Africa,England,D van Niekerk,M du Preez,NR Sciver,4,0,,,,,,,,,
1126721,2018,2018-06-20,The Cooper Associates County Ground,2,9.1,South Africa,England,M du Preez,D van Niekerk,D Hazell,1,0,,,,,,,,,
1126721,2018,2018-06-20,The Cooper Associates County Ground,2,9.2,South Africa,England,D van Niekerk,M du Preez,D Hazell,0,0,,,,,,,,,
1126721,2018,2018-06-20,The Cooper Associates County Ground,2,9.3,South Africa,England,D van Niekerk,M du Preez,D Hazell,4,0,,,,,,,,,
1126721,2018,2018-06-20,The Cooper Associates County Ground,2,9.4,South Africa,England,D van Niekerk,M du Preez,D Hazell,1,0,,,,,,,,,
1126721,2018,2018-06-20,The Cooper Associates County Ground,2,9.5,South Africa,England,M du Preez,D van Niekerk,D Hazell,1,0,,,,,,,,,
1126721,2018,2018-06-20,The Cooper Associates County Ground,2,9.6,South Africa,England,D van Niekerk,M du Preez,D Hazell,0,0,,,,,,,,,
1126721,2018,2018-06-20,The Cooper Associates County Ground,2,10.1,South Africa,England,M du Preez,D van Niekerk,JL Gunn,0,0,,,,,,,,,
1126721,2018,2018-06-20,The Cooper Associates County Ground,2,10.2,South Africa,England,M du Preez,D van Niekerk,JL Gunn,0,0,,,,,,,,,
1126721,2018,2018-06-20,The Cooper Associates County Ground,2,10.3,South Africa,England,M du Preez,D van Niekerk,JL Gunn,1,0,,,,,,,,,
1126721,2018,2018-06-20,The Cooper Associates County Ground,2,10.4,South Africa,England,D van Niekerk,M du Preez,JL Gunn,1,0,,,,,,,,,
1126721,2018,2018-06-20,The Cooper Associates County Ground,2,10.5,South Africa,England,M du Preez,D van Niekerk,JL Gunn,0,0,,,,,,,,,
1126721,2018,2018-06-20,The Cooper Associates County Ground,2,10.6,South Africa,England,M du Preez,D van Niekerk,JL Gunn,4,0,,,,,,,,,
1126721,2018,2018-06-20,The Cooper Associates County Ground,2,11.1,South Africa,England,D van Niekerk,M du Preez,D Hazell,4,0,,,,,,,,,
1126721,2018,2018-06-20,The Cooper Associates County Ground,2,11.2,South Africa,England,D van Niekerk,M du Preez,D Hazell,2,0,,,,,,,,,
1126721,2018,2018-06-20,The Cooper Associates County Ground,2,11.3,South Africa,England,D van Niekerk,M du Preez,D Hazell,1,0,,,,,,,,,
1126721,2018,2018-06-20,The Cooper Associates County Ground,2,11.4,South Africa,England,M du Preez,D van Niekerk,D Hazell,1,0,,,,,,,,,
1126721,2018,2018-06-20,The Cooper Associates County Ground,2,11.5,South Africa,England,D van Niekerk,M du Preez,D Hazell,0,0,,,,,,,,,
1126721,2018,2018-06-20,The Cooper Associates County Ground,2,11.6,South Africa,England,D van Niekerk,M du Preez,D Hazell,1,0,,,,,,,,,
1126721,2018,2018-06-20,The Cooper Associates County Ground,2,12.1,South Africa,England,D van Niekerk,M du Preez,S Ecclestone,1,0,,,,,,,,,
1126721,2018,2018-06-20,The Cooper Associates County Ground,2,12.2,South Africa,England,M du Preez,D van Niekerk,S Ecclestone,1,0,,,,,,,,,
1126721,2018,2018-06-20,The Cooper Associates County Ground,2,12.3,South Africa,England,D van Niekerk,M du Preez,S Ecclestone,4,0,,,,,,,,,
1126721,2018,2018-06-20,The Cooper Associates County Ground,2,12.4,South Africa,England,D van Niekerk,M du Preez,S Ecclestone,0,0,,,,,,,,,
1126721,2018,2018-06-20,The Cooper Associates County Ground,2,12.5,South Africa,England,D van Niekerk,M du Preez,S Ecclestone,2,0,,,,,,,,,
1126721,2018,2018-06-20,The Cooper Associates County Ground,2,12.6,South Africa,England,D van Niekerk,M du Preez,S Ecclestone,0,1,,,,1,,,,,
1126721,2018,2018-06-20,The Cooper Associates County Ground,2,13.1,South Africa,England,D van Niekerk,M du Preez,KH Brunt,0,0,,,,,,,,,
1126721,2018,2018-06-20,The Cooper Associates County Ground,2,13.2,South Africa,England,D van Niekerk,M du Preez,KH Brunt,0,0,,,,,,,,,
1126721,2018,2018-06-20,The Cooper Associates County Ground,2,13.3,South Africa,England,D van Niekerk,M du Preez,KH Brunt,0,0,,,,,,,,,
1126721,2018,2018-06-20,The Cooper Associates County Ground,2,13.4,South Africa,England,D van Niekerk,M du Preez,KH Brunt,1,0,,,,,,,,,
1126721,2018,2018-06-20,The Cooper Associates County Ground,2,13.5,South Africa,England,M du Preez,D van Niekerk,KH Brunt,1,0,,,,,,,,,
1126721,2018,2018-06-20,The Cooper Associates County Ground,2,13.6,South Africa,England,D van Niekerk,M du Preez,KH Brunt,0,1,1,,,,,,,,
1126721,2018,2018-06-20,The Cooper Associates County Ground,2,13.7,South Africa,England,D van Niekerk,M du Preez,KH Brunt,4,0,,,,,,,,,
1126721,2018,2018-06-20,The Cooper Associates County Ground,2,14.1,South Africa,England,M du Preez,D van Niekerk,A Shrubsole,1,0,,,,,,,,,
1126721,2018,2018-06-20,The Cooper Associates County Ground,2,14.2,South Africa,England,D van Niekerk,M du Preez,A Shrubsole,2,0,,,,,,,,,
1126721,2018,2018-06-20,The Cooper Associates County Ground,2,14.3,South Africa,England,D van Niekerk,M du Preez,A Shrubsole,0,0,,,,,,,,,
1126721,2018,2018-06-20,The Cooper Associates County Ground,2,14.4,South Africa,England,D van Niekerk,M du Preez,A Shrubsole,1,0,,,,,,,,,
1126721,2018,2018-06-20,The Cooper Associates County Ground,2,14.5,South Africa,England,M du Preez,D van Niekerk,A Shrubsole,1,0,,,,,,,,,
1126721,2018,2018-06-20,The Cooper Associates County Ground,2,14.6,South Africa,England,D van Niekerk,M du Preez,A Shrubsole,1,0,,,,,,,,,
1126721,2018,2018-06-20,The Cooper Associates County Ground,2,15.1,South Africa,England,D van Niekerk,M du Preez,S Ecclestone,1,0,,,,,,,,,
1126721,2018,2018-06-20,The Cooper Associates County Ground,2,15.2,South Africa,England,M du Preez,D van Niekerk,S Ecclestone,0,0,,,,,,,,,
1126721,2018,2018-06-20,The Cooper Associates County Ground,2,15.3,South Africa,England,M du Preez,D van Niekerk,S Ecclestone,1,0,,,,,,,,,
1126721,2018,2018-06-20,The Cooper Associates County Ground,2,15.4,South Africa,England,D van Niekerk,M du Preez,S Ecclestone,1,0,,,,,,,,,
1126721,2018,2018-06-20,The Cooper Associates County Ground,2,15.5,South Africa,England,M du Preez,D van Niekerk,S Ecclestone,0,0,,,,,,caught,M du Preez,,
1126721,2018,2018-06-20,The Cooper Associates County Ground,2,15.6,South Africa,England,S Lackay,D van Niekerk,S Ecclestone,0,0,,,,,,,,,
1126721,2018,2018-06-20,The Cooper Associates County Ground,2,16.1,South Africa,England,D van Niekerk,S Lackay,JL Gunn,1,0,,,,,,,,,
1126721,2018,2018-06-20,The Cooper Associates County Ground,2,16.2,South Africa,England,S Lackay,D van Niekerk,JL Gunn,1,0,,,,,,,,,
1126721,2018,2018-06-20,The Cooper Associates County Ground,2,16.3,South Africa,England,D van Niekerk,S Lackay,JL Gunn,0,0,,,,,,,,,
1126721,2018,2018-06-20,The Cooper Associates County Ground,2,16.4,South Africa,England,D van Niekerk,S Lackay,JL Gunn,0,0,,,,,,,,,
1126721,2018,2018-06-20,The Cooper Associates County Ground,2,16.5,South Africa,England,D van Niekerk,S Lackay,JL Gunn,6,0,,,,,,,,,
1126721,2018,2018-06-20,The Cooper Associates County Ground,2,16.6,South Africa,England,D van Niekerk,S Lackay,JL Gunn,6,0,,,,,,,,,
1126721,2018,2018-06-20,The Cooper Associates County Ground,2,17.1,South Africa,England,S Lackay,D van Niekerk,S Ecclestone,1,0,,,,,,,,,
1126721,2018,2018-06-20,The Cooper Associates County Ground,2,17.2,South Africa,England,D van Niekerk,S Lackay,S Ecclestone,4,0,,,,,,,,,
1126721,2018,2018-06-20,The Cooper Associates County Ground,2,17.3,South Africa,England,D van Niekerk,S Lackay,S Ecclestone,0,0,,,,,,,,,
1126721,2018,2018-06-20,The Cooper Associates County Ground,2,17.4,South Africa,England,D van Niekerk,S Lackay,S Ecclestone,2,0,,,,,,,,,
1126721,2018,2018-06-20,The Cooper Associates County Ground,2,17.5,South Africa,England,D van Niekerk,S Lackay,S Ecclestone,1,0,,,,,,,,,
1126721,2018,2018-06-20,The Cooper Associates County Ground,2,17.6,South Africa,England,S Lackay,D van Niekerk,S Ecclestone,0,0,,,,,,,,,
1126721,2018,2018-06-20,The Cooper Associates County Ground,2,18.1,South Africa,England,D van Niekerk,S Lackay,KH Brunt,0,0,,,,,,,,,
1126721,2018,2018-06-20,The Cooper Associates County Ground,2,18.2,South Africa,England,D van Niekerk,S Lackay,KH Brunt,0,0,,,,,,caught,D van Niekerk,,
1126721,2018,2018-06-20,The Cooper Associates County Ground,2,18.3,South Africa,England,S Luus,S Lackay,KH Brunt,0,0,,,,,,,,,
1126721,2018,2018-06-20,The Cooper Associates County Ground,2,18.4,South Africa,England,S Luus,S Lackay,KH Brunt,0,0,,,,,,,,,
1126721,2018,2018-06-20,The Cooper Associates County Ground,2,18.5,South Africa,England,S Luus,S Lackay,KH Brunt,1,0,,,,,,,,,
1126721,2018,2018-06-20,The Cooper Associates County Ground,2,18.6,South Africa,England,S Lackay,S Luus,KH Brunt,0,0,,,,,,,,,
1126721,2018,2018-06-20,The Cooper Associates County Ground,2,19.1,South Africa,England,S Luus,S Lackay,D Hazell,1,0,,,,,,,,,
1126721,2018,2018-06-20,The Cooper Associates County Ground,2,19.2,South Africa,England,S Lackay,S Luus,D Hazell,0,0,,,,,,,,,
1126721,2018,2018-06-20,The Cooper Associates County Ground,2,19.3,South Africa,England,S Lackay,S Luus,D Hazell,2,0,,,,,,,,,
1126721,2018,2018-06-20,The Cooper Associates County Ground,2,19.4,South Africa,England,S Lackay,S Luus,D Hazell,0,0,,,,,,caught,S Lackay,,
1126721,2018,2018-06-20,The Cooper Associates County Ground,2,19.5,South Africa,England,S Ismail,S Luus,D Hazell,1,0,,,,,,,,,
1126721,2018,2018-06-20,The Cooper Associates County Ground,2,19.6,South Africa,England,S Luus,S Ismail,D Hazell,1,0,,,,,,,,,
