match_id,season,start_date,venue,innings,ball,batting_team,bowling_team,striker,non_striker,bowler,runs_off_bat,extras,wides,noballs,byes,legbyes,penalty,wicket_type,player_dismissed,other_wicket_type,other_player_dismissed
1126726,2018,2018-07-01,County Ground,1,0.1,New Zealand,England,SFM Devine,SW Bates,A Shrubsole,0,0,,,,,,,,,
1126726,2018,2018-07-01,County Ground,1,0.2,New Zealand,England,SFM Devine,SW Bates,A Shrubsole,0,1,,,,1,,,,,
1126726,2018,2018-07-01,County Ground,1,0.3,New Zealand,England,SW Bates,SFM Devine,A Shrubsole,0,0,,,,,,,,,
1126726,2018,2018-07-01,County Ground,1,0.4,New Zealand,England,SW Bates,SFM Devine,A Shrubsole,0,0,,,,,,,,,
1126726,2018,2018-07-01,County Ground,1,0.5,New Zealand,England,SW Bates,SFM Devine,A Shrubsole,0,0,,,,,,,,,
1126726,2018,2018-07-01,County Ground,1,0.6,New Zealand,England,SW Bates,SFM Devine,A Shrubsole,0,4,,,,4,,,,,
1126726,2018,2018-07-01,County Ground,1,1.1,New Zealand,England,SFM Devine,SW Bates,KH Brunt,1,0,,,,,,,,,
1126726,2018,2018-07-01,County Ground,1,1.2,New Zealand,England,SW Bates,SFM Devine,KH Brunt,1,0,,,,,,,,,
1126726,2018,2018-07-01,County Ground,1,1.3,New Zealand,England,SFM Devine,SW Bates,KH Brunt,4,0,,,,,,,,,
1126726,2018,2018-07-01,County Ground,1,1.4,New Zealand,England,SFM Devine,SW Bates,KH Brunt,0,0,,,,,,,,,
1126726,2018,2018-07-01,County Ground,1,1.5,New Zealand,England,SFM Devine,SW Bates,KH Brunt,4,0,,,,,,,,,
1126726,2018,2018-07-01,County Ground,1,1.6,New Zealand,England,SFM Devine,SW Bates,KH Brunt,0,0,,,,,,,,,
1126726,2018,2018-07-01,County Ground,1,2.1,New Zealand,England,SW Bates,SFM Devine,KL George,1,0,,,,,,,,,
1126726,2018,2018-07-01,County Ground,1,2.2,New Zealand,England,SFM Devine,SW Bates,KL George,0,0,,,,,,,,,
1126726,2018,2018-07-01,County Ground,1,2.3,New Zealand,England,SFM Devine,SW Bates,KL George,1,0,,,,,,,,,
1126726,2018,2018-07-01,County Ground,1,2.4,New Zealand,England,SW Bates,SFM Devine,KL George,0,0,,,,,,,,,
1126726,2018,2018-07-01,County Ground,1,2.5,New Zealand,England,SW Bates,SFM Devine,KL George,4,0,,,,,,,,,
1126726,2018,2018-07-01,County Ground,1,2.6,New Zealand,England,SW Bates,SFM Devine,KL George,4,0,,,,,,,,,
1126726,2018,2018-07-01,County Ground,1,3.1,New Zealand,England,SFM Devine,SW Bates,S Ecclestone,4,0,,,,,,,,,
1126726,2018,2018-07-01,County Ground,1,3.2,New Zealand,England,SFM Devine,SW Bates,S Ecclestone,1,0,,,,,,,,,
1126726,2018,2018-07-01,County Ground,1,3.3,New Zealand,England,SW Bates,SFM Devine,S Ecclestone,0,0,,,,,,,,,
1126726,2018,2018-07-01,County Ground,1,3.4,New Zealand,England,SW Bates,SFM Devine,S Ecclestone,4,0,,,,,,,,,
1126726,2018,2018-07-01,County Ground,1,3.5,New Zealand,England,SW Bates,SFM Devine,S Ecclestone,0,0,,,,,,,,,
1126726,2018,2018-07-01,County Ground,1,3.6,New Zealand,England,SW Bates,SFM Devine,S Ecclestone,4,0,,,,,,,,,
1126726,2018,2018-07-01,County Ground,1,4.1,New Zealand,England,SFM Devine,SW Bates,A Shrubsole,6,0,,,,,,,,,
1126726,2018,2018-07-01,County Ground,1,4.2,New Zealand,England,SFM Devine,SW Bates,A Shrubsole,0,0,,,,,,,,,
1126726,2018,2018-07-01,County Ground,1,4.3,New Zealand,England,SFM Devine,SW Bates,A Shrubsole,0,0,,,,,,,,,
1126726,2018,2018-07-01,County Ground,1,4.4,New Zealand,England,SFM Devine,SW Bates,A Shrubsole,0,0,,,,,,,,,
1126726,2018,2018-07-01,County Ground,1,4.5,New Zealand,England,SFM Devine,SW Bates,A Shrubsole,4,0,,,,,,,,,
1126726,2018,2018-07-01,County Ground,1,4.6,New Zealand,England,SFM Devine,SW Bates,A Shrubsole,6,0,,,,,,,,,
1126726,2018,2018-07-01,County Ground,1,5.1,New Zealand,England,SW Bates,SFM Devine,KH Brunt,0,0,,,,,,,,,
1126726,2018,2018-07-01,County Ground,1,5.2,New Zealand,England,SW Bates,SFM Devine,KH Brunt,1,0,,,,,,,,,
1126726,2018,2018-07-01,County Ground,1,5.3,New Zealand,England,SFM Devine,SW Bates,KH Brunt,0,0,,,,,,lbw,SFM Devine,,
1126726,2018,2018-07-01,County Ground,1,5.4,New Zealand,England,KJ Martin,SW Bates,KH Brunt,2,0,,,,,,,,,
1126726,2018,2018-07-01,County Ground,1,5.5,New Zealand,England,KJ Martin,SW Bates,KH Brunt,0,0,,,,,,lbw,KJ Martin,,
1126726,2018,2018-07-01,County Ground,1,5.6,New Zealand,England,AE Satterthwaite,SW Bates,KH Brunt,0,0,,,,,,,,,
1126726,2018,2018-07-01,County Ground,1,6.1,New Zealand,England,SW Bates,AE Satterthwaite,KL George,0,0,,,,,,,,,
1126726,2018,2018-07-01,County Ground,1,6.2,New Zealand,England,SW Bates,AE Satterthwaite,KL George,1,0,,,,,,,,,
1126726,2018,2018-07-01,County Ground,1,6.3,New Zealand,England,AE Satterthwaite,SW Bates,KL George,0,0,,,,,,,,,
1126726,2018,2018-07-01,County Ground,1,6.4,New Zealand,England,AE Satterthwaite,SW Bates,KL George,1,0,,,,,,,,,
1126726,2018,2018-07-01,County Ground,1,6.5,New Zealand,England,SW Bates,AE Satterthwaite,KL George,1,0,,,,,,,,,
1126726,2018,2018-07-01,County Ground,1,6.6,New Zealand,England,AE Satterthwaite,SW Bates,KL George,4,0,,,,,,,,,
1126726,2018,2018-07-01,County Ground,1,7.1,New Zealand,England,SW Bates,AE Satterthwaite,D Hazell,2,0,,,,,,,,,
1126726,2018,2018-07-01,County Ground,1,7.2,New Zealand,England,SW Bates,AE Satterthwaite,D Hazell,1,0,,,,,,,,,
1126726,2018,2018-07-01,County Ground,1,7.3,New Zealand,England,AE Satterthwaite,SW Bates,D Hazell,1,0,,,,,,,,,
1126726,2018,2018-07-01,County Ground,1,7.4,New Zealand,England,SW Bates,AE Satterthwaite,D Hazell,1,0,,,,,,,,,
1126726,2018,2018-07-01,County Ground,1,7.5,New Zealand,England,AE Satterthwaite,SW Bates,D Hazell,4,0,,,,,,,,,
1126726,2018,2018-07-01,County Ground,1,7.6,New Zealand,England,AE Satterthwaite,SW Bates,D Hazell,1,0,,,,,,,,,
1126726,2018,2018-07-01,County Ground,1,8.1,New Zealand,England,AE Satterthwaite,SW Bates,KL George,1,0,,,,,,,,,
1126726,2018,2018-07-01,County Ground,1,8.2,New Zealand,England,SW Bates,AE Satterthwaite,KL George,0,0,,,,,,,,,
1126726,2018,2018-07-01,County Ground,1,8.3,New Zealand,England,SW Bates,AE Satterthwaite,KL George,4,0,,,,,,,,,
1126726,2018,2018-07-01,County Ground,1,8.4,New Zealand,England,SW Bates,AE Satterthwaite,KL George,1,0,,,,,,,,,
1126726,2018,2018-07-01,County Ground,1,8.5,New Zealand,England,AE Satterthwaite,SW Bates,KL George,0,0,,,,,,,,,
1126726,2018,2018-07-01,County Ground,1,8.6,New Zealand,England,AE Satterthwaite,SW Bates,KL George,2,0,,,,,,,,,
1126726,2018,2018-07-01,County Ground,1,9.1,New Zealand,England,SW Bates,AE Satterthwaite,S Ecclestone,1,0,,,,,,,,,
1126726,2018,2018-07-01,County Ground,1,9.2,New Zealand,England,AE Satterthwaite,SW Bates,S Ecclestone,1,0,,,,,,,,,
1126726,2018,2018-07-01,County Ground,1,9.3,New Zealand,England,SW Bates,AE Satterthwaite,S Ecclestone,0,0,,,,,,,,,
1126726,2018,2018-07-01,County Ground,1,9.4,New Zealand,England,SW Bates,AE Satterthwaite,S Ecclestone,0,0,,,,,,bowled,SW Bates,,
1126726,2018,2018-07-01,County Ground,1,9.5,New Zealand,England,ML Green,AE Satterthwaite,S Ecclestone,0,0,,,,,,,,,
1126726,2018,2018-07-01,County Ground,1,9.6,New Zealand,England,ML Green,AE Satterthwaite,S Ecclestone,0,1,1,,,,,,,,
1126726,2018,2018-07-01,County Ground,1,9.7,New Zealand,England,ML Green,AE Satterthwaite,S Ecclestone,1,0,,,,,,,,,
1126726,2018,2018-07-01,County Ground,1,10.1,New Zealand,England,ML Green,AE Satterthwaite,D Hazell,1,0,,,,,,,,,
1126726,2018,2018-07-01,County Ground,1,10.2,New Zealand,England,AE Satterthwaite,ML Green,D Hazell,0,0,,,,,,,,,
1126726,2018,2018-07-01,County Ground,1,10.3,New Zealand,England,AE Satterthwaite,ML Green,D Hazell,0,0,,,,,,,,,
1126726,2018,2018-07-01,County Ground,1,10.4,New Zealand,England,AE Satterthwaite,ML Green,D Hazell,1,0,,,,,,,,,
1126726,2018,2018-07-01,County Ground,1,10.5,New Zealand,England,ML Green,AE Satterthwaite,D Hazell,0,0,,,,,,,,,
1126726,2018,2018-07-01,County Ground,1,10.6,New Zealand,England,ML Green,AE Satterthwaite,D Hazell,1,0,,,,,,,,,
1126726,2018,2018-07-01,County Ground,1,11.1,New Zealand,England,ML Green,AE Satterthwaite,S Ecclestone,1,0,,,,,,,,,
1126726,2018,2018-07-01,County Ground,1,11.2,New Zealand,England,AE Satterthwaite,ML Green,S Ecclestone,1,0,,,,,,,,,
1126726,2018,2018-07-01,County Ground,1,11.3,New Zealand,England,ML Green,AE Satterthwaite,S Ecclestone,1,0,,,,,,,,,
1126726,2018,2018-07-01,County Ground,1,11.4,New Zealand,England,AE Satterthwaite,ML Green,S Ecclestone,0,0,,,,,,,,,
1126726,2018,2018-07-01,County Ground,1,11.5,New Zealand,England,AE Satterthwaite,ML Green,S Ecclestone,1,0,,,,,,,,,
1126726,2018,2018-07-01,County Ground,1,11.6,New Zealand,England,ML Green,AE Satterthwaite,S Ecclestone,1,0,,,,,,,,,
1126726,2018,2018-07-01,County Ground,1,12.1,New Zealand,England,ML Green,AE Satterthwaite,D Hazell,1,0,,,,,,,,,
1126726,2018,2018-07-01,County Ground,1,12.2,New Zealand,England,AE Satterthwaite,ML Green,D Hazell,0,0,,,,,,,,,
1126726,2018,2018-07-01,County Ground,1,12.3,New Zealand,England,AE Satterthwaite,ML Green,D Hazell,0,0,,,,,,,,,
1126726,2018,2018-07-01,County Ground,1,12.4,New Zealand,England,AE Satterthwaite,ML Green,D Hazell,1,0,,,,,,,,,
1126726,2018,2018-07-01,County Ground,1,12.5,New Zealand,England,ML Green,AE Satterthwaite,D Hazell,1,0,,,,,,,,,
1126726,2018,2018-07-01,County Ground,1,12.6,New Zealand,England,AE Satterthwaite,ML Green,D Hazell,0,0,,,,,,lbw,AE Satterthwaite,,
1126726,2018,2018-07-01,County Ground,1,13.1,New Zealand,England,ML Green,AC Kerr,A Shrubsole,0,0,,,,,,caught,ML Green,,
1126726,2018,2018-07-01,County Ground,1,13.2,New Zealand,England,JM Watkin,AC Kerr,A Shrubsole,0,0,,,,,,,,,
1126726,2018,2018-07-01,County Ground,1,13.3,New Zealand,England,JM Watkin,AC Kerr,A Shrubsole,0,0,,,,,,,,,
1126726,2018,2018-07-01,County Ground,1,13.4,New Zealand,England,JM Watkin,AC Kerr,A Shrubsole,1,0,,,,,,,,,
1126726,2018,2018-07-01,County Ground,1,13.5,New Zealand,England,AC Kerr,JM Watkin,A Shrubsole,0,0,,,,,,,,,
1126726,2018,2018-07-01,County Ground,1,13.6,New Zealand,England,AC Kerr,JM Watkin,A Shrubsole,0,0,,,,,,,,,
1126726,2018,2018-07-01,County Ground,1,14.1,New Zealand,England,JM Watkin,AC Kerr,KL George,4,0,,,,,,,,,
1126726,2018,2018-07-01,County Ground,1,14.2,New Zealand,England,JM Watkin,AC Kerr,KL George,0,0,,,,,,,,,
1126726,2018,2018-07-01,County Ground,1,14.3,New Zealand,England,JM Watkin,AC Kerr,KL George,0,0,,,,,,,,,
1126726,2018,2018-07-01,County Ground,1,14.4,New Zealand,England,JM Watkin,AC Kerr,KL George,0,0,,,,,,caught,JM Watkin,,
1126726,2018,2018-07-01,County Ground,1,14.5,New Zealand,England,AC Kerr,AM Peterson,KL George,2,0,,,,,,,,,
1126726,2018,2018-07-01,County Ground,1,14.6,New Zealand,England,AC Kerr,AM Peterson,KL George,0,0,,,,,,,,,
1126726,2018,2018-07-01,County Ground,1,15.1,New Zealand,England,AM Peterson,AC Kerr,KH Brunt,0,0,,,,,,,,,
1126726,2018,2018-07-01,County Ground,1,15.2,New Zealand,England,AM Peterson,AC Kerr,KH Brunt,4,0,,,,,,,,,
1126726,2018,2018-07-01,County Ground,1,15.3,New Zealand,England,AM Peterson,AC Kerr,KH Brunt,0,0,,,,,,,,,
1126726,2018,2018-07-01,County Ground,1,15.4,New Zealand,England,AM Peterson,AC Kerr,KH Brunt,0,0,,,,,,,,,
1126726,2018,2018-07-01,County Ground,1,15.5,New Zealand,England,AM Peterson,AC Kerr,KH Brunt,2,0,,,,,,,,,
1126726,2018,2018-07-01,County Ground,1,15.6,New Zealand,England,AM Peterson,AC Kerr,KH Brunt,0,0,,,,,,,,,
1126726,2018,2018-07-01,County Ground,1,16.1,New Zealand,England,AC Kerr,AM Peterson,D Hazell,1,0,,,,,,,,,
1126726,2018,2018-07-01,County Ground,1,16.2,New Zealand,England,AM Peterson,AC Kerr,D Hazell,0,0,,,,,,,,,
1126726,2018,2018-07-01,County Ground,1,16.3,New Zealand,England,AM Peterson,AC Kerr,D Hazell,1,0,,,,,,,,,
1126726,2018,2018-07-01,County Ground,1,16.4,New Zealand,England,AC Kerr,AM Peterson,D Hazell,1,0,,,,,,,,,
1126726,2018,2018-07-01,County Ground,1,16.5,New Zealand,England,AM Peterson,AC Kerr,D Hazell,0,0,,,,,,bowled,AM Peterson,,
1126726,2018,2018-07-01,County Ground,1,16.6,New Zealand,England,LM Kasperek,AC Kerr,D Hazell,1,0,,,,,,,,,
1126726,2018,2018-07-01,County Ground,1,17.1,New Zealand,England,LM Kasperek,AC Kerr,S Ecclestone,0,0,,,,,,,,,
1126726,2018,2018-07-01,County Ground,1,17.2,New Zealand,England,LM Kasperek,AC Kerr,S Ecclestone,4,0,,,,,,,,,
1126726,2018,2018-07-01,County Ground,1,17.3,New Zealand,England,LM Kasperek,AC Kerr,S Ecclestone,0,0,,,,,,,,,
1126726,2018,2018-07-01,County Ground,1,17.4,New Zealand,England,LM Kasperek,AC Kerr,S Ecclestone,0,0,,,,,,,,,
1126726,2018,2018-07-01,County Ground,1,17.5,New Zealand,England,LM Kasperek,AC Kerr,S Ecclestone,0,0,,,,,,,,,
1126726,2018,2018-07-01,County Ground,1,17.6,New Zealand,England,LM Kasperek,AC Kerr,S Ecclestone,0,0,,,,,,caught,LM Kasperek,,
1126726,2018,2018-07-01,County Ground,1,18.1,New Zealand,England,AC Kerr,HNK Jensen,A Shrubsole,1,0,,,,,,,,,
1126726,2018,2018-07-01,County Ground,1,18.2,New Zealand,England,HNK Jensen,AC Kerr,A Shrubsole,1,0,,,,,,,,,
1126726,2018,2018-07-01,County Ground,1,18.3,New Zealand,England,AC Kerr,HNK Jensen,A Shrubsole,4,0,,,,,,,,,
1126726,2018,2018-07-01,County Ground,1,18.4,New Zealand,England,AC Kerr,HNK Jensen,A Shrubsole,1,0,,,,,,,,,
1126726,2018,2018-07-01,County Ground,1,18.5,New Zealand,England,HNK Jensen,AC Kerr,A Shrubsole,2,0,,,,,,,,,
1126726,2018,2018-07-01,County Ground,1,18.6,New Zealand,England,HNK Jensen,AC Kerr,A Shrubsole,1,0,,,,,,,,,
1126726,2018,2018-07-01,County Ground,1,19.1,New Zealand,England,HNK Jensen,AC Kerr,KH Brunt,0,0,,,,,,,,,
1126726,2018,2018-07-01,County Ground,1,19.2,New Zealand,England,HNK Jensen,AC Kerr,KH Brunt,4,0,,,,,,,,,
1126726,2018,2018-07-01,County Ground,1,19.3,New Zealand,England,HNK Jensen,AC Kerr,KH Brunt,0,2,,,,2,,,,,
1126726,2018,2018-07-01,County Ground,1,19.4,New Zealand,England,HNK Jensen,AC Kerr,KH Brunt,1,0,,,,,,,,,
1126726,2018,2018-07-01,County Ground,1,19.5,New Zealand,England,AC Kerr,HNK Jensen,KH Brunt,1,0,,,,,,run out,HNK Jensen,,
1126726,2018,2018-07-01,County Ground,1,19.6,New Zealand,England,AC Kerr,LMM Tahuhu,KH Brunt,1,0,,,,,,,,,
1126726,2018,2018-07-01,County Ground,2,0.1,England,New Zealand,DN Wyatt,TT Beaumont,JM Watkin,0,0,,,,,,,,,
1126726,2018,2018-07-01,County Ground,2,0.2,England,New Zealand,DN Wyatt,TT Beaumont,JM Watkin,0,0,,,,,,,,,
1126726,2018,2018-07-01,County Ground,2,0.3,England,New Zealand,DN Wyatt,TT Beaumont,JM Watkin,0,0,,,,,,,,,
1126726,2018,2018-07-01,County Ground,2,0.4,England,New Zealand,DN Wyatt,TT Beaumont,JM Watkin,0,0,,,,,,,,,
1126726,2018,2018-07-01,County Ground,2,0.5,England,New Zealand,DN Wyatt,TT Beaumont,JM Watkin,4,0,,,,,,,,,
1126726,2018,2018-07-01,County Ground,2,0.6,England,New Zealand,DN Wyatt,TT Beaumont,JM Watkin,0,0,,,,,,,,,
1126726,2018,2018-07-01,County Ground,2,1.1,England,New Zealand,TT Beaumont,DN Wyatt,AM Peterson,2,0,,,,,,,,,
1126726,2018,2018-07-01,County Ground,2,1.2,England,New Zealand,TT Beaumont,DN Wyatt,AM Peterson,1,0,,,,,,,,,
1126726,2018,2018-07-01,County Ground,2,1.3,England,New Zealand,DN Wyatt,TT Beaumont,AM Peterson,1,0,,,,,,,,,
1126726,2018,2018-07-01,County Ground,2,1.4,England,New Zealand,TT Beaumont,DN Wyatt,AM Peterson,0,0,,,,,,,,,
1126726,2018,2018-07-01,County Ground,2,1.5,England,New Zealand,TT Beaumont,DN Wyatt,AM Peterson,4,0,,,,,,,,,
1126726,2018,2018-07-01,County Ground,2,1.6,England,New Zealand,TT Beaumont,DN Wyatt,AM Peterson,0,0,,,,,,,,,
1126726,2018,2018-07-01,County Ground,2,2.1,England,New Zealand,DN Wyatt,TT Beaumont,HNK Jensen,0,0,,,,,,,,,
1126726,2018,2018-07-01,County Ground,2,2.2,England,New Zealand,DN Wyatt,TT Beaumont,HNK Jensen,0,0,,,,,,,,,
1126726,2018,2018-07-01,County Ground,2,2.3,England,New Zealand,DN Wyatt,TT Beaumont,HNK Jensen,0,0,,,,,,,,,
1126726,2018,2018-07-01,County Ground,2,2.4,England,New Zealand,DN Wyatt,TT Beaumont,HNK Jensen,2,0,,,,,,,,,
1126726,2018,2018-07-01,County Ground,2,2.5,England,New Zealand,DN Wyatt,TT Beaumont,HNK Jensen,1,0,,,,,,,,,
1126726,2018,2018-07-01,County Ground,2,2.6,England,New Zealand,TT Beaumont,DN Wyatt,HNK Jensen,4,0,,,,,,,,,
1126726,2018,2018-07-01,County Ground,2,3.1,England,New Zealand,DN Wyatt,TT Beaumont,JM Watkin,0,0,,,,,,,,,
1126726,2018,2018-07-01,County Ground,2,3.2,England,New Zealand,DN Wyatt,TT Beaumont,JM Watkin,4,0,,,,,,,,,
1126726,2018,2018-07-01,County Ground,2,3.3,England,New Zealand,DN Wyatt,TT Beaumont,JM Watkin,1,0,,,,,,,,,
1126726,2018,2018-07-01,County Ground,2,3.4,England,New Zealand,TT Beaumont,DN Wyatt,JM Watkin,4,0,,,,,,,,,
1126726,2018,2018-07-01,County Ground,2,3.5,England,New Zealand,TT Beaumont,DN Wyatt,JM Watkin,4,0,,,,,,,,,
1126726,2018,2018-07-01,County Ground,2,3.6,England,New Zealand,TT Beaumont,DN Wyatt,JM Watkin,1,0,,,,,,,,,
1126726,2018,2018-07-01,County Ground,2,4.1,England,New Zealand,TT Beaumont,DN Wyatt,SFM Devine,0,0,,,,,,,,,
1126726,2018,2018-07-01,County Ground,2,4.2,England,New Zealand,TT Beaumont,DN Wyatt,SFM Devine,1,0,,,,,,,,,
1126726,2018,2018-07-01,County Ground,2,4.3,England,New Zealand,DN Wyatt,TT Beaumont,SFM Devine,1,0,,,,,,,,,
1126726,2018,2018-07-01,County Ground,2,4.4,England,New Zealand,TT Beaumont,DN Wyatt,SFM Devine,0,0,,,,,,,,,
1126726,2018,2018-07-01,County Ground,2,4.5,England,New Zealand,TT Beaumont,DN Wyatt,SFM Devine,0,0,,,,,,,,,
1126726,2018,2018-07-01,County Ground,2,4.6,England,New Zealand,TT Beaumont,DN Wyatt,SFM Devine,1,0,,,,,,,,,
1126726,2018,2018-07-01,County Ground,2,5.1,England,New Zealand,TT Beaumont,DN Wyatt,HNK Jensen,1,0,,,,,,,,,
1126726,2018,2018-07-01,County Ground,2,5.2,England,New Zealand,DN Wyatt,TT Beaumont,HNK Jensen,0,0,,,,,,,,,
1126726,2018,2018-07-01,County Ground,2,5.3,England,New Zealand,DN Wyatt,TT Beaumont,HNK Jensen,4,0,,,,,,,,,
1126726,2018,2018-07-01,County Ground,2,5.4,England,New Zealand,DN Wyatt,TT Beaumont,HNK Jensen,0,0,,,,,,,,,
1126726,2018,2018-07-01,County Ground,2,5.5,England,New Zealand,DN Wyatt,TT Beaumont,HNK Jensen,4,0,,,,,,,,,
1126726,2018,2018-07-01,County Ground,2,5.6,England,New Zealand,DN Wyatt,TT Beaumont,HNK Jensen,4,0,,,,,,,,,
1126726,2018,2018-07-01,County Ground,2,6.1,England,New Zealand,TT Beaumont,DN Wyatt,SFM Devine,1,0,,,,,,,,,
1126726,2018,2018-07-01,County Ground,2,6.2,England,New Zealand,DN Wyatt,TT Beaumont,SFM Devine,4,0,,,,,,,,,
1126726,2018,2018-07-01,County Ground,2,6.3,England,New Zealand,DN Wyatt,TT Beaumont,SFM Devine,4,0,,,,,,,,,
1126726,2018,2018-07-01,County Ground,2,6.4,England,New Zealand,DN Wyatt,TT Beaumont,SFM Devine,2,0,,,,,,,,,
1126726,2018,2018-07-01,County Ground,2,6.5,England,New Zealand,DN Wyatt,TT Beaumont,SFM Devine,1,0,,,,,,,,,
1126726,2018,2018-07-01,County Ground,2,6.6,England,New Zealand,TT Beaumont,DN Wyatt,SFM Devine,0,0,,,,,,,,,
1126726,2018,2018-07-01,County Ground,2,7.1,England,New Zealand,DN Wyatt,TT Beaumont,LM Kasperek,1,0,,,,,,,,,
1126726,2018,2018-07-01,County Ground,2,7.2,England,New Zealand,TT Beaumont,DN Wyatt,LM Kasperek,4,0,,,,,,,,,
1126726,2018,2018-07-01,County Ground,2,7.3,England,New Zealand,TT Beaumont,DN Wyatt,LM Kasperek,1,0,,,,,,,,,
1126726,2018,2018-07-01,County Ground,2,7.4,England,New Zealand,DN Wyatt,TT Beaumont,LM Kasperek,0,0,,,,,,,,,
1126726,2018,2018-07-01,County Ground,2,7.5,England,New Zealand,DN Wyatt,TT Beaumont,LM Kasperek,6,0,,,,,,,,,
1126726,2018,2018-07-01,County Ground,2,7.6,England,New Zealand,DN Wyatt,TT Beaumont,LM Kasperek,0,0,,,,,,,,,
1126726,2018,2018-07-01,County Ground,2,8.1,England,New Zealand,TT Beaumont,DN Wyatt,AC Kerr,1,0,,,,,,,,,
1126726,2018,2018-07-01,County Ground,2,8.2,England,New Zealand,DN Wyatt,TT Beaumont,AC Kerr,1,0,,,,,,,,,
1126726,2018,2018-07-01,County Ground,2,8.3,England,New Zealand,TT Beaumont,DN Wyatt,AC Kerr,0,0,,,,,,,,,
1126726,2018,2018-07-01,County Ground,2,8.4,England,New Zealand,TT Beaumont,DN Wyatt,AC Kerr,1,0,,,,,,,,,
1126726,2018,2018-07-01,County Ground,2,8.5,England,New Zealand,DN Wyatt,TT Beaumont,AC Kerr,0,0,,,,,,,,,
1126726,2018,2018-07-01,County Ground,2,8.6,England,New Zealand,DN Wyatt,TT Beaumont,AC Kerr,1,0,,,,,,,,,
1126726,2018,2018-07-01,County Ground,2,9.1,England,New Zealand,DN Wyatt,TT Beaumont,SW Bates,0,0,,,,,,,,,
1126726,2018,2018-07-01,County Ground,2,9.2,England,New Zealand,DN Wyatt,TT Beaumont,SW Bates,4,0,,,,,,,,,
1126726,2018,2018-07-01,County Ground,2,9.3,England,New Zealand,DN Wyatt,TT Beaumont,SW Bates,0,0,,,,,,caught,DN Wyatt,,
1126726,2018,2018-07-01,County Ground,2,9.4,England,New Zealand,SJ Taylor,TT Beaumont,SW Bates,1,0,,,,,,,,,
1126726,2018,2018-07-01,County Ground,2,9.5,England,New Zealand,TT Beaumont,SJ Taylor,SW Bates,0,0,,,,,,,,,
1126726,2018,2018-07-01,County Ground,2,9.6,England,New Zealand,TT Beaumont,SJ Taylor,SW Bates,2,0,,,,,,,,,
1126726,2018,2018-07-01,County Ground,2,10.1,England,New Zealand,SJ Taylor,TT Beaumont,AC Kerr,0,0,,,,,,,,,
1126726,2018,2018-07-01,County Ground,2,10.2,England,New Zealand,SJ Taylor,TT Beaumont,AC Kerr,0,0,,,,,,,,,
1126726,2018,2018-07-01,County Ground,2,10.3,England,New Zealand,SJ Taylor,TT Beaumont,AC Kerr,0,0,,,,,,,,,
1126726,2018,2018-07-01,County Ground,2,10.4,England,New Zealand,SJ Taylor,TT Beaumont,AC Kerr,0,5,5,,,,,,,,
1126726,2018,2018-07-01,County Ground,2,10.5,England,New Zealand,SJ Taylor,TT Beaumont,AC Kerr,1,0,,,,,,,,,
1126726,2018,2018-07-01,County Ground,2,10.6,England,New Zealand,TT Beaumont,SJ Taylor,AC Kerr,0,0,,,,,,,,,
1126726,2018,2018-07-01,County Ground,2,10.7,England,New Zealand,TT Beaumont,SJ Taylor,AC Kerr,0,0,,,,,,,,,
1126726,2018,2018-07-01,County Ground,2,11.1,England,New Zealand,SJ Taylor,TT Beaumont,SW Bates,4,0,,,,,,,,,
1126726,2018,2018-07-01,County Ground,2,11.2,England,New Zealand,SJ Taylor,TT Beaumont,SW Bates,4,0,,,,,,,,,
1126726,2018,2018-07-01,County Ground,2,11.3,England,New Zealand,SJ Taylor,TT Beaumont,SW Bates,1,0,,,,,,,,,
1126726,2018,2018-07-01,County Ground,2,11.4,England,New Zealand,TT Beaumont,SJ Taylor,SW Bates,0,0,,,,,,,,,
1126726,2018,2018-07-01,County Ground,2,11.5,England,New Zealand,TT Beaumont,SJ Taylor,SW Bates,0,0,,,,,,,,,
1126726,2018,2018-07-01,County Ground,2,11.6,England,New Zealand,TT Beaumont,SJ Taylor,SW Bates,1,0,,,,,,,,,
1126726,2018,2018-07-01,County Ground,2,12.1,England,New Zealand,TT Beaumont,SJ Taylor,AC Kerr,0,0,,,,,,,,,
1126726,2018,2018-07-01,County Ground,2,12.2,England,New Zealand,TT Beaumont,SJ Taylor,AC Kerr,0,0,,,,,,,,,
1126726,2018,2018-07-01,County Ground,2,12.3,England,New Zealand,TT Beaumont,SJ Taylor,AC Kerr,1,0,,,,,,,,,
1126726,2018,2018-07-01,County Ground,2,12.4,England,New Zealand,SJ Taylor,TT Beaumont,AC Kerr,1,0,,,,,,,,,
1126726,2018,2018-07-01,County Ground,2,12.5,England,New Zealand,TT Beaumont,SJ Taylor,AC Kerr,0,0,,,,,,caught,TT Beaumont,,
1126726,2018,2018-07-01,County Ground,2,12.6,England,New Zealand,SJ Taylor,NR Sciver,AC Kerr,0,0,,,,,,bowled,SJ Taylor,,
1126726,2018,2018-07-01,County Ground,2,13.1,England,New Zealand,NR Sciver,HC Knight,LMM Tahuhu,0,1,1,,,,,,,,
1126726,2018,2018-07-01,County Ground,2,13.2,England,New Zealand,NR Sciver,HC Knight,LMM Tahuhu,0,0,,,,,,,,,
1126726,2018,2018-07-01,County Ground,2,13.3,England,New Zealand,NR Sciver,HC Knight,LMM Tahuhu,1,0,,,,,,,,,
1126726,2018,2018-07-01,County Ground,2,13.4,England,New Zealand,HC Knight,NR Sciver,LMM Tahuhu,4,0,,,,,,,,,
1126726,2018,2018-07-01,County Ground,2,13.5,England,New Zealand,HC Knight,NR Sciver,LMM Tahuhu,4,0,,,,,,,,,
1126726,2018,2018-07-01,County Ground,2,13.6,England,New Zealand,HC Knight,NR Sciver,LMM Tahuhu,1,0,,,,,,,,,
1126726,2018,2018-07-01,County Ground,2,13.7,England,New Zealand,NR Sciver,HC Knight,LMM Tahuhu,4,0,,,,,,,,,
1126726,2018,2018-07-01,County Ground,2,14.1,England,New Zealand,HC Knight,NR Sciver,AC Kerr,1,0,,,,,,,,,
1126726,2018,2018-07-01,County Ground,2,14.2,England,New Zealand,NR Sciver,HC Knight,AC Kerr,4,0,,,,,,,,,
1126726,2018,2018-07-01,County Ground,2,14.3,England,New Zealand,NR Sciver,HC Knight,AC Kerr,1,0,,,,,,,,,
1126726,2018,2018-07-01,County Ground,2,14.4,England,New Zealand,HC Knight,NR Sciver,AC Kerr,2,0,,,,,,,,,
1126726,2018,2018-07-01,County Ground,2,14.5,England,New Zealand,HC Knight,NR Sciver,AC Kerr,1,0,,,,,,,,,
1126726,2018,2018-07-01,County Ground,2,14.6,England,New Zealand,NR Sciver,HC Knight,AC Kerr,1,0,,,,,,,,,
1126726,2018,2018-07-01,County Ground,2,15.1,England,New Zealand,NR Sciver,HC Knight,HNK Jensen,1,0,,,,,,,,,
1126726,2018,2018-07-01,County Ground,2,15.2,England,New Zealand,HC Knight,NR Sciver,HNK Jensen,1,0,,,,,,,,,
1126726,2018,2018-07-01,County Ground,2,15.3,England,New Zealand,NR Sciver,HC Knight,HNK Jensen,1,0,,,,,,,,,
1126726,2018,2018-07-01,County Ground,2,15.4,England,New Zealand,HC Knight,NR Sciver,HNK Jensen,0,0,,,,,,,,,
1126726,2018,2018-07-01,County Ground,2,15.5,England,New Zealand,HC Knight,NR Sciver,HNK Jensen,1,0,,,,,,,,,
1126726,2018,2018-07-01,County Ground,2,15.6,England,New Zealand,NR Sciver,HC Knight,HNK Jensen,1,0,,,,,,,,,
1126726,2018,2018-07-01,County Ground,2,16.1,England,New Zealand,NR Sciver,HC Knight,LM Kasperek,0,0,,,,,,,,,
1126726,2018,2018-07-01,County Ground,2,16.2,England,New Zealand,NR Sciver,HC Knight,LM Kasperek,1,0,,,,,,,,,
1126726,2018,2018-07-01,County Ground,2,16.3,England,New Zealand,HC Knight,NR Sciver,LM Kasperek,1,0,,,,,,,,,
1126726,2018,2018-07-01,County Ground,2,16.4,England,New Zealand,NR Sciver,HC Knight,LM Kasperek,1,0,,,,,,,,,
1126726,2018,2018-07-01,County Ground,2,16.5,England,New Zealand,HC Knight,NR Sciver,LM Kasperek,1,0,,,,,,,,,
1126726,2018,2018-07-01,County Ground,2,16.6,England,New Zealand,NR Sciver,HC Knight,LM Kasperek,1,0,,,,,,,,,
1126726,2018,2018-07-01,County Ground,2,17.1,England,New Zealand,NR Sciver,HC Knight,HNK Jensen,4,0,,,,,,,,,
