match_id,season,start_date,venue,innings,ball,batting_team,bowling_team,striker,non_striker,bowler,runs_off_bat,extras,wides,noballs,byes,legbyes,penalty,wicket_type,player_dismissed,other_wicket_type,other_player_dismissed
1126722,2018,2018-06-23,The Cooper Associates County Ground,1,0.1,England,South Africa,DN Wyatt,TT Beaumont,R Ntozakhe,0,0,,,,,,,,,
1126722,2018,2018-06-23,The Cooper Associates County Ground,1,0.2,England,South Africa,DN Wyatt,TT Beaumont,R Ntozakhe,0,0,,,,,,,,,
1126722,2018,2018-06-23,The Cooper Associates County Ground,1,0.3,England,South Africa,DN Wyatt,TT Beaumont,R Ntozakhe,1,0,,,,,,,,,
1126722,2018,2018-06-23,The Cooper Associates County Ground,1,0.4,England,South Africa,TT Beaumont,DN Wyatt,R Ntozakhe,1,0,,,,,,,,,
1126722,2018,2018-06-23,The Cooper Associates County Ground,1,0.5,England,South Africa,DN Wyatt,TT Beaumont,R Ntozakhe,0,0,,,,,,caught,DN Wyatt,,
1126722,2018,2018-06-23,The Cooper Associates County Ground,1,0.6,England,South Africa,SJ Taylor,TT Beaumont,R Ntozakhe,0,0,,,,,,,,,
1126722,2018,2018-06-23,The Cooper Associates County Ground,1,1.1,England,South Africa,TT Beaumont,SJ Taylor,M Kapp,1,0,,,,,,,,,
1126722,2018,2018-06-23,The Cooper Associates County Ground,1,1.2,England,South Africa,SJ Taylor,TT Beaumont,M Kapp,0,0,,,,,,,,,
1126722,2018,2018-06-23,The Cooper Associates County Ground,1,1.3,England,South Africa,SJ Taylor,TT Beaumont,M Kapp,2,0,,,,,,,,,
1126722,2018,2018-06-23,The Cooper Associates County Ground,1,1.4,England,South Africa,SJ Taylor,TT Beaumont,M Kapp,0,0,,,,,,,,,
1126722,2018,2018-06-23,The Cooper Associates County Ground,1,1.5,England,South Africa,SJ Taylor,TT Beaumont,M Kapp,4,0,,,,,,,,,
1126722,2018,2018-06-23,The Cooper Associates County Ground,1,1.6,England,South Africa,SJ Taylor,TT Beaumont,M Kapp,4,0,,,,,,,,,
1126722,2018,2018-06-23,The Cooper Associates County Ground,1,2.1,England,South Africa,TT Beaumont,SJ Taylor,R Ntozakhe,1,0,,,,,,,,,
1126722,2018,2018-06-23,The Cooper Associates County Ground,1,2.2,England,South Africa,SJ Taylor,TT Beaumont,R Ntozakhe,1,0,,,,,,,,,
1126722,2018,2018-06-23,The Cooper Associates County Ground,1,2.3,England,South Africa,TT Beaumont,SJ Taylor,R Ntozakhe,0,0,,,,,,,,,
1126722,2018,2018-06-23,The Cooper Associates County Ground,1,2.4,England,South Africa,TT Beaumont,SJ Taylor,R Ntozakhe,0,0,,,,,,,,,
1126722,2018,2018-06-23,The Cooper Associates County Ground,1,2.5,England,South Africa,TT Beaumont,SJ Taylor,R Ntozakhe,1,0,,,,,,,,,
1126722,2018,2018-06-23,The Cooper Associates County Ground,1,2.6,England,South Africa,SJ Taylor,TT Beaumont,R Ntozakhe,0,0,,,,,,,,,
1126722,2018,2018-06-23,The Cooper Associates County Ground,1,3.1,England,South Africa,TT Beaumont,SJ Taylor,M Kapp,4,0,,,,,,,,,
1126722,2018,2018-06-23,The Cooper Associates County Ground,1,3.2,England,South Africa,TT Beaumont,SJ Taylor,M Kapp,0,0,,,,,,,,,
1126722,2018,2018-06-23,The Cooper Associates County Ground,1,3.3,England,South Africa,TT Beaumont,SJ Taylor,M Kapp,0,0,,,,,,,,,
1126722,2018,2018-06-23,The Cooper Associates County Ground,1,3.4,England,South Africa,TT Beaumont,SJ Taylor,M Kapp,1,0,,,,,,,,,
1126722,2018,2018-06-23,The Cooper Associates County Ground,1,3.5,England,South Africa,SJ Taylor,TT Beaumont,M Kapp,4,0,,,,,,,,,
1126722,2018,2018-06-23,The Cooper Associates County Ground,1,3.6,England,South Africa,SJ Taylor,TT Beaumont,M Kapp,4,0,,,,,,,,,
1126722,2018,2018-06-23,The Cooper Associates County Ground,1,4.1,England,South Africa,TT Beaumont,SJ Taylor,R Ntozakhe,4,0,,,,,,,,,
1126722,2018,2018-06-23,The Cooper Associates County Ground,1,4.2,England,South Africa,TT Beaumont,SJ Taylor,R Ntozakhe,0,0,,,,,,,,,
1126722,2018,2018-06-23,The Cooper Associates County Ground,1,4.3,England,South Africa,TT Beaumont,SJ Taylor,R Ntozakhe,1,0,,,,,,,,,
1126722,2018,2018-06-23,The Cooper Associates County Ground,1,4.4,England,South Africa,SJ Taylor,TT Beaumont,R Ntozakhe,1,0,,,,,,,,,
1126722,2018,2018-06-23,The Cooper Associates County Ground,1,4.5,England,South Africa,TT Beaumont,SJ Taylor,R Ntozakhe,2,0,,,,,,,,,
1126722,2018,2018-06-23,The Cooper Associates County Ground,1,4.6,England,South Africa,TT Beaumont,SJ Taylor,R Ntozakhe,0,0,,,,,,,,,
1126722,2018,2018-06-23,The Cooper Associates County Ground,1,5.1,England,South Africa,SJ Taylor,TT Beaumont,S Ismail,0,0,,,,,,caught,SJ Taylor,,
1126722,2018,2018-06-23,The Cooper Associates County Ground,1,5.2,England,South Africa,NR Sciver,TT Beaumont,S Ismail,1,0,,,,,,,,,
1126722,2018,2018-06-23,The Cooper Associates County Ground,1,5.3,England,South Africa,TT Beaumont,NR Sciver,S Ismail,1,0,,,,,,,,,
1126722,2018,2018-06-23,The Cooper Associates County Ground,1,5.4,England,South Africa,NR Sciver,TT Beaumont,S Ismail,0,0,,,,,,,,,
1126722,2018,2018-06-23,The Cooper Associates County Ground,1,5.5,England,South Africa,NR Sciver,TT Beaumont,S Ismail,0,0,,,,,,,,,
1126722,2018,2018-06-23,The Cooper Associates County Ground,1,5.6,England,South Africa,NR Sciver,TT Beaumont,S Ismail,4,0,,,,,,,,,
1126722,2018,2018-06-23,The Cooper Associates County Ground,1,6.1,England,South Africa,TT Beaumont,NR Sciver,R Ntozakhe,2,0,,,,,,,,,
1126722,2018,2018-06-23,The Cooper Associates County Ground,1,6.2,England,South Africa,TT Beaumont,NR Sciver,R Ntozakhe,0,0,,,,,,,,,
1126722,2018,2018-06-23,The Cooper Associates County Ground,1,6.3,England,South Africa,TT Beaumont,NR Sciver,R Ntozakhe,1,0,,,,,,,,,
1126722,2018,2018-06-23,The Cooper Associates County Ground,1,6.4,England,South Africa,NR Sciver,TT Beaumont,R Ntozakhe,1,0,,,,,,,,,
1126722,2018,2018-06-23,The Cooper Associates County Ground,1,6.5,England,South Africa,TT Beaumont,NR Sciver,R Ntozakhe,1,0,,,,,,,,,
1126722,2018,2018-06-23,The Cooper Associates County Ground,1,6.6,England,South Africa,NR Sciver,TT Beaumont,R Ntozakhe,2,0,,,,,,,,,
1126722,2018,2018-06-23,The Cooper Associates County Ground,1,7.1,England,South Africa,TT Beaumont,NR Sciver,S Ismail,0,0,,,,,,,,,
1126722,2018,2018-06-23,The Cooper Associates County Ground,1,7.2,England,South Africa,TT Beaumont,NR Sciver,S Ismail,0,1,,,1,,,,,,
1126722,2018,2018-06-23,The Cooper Associates County Ground,1,7.3,England,South Africa,NR Sciver,TT Beaumont,S Ismail,0,0,,,,,,,,,
1126722,2018,2018-06-23,The Cooper Associates County Ground,1,7.4,England,South Africa,NR Sciver,TT Beaumont,S Ismail,1,0,,,,,,,,,
1126722,2018,2018-06-23,The Cooper Associates County Ground,1,7.5,England,South Africa,TT Beaumont,NR Sciver,S Ismail,0,0,,,,,,,,,
1126722,2018,2018-06-23,The Cooper Associates County Ground,1,7.6,England,South Africa,TT Beaumont,NR Sciver,S Ismail,1,0,,,,,,,,,
1126722,2018,2018-06-23,The Cooper Associates County Ground,1,8.1,England,South Africa,TT Beaumont,NR Sciver,D van Niekerk,0,0,,,,,,,,,
1126722,2018,2018-06-23,The Cooper Associates County Ground,1,8.2,England,South Africa,TT Beaumont,NR Sciver,D van Niekerk,1,0,,,,,,,,,
1126722,2018,2018-06-23,The Cooper Associates County Ground,1,8.3,England,South Africa,NR Sciver,TT Beaumont,D van Niekerk,0,0,,,,,,,,,
1126722,2018,2018-06-23,The Cooper Associates County Ground,1,8.4,England,South Africa,NR Sciver,TT Beaumont,D van Niekerk,0,2,2,,,,,,,,
1126722,2018,2018-06-23,The Cooper Associates County Ground,1,8.5,England,South Africa,TT Beaumont,NR Sciver,D van Niekerk,0,0,,,,,,,,,
1126722,2018,2018-06-23,The Cooper Associates County Ground,1,8.6,England,South Africa,TT Beaumont,NR Sciver,D van Niekerk,0,1,,,,1,,,,,
1126722,2018,2018-06-23,The Cooper Associates County Ground,1,8.7,England,South Africa,NR Sciver,TT Beaumont,D van Niekerk,1,0,,,,,,,,,
1126722,2018,2018-06-23,The Cooper Associates County Ground,1,9.1,England,South Africa,NR Sciver,TT Beaumont,Z Mali,2,0,,,,,,,,,
1126722,2018,2018-06-23,The Cooper Associates County Ground,1,9.2,England,South Africa,NR Sciver,TT Beaumont,Z Mali,2,0,,,,,,,,,
1126722,2018,2018-06-23,The Cooper Associates County Ground,1,9.3,England,South Africa,NR Sciver,TT Beaumont,Z Mali,1,0,,,,,,,,,
1126722,2018,2018-06-23,The Cooper Associates County Ground,1,9.4,England,South Africa,TT Beaumont,NR Sciver,Z Mali,0,0,,,,,,,,,
1126722,2018,2018-06-23,The Cooper Associates County Ground,1,9.5,England,South Africa,TT Beaumont,NR Sciver,Z Mali,2,0,,,,,,,,,
1126722,2018,2018-06-23,The Cooper Associates County Ground,1,9.6,England,South Africa,TT Beaumont,NR Sciver,Z Mali,1,0,,,,,,,,,
1126722,2018,2018-06-23,The Cooper Associates County Ground,1,10.1,England,South Africa,TT Beaumont,NR Sciver,D van Niekerk,0,0,,,,,,,,,
1126722,2018,2018-06-23,The Cooper Associates County Ground,1,10.2,England,South Africa,TT Beaumont,NR Sciver,D van Niekerk,4,0,,,,,,,,,
1126722,2018,2018-06-23,The Cooper Associates County Ground,1,10.3,England,South Africa,TT Beaumont,NR Sciver,D van Niekerk,1,0,,,,,,,,,
1126722,2018,2018-06-23,The Cooper Associates County Ground,1,10.4,England,South Africa,NR Sciver,TT Beaumont,D van Niekerk,0,0,,,,,,,,,
1126722,2018,2018-06-23,The Cooper Associates County Ground,1,10.5,England,South Africa,NR Sciver,TT Beaumont,D van Niekerk,1,0,,,,,,,,,
1126722,2018,2018-06-23,The Cooper Associates County Ground,1,10.6,England,South Africa,TT Beaumont,NR Sciver,D van Niekerk,1,0,,,,,,,,,
1126722,2018,2018-06-23,The Cooper Associates County Ground,1,11.1,England,South Africa,TT Beaumont,NR Sciver,Z Mali,4,0,,,,,,,,,
1126722,2018,2018-06-23,The Cooper Associates County Ground,1,11.2,England,South Africa,TT Beaumont,NR Sciver,Z Mali,1,0,,,,,,,,,
1126722,2018,2018-06-23,The Cooper Associates County Ground,1,11.3,England,South Africa,NR Sciver,TT Beaumont,Z Mali,0,0,,,,,,caught,NR Sciver,,
1126722,2018,2018-06-23,The Cooper Associates County Ground,1,11.4,England,South Africa,TT Beaumont,KH Brunt,Z Mali,1,0,,,,,,,,,
1126722,2018,2018-06-23,The Cooper Associates County Ground,1,11.5,England,South Africa,KH Brunt,TT Beaumont,Z Mali,4,0,,,,,,,,,
1126722,2018,2018-06-23,The Cooper Associates County Ground,1,11.6,England,South Africa,KH Brunt,TT Beaumont,Z Mali,0,0,,,,,,,,,
1126722,2018,2018-06-23,The Cooper Associates County Ground,1,12.1,England,South Africa,TT Beaumont,KH Brunt,D van Niekerk,1,0,,,,,,,,,
1126722,2018,2018-06-23,The Cooper Associates County Ground,1,12.2,England,South Africa,KH Brunt,TT Beaumont,D van Niekerk,1,0,,,,,,,,,
1126722,2018,2018-06-23,The Cooper Associates County Ground,1,12.3,England,South Africa,TT Beaumont,KH Brunt,D van Niekerk,1,0,,,,,,,,,
1126722,2018,2018-06-23,The Cooper Associates County Ground,1,12.4,England,South Africa,KH Brunt,TT Beaumont,D van Niekerk,1,0,,,,,,,,,
1126722,2018,2018-06-23,The Cooper Associates County Ground,1,12.5,England,South Africa,TT Beaumont,KH Brunt,D van Niekerk,1,0,,,,,,,,,
1126722,2018,2018-06-23,The Cooper Associates County Ground,1,12.6,England,South Africa,KH Brunt,TT Beaumont,D van Niekerk,0,0,,,,,,,,,
1126722,2018,2018-06-23,The Cooper Associates County Ground,1,13.1,England,South Africa,TT Beaumont,KH Brunt,Z Mali,4,0,,,,,,,,,
1126722,2018,2018-06-23,The Cooper Associates County Ground,1,13.2,England,South Africa,TT Beaumont,KH Brunt,Z Mali,1,0,,,,,,,,,
1126722,2018,2018-06-23,The Cooper Associates County Ground,1,13.3,England,South Africa,KH Brunt,TT Beaumont,Z Mali,0,0,,,,,,,,,
1126722,2018,2018-06-23,The Cooper Associates County Ground,1,13.4,England,South Africa,KH Brunt,TT Beaumont,Z Mali,0,0,,,,,,stumped,KH Brunt,,
1126722,2018,2018-06-23,The Cooper Associates County Ground,1,13.5,England,South Africa,HC Knight,TT Beaumont,Z Mali,1,0,,,,,,,,,
1126722,2018,2018-06-23,The Cooper Associates County Ground,1,13.6,England,South Africa,TT Beaumont,HC Knight,Z Mali,1,0,,,,,,,,,
1126722,2018,2018-06-23,The Cooper Associates County Ground,1,14.1,England,South Africa,TT Beaumont,HC Knight,D van Niekerk,1,0,,,,,,,,,
1126722,2018,2018-06-23,The Cooper Associates County Ground,1,14.2,England,South Africa,HC Knight,TT Beaumont,D van Niekerk,0,0,,,,,,,,,
1126722,2018,2018-06-23,The Cooper Associates County Ground,1,14.3,England,South Africa,HC Knight,TT Beaumont,D van Niekerk,1,0,,,,,,,,,
1126722,2018,2018-06-23,The Cooper Associates County Ground,1,14.4,England,South Africa,TT Beaumont,HC Knight,D van Niekerk,1,0,,,,,,,,,
1126722,2018,2018-06-23,The Cooper Associates County Ground,1,14.5,England,South Africa,HC Knight,TT Beaumont,D van Niekerk,1,0,,,,,,,,,
1126722,2018,2018-06-23,The Cooper Associates County Ground,1,14.6,England,South Africa,TT Beaumont,HC Knight,D van Niekerk,1,0,,,,,,,,,
1126722,2018,2018-06-23,The Cooper Associates County Ground,1,15.1,England,South Africa,TT Beaumont,HC Knight,Z Mali,4,0,,,,,,,,,
1126722,2018,2018-06-23,The Cooper Associates County Ground,1,15.2,England,South Africa,TT Beaumont,HC Knight,Z Mali,1,0,,,,,,,,,
1126722,2018,2018-06-23,The Cooper Associates County Ground,1,15.3,England,South Africa,HC Knight,TT Beaumont,Z Mali,4,0,,,,,,,,,
1126722,2018,2018-06-23,The Cooper Associates County Ground,1,15.4,England,South Africa,HC Knight,TT Beaumont,Z Mali,0,0,,,,,,,,,
1126722,2018,2018-06-23,The Cooper Associates County Ground,1,15.5,England,South Africa,HC Knight,TT Beaumont,Z Mali,1,0,,,,,,,,,
1126722,2018,2018-06-23,The Cooper Associates County Ground,1,15.6,England,South Africa,TT Beaumont,HC Knight,Z Mali,4,0,,,,,,,,,
1126722,2018,2018-06-23,The Cooper Associates County Ground,1,16.1,England,South Africa,HC Knight,TT Beaumont,S Ismail,1,0,,,,,,,,,
1126722,2018,2018-06-23,The Cooper Associates County Ground,1,16.2,England,South Africa,TT Beaumont,HC Knight,S Ismail,1,0,,,,,,,,,
1126722,2018,2018-06-23,The Cooper Associates County Ground,1,16.3,England,South Africa,HC Knight,TT Beaumont,S Ismail,4,0,,,,,,,,,
1126722,2018,2018-06-23,The Cooper Associates County Ground,1,16.4,England,South Africa,HC Knight,TT Beaumont,S Ismail,0,0,,,,,,,,,
1126722,2018,2018-06-23,The Cooper Associates County Ground,1,16.5,England,South Africa,HC Knight,TT Beaumont,S Ismail,1,0,,,,,,,,,
1126722,2018,2018-06-23,The Cooper Associates County Ground,1,16.6,England,South Africa,TT Beaumont,HC Knight,S Ismail,1,0,,,,,,,,,
1126722,2018,2018-06-23,The Cooper Associates County Ground,1,17.1,England,South Africa,TT Beaumont,HC Knight,M Kapp,2,0,,,,,,,,,
1126722,2018,2018-06-23,The Cooper Associates County Ground,1,17.2,England,South Africa,TT Beaumont,HC Knight,M Kapp,0,0,,,,,,,,,
1126722,2018,2018-06-23,The Cooper Associates County Ground,1,17.3,England,South Africa,TT Beaumont,HC Knight,M Kapp,4,0,,,,,,,,,
1126722,2018,2018-06-23,The Cooper Associates County Ground,1,17.4,England,South Africa,TT Beaumont,HC Knight,M Kapp,2,0,,,,,,,,,
1126722,2018,2018-06-23,The Cooper Associates County Ground,1,17.5,England,South Africa,TT Beaumont,HC Knight,M Kapp,1,0,,,,,,,,,
1126722,2018,2018-06-23,The Cooper Associates County Ground,1,17.6,England,South Africa,HC Knight,TT Beaumont,M Kapp,0,0,,,,,,,,,
1126722,2018,2018-06-23,The Cooper Associates County Ground,1,18.1,England,South Africa,TT Beaumont,HC Knight,S Ismail,1,0,,,,,,,,,
1126722,2018,2018-06-23,The Cooper Associates County Ground,1,18.2,England,South Africa,HC Knight,TT Beaumont,S Ismail,4,0,,,,,,,,,
1126722,2018,2018-06-23,The Cooper Associates County Ground,1,18.3,England,South Africa,HC Knight,TT Beaumont,S Ismail,4,0,,,,,,,,,
1126722,2018,2018-06-23,The Cooper Associates County Ground,1,18.4,England,South Africa,HC Knight,TT Beaumont,S Ismail,1,0,,,,,,,,,
1126722,2018,2018-06-23,The Cooper Associates County Ground,1,18.5,England,South Africa,TT Beaumont,HC Knight,S Ismail,0,0,,,,,,bowled,TT Beaumont,,
1126722,2018,2018-06-23,The Cooper Associates County Ground,1,18.6,England,South Africa,AE Jones,HC Knight,S Ismail,1,0,,,,,,,,,
1126722,2018,2018-06-23,The Cooper Associates County Ground,1,19.1,England,South Africa,AE Jones,HC Knight,M Kapp,4,0,,,,,,,,,
1126722,2018,2018-06-23,The Cooper Associates County Ground,1,19.2,England,South Africa,AE Jones,HC Knight,M Kapp,1,0,,,,,,,,,
1126722,2018,2018-06-23,The Cooper Associates County Ground,1,19.3,England,South Africa,HC Knight,AE Jones,M Kapp,4,0,,,,,,,,,
1126722,2018,2018-06-23,The Cooper Associates County Ground,1,19.4,England,South Africa,HC Knight,AE Jones,M Kapp,2,0,,,,,,,,,
1126722,2018,2018-06-23,The Cooper Associates County Ground,1,19.5,England,South Africa,HC Knight,AE Jones,M Kapp,0,0,,,,,,,,,
1126722,2018,2018-06-23,The Cooper Associates County Ground,1,19.6,England,South Africa,HC Knight,AE Jones,M Kapp,4,1,,1,,,,,,,
1126722,2018,2018-06-23,The Cooper Associates County Ground,1,19.7,England,South Africa,HC Knight,AE Jones,M Kapp,2,0,,,,,,,,,
1126722,2018,2018-06-23,The Cooper Associates County Ground,2,0.1,South Africa,England,L Lee,L Wolvaardt,A Shrubsole,4,0,,,,,,,,,
1126722,2018,2018-06-23,The Cooper Associates County Ground,2,0.2,South Africa,England,L Lee,L Wolvaardt,A Shrubsole,0,0,,,,,,,,,
1126722,2018,2018-06-23,The Cooper Associates County Ground,2,0.3,South Africa,England,L Lee,L Wolvaardt,A Shrubsole,1,0,,,,,,,,,
1126722,2018,2018-06-23,The Cooper Associates County Ground,2,0.4,South Africa,England,L Wolvaardt,L Lee,A Shrubsole,0,1,1,,,,,,,,
1126722,2018,2018-06-23,The Cooper Associates County Ground,2,0.5,South Africa,England,L Wolvaardt,L Lee,A Shrubsole,0,0,,,,,,bowled,L Wolvaardt,,
1126722,2018,2018-06-23,The Cooper Associates County Ground,2,0.6,South Africa,England,S Luus,L Lee,A Shrubsole,0,0,,,,,,,,,
1126722,2018,2018-06-23,The Cooper Associates County Ground,2,0.7,South Africa,England,S Luus,L Lee,A Shrubsole,0,0,,,,,,,,,
1126722,2018,2018-06-23,The Cooper Associates County Ground,2,1.1,South Africa,England,L Lee,S Luus,KH Brunt,6,0,,,,,,,,,
1126722,2018,2018-06-23,The Cooper Associates County Ground,2,1.2,South Africa,England,L Lee,S Luus,KH Brunt,0,0,,,,,,,,,
1126722,2018,2018-06-23,The Cooper Associates County Ground,2,1.3,South Africa,England,L Lee,S Luus,KH Brunt,0,0,,,,,,,,,
1126722,2018,2018-06-23,The Cooper Associates County Ground,2,1.4,South Africa,England,L Lee,S Luus,KH Brunt,0,0,,,,,,,,,
1126722,2018,2018-06-23,The Cooper Associates County Ground,2,1.5,South Africa,England,L Lee,S Luus,KH Brunt,1,0,,,,,,,,,
1126722,2018,2018-06-23,The Cooper Associates County Ground,2,1.6,South Africa,England,S Luus,L Lee,KH Brunt,0,0,,,,,,,,,
1126722,2018,2018-06-23,The Cooper Associates County Ground,2,2.1,South Africa,England,L Lee,S Luus,A Shrubsole,1,0,,,,,,,,,
1126722,2018,2018-06-23,The Cooper Associates County Ground,2,2.2,South Africa,England,S Luus,L Lee,A Shrubsole,0,0,,,,,,,,,
1126722,2018,2018-06-23,The Cooper Associates County Ground,2,2.3,South Africa,England,S Luus,L Lee,A Shrubsole,4,0,,,,,,,,,
1126722,2018,2018-06-23,The Cooper Associates County Ground,2,2.4,South Africa,England,S Luus,L Lee,A Shrubsole,0,0,,,,,,,,,
1126722,2018,2018-06-23,The Cooper Associates County Ground,2,2.5,South Africa,England,S Luus,L Lee,A Shrubsole,1,0,,,,,,,,,
1126722,2018,2018-06-23,The Cooper Associates County Ground,2,2.6,South Africa,England,L Lee,S Luus,A Shrubsole,1,0,,,,,,,,,
1126722,2018,2018-06-23,The Cooper Associates County Ground,2,3.1,South Africa,England,L Lee,S Luus,S Ecclestone,0,0,,,,,,,,,
1126722,2018,2018-06-23,The Cooper Associates County Ground,2,3.2,South Africa,England,L Lee,S Luus,S Ecclestone,1,0,,,,,,,,,
1126722,2018,2018-06-23,The Cooper Associates County Ground,2,3.3,South Africa,England,S Luus,L Lee,S Ecclestone,2,0,,,,,,,,,
1126722,2018,2018-06-23,The Cooper Associates County Ground,2,3.4,South Africa,England,S Luus,L Lee,S Ecclestone,1,0,,,,,,,,,
1126722,2018,2018-06-23,The Cooper Associates County Ground,2,3.5,South Africa,England,L Lee,S Luus,S Ecclestone,0,0,,,,,,,,,
1126722,2018,2018-06-23,The Cooper Associates County Ground,2,3.6,South Africa,England,L Lee,S Luus,S Ecclestone,2,0,,,,,,,,,
1126722,2018,2018-06-23,The Cooper Associates County Ground,2,4.1,South Africa,England,S Luus,L Lee,D Hazell,4,0,,,,,,,,,
1126722,2018,2018-06-23,The Cooper Associates County Ground,2,4.2,South Africa,England,S Luus,L Lee,D Hazell,0,0,,,,,,,,,
1126722,2018,2018-06-23,The Cooper Associates County Ground,2,4.3,South Africa,England,S Luus,L Lee,D Hazell,2,0,,,,,,,,,
1126722,2018,2018-06-23,The Cooper Associates County Ground,2,4.4,South Africa,England,S Luus,L Lee,D Hazell,6,0,,,,,,,,,
1126722,2018,2018-06-23,The Cooper Associates County Ground,2,4.5,South Africa,England,S Luus,L Lee,D Hazell,0,0,,,,,,,,,
1126722,2018,2018-06-23,The Cooper Associates County Ground,2,4.6,South Africa,England,S Luus,L Lee,D Hazell,1,0,,,,,,,,,
1126722,2018,2018-06-23,The Cooper Associates County Ground,2,5.1,South Africa,England,S Luus,L Lee,KH Brunt,2,0,,,,,,,,,
1126722,2018,2018-06-23,The Cooper Associates County Ground,2,5.2,South Africa,England,S Luus,L Lee,KH Brunt,1,0,,,,,,,,,
1126722,2018,2018-06-23,The Cooper Associates County Ground,2,5.3,South Africa,England,L Lee,S Luus,KH Brunt,0,0,,,,,,,,,
1126722,2018,2018-06-23,The Cooper Associates County Ground,2,5.4,South Africa,England,L Lee,S Luus,KH Brunt,1,0,,,,,,,,,
1126722,2018,2018-06-23,The Cooper Associates County Ground,2,5.5,South Africa,England,S Luus,L Lee,KH Brunt,1,0,,,,,,,,,
1126722,2018,2018-06-23,The Cooper Associates County Ground,2,5.6,South Africa,England,L Lee,S Luus,KH Brunt,6,0,,,,,,,,,
1126722,2018,2018-06-23,The Cooper Associates County Ground,2,6.1,South Africa,England,S Luus,L Lee,JL Gunn,0,0,,,,,,,,,
1126722,2018,2018-06-23,The Cooper Associates County Ground,2,6.2,South Africa,England,S Luus,L Lee,JL Gunn,4,0,,,,,,,,,
1126722,2018,2018-06-23,The Cooper Associates County Ground,2,6.3,South Africa,England,S Luus,L Lee,JL Gunn,0,0,,,,,,,,,
1126722,2018,2018-06-23,The Cooper Associates County Ground,2,6.4,South Africa,England,S Luus,L Lee,JL Gunn,1,0,,,,,,,,,
1126722,2018,2018-06-23,The Cooper Associates County Ground,2,6.5,South Africa,England,L Lee,S Luus,JL Gunn,1,0,,,,,,,,,
1126722,2018,2018-06-23,The Cooper Associates County Ground,2,6.6,South Africa,England,S Luus,L Lee,JL Gunn,4,0,,,,,,,,,
1126722,2018,2018-06-23,The Cooper Associates County Ground,2,7.1,South Africa,England,L Lee,S Luus,D Hazell,1,0,,,,,,,,,
1126722,2018,2018-06-23,The Cooper Associates County Ground,2,7.2,South Africa,England,S Luus,L Lee,D Hazell,0,0,,,,,,,,,
1126722,2018,2018-06-23,The Cooper Associates County Ground,2,7.3,South Africa,England,S Luus,L Lee,D Hazell,0,0,,,,,,,,,
1126722,2018,2018-06-23,The Cooper Associates County Ground,2,7.4,South Africa,England,S Luus,L Lee,D Hazell,0,0,,,,,,,,,
1126722,2018,2018-06-23,The Cooper Associates County Ground,2,7.5,South Africa,England,S Luus,L Lee,D Hazell,0,0,,,,,,,,,
1126722,2018,2018-06-23,The Cooper Associates County Ground,2,7.6,South Africa,England,S Luus,L Lee,D Hazell,1,0,,,,,,,,,
1126722,2018,2018-06-23,The Cooper Associates County Ground,2,8.1,South Africa,England,S Luus,L Lee,S Ecclestone,1,0,,,,,,,,,
1126722,2018,2018-06-23,The Cooper Associates County Ground,2,8.2,South Africa,England,L Lee,S Luus,S Ecclestone,0,0,,,,,,,,,
1126722,2018,2018-06-23,The Cooper Associates County Ground,2,8.3,South Africa,England,L Lee,S Luus,S Ecclestone,1,0,,,,,,,,,
1126722,2018,2018-06-23,The Cooper Associates County Ground,2,8.4,South Africa,England,S Luus,L Lee,S Ecclestone,1,0,,,,,,,,,
1126722,2018,2018-06-23,The Cooper Associates County Ground,2,8.5,South Africa,England,L Lee,S Luus,S Ecclestone,6,0,,,,,,,,,
1126722,2018,2018-06-23,The Cooper Associates County Ground,2,8.6,South Africa,England,L Lee,S Luus,S Ecclestone,4,0,,,,,,,,,
1126722,2018,2018-06-23,The Cooper Associates County Ground,2,9.1,South Africa,England,S Luus,L Lee,D Hazell,1,0,,,,,,,,,
1126722,2018,2018-06-23,The Cooper Associates County Ground,2,9.2,South Africa,England,L Lee,S Luus,D Hazell,4,0,,,,,,,,,
1126722,2018,2018-06-23,The Cooper Associates County Ground,2,9.3,South Africa,England,L Lee,S Luus,D Hazell,0,0,,,,,,,,,
1126722,2018,2018-06-23,The Cooper Associates County Ground,2,9.4,South Africa,England,L Lee,S Luus,D Hazell,2,0,,,,,,,,,
1126722,2018,2018-06-23,The Cooper Associates County Ground,2,9.5,South Africa,England,L Lee,S Luus,D Hazell,1,0,,,,,,,,,
1126722,2018,2018-06-23,The Cooper Associates County Ground,2,9.6,South Africa,England,S Luus,L Lee,D Hazell,1,0,,,,,,,,,
1126722,2018,2018-06-23,The Cooper Associates County Ground,2,10.1,South Africa,England,S Luus,L Lee,NR Sciver,1,0,,,,,,,,,
1126722,2018,2018-06-23,The Cooper Associates County Ground,2,10.2,South Africa,England,L Lee,S Luus,NR Sciver,0,0,,,,,,,,,
1126722,2018,2018-06-23,The Cooper Associates County Ground,2,10.3,South Africa,England,L Lee,S Luus,NR Sciver,6,0,,,,,,,,,
1126722,2018,2018-06-23,The Cooper Associates County Ground,2,10.4,South Africa,England,L Lee,S Luus,NR Sciver,4,0,,,,,,,,,
1126722,2018,2018-06-23,The Cooper Associates County Ground,2,10.5,South Africa,England,L Lee,S Luus,NR Sciver,1,0,,,,,,,,,
1126722,2018,2018-06-23,The Cooper Associates County Ground,2,10.6,South Africa,England,S Luus,L Lee,NR Sciver,0,0,,,,,,,,,
1126722,2018,2018-06-23,The Cooper Associates County Ground,2,11.1,South Africa,England,L Lee,S Luus,S Ecclestone,0,0,,,,,,,,,
1126722,2018,2018-06-23,The Cooper Associates County Ground,2,11.2,South Africa,England,L Lee,S Luus,S Ecclestone,6,0,,,,,,,,,
1126722,2018,2018-06-23,The Cooper Associates County Ground,2,11.3,South Africa,England,L Lee,S Luus,S Ecclestone,6,0,,,,,,,,,
1126722,2018,2018-06-23,The Cooper Associates County Ground,2,11.4,South Africa,England,L Lee,S Luus,S Ecclestone,0,0,,,,,,,,,
1126722,2018,2018-06-23,The Cooper Associates County Ground,2,11.5,South Africa,England,L Lee,S Luus,S Ecclestone,1,0,,,,,,,,,
1126722,2018,2018-06-23,The Cooper Associates County Ground,2,11.6,South Africa,England,S Luus,L Lee,S Ecclestone,0,0,,,,,,,,,
1126722,2018,2018-06-23,The Cooper Associates County Ground,2,12.1,South Africa,England,L Lee,S Luus,A Shrubsole,0,0,,,,,,caught,L Lee,,
1126722,2018,2018-06-23,The Cooper Associates County Ground,2,12.2,South Africa,England,S Luus,D van Niekerk,A Shrubsole,1,0,,,,,,,,,
1126722,2018,2018-06-23,The Cooper Associates County Ground,2,12.3,South Africa,England,D van Niekerk,S Luus,A Shrubsole,0,0,,,,,,,,,
1126722,2018,2018-06-23,The Cooper Associates County Ground,2,12.4,South Africa,England,D van Niekerk,S Luus,A Shrubsole,1,0,,,,,,,,,
1126722,2018,2018-06-23,The Cooper Associates County Ground,2,12.5,South Africa,England,S Luus,D van Niekerk,A Shrubsole,1,0,,,,,,,,,
1126722,2018,2018-06-23,The Cooper Associates County Ground,2,12.6,South Africa,England,D van Niekerk,S Luus,A Shrubsole,0,0,,,,,,,,,
1126722,2018,2018-06-23,The Cooper Associates County Ground,2,13.1,South Africa,England,S Luus,D van Niekerk,D Hazell,1,0,,,,,,,,,
1126722,2018,2018-06-23,The Cooper Associates County Ground,2,13.2,South Africa,England,D van Niekerk,S Luus,D Hazell,4,0,,,,,,,,,
1126722,2018,2018-06-23,The Cooper Associates County Ground,2,13.3,South Africa,England,D van Niekerk,S Luus,D Hazell,0,0,,,,,,,,,
1126722,2018,2018-06-23,The Cooper Associates County Ground,2,13.4,South Africa,England,D van Niekerk,S Luus,D Hazell,1,0,,,,,,,,,
1126722,2018,2018-06-23,The Cooper Associates County Ground,2,13.5,South Africa,England,S Luus,D van Niekerk,D Hazell,1,0,,,,,,,,,
1126722,2018,2018-06-23,The Cooper Associates County Ground,2,13.6,South Africa,England,D van Niekerk,S Luus,D Hazell,1,0,,,,,,,,,
1126722,2018,2018-06-23,The Cooper Associates County Ground,2,14.1,South Africa,England,D van Niekerk,S Luus,JL Gunn,0,0,,,,,,,,,
1126722,2018,2018-06-23,The Cooper Associates County Ground,2,14.2,South Africa,England,D van Niekerk,S Luus,JL Gunn,1,0,,,,,,,,,
1126722,2018,2018-06-23,The Cooper Associates County Ground,2,14.3,South Africa,England,S Luus,D van Niekerk,JL Gunn,1,0,,,,,,,,,
1126722,2018,2018-06-23,The Cooper Associates County Ground,2,14.4,South Africa,England,D van Niekerk,S Luus,JL Gunn,4,0,,,,,,,,,
1126722,2018,2018-06-23,The Cooper Associates County Ground,2,14.5,South Africa,England,D van Niekerk,S Luus,JL Gunn,0,0,,,,,,,,,
1126722,2018,2018-06-23,The Cooper Associates County Ground,2,14.6,South Africa,England,D van Niekerk,S Luus,JL Gunn,0,0,,,,,,,,,
1126722,2018,2018-06-23,The Cooper Associates County Ground,2,15.1,South Africa,England,S Luus,D van Niekerk,KH Brunt,0,0,,,,,,,,,
1126722,2018,2018-06-23,The Cooper Associates County Ground,2,15.2,South Africa,England,S Luus,D van Niekerk,KH Brunt,0,0,,,,,,,,,
1126722,2018,2018-06-23,The Cooper Associates County Ground,2,15.3,South Africa,England,S Luus,D van Niekerk,KH Brunt,1,0,,,,,,,,,
1126722,2018,2018-06-23,The Cooper Associates County Ground,2,15.4,South Africa,England,D van Niekerk,S Luus,KH Brunt,1,0,,,,,,,,,
1126722,2018,2018-06-23,The Cooper Associates County Ground,2,15.5,South Africa,England,S Luus,D van Niekerk,KH Brunt,0,0,,,,,,,,,
1126722,2018,2018-06-23,The Cooper Associates County Ground,2,15.6,South Africa,England,S Luus,D van Niekerk,KH Brunt,0,0,,,,,,,,,
1126722,2018,2018-06-23,The Cooper Associates County Ground,2,16.1,South Africa,England,D van Niekerk,S Luus,JL Gunn,4,0,,,,,,,,,
1126722,2018,2018-06-23,The Cooper Associates County Ground,2,16.2,South Africa,England,D van Niekerk,S Luus,JL Gunn,2,0,,,,,,,,,
1126722,2018,2018-06-23,The Cooper Associates County Ground,2,16.3,South Africa,England,D van Niekerk,S Luus,JL Gunn,1,0,,,,,,,,,
1126722,2018,2018-06-23,The Cooper Associates County Ground,2,16.4,South Africa,England,S Luus,D van Niekerk,JL Gunn,1,0,,,,,,,,,
1126722,2018,2018-06-23,The Cooper Associates County Ground,2,16.5,South Africa,England,D van Niekerk,S Luus,JL Gunn,4,0,,,,,,,,,
1126722,2018,2018-06-23,The Cooper Associates County Ground,2,16.6,South Africa,England,D van Niekerk,S Luus,JL Gunn,1,0,,,,,,,,,
1126722,2018,2018-06-23,The Cooper Associates County Ground,2,17.1,South Africa,England,D van Niekerk,S Luus,S Ecclestone,0,0,,,,,,stumped,D van Niekerk,,
1126722,2018,2018-06-23,The Cooper Associates County Ground,2,17.2,South Africa,England,CL Tryon,S Luus,S Ecclestone,0,0,,,,,,,,,
1126722,2018,2018-06-23,The Cooper Associates County Ground,2,17.3,South Africa,England,CL Tryon,S Luus,S Ecclestone,1,0,,,,,,,,,
1126722,2018,2018-06-23,The Cooper Associates County Ground,2,17.4,South Africa,England,S Luus,CL Tryon,S Ecclestone,1,0,,,,,,,,,
1126722,2018,2018-06-23,The Cooper Associates County Ground,2,17.5,South Africa,England,CL Tryon,S Luus,S Ecclestone,0,0,,,,,,bowled,CL Tryon,,
1126722,2018,2018-06-23,The Cooper Associates County Ground,2,17.6,South Africa,England,M du Preez,S Luus,S Ecclestone,1,0,,,,,,,,,
1126722,2018,2018-06-23,The Cooper Associates County Ground,2,18.1,South Africa,England,M du Preez,S Luus,A Shrubsole,4,0,,,,,,,,,
1126722,2018,2018-06-23,The Cooper Associates County Ground,2,18.2,South Africa,England,M du Preez,S Luus,A Shrubsole,0,0,,,,,,,,,
1126722,2018,2018-06-23,The Cooper Associates County Ground,2,18.3,South Africa,England,M du Preez,S Luus,A Shrubsole,1,0,,,,,,,,,
1126722,2018,2018-06-23,The Cooper Associates County Ground,2,18.4,South Africa,England,S Luus,M du Preez,A Shrubsole,0,0,,,,,,,,,
1126722,2018,2018-06-23,The Cooper Associates County Ground,2,18.5,South Africa,England,S Luus,M du Preez,A Shrubsole,1,0,,,,,,,,,
1126722,2018,2018-06-23,The Cooper Associates County Ground,2,18.6,South Africa,England,M du Preez,S Luus,A Shrubsole,2,0,,,,,,,,,
1126722,2018,2018-06-23,The Cooper Associates County Ground,2,19.1,South Africa,England,S Luus,M du Preez,KH Brunt,4,0,,,,,,,,,
1126722,2018,2018-06-23,The Cooper Associates County Ground,2,19.2,South Africa,England,S Luus,M du Preez,KH Brunt,4,0,,,,,,,,,
1126722,2018,2018-06-23,The Cooper Associates County Ground,2,19.3,South Africa,England,S Luus,M du Preez,KH Brunt,6,0,,,,,,,,,
