match_id,season,start_date,venue,innings,ball,batting_team,bowling_team,striker,non_striker,bowler,runs_off_bat,extras,wides,noballs,byes,legbyes,penalty,wicket_type,player_dismissed,other_wicket_type,other_player_dismissed
1126724,2018,2018-06-28,County Ground,1,0.1,South Africa,New Zealand,L Lee,L Wolvaardt,LMM Tahuhu,0,1,1,,,,,,,,
1126724,2018,2018-06-28,County Ground,1,0.2,South Africa,New Zealand,L Lee,L Wolvaardt,LMM Tahuhu,0,0,,,,,,,,,
1126724,2018,2018-06-28,County Ground,1,0.3,South Africa,New Zealand,L Lee,L Wolvaardt,LMM Tahuhu,0,0,,,,,,,,,
1126724,2018,2018-06-28,County Ground,1,0.4,South Africa,New Zealand,L Lee,L Wolvaardt,LMM Tahuhu,1,0,,,,,,,,,
1126724,2018,2018-06-28,County Ground,1,0.5,South Africa,New Zealand,L Wolvaardt,L Lee,LMM Tahuhu,0,1,1,,,,,,,,
1126724,2018,2018-06-28,County Ground,1,0.6,South Africa,New Zealand,L Wolvaardt,L Lee,LMM Tahuhu,0,1,1,,,,,,,,
1126724,2018,2018-06-28,County Ground,1,0.7,South Africa,New Zealand,L Wolvaardt,L Lee,LMM Tahuhu,0,0,,,,,,,,,
1126724,2018,2018-06-28,County Ground,1,0.8,South Africa,New Zealand,L Wolvaardt,L Lee,LMM Tahuhu,0,0,,,,,,,,,
1126724,2018,2018-06-28,County Ground,1,0.9,South Africa,New Zealand,L Wolvaardt,L Lee,LMM Tahuhu,3,0,,,,,,,,,
1126724,2018,2018-06-28,County Ground,1,1.1,South Africa,New Zealand,L Wolvaardt,L Lee,LM Kasperek,0,0,,,,,,,,,
1126724,2018,2018-06-28,County Ground,1,1.2,South Africa,New Zealand,L Wolvaardt,L Lee,LM Kasperek,0,0,,,,,,,,,
1126724,2018,2018-06-28,County Ground,1,1.3,South Africa,New Zealand,L Wolvaardt,L Lee,LM Kasperek,4,0,,,,,,,,,
1126724,2018,2018-06-28,County Ground,1,1.4,South Africa,New Zealand,L Wolvaardt,L Lee,LM Kasperek,0,0,,,,,,,,,
1126724,2018,2018-06-28,County Ground,1,1.5,South Africa,New Zealand,L Wolvaardt,L Lee,LM Kasperek,1,0,,,,,,,,,
1126724,2018,2018-06-28,County Ground,1,1.6,South Africa,New Zealand,L Lee,L Wolvaardt,LM Kasperek,1,0,,,,,,,,,
1126724,2018,2018-06-28,County Ground,1,2.1,South Africa,New Zealand,L Lee,L Wolvaardt,SFM Devine,0,0,,,,,,,,,
1126724,2018,2018-06-28,County Ground,1,2.2,South Africa,New Zealand,L Lee,L Wolvaardt,SFM Devine,0,0,,,,,,,,,
1126724,2018,2018-06-28,County Ground,1,2.3,South Africa,New Zealand,L Lee,L Wolvaardt,SFM Devine,4,0,,,,,,,,,
1126724,2018,2018-06-28,County Ground,1,2.4,South Africa,New Zealand,L Lee,L Wolvaardt,SFM Devine,0,1,1,,,,,,,,
1126724,2018,2018-06-28,County Ground,1,2.5,South Africa,New Zealand,L Lee,L Wolvaardt,SFM Devine,0,1,1,,,,,,,,
1126724,2018,2018-06-28,County Ground,1,2.6,South Africa,New Zealand,L Lee,L Wolvaardt,SFM Devine,0,0,,,,,,,,,
1126724,2018,2018-06-28,County Ground,1,2.7,South Africa,New Zealand,L Lee,L Wolvaardt,SFM Devine,0,1,1,,,,,,,,
1126724,2018,2018-06-28,County Ground,1,2.8,South Africa,New Zealand,L Lee,L Wolvaardt,SFM Devine,1,0,,,,,,,,,
1126724,2018,2018-06-28,County Ground,1,2.9,South Africa,New Zealand,L Wolvaardt,L Lee,SFM Devine,0,0,,,,,,,,,
1126724,2018,2018-06-28,County Ground,1,3.1,South Africa,New Zealand,L Lee,L Wolvaardt,LM Kasperek,0,0,,,,,,,,,
1126724,2018,2018-06-28,County Ground,1,3.2,South Africa,New Zealand,L Lee,L Wolvaardt,LM Kasperek,4,0,,,,,,,,,
1126724,2018,2018-06-28,County Ground,1,3.3,South Africa,New Zealand,L Lee,L Wolvaardt,LM Kasperek,4,0,,,,,,,,,
1126724,2018,2018-06-28,County Ground,1,3.4,South Africa,New Zealand,L Lee,L Wolvaardt,LM Kasperek,1,0,,,,,,,,,
1126724,2018,2018-06-28,County Ground,1,3.5,South Africa,New Zealand,L Wolvaardt,L Lee,LM Kasperek,1,0,,,,,,,,,
1126724,2018,2018-06-28,County Ground,1,3.6,South Africa,New Zealand,L Lee,L Wolvaardt,LM Kasperek,5,0,,,,,,,,,
1126724,2018,2018-06-28,County Ground,1,4.1,South Africa,New Zealand,L Lee,L Wolvaardt,HNK Jensen,0,0,,,,,,,,,
1126724,2018,2018-06-28,County Ground,1,4.2,South Africa,New Zealand,L Lee,L Wolvaardt,HNK Jensen,0,0,,,,,,,,,
1126724,2018,2018-06-28,County Ground,1,4.3,South Africa,New Zealand,L Lee,L Wolvaardt,HNK Jensen,4,0,,,,,,,,,
1126724,2018,2018-06-28,County Ground,1,4.4,South Africa,New Zealand,L Lee,L Wolvaardt,HNK Jensen,0,0,,,,,,caught,L Lee,,
1126724,2018,2018-06-28,County Ground,1,4.5,South Africa,New Zealand,S Luus,L Wolvaardt,HNK Jensen,0,0,,,,,,,,,
1126724,2018,2018-06-28,County Ground,1,4.6,South Africa,New Zealand,S Luus,L Wolvaardt,HNK Jensen,0,0,,,,,,,,,
1126724,2018,2018-06-28,County Ground,1,5.1,South Africa,New Zealand,L Wolvaardt,S Luus,SW Bates,0,0,,,,,,run out,S Luus,,
1126724,2018,2018-06-28,County Ground,1,5.2,South Africa,New Zealand,L Wolvaardt,D van Niekerk,SW Bates,1,0,,,,,,,,,
1126724,2018,2018-06-28,County Ground,1,5.3,South Africa,New Zealand,D van Niekerk,L Wolvaardt,SW Bates,0,0,,,,,,,,,
1126724,2018,2018-06-28,County Ground,1,5.4,South Africa,New Zealand,D van Niekerk,L Wolvaardt,SW Bates,2,0,,,,,,,,,
1126724,2018,2018-06-28,County Ground,1,5.5,South Africa,New Zealand,D van Niekerk,L Wolvaardt,SW Bates,0,0,,,,,,,,,
1126724,2018,2018-06-28,County Ground,1,5.6,South Africa,New Zealand,D van Niekerk,L Wolvaardt,SW Bates,0,0,,,,,,,,,
1126724,2018,2018-06-28,County Ground,1,6.1,South Africa,New Zealand,L Wolvaardt,D van Niekerk,HNK Jensen,1,0,,,,,,,,,
1126724,2018,2018-06-28,County Ground,1,6.2,South Africa,New Zealand,D van Niekerk,L Wolvaardt,HNK Jensen,0,1,1,,,,,,,,
1126724,2018,2018-06-28,County Ground,1,6.3,South Africa,New Zealand,D van Niekerk,L Wolvaardt,HNK Jensen,1,0,,,,,,,,,
1126724,2018,2018-06-28,County Ground,1,6.4,South Africa,New Zealand,L Wolvaardt,D van Niekerk,HNK Jensen,1,0,,,,,,,,,
1126724,2018,2018-06-28,County Ground,1,6.5,South Africa,New Zealand,D van Niekerk,L Wolvaardt,HNK Jensen,0,0,,,,,,,,,
1126724,2018,2018-06-28,County Ground,1,6.6,South Africa,New Zealand,D van Niekerk,L Wolvaardt,HNK Jensen,0,0,,,,,,,,,
1126724,2018,2018-06-28,County Ground,1,6.7,South Africa,New Zealand,D van Niekerk,L Wolvaardt,HNK Jensen,2,0,,,,,,,,,
1126724,2018,2018-06-28,County Ground,1,7.1,South Africa,New Zealand,L Wolvaardt,D van Niekerk,SW Bates,0,0,,,,,,,,,
1126724,2018,2018-06-28,County Ground,1,7.2,South Africa,New Zealand,L Wolvaardt,D van Niekerk,SW Bates,0,0,,,,,,,,,
1126724,2018,2018-06-28,County Ground,1,7.3,South Africa,New Zealand,L Wolvaardt,D van Niekerk,SW Bates,1,0,,,,,,,,,
1126724,2018,2018-06-28,County Ground,1,7.4,South Africa,New Zealand,D van Niekerk,L Wolvaardt,SW Bates,2,0,,,,,,,,,
1126724,2018,2018-06-28,County Ground,1,7.5,South Africa,New Zealand,D van Niekerk,L Wolvaardt,SW Bates,1,0,,,,,,,,,
1126724,2018,2018-06-28,County Ground,1,7.6,South Africa,New Zealand,L Wolvaardt,D van Niekerk,SW Bates,0,0,,,,,,,,,
1126724,2018,2018-06-28,County Ground,1,8.1,South Africa,New Zealand,D van Niekerk,L Wolvaardt,AC Kerr,0,0,,,,,,,,,
1126724,2018,2018-06-28,County Ground,1,8.2,South Africa,New Zealand,D van Niekerk,L Wolvaardt,AC Kerr,0,5,5,,,,,,,,
1126724,2018,2018-06-28,County Ground,1,8.3,South Africa,New Zealand,D van Niekerk,L Wolvaardt,AC Kerr,0,0,,,,,,,,,
1126724,2018,2018-06-28,County Ground,1,8.4,South Africa,New Zealand,D van Niekerk,L Wolvaardt,AC Kerr,1,0,,,,,,,,,
1126724,2018,2018-06-28,County Ground,1,8.5,South Africa,New Zealand,L Wolvaardt,D van Niekerk,AC Kerr,1,0,,,,,,,,,
1126724,2018,2018-06-28,County Ground,1,8.6,South Africa,New Zealand,D van Niekerk,L Wolvaardt,AC Kerr,1,0,,,,,,,,,
1126724,2018,2018-06-28,County Ground,1,8.7,South Africa,New Zealand,L Wolvaardt,D van Niekerk,AC Kerr,0,0,,,,,,,,,
1126724,2018,2018-06-28,County Ground,1,9.1,South Africa,New Zealand,D van Niekerk,L Wolvaardt,KE Ebrahim,4,0,,,,,,,,,
1126724,2018,2018-06-28,County Ground,1,9.2,South Africa,New Zealand,D van Niekerk,L Wolvaardt,KE Ebrahim,1,0,,,,,,,,,
1126724,2018,2018-06-28,County Ground,1,9.3,South Africa,New Zealand,L Wolvaardt,D van Niekerk,KE Ebrahim,0,0,,,,,,,,,
1126724,2018,2018-06-28,County Ground,1,9.4,South Africa,New Zealand,L Wolvaardt,D van Niekerk,KE Ebrahim,0,1,,,,1,,,,,
1126724,2018,2018-06-28,County Ground,1,9.5,South Africa,New Zealand,D van Niekerk,L Wolvaardt,KE Ebrahim,1,0,,,,,,,,,
1126724,2018,2018-06-28,County Ground,1,9.6,South Africa,New Zealand,L Wolvaardt,D van Niekerk,KE Ebrahim,1,0,,,,,,,,,
1126724,2018,2018-06-28,County Ground,1,10.1,South Africa,New Zealand,L Wolvaardt,D van Niekerk,AC Kerr,0,0,,,,,,,,,
1126724,2018,2018-06-28,County Ground,1,10.2,South Africa,New Zealand,L Wolvaardt,D van Niekerk,AC Kerr,0,0,,,,,,,,,
1126724,2018,2018-06-28,County Ground,1,10.3,South Africa,New Zealand,L Wolvaardt,D van Niekerk,AC Kerr,0,0,,,,,,,,,
1126724,2018,2018-06-28,County Ground,1,10.4,South Africa,New Zealand,L Wolvaardt,D van Niekerk,AC Kerr,1,0,,,,,,,,,
1126724,2018,2018-06-28,County Ground,1,10.5,South Africa,New Zealand,D van Niekerk,L Wolvaardt,AC Kerr,0,0,,,,,,,,,
1126724,2018,2018-06-28,County Ground,1,10.6,South Africa,New Zealand,D van Niekerk,L Wolvaardt,AC Kerr,1,0,,,,,,,,,
1126724,2018,2018-06-28,County Ground,1,11.1,South Africa,New Zealand,D van Niekerk,L Wolvaardt,HNK Jensen,1,0,,,,,,,,,
1126724,2018,2018-06-28,County Ground,1,11.2,South Africa,New Zealand,L Wolvaardt,D van Niekerk,HNK Jensen,0,0,,,,,,,,,
1126724,2018,2018-06-28,County Ground,1,11.3,South Africa,New Zealand,L Wolvaardt,D van Niekerk,HNK Jensen,1,0,,,,,,,,,
1126724,2018,2018-06-28,County Ground,1,11.4,South Africa,New Zealand,D van Niekerk,L Wolvaardt,HNK Jensen,1,0,,,,,,,,,
1126724,2018,2018-06-28,County Ground,1,11.5,South Africa,New Zealand,L Wolvaardt,D van Niekerk,HNK Jensen,0,0,,,,,,,,,
1126724,2018,2018-06-28,County Ground,1,11.6,South Africa,New Zealand,L Wolvaardt,D van Niekerk,HNK Jensen,0,0,,,,,,,,,
1126724,2018,2018-06-28,County Ground,1,12.1,South Africa,New Zealand,D van Niekerk,L Wolvaardt,SW Bates,0,0,,,,,,,,,
1126724,2018,2018-06-28,County Ground,1,12.2,South Africa,New Zealand,D van Niekerk,L Wolvaardt,SW Bates,1,0,,,,,,,,,
1126724,2018,2018-06-28,County Ground,1,12.3,South Africa,New Zealand,L Wolvaardt,D van Niekerk,SW Bates,1,0,,,,,,,,,
1126724,2018,2018-06-28,County Ground,1,12.4,South Africa,New Zealand,D van Niekerk,L Wolvaardt,SW Bates,1,0,,,,,,,,,
1126724,2018,2018-06-28,County Ground,1,12.5,South Africa,New Zealand,L Wolvaardt,D van Niekerk,SW Bates,1,0,,,,,,,,,
1126724,2018,2018-06-28,County Ground,1,12.6,South Africa,New Zealand,D van Niekerk,L Wolvaardt,SW Bates,1,0,,,,,,,,,
1126724,2018,2018-06-28,County Ground,1,13.1,South Africa,New Zealand,D van Niekerk,L Wolvaardt,AM Peterson,1,0,,,,,,,,,
1126724,2018,2018-06-28,County Ground,1,13.2,South Africa,New Zealand,L Wolvaardt,D van Niekerk,AM Peterson,4,0,,,,,,,,,
1126724,2018,2018-06-28,County Ground,1,13.3,South Africa,New Zealand,L Wolvaardt,D van Niekerk,AM Peterson,1,0,,,,,,,,,
1126724,2018,2018-06-28,County Ground,1,13.4,South Africa,New Zealand,D van Niekerk,L Wolvaardt,AM Peterson,1,0,,,,,,,,,
1126724,2018,2018-06-28,County Ground,1,13.5,South Africa,New Zealand,L Wolvaardt,D van Niekerk,AM Peterson,1,0,,,,,,,,,
1126724,2018,2018-06-28,County Ground,1,13.6,South Africa,New Zealand,D van Niekerk,L Wolvaardt,AM Peterson,1,0,,,,,,,,,
1126724,2018,2018-06-28,County Ground,1,14.1,South Africa,New Zealand,D van Niekerk,L Wolvaardt,AC Kerr,0,0,,,,,,caught,D van Niekerk,,
1126724,2018,2018-06-28,County Ground,1,14.2,South Africa,New Zealand,CL Tryon,L Wolvaardt,AC Kerr,1,0,,,,,,,,,
1126724,2018,2018-06-28,County Ground,1,14.3,South Africa,New Zealand,L Wolvaardt,CL Tryon,AC Kerr,0,0,,,,,,caught,L Wolvaardt,,
1126724,2018,2018-06-28,County Ground,1,14.4,South Africa,New Zealand,M du Preez,CL Tryon,AC Kerr,0,0,,,,,,,,,
1126724,2018,2018-06-28,County Ground,1,14.5,South Africa,New Zealand,M du Preez,CL Tryon,AC Kerr,0,0,,,,,,,,,
1126724,2018,2018-06-28,County Ground,1,14.6,South Africa,New Zealand,M du Preez,CL Tryon,AC Kerr,0,0,,,,,,,,,
1126724,2018,2018-06-28,County Ground,1,15.1,South Africa,New Zealand,CL Tryon,M du Preez,SFM Devine,0,1,1,,,,,,,,
1126724,2018,2018-06-28,County Ground,1,15.2,South Africa,New Zealand,CL Tryon,M du Preez,SFM Devine,0,0,,,,,,,,,
1126724,2018,2018-06-28,County Ground,1,15.3,South Africa,New Zealand,CL Tryon,M du Preez,SFM Devine,4,0,,,,,,,,,
1126724,2018,2018-06-28,County Ground,1,15.4,South Africa,New Zealand,CL Tryon,M du Preez,SFM Devine,1,0,,,,,,,,,
1126724,2018,2018-06-28,County Ground,1,15.5,South Africa,New Zealand,M du Preez,CL Tryon,SFM Devine,1,0,,,,,,,,,
1126724,2018,2018-06-28,County Ground,1,15.6,South Africa,New Zealand,CL Tryon,M du Preez,SFM Devine,2,0,,,,,,,,,
1126724,2018,2018-06-28,County Ground,1,15.7,South Africa,New Zealand,CL Tryon,M du Preez,SFM Devine,2,0,,,,,,,,,
1126724,2018,2018-06-28,County Ground,1,16.1,South Africa,New Zealand,M du Preez,CL Tryon,AC Kerr,1,0,,,,,,,,,
1126724,2018,2018-06-28,County Ground,1,16.2,South Africa,New Zealand,CL Tryon,M du Preez,AC Kerr,6,0,,,,,,,,,
1126724,2018,2018-06-28,County Ground,1,16.3,South Africa,New Zealand,CL Tryon,M du Preez,AC Kerr,1,0,,,,,,,,,
1126724,2018,2018-06-28,County Ground,1,16.4,South Africa,New Zealand,M du Preez,CL Tryon,AC Kerr,1,0,,,,,,,,,
1126724,2018,2018-06-28,County Ground,1,16.5,South Africa,New Zealand,CL Tryon,M du Preez,AC Kerr,4,0,,,,,,,,,
1126724,2018,2018-06-28,County Ground,1,16.6,South Africa,New Zealand,CL Tryon,M du Preez,AC Kerr,4,0,,,,,,,,,
1126724,2018,2018-06-28,County Ground,1,17.1,South Africa,New Zealand,M du Preez,CL Tryon,SW Bates,2,0,,,,,,,,,
1126724,2018,2018-06-28,County Ground,1,17.2,South Africa,New Zealand,M du Preez,CL Tryon,SW Bates,1,0,,,,,,,,,
1126724,2018,2018-06-28,County Ground,1,17.3,South Africa,New Zealand,CL Tryon,M du Preez,SW Bates,4,0,,,,,,,,,
1126724,2018,2018-06-28,County Ground,1,17.4,South Africa,New Zealand,CL Tryon,M du Preez,SW Bates,4,0,,,,,,,,,
1126724,2018,2018-06-28,County Ground,1,17.5,South Africa,New Zealand,CL Tryon,M du Preez,SW Bates,1,0,,,,,,,,,
1126724,2018,2018-06-28,County Ground,1,17.6,South Africa,New Zealand,M du Preez,CL Tryon,SW Bates,1,0,,,,,,,,,
1126724,2018,2018-06-28,County Ground,1,18.1,South Africa,New Zealand,M du Preez,CL Tryon,HNK Jensen,4,0,,,,,,,,,
1126724,2018,2018-06-28,County Ground,1,18.2,South Africa,New Zealand,M du Preez,CL Tryon,HNK Jensen,1,0,,,,,,,,,
1126724,2018,2018-06-28,County Ground,1,18.3,South Africa,New Zealand,CL Tryon,M du Preez,HNK Jensen,1,0,,,,,,,,,
1126724,2018,2018-06-28,County Ground,1,18.4,South Africa,New Zealand,M du Preez,CL Tryon,HNK Jensen,4,0,,,,,,,,,
1126724,2018,2018-06-28,County Ground,1,18.5,South Africa,New Zealand,M du Preez,CL Tryon,HNK Jensen,1,0,,,,,,,,,
1126724,2018,2018-06-28,County Ground,1,18.6,South Africa,New Zealand,CL Tryon,M du Preez,HNK Jensen,0,0,,,,,,caught,CL Tryon,,
1126724,2018,2018-06-28,County Ground,1,19.1,South Africa,New Zealand,M du Preez,T Brits,AM Peterson,1,0,,,,,,,,,
1126724,2018,2018-06-28,County Ground,1,19.2,South Africa,New Zealand,T Brits,M du Preez,AM Peterson,2,0,,,,,,,,,
1126724,2018,2018-06-28,County Ground,1,19.3,South Africa,New Zealand,T Brits,M du Preez,AM Peterson,1,0,,,,,,,,,
1126724,2018,2018-06-28,County Ground,1,19.4,South Africa,New Zealand,M du Preez,T Brits,AM Peterson,0,0,,,,,,caught,M du Preez,,
1126724,2018,2018-06-28,County Ground,1,19.5,South Africa,New Zealand,T Brits,M Kapp,AM Peterson,2,0,,,,,,,,,
1126724,2018,2018-06-28,County Ground,1,19.6,South Africa,New Zealand,T Brits,M Kapp,AM Peterson,1,0,,,,,,,,,
1126724,2018,2018-06-28,County Ground,2,0.1,New Zealand,South Africa,SW Bates,SFM Devine,M Kapp,0,0,,,,,,,,,
1126724,2018,2018-06-28,County Ground,2,0.2,New Zealand,South Africa,SW Bates,SFM Devine,M Kapp,0,0,,,,,,,,,
1126724,2018,2018-06-28,County Ground,2,0.3,New Zealand,South Africa,SW Bates,SFM Devine,M Kapp,0,0,,,,,,,,,
1126724,2018,2018-06-28,County Ground,2,0.4,New Zealand,South Africa,SW Bates,SFM Devine,M Kapp,1,0,,,,,,,,,
1126724,2018,2018-06-28,County Ground,2,0.5,New Zealand,South Africa,SFM Devine,SW Bates,M Kapp,4,0,,,,,,,,,
1126724,2018,2018-06-28,County Ground,2,0.6,New Zealand,South Africa,SFM Devine,SW Bates,M Kapp,1,0,,,,,,,,,
1126724,2018,2018-06-28,County Ground,2,1.1,New Zealand,South Africa,SFM Devine,SW Bates,M Klaas,4,0,,,,,,,,,
1126724,2018,2018-06-28,County Ground,2,1.2,New Zealand,South Africa,SFM Devine,SW Bates,M Klaas,0,0,,,,,,,,,
1126724,2018,2018-06-28,County Ground,2,1.3,New Zealand,South Africa,SFM Devine,SW Bates,M Klaas,1,0,,,,,,,,,
1126724,2018,2018-06-28,County Ground,2,1.4,New Zealand,South Africa,SW Bates,SFM Devine,M Klaas,0,0,,,,,,,,,
1126724,2018,2018-06-28,County Ground,2,1.5,New Zealand,South Africa,SW Bates,SFM Devine,M Klaas,4,0,,,,,,,,,
1126724,2018,2018-06-28,County Ground,2,1.6,New Zealand,South Africa,SW Bates,SFM Devine,M Klaas,0,5,5,,,,,,,,
1126724,2018,2018-06-28,County Ground,2,1.7,New Zealand,South Africa,SW Bates,SFM Devine,M Klaas,0,0,,,,,,,,,
1126724,2018,2018-06-28,County Ground,2,2.1,New Zealand,South Africa,SFM Devine,SW Bates,M Kapp,1,0,,,,,,,,,
1126724,2018,2018-06-28,County Ground,2,2.2,New Zealand,South Africa,SW Bates,SFM Devine,M Kapp,0,0,,,,,,,,,
1126724,2018,2018-06-28,County Ground,2,2.3,New Zealand,South Africa,SW Bates,SFM Devine,M Kapp,0,0,,,,,,,,,
1126724,2018,2018-06-28,County Ground,2,2.4,New Zealand,South Africa,SW Bates,SFM Devine,M Kapp,4,0,,,,,,,,,
1126724,2018,2018-06-28,County Ground,2,2.5,New Zealand,South Africa,SW Bates,SFM Devine,M Kapp,0,0,,,,,,,,,
1126724,2018,2018-06-28,County Ground,2,2.6,New Zealand,South Africa,SW Bates,SFM Devine,M Kapp,4,0,,,,,,,,,
1126724,2018,2018-06-28,County Ground,2,3.1,New Zealand,South Africa,SFM Devine,SW Bates,Z Mali,1,0,,,,,,,,,
1126724,2018,2018-06-28,County Ground,2,3.2,New Zealand,South Africa,SW Bates,SFM Devine,Z Mali,1,0,,,,,,,,,
1126724,2018,2018-06-28,County Ground,2,3.3,New Zealand,South Africa,SFM Devine,SW Bates,Z Mali,1,0,,,,,,,,,
1126724,2018,2018-06-28,County Ground,2,3.4,New Zealand,South Africa,SW Bates,SFM Devine,Z Mali,1,0,,,,,,,,,
1126724,2018,2018-06-28,County Ground,2,3.5,New Zealand,South Africa,SFM Devine,SW Bates,Z Mali,2,0,,,,,,,,,
1126724,2018,2018-06-28,County Ground,2,3.6,New Zealand,South Africa,SFM Devine,SW Bates,Z Mali,0,0,,,,,,,,,
1126724,2018,2018-06-28,County Ground,2,4.1,New Zealand,South Africa,SW Bates,SFM Devine,M Klaas,4,0,,,,,,,,,
1126724,2018,2018-06-28,County Ground,2,4.2,New Zealand,South Africa,SW Bates,SFM Devine,M Klaas,4,0,,,,,,,,,
1126724,2018,2018-06-28,County Ground,2,4.3,New Zealand,South Africa,SW Bates,SFM Devine,M Klaas,0,0,,,,,,,,,
1126724,2018,2018-06-28,County Ground,2,4.4,New Zealand,South Africa,SW Bates,SFM Devine,M Klaas,0,0,,,,,,,,,
1126724,2018,2018-06-28,County Ground,2,4.5,New Zealand,South Africa,SW Bates,SFM Devine,M Klaas,0,1,1,,,,,,,,
1126724,2018,2018-06-28,County Ground,2,4.6,New Zealand,South Africa,SW Bates,SFM Devine,M Klaas,0,5,5,,,,,,,,
1126724,2018,2018-06-28,County Ground,2,4.7,New Zealand,South Africa,SW Bates,SFM Devine,M Klaas,0,0,,,,,,,,,
1126724,2018,2018-06-28,County Ground,2,4.8,New Zealand,South Africa,SW Bates,SFM Devine,M Klaas,1,0,,,,,,,,,
1126724,2018,2018-06-28,County Ground,2,5.1,New Zealand,South Africa,SW Bates,SFM Devine,Z Mali,1,0,,,,,,,,,
1126724,2018,2018-06-28,County Ground,2,5.2,New Zealand,South Africa,SFM Devine,SW Bates,Z Mali,1,0,,,,,,,,,
1126724,2018,2018-06-28,County Ground,2,5.3,New Zealand,South Africa,SW Bates,SFM Devine,Z Mali,4,0,,,,,,,,,
1126724,2018,2018-06-28,County Ground,2,5.4,New Zealand,South Africa,SW Bates,SFM Devine,Z Mali,0,0,,,,,,,,,
1126724,2018,2018-06-28,County Ground,2,5.5,New Zealand,South Africa,SW Bates,SFM Devine,Z Mali,1,0,,,,,,,,,
1126724,2018,2018-06-28,County Ground,2,5.6,New Zealand,South Africa,SFM Devine,SW Bates,Z Mali,4,0,,,,,,,,,
1126724,2018,2018-06-28,County Ground,2,6.1,New Zealand,South Africa,SW Bates,SFM Devine,R Ntozakhe,1,0,,,,,,,,,
1126724,2018,2018-06-28,County Ground,2,6.2,New Zealand,South Africa,SFM Devine,SW Bates,R Ntozakhe,1,0,,,,,,,,,
1126724,2018,2018-06-28,County Ground,2,6.3,New Zealand,South Africa,SW Bates,SFM Devine,R Ntozakhe,0,0,,,,,,,,,
1126724,2018,2018-06-28,County Ground,2,6.4,New Zealand,South Africa,SW Bates,SFM Devine,R Ntozakhe,1,0,,,,,,,,,
1126724,2018,2018-06-28,County Ground,2,6.5,New Zealand,South Africa,SFM Devine,SW Bates,R Ntozakhe,0,0,,,,,,,,,
1126724,2018,2018-06-28,County Ground,2,6.6,New Zealand,South Africa,SFM Devine,SW Bates,R Ntozakhe,0,0,,,,,,,,,
1126724,2018,2018-06-28,County Ground,2,7.1,New Zealand,South Africa,SW Bates,SFM Devine,D van Niekerk,1,0,,,,,,,,,
1126724,2018,2018-06-28,County Ground,2,7.2,New Zealand,South Africa,SFM Devine,SW Bates,D van Niekerk,1,0,,,,,,,,,
1126724,2018,2018-06-28,County Ground,2,7.3,New Zealand,South Africa,SW Bates,SFM Devine,D van Niekerk,1,0,,,,,,,,,
1126724,2018,2018-06-28,County Ground,2,7.4,New Zealand,South Africa,SFM Devine,SW Bates,D van Niekerk,0,0,,,,,,,,,
1126724,2018,2018-06-28,County Ground,2,7.5,New Zealand,South Africa,SFM Devine,SW Bates,D van Niekerk,1,0,,,,,,,,,
1126724,2018,2018-06-28,County Ground,2,7.6,New Zealand,South Africa,SW Bates,SFM Devine,D van Niekerk,1,0,,,,,,,,,
1126724,2018,2018-06-28,County Ground,2,8.1,New Zealand,South Africa,SW Bates,SFM Devine,R Ntozakhe,2,0,,,,,,,,,
1126724,2018,2018-06-28,County Ground,2,8.2,New Zealand,South Africa,SW Bates,SFM Devine,R Ntozakhe,0,0,,,,,,,,,
1126724,2018,2018-06-28,County Ground,2,8.3,New Zealand,South Africa,SW Bates,SFM Devine,R Ntozakhe,1,0,,,,,,,,,
1126724,2018,2018-06-28,County Ground,2,8.4,New Zealand,South Africa,SFM Devine,SW Bates,R Ntozakhe,6,0,,,,,,,,,
1126724,2018,2018-06-28,County Ground,2,8.5,New Zealand,South Africa,SFM Devine,SW Bates,R Ntozakhe,6,0,,,,,,,,,
1126724,2018,2018-06-28,County Ground,2,8.6,New Zealand,South Africa,SFM Devine,SW Bates,R Ntozakhe,1,0,,,,,,,,,
1126724,2018,2018-06-28,County Ground,2,9.1,New Zealand,South Africa,SFM Devine,SW Bates,D van Niekerk,0,0,,,,,,,,,
1126724,2018,2018-06-28,County Ground,2,9.2,New Zealand,South Africa,SFM Devine,SW Bates,D van Niekerk,1,0,,,,,,,,,
1126724,2018,2018-06-28,County Ground,2,9.3,New Zealand,South Africa,SW Bates,SFM Devine,D van Niekerk,4,0,,,,,,,,,
1126724,2018,2018-06-28,County Ground,2,9.4,New Zealand,South Africa,SW Bates,SFM Devine,D van Niekerk,4,0,,,,,,,,,
1126724,2018,2018-06-28,County Ground,2,9.5,New Zealand,South Africa,SW Bates,SFM Devine,D van Niekerk,1,0,,,,,,,,,
1126724,2018,2018-06-28,County Ground,2,9.6,New Zealand,South Africa,SFM Devine,SW Bates,D van Niekerk,1,0,,,,,,,,,
1126724,2018,2018-06-28,County Ground,2,10.1,New Zealand,South Africa,SFM Devine,SW Bates,R Ntozakhe,1,0,,,,,,,,,
1126724,2018,2018-06-28,County Ground,2,10.2,New Zealand,South Africa,SW Bates,SFM Devine,R Ntozakhe,1,0,,,,,,,,,
1126724,2018,2018-06-28,County Ground,2,10.3,New Zealand,South Africa,SFM Devine,SW Bates,R Ntozakhe,4,0,,,,,,,,,
1126724,2018,2018-06-28,County Ground,2,10.4,New Zealand,South Africa,SFM Devine,SW Bates,R Ntozakhe,1,0,,,,,,,,,
1126724,2018,2018-06-28,County Ground,2,10.5,New Zealand,South Africa,SW Bates,SFM Devine,R Ntozakhe,1,0,,,,,,,,,
1126724,2018,2018-06-28,County Ground,2,10.6,New Zealand,South Africa,SFM Devine,SW Bates,R Ntozakhe,1,0,,,,,,,,,
1126724,2018,2018-06-28,County Ground,2,11.1,New Zealand,South Africa,SFM Devine,SW Bates,D van Niekerk,1,0,,,,,,,,,
1126724,2018,2018-06-28,County Ground,2,11.2,New Zealand,South Africa,SW Bates,SFM Devine,D van Niekerk,1,0,,,,,,,,,
1126724,2018,2018-06-28,County Ground,2,11.3,New Zealand,South Africa,SFM Devine,SW Bates,D van Niekerk,0,0,,,,,,,,,
1126724,2018,2018-06-28,County Ground,2,11.4,New Zealand,South Africa,SFM Devine,SW Bates,D van Niekerk,4,0,,,,,,,,,
1126724,2018,2018-06-28,County Ground,2,11.5,New Zealand,South Africa,SFM Devine,SW Bates,D van Niekerk,1,0,,,,,,,,,
1126724,2018,2018-06-28,County Ground,2,11.6,New Zealand,South Africa,SW Bates,SFM Devine,D van Niekerk,1,0,,,,,,,,,
1126724,2018,2018-06-28,County Ground,2,12.1,New Zealand,South Africa,SW Bates,SFM Devine,Z Mali,4,0,,,,,,,,,
1126724,2018,2018-06-28,County Ground,2,12.2,New Zealand,South Africa,SW Bates,SFM Devine,Z Mali,1,0,,,,,,,,,
1126724,2018,2018-06-28,County Ground,2,12.3,New Zealand,South Africa,SFM Devine,SW Bates,Z Mali,4,0,,,,,,,,,
1126724,2018,2018-06-28,County Ground,2,12.4,New Zealand,South Africa,SFM Devine,SW Bates,Z Mali,1,0,,,,,,,,,
1126724,2018,2018-06-28,County Ground,2,12.5,New Zealand,South Africa,SW Bates,SFM Devine,Z Mali,4,0,,,,,,,,,
1126724,2018,2018-06-28,County Ground,2,12.6,New Zealand,South Africa,SW Bates,SFM Devine,Z Mali,2,0,,,,,,,,,
1126724,2018,2018-06-28,County Ground,2,13.1,New Zealand,South Africa,SFM Devine,SW Bates,M Kapp,1,0,,,,,,,,,
1126724,2018,2018-06-28,County Ground,2,13.2,New Zealand,South Africa,SW Bates,SFM Devine,M Kapp,0,0,,,,,,caught,SW Bates,,
1126724,2018,2018-06-28,County Ground,2,13.3,New Zealand,South Africa,KJ Martin,SFM Devine,M Kapp,4,0,,,,,,,,,
1126724,2018,2018-06-28,County Ground,2,13.4,New Zealand,South Africa,KJ Martin,SFM Devine,M Kapp,0,0,,,,,,,,,
1126724,2018,2018-06-28,County Ground,2,13.5,New Zealand,South Africa,KJ Martin,SFM Devine,M Kapp,1,0,,,,,,,,,
1126724,2018,2018-06-28,County Ground,2,13.6,New Zealand,South Africa,SFM Devine,KJ Martin,M Kapp,1,0,,,,,,,,,
1126724,2018,2018-06-28,County Ground,2,14.1,New Zealand,South Africa,SFM Devine,KJ Martin,Z Mali,1,0,,,,,,,,,
1126724,2018,2018-06-28,County Ground,2,14.2,New Zealand,South Africa,KJ Martin,SFM Devine,Z Mali,0,0,,,,,,,,,
1126724,2018,2018-06-28,County Ground,2,14.3,New Zealand,South Africa,KJ Martin,SFM Devine,Z Mali,4,0,,,,,,,,,
1126724,2018,2018-06-28,County Ground,2,14.4,New Zealand,South Africa,KJ Martin,SFM Devine,Z Mali,1,0,,,,,,,,,
1126724,2018,2018-06-28,County Ground,2,14.5,New Zealand,South Africa,SFM Devine,KJ Martin,Z Mali,1,0,,,,,,,,,
1126724,2018,2018-06-28,County Ground,2,14.6,New Zealand,South Africa,KJ Martin,SFM Devine,Z Mali,0,0,,,,,,bowled,KJ Martin,,
1126724,2018,2018-06-28,County Ground,2,15.1,New Zealand,South Africa,SFM Devine,AE Satterthwaite,M Kapp,4,0,,,,,,,,,
1126724,2018,2018-06-28,County Ground,2,15.2,New Zealand,South Africa,SFM Devine,AE Satterthwaite,M Kapp,4,0,,,,,,,,,
