match_id,season,start_date,venue,innings,ball,batting_team,bowling_team,striker,non_striker,bowler,runs_off_bat,extras,wides,noballs,byes,legbyes,penalty,wicket_type,player_dismissed,other_wicket_type,other_player_dismissed
1130746,2017/18,2018-02-15,"Shere Bangla National Stadium, Mirpur",1,0.1,Bangladesh,Sri Lanka,Zakir Hasan,Soumya Sarkar,DSK Madushanka,1,0,,,,,,,,,
1130746,2017/18,2018-02-15,"Shere Bangla National Stadium, Mirpur",1,0.2,Bangladesh,Sri Lanka,Soumya Sarkar,Zakir Hasan,DSK Madushanka,0,0,,,,,,,,,
1130746,2017/18,2018-02-15,"Shere Bangla National Stadium, Mirpur",1,0.3,Bangladesh,Sri Lanka,Soumya Sarkar,Zakir Hasan,DSK Madushanka,4,0,,,,,,,,,
1130746,2017/18,2018-02-15,"Shere Bangla National Stadium, Mirpur",1,0.4,Bangladesh,Sri Lanka,Soumya Sarkar,Zakir Hasan,DSK Madushanka,0,1,1,,,,,,,,
1130746,2017/18,2018-02-15,"Shere Bangla National Stadium, Mirpur",1,0.5,Bangladesh,Sri Lanka,Soumya Sarkar,Zakir Hasan,DSK Madushanka,6,0,,,,,,,,,
1130746,2017/18,2018-02-15,"Shere Bangla National Stadium, Mirpur",1,0.6,Bangladesh,Sri Lanka,Soumya Sarkar,Zakir Hasan,DSK Madushanka,1,0,,,,,,,,,
1130746,2017/18,2018-02-15,"Shere Bangla National Stadium, Mirpur",1,0.7,Bangladesh,Sri Lanka,Zakir Hasan,Soumya Sarkar,DSK Madushanka,4,0,,,,,,,,,
1130746,2017/18,2018-02-15,"Shere Bangla National Stadium, Mirpur",1,1.1,Bangladesh,Sri Lanka,Soumya Sarkar,Zakir Hasan,MD Gunathilaka,1,0,,,,,,,,,
1130746,2017/18,2018-02-15,"Shere Bangla National Stadium, Mirpur",1,1.2,Bangladesh,Sri Lanka,Zakir Hasan,Soumya Sarkar,MD Gunathilaka,0,5,5,,,,,,,,
1130746,2017/18,2018-02-15,"Shere Bangla National Stadium, Mirpur",1,1.3,Bangladesh,Sri Lanka,Zakir Hasan,Soumya Sarkar,MD Gunathilaka,1,0,,,,,,,,,
1130746,2017/18,2018-02-15,"Shere Bangla National Stadium, Mirpur",1,1.4,Bangladesh,Sri Lanka,Soumya Sarkar,Zakir Hasan,MD Gunathilaka,1,0,,,,,,,,,
1130746,2017/18,2018-02-15,"Shere Bangla National Stadium, Mirpur",1,1.5,Bangladesh,Sri Lanka,Zakir Hasan,Soumya Sarkar,MD Gunathilaka,1,0,,,,,,,,,
1130746,2017/18,2018-02-15,"Shere Bangla National Stadium, Mirpur",1,1.6,Bangladesh,Sri Lanka,Soumya Sarkar,Zakir Hasan,MD Gunathilaka,0,0,,,,,,,,,
1130746,2017/18,2018-02-15,"Shere Bangla National Stadium, Mirpur",1,1.7,Bangladesh,Sri Lanka,Soumya Sarkar,Zakir Hasan,MD Gunathilaka,0,0,,,,,,,,,
1130746,2017/18,2018-02-15,"Shere Bangla National Stadium, Mirpur",1,2.1,Bangladesh,Sri Lanka,Zakir Hasan,Soumya Sarkar,I Udana,1,0,,,,,,,,,
1130746,2017/18,2018-02-15,"Shere Bangla National Stadium, Mirpur",1,2.2,Bangladesh,Sri Lanka,Soumya Sarkar,Zakir Hasan,I Udana,4,0,,,,,,,,,
1130746,2017/18,2018-02-15,"Shere Bangla National Stadium, Mirpur",1,2.3,Bangladesh,Sri Lanka,Soumya Sarkar,Zakir Hasan,I Udana,4,0,,,,,,,,,
1130746,2017/18,2018-02-15,"Shere Bangla National Stadium, Mirpur",1,2.4,Bangladesh,Sri Lanka,Soumya Sarkar,Zakir Hasan,I Udana,4,0,,,,,,,,,
1130746,2017/18,2018-02-15,"Shere Bangla National Stadium, Mirpur",1,2.5,Bangladesh,Sri Lanka,Soumya Sarkar,Zakir Hasan,I Udana,1,0,,,,,,,,,
1130746,2017/18,2018-02-15,"Shere Bangla National Stadium, Mirpur",1,2.6,Bangladesh,Sri Lanka,Zakir Hasan,Soumya Sarkar,I Udana,1,0,,,,,,,,,
1130746,2017/18,2018-02-15,"Shere Bangla National Stadium, Mirpur",1,3.1,Bangladesh,Sri Lanka,Zakir Hasan,Soumya Sarkar,MD Gunathilaka,1,0,,,,,,,,,
1130746,2017/18,2018-02-15,"Shere Bangla National Stadium, Mirpur",1,3.2,Bangladesh,Sri Lanka,Soumya Sarkar,Zakir Hasan,MD Gunathilaka,4,0,,,,,,,,,
1130746,2017/18,2018-02-15,"Shere Bangla National Stadium, Mirpur",1,3.3,Bangladesh,Sri Lanka,Soumya Sarkar,Zakir Hasan,MD Gunathilaka,1,0,,,,,,,,,
1130746,2017/18,2018-02-15,"Shere Bangla National Stadium, Mirpur",1,3.4,Bangladesh,Sri Lanka,Zakir Hasan,Soumya Sarkar,MD Gunathilaka,0,1,,,,1,,,,,
1130746,2017/18,2018-02-15,"Shere Bangla National Stadium, Mirpur",1,3.5,Bangladesh,Sri Lanka,Soumya Sarkar,Zakir Hasan,MD Gunathilaka,1,0,,,,,,,,,
1130746,2017/18,2018-02-15,"Shere Bangla National Stadium, Mirpur",1,3.6,Bangladesh,Sri Lanka,Zakir Hasan,Soumya Sarkar,MD Gunathilaka,0,0,,,,,,bowled,Zakir Hasan,,
1130746,2017/18,2018-02-15,"Shere Bangla National Stadium, Mirpur",1,4.1,Bangladesh,Sri Lanka,Soumya Sarkar,Mushfiqur Rahim,NLTC Perera,0,0,,,,,,,,,
1130746,2017/18,2018-02-15,"Shere Bangla National Stadium, Mirpur",1,4.2,Bangladesh,Sri Lanka,Soumya Sarkar,Mushfiqur Rahim,NLTC Perera,4,0,,,,,,,,,
1130746,2017/18,2018-02-15,"Shere Bangla National Stadium, Mirpur",1,4.3,Bangladesh,Sri Lanka,Soumya Sarkar,Mushfiqur Rahim,NLTC Perera,0,1,1,,,,,,,,
1130746,2017/18,2018-02-15,"Shere Bangla National Stadium, Mirpur",1,4.4,Bangladesh,Sri Lanka,Soumya Sarkar,Mushfiqur Rahim,NLTC Perera,0,0,,,,,,,,,
1130746,2017/18,2018-02-15,"Shere Bangla National Stadium, Mirpur",1,4.5,Bangladesh,Sri Lanka,Soumya Sarkar,Mushfiqur Rahim,NLTC Perera,1,0,,,,,,,,,
1130746,2017/18,2018-02-15,"Shere Bangla National Stadium, Mirpur",1,4.6,Bangladesh,Sri Lanka,Mushfiqur Rahim,Soumya Sarkar,NLTC Perera,2,0,,,,,,,,,
1130746,2017/18,2018-02-15,"Shere Bangla National Stadium, Mirpur",1,4.7,Bangladesh,Sri Lanka,Mushfiqur Rahim,Soumya Sarkar,NLTC Perera,1,0,,,,,,,,,
1130746,2017/18,2018-02-15,"Shere Bangla National Stadium, Mirpur",1,5.1,Bangladesh,Sri Lanka,Mushfiqur Rahim,Soumya Sarkar,A Dananjaya,4,0,,,,,,,,,
1130746,2017/18,2018-02-15,"Shere Bangla National Stadium, Mirpur",1,5.2,Bangladesh,Sri Lanka,Mushfiqur Rahim,Soumya Sarkar,A Dananjaya,1,0,,,,,,,,,
1130746,2017/18,2018-02-15,"Shere Bangla National Stadium, Mirpur",1,5.3,Bangladesh,Sri Lanka,Soumya Sarkar,Mushfiqur Rahim,A Dananjaya,6,0,,,,,,,,,
1130746,2017/18,2018-02-15,"Shere Bangla National Stadium, Mirpur",1,5.4,Bangladesh,Sri Lanka,Soumya Sarkar,Mushfiqur Rahim,A Dananjaya,1,0,,,,,,,,,
1130746,2017/18,2018-02-15,"Shere Bangla National Stadium, Mirpur",1,5.5,Bangladesh,Sri Lanka,Mushfiqur Rahim,Soumya Sarkar,A Dananjaya,1,0,,,,,,,,,
1130746,2017/18,2018-02-15,"Shere Bangla National Stadium, Mirpur",1,5.6,Bangladesh,Sri Lanka,Soumya Sarkar,Mushfiqur Rahim,A Dananjaya,0,0,,,,,,,,,
1130746,2017/18,2018-02-15,"Shere Bangla National Stadium, Mirpur",1,6.1,Bangladesh,Sri Lanka,Mushfiqur Rahim,Soumya Sarkar,NLTC Perera,1,0,,,,,,,,,
1130746,2017/18,2018-02-15,"Shere Bangla National Stadium, Mirpur",1,6.2,Bangladesh,Sri Lanka,Soumya Sarkar,Mushfiqur Rahim,NLTC Perera,0,1,,,1,,,,,,
1130746,2017/18,2018-02-15,"Shere Bangla National Stadium, Mirpur",1,6.3,Bangladesh,Sri Lanka,Mushfiqur Rahim,Soumya Sarkar,NLTC Perera,0,0,,,,,,,,,
1130746,2017/18,2018-02-15,"Shere Bangla National Stadium, Mirpur",1,6.4,Bangladesh,Sri Lanka,Mushfiqur Rahim,Soumya Sarkar,NLTC Perera,2,0,,,,,,,,,
1130746,2017/18,2018-02-15,"Shere Bangla National Stadium, Mirpur",1,6.5,Bangladesh,Sri Lanka,Mushfiqur Rahim,Soumya Sarkar,NLTC Perera,0,2,2,,,,,,,,
1130746,2017/18,2018-02-15,"Shere Bangla National Stadium, Mirpur",1,6.6,Bangladesh,Sri Lanka,Soumya Sarkar,Mushfiqur Rahim,NLTC Perera,1,1,,1,,,,,,,
1130746,2017/18,2018-02-15,"Shere Bangla National Stadium, Mirpur",1,6.7,Bangladesh,Sri Lanka,Mushfiqur Rahim,Soumya Sarkar,NLTC Perera,0,0,,,,,,,,,
1130746,2017/18,2018-02-15,"Shere Bangla National Stadium, Mirpur",1,6.8,Bangladesh,Sri Lanka,Mushfiqur Rahim,Soumya Sarkar,NLTC Perera,1,0,,,,,,,,,
1130746,2017/18,2018-02-15,"Shere Bangla National Stadium, Mirpur",1,7.1,Bangladesh,Sri Lanka,Mushfiqur Rahim,Soumya Sarkar,A Dananjaya,0,0,,,,,,,,,
1130746,2017/18,2018-02-15,"Shere Bangla National Stadium, Mirpur",1,7.2,Bangladesh,Sri Lanka,Mushfiqur Rahim,Soumya Sarkar,A Dananjaya,1,0,,,,,,,,,
1130746,2017/18,2018-02-15,"Shere Bangla National Stadium, Mirpur",1,7.3,Bangladesh,Sri Lanka,Soumya Sarkar,Mushfiqur Rahim,A Dananjaya,1,0,,,,,,,,,
1130746,2017/18,2018-02-15,"Shere Bangla National Stadium, Mirpur",1,7.4,Bangladesh,Sri Lanka,Mushfiqur Rahim,Soumya Sarkar,A Dananjaya,1,0,,,,,,,,,
1130746,2017/18,2018-02-15,"Shere Bangla National Stadium, Mirpur",1,7.5,Bangladesh,Sri Lanka,Soumya Sarkar,Mushfiqur Rahim,A Dananjaya,1,0,,,,,,,,,
1130746,2017/18,2018-02-15,"Shere Bangla National Stadium, Mirpur",1,7.6,Bangladesh,Sri Lanka,Mushfiqur Rahim,Soumya Sarkar,A Dananjaya,0,0,,,,,,,,,
1130746,2017/18,2018-02-15,"Shere Bangla National Stadium, Mirpur",1,8.1,Bangladesh,Sri Lanka,Soumya Sarkar,Mushfiqur Rahim,DSK Madushanka,0,0,,,,,,,,,
1130746,2017/18,2018-02-15,"Shere Bangla National Stadium, Mirpur",1,8.2,Bangladesh,Sri Lanka,Soumya Sarkar,Mushfiqur Rahim,DSK Madushanka,0,1,,,,1,,,,,
1130746,2017/18,2018-02-15,"Shere Bangla National Stadium, Mirpur",1,8.3,Bangladesh,Sri Lanka,Mushfiqur Rahim,Soumya Sarkar,DSK Madushanka,4,0,,,,,,,,,
1130746,2017/18,2018-02-15,"Shere Bangla National Stadium, Mirpur",1,8.4,Bangladesh,Sri Lanka,Mushfiqur Rahim,Soumya Sarkar,DSK Madushanka,0,0,,,,,,,,,
1130746,2017/18,2018-02-15,"Shere Bangla National Stadium, Mirpur",1,8.5,Bangladesh,Sri Lanka,Mushfiqur Rahim,Soumya Sarkar,DSK Madushanka,0,0,,,,,,,,,
1130746,2017/18,2018-02-15,"Shere Bangla National Stadium, Mirpur",1,8.6,Bangladesh,Sri Lanka,Mushfiqur Rahim,Soumya Sarkar,DSK Madushanka,4,0,,,,,,,,,
1130746,2017/18,2018-02-15,"Shere Bangla National Stadium, Mirpur",1,9.1,Bangladesh,Sri Lanka,Soumya Sarkar,Mushfiqur Rahim,A Dananjaya,2,0,,,,,,,,,
1130746,2017/18,2018-02-15,"Shere Bangla National Stadium, Mirpur",1,9.2,Bangladesh,Sri Lanka,Soumya Sarkar,Mushfiqur Rahim,A Dananjaya,1,0,,,,,,,,,
1130746,2017/18,2018-02-15,"Shere Bangla National Stadium, Mirpur",1,9.3,Bangladesh,Sri Lanka,Mushfiqur Rahim,Soumya Sarkar,A Dananjaya,1,0,,,,,,,,,
1130746,2017/18,2018-02-15,"Shere Bangla National Stadium, Mirpur",1,9.4,Bangladesh,Sri Lanka,Soumya Sarkar,Mushfiqur Rahim,A Dananjaya,1,0,,,,,,,,,
1130746,2017/18,2018-02-15,"Shere Bangla National Stadium, Mirpur",1,9.5,Bangladesh,Sri Lanka,Mushfiqur Rahim,Soumya Sarkar,A Dananjaya,0,0,,,,,,,,,
1130746,2017/18,2018-02-15,"Shere Bangla National Stadium, Mirpur",1,9.6,Bangladesh,Sri Lanka,Mushfiqur Rahim,Soumya Sarkar,A Dananjaya,2,0,,,,,,,,,
1130746,2017/18,2018-02-15,"Shere Bangla National Stadium, Mirpur",1,10.1,Bangladesh,Sri Lanka,Soumya Sarkar,Mushfiqur Rahim,BMAJ Mendis,0,0,,,,,,lbw,Soumya Sarkar,,
1130746,2017/18,2018-02-15,"Shere Bangla National Stadium, Mirpur",1,10.2,Bangladesh,Sri Lanka,Afif Hossain,Mushfiqur Rahim,BMAJ Mendis,0,0,,,,,,,,,
1130746,2017/18,2018-02-15,"Shere Bangla National Stadium, Mirpur",1,10.3,Bangladesh,Sri Lanka,Afif Hossain,Mushfiqur Rahim,BMAJ Mendis,0,0,,,,,,caught,Afif Hossain,,
1130746,2017/18,2018-02-15,"Shere Bangla National Stadium, Mirpur",1,10.4,Bangladesh,Sri Lanka,Mahmudullah,Mushfiqur Rahim,BMAJ Mendis,1,0,,,,,,,,,
1130746,2017/18,2018-02-15,"Shere Bangla National Stadium, Mirpur",1,10.5,Bangladesh,Sri Lanka,Mushfiqur Rahim,Mahmudullah,BMAJ Mendis,1,0,,,,,,,,,
1130746,2017/18,2018-02-15,"Shere Bangla National Stadium, Mirpur",1,10.6,Bangladesh,Sri Lanka,Mahmudullah,Mushfiqur Rahim,BMAJ Mendis,1,0,,,,,,,,,
1130746,2017/18,2018-02-15,"Shere Bangla National Stadium, Mirpur",1,11.1,Bangladesh,Sri Lanka,Mahmudullah,Mushfiqur Rahim,I Udana,0,0,,,,,,,,,
1130746,2017/18,2018-02-15,"Shere Bangla National Stadium, Mirpur",1,11.2,Bangladesh,Sri Lanka,Mahmudullah,Mushfiqur Rahim,I Udana,2,0,,,,,,,,,
1130746,2017/18,2018-02-15,"Shere Bangla National Stadium, Mirpur",1,11.3,Bangladesh,Sri Lanka,Mahmudullah,Mushfiqur Rahim,I Udana,1,0,,,,,,,,,
1130746,2017/18,2018-02-15,"Shere Bangla National Stadium, Mirpur",1,11.4,Bangladesh,Sri Lanka,Mushfiqur Rahim,Mahmudullah,I Udana,1,0,,,,,,,,,
1130746,2017/18,2018-02-15,"Shere Bangla National Stadium, Mirpur",1,11.5,Bangladesh,Sri Lanka,Mahmudullah,Mushfiqur Rahim,I Udana,0,1,1,,,,,,,,
1130746,2017/18,2018-02-15,"Shere Bangla National Stadium, Mirpur",1,11.6,Bangladesh,Sri Lanka,Mahmudullah,Mushfiqur Rahim,I Udana,1,0,,,,,,,,,
1130746,2017/18,2018-02-15,"Shere Bangla National Stadium, Mirpur",1,11.7,Bangladesh,Sri Lanka,Mushfiqur Rahim,Mahmudullah,I Udana,4,0,,,,,,,,,
1130746,2017/18,2018-02-15,"Shere Bangla National Stadium, Mirpur",1,12.1,Bangladesh,Sri Lanka,Mahmudullah,Mushfiqur Rahim,BMAJ Mendis,6,0,,,,,,,,,
1130746,2017/18,2018-02-15,"Shere Bangla National Stadium, Mirpur",1,12.2,Bangladesh,Sri Lanka,Mahmudullah,Mushfiqur Rahim,BMAJ Mendis,1,0,,,,,,,,,
1130746,2017/18,2018-02-15,"Shere Bangla National Stadium, Mirpur",1,12.3,Bangladesh,Sri Lanka,Mushfiqur Rahim,Mahmudullah,BMAJ Mendis,1,0,,,,,,,,,
1130746,2017/18,2018-02-15,"Shere Bangla National Stadium, Mirpur",1,12.4,Bangladesh,Sri Lanka,Mahmudullah,Mushfiqur Rahim,BMAJ Mendis,0,0,,,,,,,,,
1130746,2017/18,2018-02-15,"Shere Bangla National Stadium, Mirpur",1,12.5,Bangladesh,Sri Lanka,Mahmudullah,Mushfiqur Rahim,BMAJ Mendis,1,0,,,,,,,,,
1130746,2017/18,2018-02-15,"Shere Bangla National Stadium, Mirpur",1,12.6,Bangladesh,Sri Lanka,Mushfiqur Rahim,Mahmudullah,BMAJ Mendis,1,0,,,,,,,,,
1130746,2017/18,2018-02-15,"Shere Bangla National Stadium, Mirpur",1,13.1,Bangladesh,Sri Lanka,Mushfiqur Rahim,Mahmudullah,A Dananjaya,1,0,,,,,,,,,
1130746,2017/18,2018-02-15,"Shere Bangla National Stadium, Mirpur",1,13.2,Bangladesh,Sri Lanka,Mahmudullah,Mushfiqur Rahim,A Dananjaya,0,0,,,,,,,,,
1130746,2017/18,2018-02-15,"Shere Bangla National Stadium, Mirpur",1,13.3,Bangladesh,Sri Lanka,Mahmudullah,Mushfiqur Rahim,A Dananjaya,0,0,,,,,,,,,
1130746,2017/18,2018-02-15,"Shere Bangla National Stadium, Mirpur",1,13.4,Bangladesh,Sri Lanka,Mahmudullah,Mushfiqur Rahim,A Dananjaya,4,0,,,,,,,,,
1130746,2017/18,2018-02-15,"Shere Bangla National Stadium, Mirpur",1,13.5,Bangladesh,Sri Lanka,Mahmudullah,Mushfiqur Rahim,A Dananjaya,0,1,1,,,,,,,,
1130746,2017/18,2018-02-15,"Shere Bangla National Stadium, Mirpur",1,13.6,Bangladesh,Sri Lanka,Mahmudullah,Mushfiqur Rahim,A Dananjaya,1,0,,,,,,,,,
1130746,2017/18,2018-02-15,"Shere Bangla National Stadium, Mirpur",1,13.7,Bangladesh,Sri Lanka,Mushfiqur Rahim,Mahmudullah,A Dananjaya,1,0,,,,,,,,,
1130746,2017/18,2018-02-15,"Shere Bangla National Stadium, Mirpur",1,14.1,Bangladesh,Sri Lanka,Mushfiqur Rahim,Mahmudullah,BMAJ Mendis,0,0,,,,,,,,,
1130746,2017/18,2018-02-15,"Shere Bangla National Stadium, Mirpur",1,14.2,Bangladesh,Sri Lanka,Mushfiqur Rahim,Mahmudullah,BMAJ Mendis,4,0,,,,,,,,,
1130746,2017/18,2018-02-15,"Shere Bangla National Stadium, Mirpur",1,14.3,Bangladesh,Sri Lanka,Mushfiqur Rahim,Mahmudullah,BMAJ Mendis,1,0,,,,,,,,,
1130746,2017/18,2018-02-15,"Shere Bangla National Stadium, Mirpur",1,14.4,Bangladesh,Sri Lanka,Mahmudullah,Mushfiqur Rahim,BMAJ Mendis,0,0,,,,,,,,,
1130746,2017/18,2018-02-15,"Shere Bangla National Stadium, Mirpur",1,14.5,Bangladesh,Sri Lanka,Mahmudullah,Mushfiqur Rahim,BMAJ Mendis,2,0,,,,,,,,,
1130746,2017/18,2018-02-15,"Shere Bangla National Stadium, Mirpur",1,14.6,Bangladesh,Sri Lanka,Mahmudullah,Mushfiqur Rahim,BMAJ Mendis,1,0,,,,,,,,,
1130746,2017/18,2018-02-15,"Shere Bangla National Stadium, Mirpur",1,15.1,Bangladesh,Sri Lanka,Mahmudullah,Mushfiqur Rahim,DSK Madushanka,0,0,,,,,,,,,
1130746,2017/18,2018-02-15,"Shere Bangla National Stadium, Mirpur",1,15.2,Bangladesh,Sri Lanka,Mahmudullah,Mushfiqur Rahim,DSK Madushanka,6,0,,,,,,,,,
1130746,2017/18,2018-02-15,"Shere Bangla National Stadium, Mirpur",1,15.3,Bangladesh,Sri Lanka,Mahmudullah,Mushfiqur Rahim,DSK Madushanka,2,0,,,,,,,,,
1130746,2017/18,2018-02-15,"Shere Bangla National Stadium, Mirpur",1,15.4,Bangladesh,Sri Lanka,Mahmudullah,Mushfiqur Rahim,DSK Madushanka,1,0,,,,,,,,,
1130746,2017/18,2018-02-15,"Shere Bangla National Stadium, Mirpur",1,15.5,Bangladesh,Sri Lanka,Mushfiqur Rahim,Mahmudullah,DSK Madushanka,4,0,,,,,,,,,
1130746,2017/18,2018-02-15,"Shere Bangla National Stadium, Mirpur",1,15.6,Bangladesh,Sri Lanka,Mushfiqur Rahim,Mahmudullah,DSK Madushanka,0,1,1,,,,,,,,
1130746,2017/18,2018-02-15,"Shere Bangla National Stadium, Mirpur",1,15.7,Bangladesh,Sri Lanka,Mushfiqur Rahim,Mahmudullah,DSK Madushanka,0,1,,,,1,,,,,
1130746,2017/18,2018-02-15,"Shere Bangla National Stadium, Mirpur",1,16.1,Bangladesh,Sri Lanka,Mushfiqur Rahim,Mahmudullah,I Udana,1,0,,,,,,,,,
1130746,2017/18,2018-02-15,"Shere Bangla National Stadium, Mirpur",1,16.2,Bangladesh,Sri Lanka,Mahmudullah,Mushfiqur Rahim,I Udana,0,1,1,,,,,,,,
1130746,2017/18,2018-02-15,"Shere Bangla National Stadium, Mirpur",1,16.3,Bangladesh,Sri Lanka,Mahmudullah,Mushfiqur Rahim,I Udana,1,0,,,,,,,,,
1130746,2017/18,2018-02-15,"Shere Bangla National Stadium, Mirpur",1,16.4,Bangladesh,Sri Lanka,Mushfiqur Rahim,Mahmudullah,I Udana,0,1,1,,,,,,,,
1130746,2017/18,2018-02-15,"Shere Bangla National Stadium, Mirpur",1,16.5,Bangladesh,Sri Lanka,Mushfiqur Rahim,Mahmudullah,I Udana,1,0,,,,,,,,,
1130746,2017/18,2018-02-15,"Shere Bangla National Stadium, Mirpur",1,16.6,Bangladesh,Sri Lanka,Mahmudullah,Mushfiqur Rahim,I Udana,0,0,,,,,,,,,
1130746,2017/18,2018-02-15,"Shere Bangla National Stadium, Mirpur",1,16.7,Bangladesh,Sri Lanka,Mahmudullah,Mushfiqur Rahim,I Udana,1,0,,,,,,,,,
1130746,2017/18,2018-02-15,"Shere Bangla National Stadium, Mirpur",1,16.8,Bangladesh,Sri Lanka,Mushfiqur Rahim,Mahmudullah,I Udana,2,0,,,,,,,,,
1130746,2017/18,2018-02-15,"Shere Bangla National Stadium, Mirpur",1,17.1,Bangladesh,Sri Lanka,Mahmudullah,Mushfiqur Rahim,NLTC Perera,4,0,,,,,,,,,
1130746,2017/18,2018-02-15,"Shere Bangla National Stadium, Mirpur",1,17.2,Bangladesh,Sri Lanka,Mahmudullah,Mushfiqur Rahim,NLTC Perera,1,0,,,,,,,,,
1130746,2017/18,2018-02-15,"Shere Bangla National Stadium, Mirpur",1,17.3,Bangladesh,Sri Lanka,Mushfiqur Rahim,Mahmudullah,NLTC Perera,1,0,,,,,,,,,
1130746,2017/18,2018-02-15,"Shere Bangla National Stadium, Mirpur",1,17.4,Bangladesh,Sri Lanka,Mahmudullah,Mushfiqur Rahim,NLTC Perera,2,0,,,,,,,,,
1130746,2017/18,2018-02-15,"Shere Bangla National Stadium, Mirpur",1,17.5,Bangladesh,Sri Lanka,Mahmudullah,Mushfiqur Rahim,NLTC Perera,0,0,,,,,,,,,
1130746,2017/18,2018-02-15,"Shere Bangla National Stadium, Mirpur",1,17.6,Bangladesh,Sri Lanka,Mahmudullah,Mushfiqur Rahim,NLTC Perera,1,0,,,,,,,,,
1130746,2017/18,2018-02-15,"Shere Bangla National Stadium, Mirpur",1,18.1,Bangladesh,Sri Lanka,Mahmudullah,Mushfiqur Rahim,I Udana,2,0,,,,,,,,,
1130746,2017/18,2018-02-15,"Shere Bangla National Stadium, Mirpur",1,18.2,Bangladesh,Sri Lanka,Mahmudullah,Mushfiqur Rahim,I Udana,0,0,,,,,,caught,Mahmudullah,,
1130746,2017/18,2018-02-15,"Shere Bangla National Stadium, Mirpur",1,18.3,Bangladesh,Sri Lanka,Sabbir Rahman,Mushfiqur Rahim,I Udana,0,1,1,,,,,,,,
1130746,2017/18,2018-02-15,"Shere Bangla National Stadium, Mirpur",1,18.4,Bangladesh,Sri Lanka,Sabbir Rahman,Mushfiqur Rahim,I Udana,1,0,,,,,,,,,
1130746,2017/18,2018-02-15,"Shere Bangla National Stadium, Mirpur",1,18.5,Bangladesh,Sri Lanka,Mushfiqur Rahim,Sabbir Rahman,I Udana,6,0,,,,,,,,,
1130746,2017/18,2018-02-15,"Shere Bangla National Stadium, Mirpur",1,18.6,Bangladesh,Sri Lanka,Mushfiqur Rahim,Sabbir Rahman,I Udana,0,0,,,,,,,,,
1130746,2017/18,2018-02-15,"Shere Bangla National Stadium, Mirpur",1,18.7,Bangladesh,Sri Lanka,Mushfiqur Rahim,Sabbir Rahman,I Udana,0,1,1,,,,,,,,
1130746,2017/18,2018-02-15,"Shere Bangla National Stadium, Mirpur",1,18.8,Bangladesh,Sri Lanka,Mushfiqur Rahim,Sabbir Rahman,I Udana,1,0,,,,,,,,,
1130746,2017/18,2018-02-15,"Shere Bangla National Stadium, Mirpur",1,19.1,Bangladesh,Sri Lanka,Mushfiqur Rahim,Sabbir Rahman,NLTC Perera,2,0,,,,,,,,,
1130746,2017/18,2018-02-15,"Shere Bangla National Stadium, Mirpur",1,19.2,Bangladesh,Sri Lanka,Mushfiqur Rahim,Sabbir Rahman,NLTC Perera,1,0,,,,,,,,,
1130746,2017/18,2018-02-15,"Shere Bangla National Stadium, Mirpur",1,19.3,Bangladesh,Sri Lanka,Sabbir Rahman,Mushfiqur Rahim,NLTC Perera,0,0,,,,,,bowled,Sabbir Rahman,,
1130746,2017/18,2018-02-15,"Shere Bangla National Stadium, Mirpur",1,19.4,Bangladesh,Sri Lanka,Ariful Haque,Mushfiqur Rahim,NLTC Perera,1,0,,,,,,,,,
1130746,2017/18,2018-02-15,"Shere Bangla National Stadium, Mirpur",1,19.5,Bangladesh,Sri Lanka,Mushfiqur Rahim,Ariful Haque,NLTC Perera,4,0,,,,,,,,,
1130746,2017/18,2018-02-15,"Shere Bangla National Stadium, Mirpur",1,19.6,Bangladesh,Sri Lanka,Mushfiqur Rahim,Ariful Haque,NLTC Perera,2,0,,,,,,,,,
1130746,2017/18,2018-02-15,"Shere Bangla National Stadium, Mirpur",2,0.1,Sri Lanka,Bangladesh,BKG Mendis,MD Gunathilaka,Nazmul Islam,0,0,,,,,,,,,
1130746,2017/18,2018-02-15,"Shere Bangla National Stadium, Mirpur",2,0.2,Sri Lanka,Bangladesh,BKG Mendis,MD Gunathilaka,Nazmul Islam,4,0,,,,,,,,,
1130746,2017/18,2018-02-15,"Shere Bangla National Stadium, Mirpur",2,0.3,Sri Lanka,Bangladesh,BKG Mendis,MD Gunathilaka,Nazmul Islam,0,1,1,,,,,,,,
1130746,2017/18,2018-02-15,"Shere Bangla National Stadium, Mirpur",2,0.4,Sri Lanka,Bangladesh,BKG Mendis,MD Gunathilaka,Nazmul Islam,0,0,,,,,,,,,
1130746,2017/18,2018-02-15,"Shere Bangla National Stadium, Mirpur",2,0.5,Sri Lanka,Bangladesh,BKG Mendis,MD Gunathilaka,Nazmul Islam,1,0,,,,,,,,,
1130746,2017/18,2018-02-15,"Shere Bangla National Stadium, Mirpur",2,0.6,Sri Lanka,Bangladesh,MD Gunathilaka,BKG Mendis,Nazmul Islam,1,0,,,,,,,,,
1130746,2017/18,2018-02-15,"Shere Bangla National Stadium, Mirpur",2,0.7,Sri Lanka,Bangladesh,BKG Mendis,MD Gunathilaka,Nazmul Islam,1,0,,,,,,,,,
1130746,2017/18,2018-02-15,"Shere Bangla National Stadium, Mirpur",2,1.1,Sri Lanka,Bangladesh,BKG Mendis,MD Gunathilaka,Mohammad Saifuddin,4,0,,,,,,,,,
1130746,2017/18,2018-02-15,"Shere Bangla National Stadium, Mirpur",2,1.2,Sri Lanka,Bangladesh,BKG Mendis,MD Gunathilaka,Mohammad Saifuddin,1,0,,,,,,,,,
1130746,2017/18,2018-02-15,"Shere Bangla National Stadium, Mirpur",2,1.3,Sri Lanka,Bangladesh,MD Gunathilaka,BKG Mendis,Mohammad Saifuddin,0,1,1,,,,,,,,
1130746,2017/18,2018-02-15,"Shere Bangla National Stadium, Mirpur",2,1.4,Sri Lanka,Bangladesh,MD Gunathilaka,BKG Mendis,Mohammad Saifuddin,4,0,,,,,,,,,
1130746,2017/18,2018-02-15,"Shere Bangla National Stadium, Mirpur",2,1.5,Sri Lanka,Bangladesh,MD Gunathilaka,BKG Mendis,Mohammad Saifuddin,4,0,,,,,,,,,
1130746,2017/18,2018-02-15,"Shere Bangla National Stadium, Mirpur",2,1.6,Sri Lanka,Bangladesh,MD Gunathilaka,BKG Mendis,Mohammad Saifuddin,4,0,,,,,,,,,
1130746,2017/18,2018-02-15,"Shere Bangla National Stadium, Mirpur",2,1.7,Sri Lanka,Bangladesh,MD Gunathilaka,BKG Mendis,Mohammad Saifuddin,1,0,,,,,,,,,
1130746,2017/18,2018-02-15,"Shere Bangla National Stadium, Mirpur",2,2.1,Sri Lanka,Bangladesh,MD Gunathilaka,BKG Mendis,Mahmudullah,1,0,,,,,,,,,
1130746,2017/18,2018-02-15,"Shere Bangla National Stadium, Mirpur",2,2.2,Sri Lanka,Bangladesh,BKG Mendis,MD Gunathilaka,Mahmudullah,0,0,,,,,,,,,
1130746,2017/18,2018-02-15,"Shere Bangla National Stadium, Mirpur",2,2.3,Sri Lanka,Bangladesh,BKG Mendis,MD Gunathilaka,Mahmudullah,0,0,,,,,,,,,
1130746,2017/18,2018-02-15,"Shere Bangla National Stadium, Mirpur",2,2.4,Sri Lanka,Bangladesh,BKG Mendis,MD Gunathilaka,Mahmudullah,1,0,,,,,,,,,
1130746,2017/18,2018-02-15,"Shere Bangla National Stadium, Mirpur",2,2.5,Sri Lanka,Bangladesh,MD Gunathilaka,BKG Mendis,Mahmudullah,4,0,,,,,,,,,
1130746,2017/18,2018-02-15,"Shere Bangla National Stadium, Mirpur",2,2.6,Sri Lanka,Bangladesh,MD Gunathilaka,BKG Mendis,Mahmudullah,1,0,,,,,,,,,
1130746,2017/18,2018-02-15,"Shere Bangla National Stadium, Mirpur",2,3.1,Sri Lanka,Bangladesh,MD Gunathilaka,BKG Mendis,Rubel Hossain,4,0,,,,,,,,,
1130746,2017/18,2018-02-15,"Shere Bangla National Stadium, Mirpur",2,3.2,Sri Lanka,Bangladesh,MD Gunathilaka,BKG Mendis,Rubel Hossain,4,0,,,,,,,,,
1130746,2017/18,2018-02-15,"Shere Bangla National Stadium, Mirpur",2,3.3,Sri Lanka,Bangladesh,MD Gunathilaka,BKG Mendis,Rubel Hossain,0,0,,,,,,,,,
1130746,2017/18,2018-02-15,"Shere Bangla National Stadium, Mirpur",2,3.4,Sri Lanka,Bangladesh,MD Gunathilaka,BKG Mendis,Rubel Hossain,1,0,,,,,,,,,
1130746,2017/18,2018-02-15,"Shere Bangla National Stadium, Mirpur",2,3.5,Sri Lanka,Bangladesh,BKG Mendis,MD Gunathilaka,Rubel Hossain,4,0,,,,,,,,,
1130746,2017/18,2018-02-15,"Shere Bangla National Stadium, Mirpur",2,3.6,Sri Lanka,Bangladesh,BKG Mendis,MD Gunathilaka,Rubel Hossain,0,0,,,,,,,,,
1130746,2017/18,2018-02-15,"Shere Bangla National Stadium, Mirpur",2,4.1,Sri Lanka,Bangladesh,MD Gunathilaka,BKG Mendis,Nazmul Islam,0,0,,,,,,,,,
1130746,2017/18,2018-02-15,"Shere Bangla National Stadium, Mirpur",2,4.2,Sri Lanka,Bangladesh,MD Gunathilaka,BKG Mendis,Nazmul Islam,1,0,,,,,,,,,
1130746,2017/18,2018-02-15,"Shere Bangla National Stadium, Mirpur",2,4.3,Sri Lanka,Bangladesh,BKG Mendis,MD Gunathilaka,Nazmul Islam,4,0,,,,,,,,,
1130746,2017/18,2018-02-15,"Shere Bangla National Stadium, Mirpur",2,4.4,Sri Lanka,Bangladesh,BKG Mendis,MD Gunathilaka,Nazmul Islam,1,0,,,,,,,,,
1130746,2017/18,2018-02-15,"Shere Bangla National Stadium, Mirpur",2,4.5,Sri Lanka,Bangladesh,MD Gunathilaka,BKG Mendis,Nazmul Islam,0,0,,,,,,stumped,MD Gunathilaka,,
1130746,2017/18,2018-02-15,"Shere Bangla National Stadium, Mirpur",2,4.6,Sri Lanka,Bangladesh,WU Tharanga,BKG Mendis,Nazmul Islam,0,0,,,,,,,,,
1130746,2017/18,2018-02-15,"Shere Bangla National Stadium, Mirpur",2,5.1,Sri Lanka,Bangladesh,BKG Mendis,WU Tharanga,Mustafizur Rahman,4,0,,,,,,,,,
1130746,2017/18,2018-02-15,"Shere Bangla National Stadium, Mirpur",2,5.2,Sri Lanka,Bangladesh,BKG Mendis,WU Tharanga,Mustafizur Rahman,4,0,,,,,,,,,
1130746,2017/18,2018-02-15,"Shere Bangla National Stadium, Mirpur",2,5.3,Sri Lanka,Bangladesh,BKG Mendis,WU Tharanga,Mustafizur Rahman,4,0,,,,,,,,,
1130746,2017/18,2018-02-15,"Shere Bangla National Stadium, Mirpur",2,5.4,Sri Lanka,Bangladesh,BKG Mendis,WU Tharanga,Mustafizur Rahman,0,0,,,,,,,,,
1130746,2017/18,2018-02-15,"Shere Bangla National Stadium, Mirpur",2,5.5,Sri Lanka,Bangladesh,BKG Mendis,WU Tharanga,Mustafizur Rahman,1,0,,,,,,,,,
1130746,2017/18,2018-02-15,"Shere Bangla National Stadium, Mirpur",2,5.6,Sri Lanka,Bangladesh,WU Tharanga,BKG Mendis,Mustafizur Rahman,1,0,,,,,,,,,
1130746,2017/18,2018-02-15,"Shere Bangla National Stadium, Mirpur",2,6.1,Sri Lanka,Bangladesh,WU Tharanga,BKG Mendis,Nazmul Islam,1,0,,,,,,,,,
1130746,2017/18,2018-02-15,"Shere Bangla National Stadium, Mirpur",2,6.2,Sri Lanka,Bangladesh,BKG Mendis,WU Tharanga,Nazmul Islam,6,0,,,,,,,,,
1130746,2017/18,2018-02-15,"Shere Bangla National Stadium, Mirpur",2,6.3,Sri Lanka,Bangladesh,BKG Mendis,WU Tharanga,Nazmul Islam,1,0,,,,,,,,,
1130746,2017/18,2018-02-15,"Shere Bangla National Stadium, Mirpur",2,6.4,Sri Lanka,Bangladesh,WU Tharanga,BKG Mendis,Nazmul Islam,0,1,,,,1,,,,,
1130746,2017/18,2018-02-15,"Shere Bangla National Stadium, Mirpur",2,6.5,Sri Lanka,Bangladesh,BKG Mendis,WU Tharanga,Nazmul Islam,0,0,,,,,,,,,
1130746,2017/18,2018-02-15,"Shere Bangla National Stadium, Mirpur",2,6.6,Sri Lanka,Bangladesh,BKG Mendis,WU Tharanga,Nazmul Islam,1,0,,,,,,,,,
1130746,2017/18,2018-02-15,"Shere Bangla National Stadium, Mirpur",2,7.1,Sri Lanka,Bangladesh,BKG Mendis,WU Tharanga,Afif Hossain,4,0,,,,,,,,,
1130746,2017/18,2018-02-15,"Shere Bangla National Stadium, Mirpur",2,7.2,Sri Lanka,Bangladesh,BKG Mendis,WU Tharanga,Afif Hossain,0,1,1,,,,,,,,
1130746,2017/18,2018-02-15,"Shere Bangla National Stadium, Mirpur",2,7.3,Sri Lanka,Bangladesh,BKG Mendis,WU Tharanga,Afif Hossain,6,0,,,,,,,,,
1130746,2017/18,2018-02-15,"Shere Bangla National Stadium, Mirpur",2,7.4,Sri Lanka,Bangladesh,BKG Mendis,WU Tharanga,Afif Hossain,1,0,,,,,,,,,
1130746,2017/18,2018-02-15,"Shere Bangla National Stadium, Mirpur",2,7.5,Sri Lanka,Bangladesh,WU Tharanga,BKG Mendis,Afif Hossain,1,0,,,,,,,,,
1130746,2017/18,2018-02-15,"Shere Bangla National Stadium, Mirpur",2,7.6,Sri Lanka,Bangladesh,BKG Mendis,WU Tharanga,Afif Hossain,0,0,,,,,,caught,BKG Mendis,,
1130746,2017/18,2018-02-15,"Shere Bangla National Stadium, Mirpur",2,7.7,Sri Lanka,Bangladesh,MD Shanaka,WU Tharanga,Afif Hossain,0,0,,,,,,,,,
1130746,2017/18,2018-02-15,"Shere Bangla National Stadium, Mirpur",2,8.1,Sri Lanka,Bangladesh,WU Tharanga,MD Shanaka,Nazmul Islam,1,0,,,,,,,,,
1130746,2017/18,2018-02-15,"Shere Bangla National Stadium, Mirpur",2,8.2,Sri Lanka,Bangladesh,MD Shanaka,WU Tharanga,Nazmul Islam,1,0,,,,,,,,,
1130746,2017/18,2018-02-15,"Shere Bangla National Stadium, Mirpur",2,8.3,Sri Lanka,Bangladesh,WU Tharanga,MD Shanaka,Nazmul Islam,0,0,,,,,,caught,WU Tharanga,,
1130746,2017/18,2018-02-15,"Shere Bangla National Stadium, Mirpur",2,8.4,Sri Lanka,Bangladesh,N Dickwella,MD Shanaka,Nazmul Islam,0,1,,,,1,,,,,
1130746,2017/18,2018-02-15,"Shere Bangla National Stadium, Mirpur",2,8.5,Sri Lanka,Bangladesh,MD Shanaka,N Dickwella,Nazmul Islam,0,0,,,,,,,,,
1130746,2017/18,2018-02-15,"Shere Bangla National Stadium, Mirpur",2,8.6,Sri Lanka,Bangladesh,MD Shanaka,N Dickwella,Nazmul Islam,0,0,,,,,,,,,
1130746,2017/18,2018-02-15,"Shere Bangla National Stadium, Mirpur",2,9.1,Sri Lanka,Bangladesh,N Dickwella,MD Shanaka,Mahmudullah,1,0,,,,,,,,,
1130746,2017/18,2018-02-15,"Shere Bangla National Stadium, Mirpur",2,9.2,Sri Lanka,Bangladesh,MD Shanaka,N Dickwella,Mahmudullah,0,0,,,,,,,,,
1130746,2017/18,2018-02-15,"Shere Bangla National Stadium, Mirpur",2,9.3,Sri Lanka,Bangladesh,MD Shanaka,N Dickwella,Mahmudullah,0,1,1,,,,,,,,
1130746,2017/18,2018-02-15,"Shere Bangla National Stadium, Mirpur",2,9.4,Sri Lanka,Bangladesh,MD Shanaka,N Dickwella,Mahmudullah,1,0,,,,,,,,,
1130746,2017/18,2018-02-15,"Shere Bangla National Stadium, Mirpur",2,9.5,Sri Lanka,Bangladesh,N Dickwella,MD Shanaka,Mahmudullah,1,0,,,,,,,,,
1130746,2017/18,2018-02-15,"Shere Bangla National Stadium, Mirpur",2,9.6,Sri Lanka,Bangladesh,MD Shanaka,N Dickwella,Mahmudullah,6,0,,,,,,,,,
1130746,2017/18,2018-02-15,"Shere Bangla National Stadium, Mirpur",2,9.7,Sri Lanka,Bangladesh,MD Shanaka,N Dickwella,Mahmudullah,6,0,,,,,,,,,
1130746,2017/18,2018-02-15,"Shere Bangla National Stadium, Mirpur",2,10.1,Sri Lanka,Bangladesh,N Dickwella,MD Shanaka,Mohammad Saifuddin,4,0,,,,,,,,,
1130746,2017/18,2018-02-15,"Shere Bangla National Stadium, Mirpur",2,10.2,Sri Lanka,Bangladesh,N Dickwella,MD Shanaka,Mohammad Saifuddin,0,0,,,,,,,,,
1130746,2017/18,2018-02-15,"Shere Bangla National Stadium, Mirpur",2,10.3,Sri Lanka,Bangladesh,N Dickwella,MD Shanaka,Mohammad Saifuddin,1,0,,,,,,,,,
1130746,2017/18,2018-02-15,"Shere Bangla National Stadium, Mirpur",2,10.4,Sri Lanka,Bangladesh,MD Shanaka,N Dickwella,Mohammad Saifuddin,4,0,,,,,,,,,
1130746,2017/18,2018-02-15,"Shere Bangla National Stadium, Mirpur",2,10.5,Sri Lanka,Bangladesh,MD Shanaka,N Dickwella,Mohammad Saifuddin,4,0,,,,,,,,,
1130746,2017/18,2018-02-15,"Shere Bangla National Stadium, Mirpur",2,10.6,Sri Lanka,Bangladesh,MD Shanaka,N Dickwella,Mohammad Saifuddin,1,0,,,,,,,,,
1130746,2017/18,2018-02-15,"Shere Bangla National Stadium, Mirpur",2,11.1,Sri Lanka,Bangladesh,MD Shanaka,N Dickwella,Rubel Hossain,1,0,,,,,,,,,
1130746,2017/18,2018-02-15,"Shere Bangla National Stadium, Mirpur",2,11.2,Sri Lanka,Bangladesh,N Dickwella,MD Shanaka,Rubel Hossain,4,0,,,,,,,,,
1130746,2017/18,2018-02-15,"Shere Bangla National Stadium, Mirpur",2,11.3,Sri Lanka,Bangladesh,N Dickwella,MD Shanaka,Rubel Hossain,0,1,1,,,,,,,,
1130746,2017/18,2018-02-15,"Shere Bangla National Stadium, Mirpur",2,11.4,Sri Lanka,Bangladesh,N Dickwella,MD Shanaka,Rubel Hossain,0,0,,,,,,,,,
1130746,2017/18,2018-02-15,"Shere Bangla National Stadium, Mirpur",2,11.5,Sri Lanka,Bangladesh,N Dickwella,MD Shanaka,Rubel Hossain,0,0,,,,,,caught,N Dickwella,,
1130746,2017/18,2018-02-15,"Shere Bangla National Stadium, Mirpur",2,11.6,Sri Lanka,Bangladesh,MD Shanaka,NLTC Perera,Rubel Hossain,1,0,,,,,,,,,
1130746,2017/18,2018-02-15,"Shere Bangla National Stadium, Mirpur",2,11.7,Sri Lanka,Bangladesh,NLTC Perera,MD Shanaka,Rubel Hossain,0,0,,,,,,,,,
1130746,2017/18,2018-02-15,"Shere Bangla National Stadium, Mirpur",2,12.1,Sri Lanka,Bangladesh,MD Shanaka,NLTC Perera,Mustafizur Rahman,0,0,,,,,,,,,
1130746,2017/18,2018-02-15,"Shere Bangla National Stadium, Mirpur",2,12.2,Sri Lanka,Bangladesh,MD Shanaka,NLTC Perera,Mustafizur Rahman,0,0,,,,,,,,,
1130746,2017/18,2018-02-15,"Shere Bangla National Stadium, Mirpur",2,12.3,Sri Lanka,Bangladesh,MD Shanaka,NLTC Perera,Mustafizur Rahman,1,0,,,,,,,,,
1130746,2017/18,2018-02-15,"Shere Bangla National Stadium, Mirpur",2,12.4,Sri Lanka,Bangladesh,NLTC Perera,MD Shanaka,Mustafizur Rahman,0,0,,,,,,,,,
1130746,2017/18,2018-02-15,"Shere Bangla National Stadium, Mirpur",2,12.5,Sri Lanka,Bangladesh,NLTC Perera,MD Shanaka,Mustafizur Rahman,4,0,,,,,,,,,
1130746,2017/18,2018-02-15,"Shere Bangla National Stadium, Mirpur",2,12.6,Sri Lanka,Bangladesh,NLTC Perera,MD Shanaka,Mustafizur Rahman,0,0,,,,,,,,,
1130746,2017/18,2018-02-15,"Shere Bangla National Stadium, Mirpur",2,13.1,Sri Lanka,Bangladesh,MD Shanaka,NLTC Perera,Rubel Hossain,1,0,,,,,,,,,
1130746,2017/18,2018-02-15,"Shere Bangla National Stadium, Mirpur",2,13.2,Sri Lanka,Bangladesh,NLTC Perera,MD Shanaka,Rubel Hossain,6,0,,,,,,,,,
1130746,2017/18,2018-02-15,"Shere Bangla National Stadium, Mirpur",2,13.3,Sri Lanka,Bangladesh,NLTC Perera,MD Shanaka,Rubel Hossain,1,0,,,,,,,,,
1130746,2017/18,2018-02-15,"Shere Bangla National Stadium, Mirpur",2,13.4,Sri Lanka,Bangladesh,MD Shanaka,NLTC Perera,Rubel Hossain,4,0,,,,,,,,,
1130746,2017/18,2018-02-15,"Shere Bangla National Stadium, Mirpur",2,13.5,Sri Lanka,Bangladesh,MD Shanaka,NLTC Perera,Rubel Hossain,1,0,,,,,,,,,
1130746,2017/18,2018-02-15,"Shere Bangla National Stadium, Mirpur",2,13.6,Sri Lanka,Bangladesh,NLTC Perera,MD Shanaka,Rubel Hossain,6,0,,,,,,,,,
1130746,2017/18,2018-02-15,"Shere Bangla National Stadium, Mirpur",2,14.1,Sri Lanka,Bangladesh,MD Shanaka,NLTC Perera,Mustafizur Rahman,1,0,,,,,,,,,
1130746,2017/18,2018-02-15,"Shere Bangla National Stadium, Mirpur",2,14.2,Sri Lanka,Bangladesh,NLTC Perera,MD Shanaka,Mustafizur Rahman,0,0,,,,,,,,,
1130746,2017/18,2018-02-15,"Shere Bangla National Stadium, Mirpur",2,14.3,Sri Lanka,Bangladesh,NLTC Perera,MD Shanaka,Mustafizur Rahman,0,1,1,,,,,,,,
1130746,2017/18,2018-02-15,"Shere Bangla National Stadium, Mirpur",2,14.4,Sri Lanka,Bangladesh,NLTC Perera,MD Shanaka,Mustafizur Rahman,0,0,,,,,,,,,
1130746,2017/18,2018-02-15,"Shere Bangla National Stadium, Mirpur",2,14.5,Sri Lanka,Bangladesh,NLTC Perera,MD Shanaka,Mustafizur Rahman,4,0,,,,,,,,,
1130746,2017/18,2018-02-15,"Shere Bangla National Stadium, Mirpur",2,14.6,Sri Lanka,Bangladesh,NLTC Perera,MD Shanaka,Mustafizur Rahman,1,0,,,,,,,,,
1130746,2017/18,2018-02-15,"Shere Bangla National Stadium, Mirpur",2,14.7,Sri Lanka,Bangladesh,MD Shanaka,NLTC Perera,Mustafizur Rahman,6,0,,,,,,,,,
1130746,2017/18,2018-02-15,"Shere Bangla National Stadium, Mirpur",2,15.1,Sri Lanka,Bangladesh,NLTC Perera,MD Shanaka,Afif Hossain,0,0,,,,,,,,,
1130746,2017/18,2018-02-15,"Shere Bangla National Stadium, Mirpur",2,15.2,Sri Lanka,Bangladesh,NLTC Perera,MD Shanaka,Afif Hossain,0,1,,,,1,,,,,
1130746,2017/18,2018-02-15,"Shere Bangla National Stadium, Mirpur",2,15.3,Sri Lanka,Bangladesh,MD Shanaka,NLTC Perera,Afif Hossain,1,0,,,,,,,,,
1130746,2017/18,2018-02-15,"Shere Bangla National Stadium, Mirpur",2,15.4,Sri Lanka,Bangladesh,NLTC Perera,MD Shanaka,Afif Hossain,2,0,,,,,,,,,
1130746,2017/18,2018-02-15,"Shere Bangla National Stadium, Mirpur",2,15.5,Sri Lanka,Bangladesh,NLTC Perera,MD Shanaka,Afif Hossain,4,0,,,,,,,,,
1130746,2017/18,2018-02-15,"Shere Bangla National Stadium, Mirpur",2,15.6,Sri Lanka,Bangladesh,NLTC Perera,MD Shanaka,Afif Hossain,6,0,,,,,,,,,
1130746,2017/18,2018-02-15,"Shere Bangla National Stadium, Mirpur",2,16.1,Sri Lanka,Bangladesh,MD Shanaka,NLTC Perera,Rubel Hossain,0,1,1,,,,,,,,
1130746,2017/18,2018-02-15,"Shere Bangla National Stadium, Mirpur",2,16.2,Sri Lanka,Bangladesh,MD Shanaka,NLTC Perera,Rubel Hossain,1,0,,,,,,,,,
1130746,2017/18,2018-02-15,"Shere Bangla National Stadium, Mirpur",2,16.3,Sri Lanka,Bangladesh,NLTC Perera,MD Shanaka,Rubel Hossain,4,0,,,,,,,,,
1130746,2017/18,2018-02-15,"Shere Bangla National Stadium, Mirpur",2,16.4,Sri Lanka,Bangladesh,NLTC Perera,MD Shanaka,Rubel Hossain,1,0,,,,,,,,,
1130746,2017/18,2018-02-15,"Shere Bangla National Stadium, Mirpur",2,16.5,Sri Lanka,Bangladesh,MD Shanaka,NLTC Perera,Rubel Hossain,0,5,5,,,,,,,,
1130746,2017/18,2018-02-15,"Shere Bangla National Stadium, Mirpur",2,16.6,Sri Lanka,Bangladesh,MD Shanaka,NLTC Perera,Rubel Hossain,1,0,,,,,,,,,
