match_id,season,start_date,venue,innings,ball,batting_team,bowling_team,striker,non_striker,bowler,runs_off_bat,extras,wides,noballs,byes,legbyes,penalty,wicket_type,player_dismissed,other_wicket_type,other_player_dismissed
1133821,2017/18,2018-03-14,"R.Premadasa Stadium, Khettarama",1,0.1,India,Bangladesh,RG Sharma,S Dhawan,Abu Hider,0,0,,,,,,,,,
1133821,2017/18,2018-03-14,"R.Premadasa Stadium, Khettarama",1,0.2,India,Bangladesh,RG Sharma,S Dhawan,Abu Hider,0,0,,,,,,,,,
1133821,2017/18,2018-03-14,"R.Premadasa Stadium, Khettarama",1,0.3,India,Bangladesh,RG Sharma,S Dhawan,Abu Hider,0,1,1,,,,,,,,
1133821,2017/18,2018-03-14,"R.Premadasa Stadium, Khettarama",1,0.4,India,Bangladesh,RG Sharma,S Dhawan,Abu Hider,0,0,,,,,,,,,
1133821,2017/18,2018-03-14,"R.Premadasa Stadium, Khettarama",1,0.5,India,Bangladesh,RG Sharma,S Dhawan,Abu Hider,0,0,,,,,,,,,
1133821,2017/18,2018-03-14,"R.Premadasa Stadium, Khettarama",1,0.6,India,Bangladesh,RG Sharma,S Dhawan,Abu Hider,1,0,,,,,,,,,
1133821,2017/18,2018-03-14,"R.Premadasa Stadium, Khettarama",1,0.7,India,Bangladesh,S Dhawan,RG Sharma,Abu Hider,0,0,,,,,,,,,
1133821,2017/18,2018-03-14,"R.Premadasa Stadium, Khettarama",1,1.1,India,Bangladesh,RG Sharma,S Dhawan,Nazmul Islam,0,0,,,,,,,,,
1133821,2017/18,2018-03-14,"R.Premadasa Stadium, Khettarama",1,1.2,India,Bangladesh,RG Sharma,S Dhawan,Nazmul Islam,4,0,,,,,,,,,
1133821,2017/18,2018-03-14,"R.Premadasa Stadium, Khettarama",1,1.3,India,Bangladesh,RG Sharma,S Dhawan,Nazmul Islam,0,0,,,,,,,,,
1133821,2017/18,2018-03-14,"R.Premadasa Stadium, Khettarama",1,1.4,India,Bangladesh,RG Sharma,S Dhawan,Nazmul Islam,0,0,,,,,,,,,
1133821,2017/18,2018-03-14,"R.Premadasa Stadium, Khettarama",1,1.5,India,Bangladesh,RG Sharma,S Dhawan,Nazmul Islam,1,0,,,,,,,,,
1133821,2017/18,2018-03-14,"R.Premadasa Stadium, Khettarama",1,1.6,India,Bangladesh,S Dhawan,RG Sharma,Nazmul Islam,4,0,,,,,,,,,
1133821,2017/18,2018-03-14,"R.Premadasa Stadium, Khettarama",1,2.1,India,Bangladesh,RG Sharma,S Dhawan,Rubel Hossain,0,0,,,,,,,,,
1133821,2017/18,2018-03-14,"R.Premadasa Stadium, Khettarama",1,2.2,India,Bangladesh,RG Sharma,S Dhawan,Rubel Hossain,1,0,,,,,,,,,
1133821,2017/18,2018-03-14,"R.Premadasa Stadium, Khettarama",1,2.3,India,Bangladesh,S Dhawan,RG Sharma,Rubel Hossain,0,0,,,,,,,,,
1133821,2017/18,2018-03-14,"R.Premadasa Stadium, Khettarama",1,2.4,India,Bangladesh,S Dhawan,RG Sharma,Rubel Hossain,1,0,,,,,,,,,
1133821,2017/18,2018-03-14,"R.Premadasa Stadium, Khettarama",1,2.5,India,Bangladesh,RG Sharma,S Dhawan,Rubel Hossain,1,0,,,,,,,,,
1133821,2017/18,2018-03-14,"R.Premadasa Stadium, Khettarama",1,2.6,India,Bangladesh,S Dhawan,RG Sharma,Rubel Hossain,4,0,,,,,,,,,
1133821,2017/18,2018-03-14,"R.Premadasa Stadium, Khettarama",1,3.1,India,Bangladesh,RG Sharma,S Dhawan,Mustafizur Rahman,1,0,,,,,,,,,
1133821,2017/18,2018-03-14,"R.Premadasa Stadium, Khettarama",1,3.2,India,Bangladesh,S Dhawan,RG Sharma,Mustafizur Rahman,0,0,,,,,,,,,
1133821,2017/18,2018-03-14,"R.Premadasa Stadium, Khettarama",1,3.3,India,Bangladesh,S Dhawan,RG Sharma,Mustafizur Rahman,0,0,,,,,,,,,
1133821,2017/18,2018-03-14,"R.Premadasa Stadium, Khettarama",1,3.4,India,Bangladesh,S Dhawan,RG Sharma,Mustafizur Rahman,1,0,,,,,,,,,
1133821,2017/18,2018-03-14,"R.Premadasa Stadium, Khettarama",1,3.5,India,Bangladesh,RG Sharma,S Dhawan,Mustafizur Rahman,1,0,,,,,,,,,
1133821,2017/18,2018-03-14,"R.Premadasa Stadium, Khettarama",1,3.6,India,Bangladesh,S Dhawan,RG Sharma,Mustafizur Rahman,6,0,,,,,,,,,
1133821,2017/18,2018-03-14,"R.Premadasa Stadium, Khettarama",1,4.1,India,Bangladesh,RG Sharma,S Dhawan,Mehedi Hasan Miraz,1,0,,,,,,,,,
1133821,2017/18,2018-03-14,"R.Premadasa Stadium, Khettarama",1,4.2,India,Bangladesh,S Dhawan,RG Sharma,Mehedi Hasan Miraz,1,0,,,,,,,,,
1133821,2017/18,2018-03-14,"R.Premadasa Stadium, Khettarama",1,4.3,India,Bangladesh,RG Sharma,S Dhawan,Mehedi Hasan Miraz,0,0,,,,,,,,,
1133821,2017/18,2018-03-14,"R.Premadasa Stadium, Khettarama",1,4.4,India,Bangladesh,RG Sharma,S Dhawan,Mehedi Hasan Miraz,6,0,,,,,,,,,
1133821,2017/18,2018-03-14,"R.Premadasa Stadium, Khettarama",1,4.5,India,Bangladesh,RG Sharma,S Dhawan,Mehedi Hasan Miraz,0,0,,,,,,,,,
1133821,2017/18,2018-03-14,"R.Premadasa Stadium, Khettarama",1,4.6,India,Bangladesh,RG Sharma,S Dhawan,Mehedi Hasan Miraz,3,0,,,,,,,,,
1133821,2017/18,2018-03-14,"R.Premadasa Stadium, Khettarama",1,5.1,India,Bangladesh,RG Sharma,S Dhawan,Abu Hider,4,0,,,,,,,,,
1133821,2017/18,2018-03-14,"R.Premadasa Stadium, Khettarama",1,5.2,India,Bangladesh,RG Sharma,S Dhawan,Abu Hider,1,0,,,,,,,,,
1133821,2017/18,2018-03-14,"R.Premadasa Stadium, Khettarama",1,5.3,India,Bangladesh,S Dhawan,RG Sharma,Abu Hider,1,0,,,,,,,,,
1133821,2017/18,2018-03-14,"R.Premadasa Stadium, Khettarama",1,5.4,India,Bangladesh,RG Sharma,S Dhawan,Abu Hider,1,0,,,,,,,,,
1133821,2017/18,2018-03-14,"R.Premadasa Stadium, Khettarama",1,5.5,India,Bangladesh,S Dhawan,RG Sharma,Abu Hider,0,0,,,,,,,,,
1133821,2017/18,2018-03-14,"R.Premadasa Stadium, Khettarama",1,5.6,India,Bangladesh,S Dhawan,RG Sharma,Abu Hider,4,0,,,,,,,,,
1133821,2017/18,2018-03-14,"R.Premadasa Stadium, Khettarama",1,6.1,India,Bangladesh,RG Sharma,S Dhawan,Nazmul Islam,1,0,,,,,,,,,
1133821,2017/18,2018-03-14,"R.Premadasa Stadium, Khettarama",1,6.2,India,Bangladesh,S Dhawan,RG Sharma,Nazmul Islam,0,0,,,,,,,,,
1133821,2017/18,2018-03-14,"R.Premadasa Stadium, Khettarama",1,6.3,India,Bangladesh,S Dhawan,RG Sharma,Nazmul Islam,4,0,,,,,,,,,
1133821,2017/18,2018-03-14,"R.Premadasa Stadium, Khettarama",1,6.4,India,Bangladesh,S Dhawan,RG Sharma,Nazmul Islam,0,0,,,,,,,,,
1133821,2017/18,2018-03-14,"R.Premadasa Stadium, Khettarama",1,6.5,India,Bangladesh,S Dhawan,RG Sharma,Nazmul Islam,0,0,,,,,,,,,
1133821,2017/18,2018-03-14,"R.Premadasa Stadium, Khettarama",1,6.6,India,Bangladesh,S Dhawan,RG Sharma,Nazmul Islam,0,0,,,,,,,,,
1133821,2017/18,2018-03-14,"R.Premadasa Stadium, Khettarama",1,7.1,India,Bangladesh,RG Sharma,S Dhawan,Mehedi Hasan Miraz,1,0,,,,,,,,,
1133821,2017/18,2018-03-14,"R.Premadasa Stadium, Khettarama",1,7.2,India,Bangladesh,S Dhawan,RG Sharma,Mehedi Hasan Miraz,4,0,,,,,,,,,
1133821,2017/18,2018-03-14,"R.Premadasa Stadium, Khettarama",1,7.3,India,Bangladesh,S Dhawan,RG Sharma,Mehedi Hasan Miraz,1,0,,,,,,,,,
1133821,2017/18,2018-03-14,"R.Premadasa Stadium, Khettarama",1,7.4,India,Bangladesh,RG Sharma,S Dhawan,Mehedi Hasan Miraz,0,1,1,,,,,,,,
1133821,2017/18,2018-03-14,"R.Premadasa Stadium, Khettarama",1,7.5,India,Bangladesh,RG Sharma,S Dhawan,Mehedi Hasan Miraz,1,0,,,,,,,,,
1133821,2017/18,2018-03-14,"R.Premadasa Stadium, Khettarama",1,7.6,India,Bangladesh,S Dhawan,RG Sharma,Mehedi Hasan Miraz,1,0,,,,,,,,,
1133821,2017/18,2018-03-14,"R.Premadasa Stadium, Khettarama",1,7.7,India,Bangladesh,RG Sharma,S Dhawan,Mehedi Hasan Miraz,0,0,,,,,,,,,
1133821,2017/18,2018-03-14,"R.Premadasa Stadium, Khettarama",1,8.1,India,Bangladesh,S Dhawan,RG Sharma,Nazmul Islam,1,0,,,,,,,,,
1133821,2017/18,2018-03-14,"R.Premadasa Stadium, Khettarama",1,8.2,India,Bangladesh,RG Sharma,S Dhawan,Nazmul Islam,1,0,,,,,,,,,
1133821,2017/18,2018-03-14,"R.Premadasa Stadium, Khettarama",1,8.3,India,Bangladesh,S Dhawan,RG Sharma,Nazmul Islam,1,0,,,,,,,,,
1133821,2017/18,2018-03-14,"R.Premadasa Stadium, Khettarama",1,8.4,India,Bangladesh,RG Sharma,S Dhawan,Nazmul Islam,0,0,,,,,,,,,
1133821,2017/18,2018-03-14,"R.Premadasa Stadium, Khettarama",1,8.5,India,Bangladesh,RG Sharma,S Dhawan,Nazmul Islam,1,0,,,,,,,,,
1133821,2017/18,2018-03-14,"R.Premadasa Stadium, Khettarama",1,8.6,India,Bangladesh,S Dhawan,RG Sharma,Nazmul Islam,0,0,,,,,,,,,
1133821,2017/18,2018-03-14,"R.Premadasa Stadium, Khettarama",1,9.1,India,Bangladesh,RG Sharma,S Dhawan,Rubel Hossain,1,0,,,,,,,,,
1133821,2017/18,2018-03-14,"R.Premadasa Stadium, Khettarama",1,9.2,India,Bangladesh,S Dhawan,RG Sharma,Rubel Hossain,0,0,,,,,,,,,
1133821,2017/18,2018-03-14,"R.Premadasa Stadium, Khettarama",1,9.3,India,Bangladesh,S Dhawan,RG Sharma,Rubel Hossain,1,0,,,,,,,,,
1133821,2017/18,2018-03-14,"R.Premadasa Stadium, Khettarama",1,9.4,India,Bangladesh,RG Sharma,S Dhawan,Rubel Hossain,1,0,,,,,,,,,
1133821,2017/18,2018-03-14,"R.Premadasa Stadium, Khettarama",1,9.5,India,Bangladesh,S Dhawan,RG Sharma,Rubel Hossain,0,0,,,,,,bowled,S Dhawan,,
1133821,2017/18,2018-03-14,"R.Premadasa Stadium, Khettarama",1,9.6,India,Bangladesh,SK Raina,RG Sharma,Rubel Hossain,1,0,,,,,,,,,
1133821,2017/18,2018-03-14,"R.Premadasa Stadium, Khettarama",1,10.1,India,Bangladesh,SK Raina,RG Sharma,Nazmul Islam,0,0,,,,,,,,,
1133821,2017/18,2018-03-14,"R.Premadasa Stadium, Khettarama",1,10.2,India,Bangladesh,SK Raina,RG Sharma,Nazmul Islam,0,0,,,,,,,,,
1133821,2017/18,2018-03-14,"R.Premadasa Stadium, Khettarama",1,10.3,India,Bangladesh,SK Raina,RG Sharma,Nazmul Islam,1,0,,,,,,,,,
1133821,2017/18,2018-03-14,"R.Premadasa Stadium, Khettarama",1,10.4,India,Bangladesh,RG Sharma,SK Raina,Nazmul Islam,0,0,,,,,,,,,
1133821,2017/18,2018-03-14,"R.Premadasa Stadium, Khettarama",1,10.5,India,Bangladesh,RG Sharma,SK Raina,Nazmul Islam,6,0,,,,,,,,,
1133821,2017/18,2018-03-14,"R.Premadasa Stadium, Khettarama",1,10.6,India,Bangladesh,RG Sharma,SK Raina,Nazmul Islam,2,0,,,,,,,,,
1133821,2017/18,2018-03-14,"R.Premadasa Stadium, Khettarama",1,11.1,India,Bangladesh,SK Raina,RG Sharma,Mustafizur Rahman,1,0,,,,,,,,,
1133821,2017/18,2018-03-14,"R.Premadasa Stadium, Khettarama",1,11.2,India,Bangladesh,RG Sharma,SK Raina,Mustafizur Rahman,0,0,,,,,,,,,
1133821,2017/18,2018-03-14,"R.Premadasa Stadium, Khettarama",1,11.3,India,Bangladesh,RG Sharma,SK Raina,Mustafizur Rahman,0,0,,,,,,,,,
1133821,2017/18,2018-03-14,"R.Premadasa Stadium, Khettarama",1,11.4,India,Bangladesh,RG Sharma,SK Raina,Mustafizur Rahman,2,0,,,,,,,,,
1133821,2017/18,2018-03-14,"R.Premadasa Stadium, Khettarama",1,11.5,India,Bangladesh,RG Sharma,SK Raina,Mustafizur Rahman,1,0,,,,,,,,,
1133821,2017/18,2018-03-14,"R.Premadasa Stadium, Khettarama",1,11.6,India,Bangladesh,SK Raina,RG Sharma,Mustafizur Rahman,0,0,,,,,,,,,
1133821,2017/18,2018-03-14,"R.Premadasa Stadium, Khettarama",1,12.1,India,Bangladesh,RG Sharma,SK Raina,Abu Hider,1,0,,,,,,,,,
1133821,2017/18,2018-03-14,"R.Premadasa Stadium, Khettarama",1,12.2,India,Bangladesh,SK Raina,RG Sharma,Abu Hider,1,0,,,,,,,,,
1133821,2017/18,2018-03-14,"R.Premadasa Stadium, Khettarama",1,12.3,India,Bangladesh,RG Sharma,SK Raina,Abu Hider,4,0,,,,,,,,,
1133821,2017/18,2018-03-14,"R.Premadasa Stadium, Khettarama",1,12.4,India,Bangladesh,RG Sharma,SK Raina,Abu Hider,1,0,,,,,,,,,
1133821,2017/18,2018-03-14,"R.Premadasa Stadium, Khettarama",1,12.5,India,Bangladesh,SK Raina,RG Sharma,Abu Hider,1,0,,,,,,,,,
1133821,2017/18,2018-03-14,"R.Premadasa Stadium, Khettarama",1,12.6,India,Bangladesh,RG Sharma,SK Raina,Abu Hider,1,0,,,,,,,,,
1133821,2017/18,2018-03-14,"R.Premadasa Stadium, Khettarama",1,13.1,India,Bangladesh,RG Sharma,SK Raina,Mehedi Hasan Miraz,1,0,,,,,,,,,
1133821,2017/18,2018-03-14,"R.Premadasa Stadium, Khettarama",1,13.2,India,Bangladesh,SK Raina,RG Sharma,Mehedi Hasan Miraz,0,0,,,,,,,,,
1133821,2017/18,2018-03-14,"R.Premadasa Stadium, Khettarama",1,13.3,India,Bangladesh,SK Raina,RG Sharma,Mehedi Hasan Miraz,6,0,,,,,,,,,
1133821,2017/18,2018-03-14,"R.Premadasa Stadium, Khettarama",1,13.4,India,Bangladesh,SK Raina,RG Sharma,Mehedi Hasan Miraz,4,0,,,,,,,,,
1133821,2017/18,2018-03-14,"R.Premadasa Stadium, Khettarama",1,13.5,India,Bangladesh,SK Raina,RG Sharma,Mehedi Hasan Miraz,0,0,,,,,,,,,
1133821,2017/18,2018-03-14,"R.Premadasa Stadium, Khettarama",1,13.6,India,Bangladesh,SK Raina,RG Sharma,Mehedi Hasan Miraz,0,0,,,,,,,,,
1133821,2017/18,2018-03-14,"R.Premadasa Stadium, Khettarama",1,14.1,India,Bangladesh,RG Sharma,SK Raina,Rubel Hossain,2,0,,,,,,,,,
1133821,2017/18,2018-03-14,"R.Premadasa Stadium, Khettarama",1,14.2,India,Bangladesh,RG Sharma,SK Raina,Rubel Hossain,1,0,,,,,,,,,
1133821,2017/18,2018-03-14,"R.Premadasa Stadium, Khettarama",1,14.3,India,Bangladesh,SK Raina,RG Sharma,Rubel Hossain,0,0,,,,,,,,,
1133821,2017/18,2018-03-14,"R.Premadasa Stadium, Khettarama",1,14.4,India,Bangladesh,SK Raina,RG Sharma,Rubel Hossain,4,0,,,,,,,,,
1133821,2017/18,2018-03-14,"R.Premadasa Stadium, Khettarama",1,14.5,India,Bangladesh,SK Raina,RG Sharma,Rubel Hossain,4,0,,,,,,,,,
1133821,2017/18,2018-03-14,"R.Premadasa Stadium, Khettarama",1,14.6,India,Bangladesh,SK Raina,RG Sharma,Rubel Hossain,2,0,,,,,,,,,
1133821,2017/18,2018-03-14,"R.Premadasa Stadium, Khettarama",1,15.1,India,Bangladesh,RG Sharma,SK Raina,Mahmudullah,1,0,,,,,,,,,
1133821,2017/18,2018-03-14,"R.Premadasa Stadium, Khettarama",1,15.2,India,Bangladesh,SK Raina,RG Sharma,Mahmudullah,4,0,,,,,,,,,
1133821,2017/18,2018-03-14,"R.Premadasa Stadium, Khettarama",1,15.3,India,Bangladesh,SK Raina,RG Sharma,Mahmudullah,1,0,,,,,,,,,
1133821,2017/18,2018-03-14,"R.Premadasa Stadium, Khettarama",1,15.4,India,Bangladesh,RG Sharma,SK Raina,Mahmudullah,1,0,,,,,,,,,
1133821,2017/18,2018-03-14,"R.Premadasa Stadium, Khettarama",1,15.5,India,Bangladesh,SK Raina,RG Sharma,Mahmudullah,1,0,,,,,,,,,
1133821,2017/18,2018-03-14,"R.Premadasa Stadium, Khettarama",1,15.6,India,Bangladesh,RG Sharma,SK Raina,Mahmudullah,1,0,,,,,,,,,
1133821,2017/18,2018-03-14,"R.Premadasa Stadium, Khettarama",1,16.1,India,Bangladesh,RG Sharma,SK Raina,Mustafizur Rahman,1,0,,,,,,,,,
1133821,2017/18,2018-03-14,"R.Premadasa Stadium, Khettarama",1,16.2,India,Bangladesh,SK Raina,RG Sharma,Mustafizur Rahman,4,0,,,,,,,,,
1133821,2017/18,2018-03-14,"R.Premadasa Stadium, Khettarama",1,16.3,India,Bangladesh,SK Raina,RG Sharma,Mustafizur Rahman,1,0,,,,,,,,,
1133821,2017/18,2018-03-14,"R.Premadasa Stadium, Khettarama",1,16.4,India,Bangladesh,RG Sharma,SK Raina,Mustafizur Rahman,6,0,,,,,,,,,
1133821,2017/18,2018-03-14,"R.Premadasa Stadium, Khettarama",1,16.5,India,Bangladesh,RG Sharma,SK Raina,Mustafizur Rahman,1,0,,,,,,,,,
1133821,2017/18,2018-03-14,"R.Premadasa Stadium, Khettarama",1,16.6,India,Bangladesh,SK Raina,RG Sharma,Mustafizur Rahman,1,0,,,,,,,,,
1133821,2017/18,2018-03-14,"R.Premadasa Stadium, Khettarama",1,17.1,India,Bangladesh,SK Raina,RG Sharma,Abu Hider,1,0,,,,,,,,,
1133821,2017/18,2018-03-14,"R.Premadasa Stadium, Khettarama",1,17.2,India,Bangladesh,RG Sharma,SK Raina,Abu Hider,6,0,,,,,,,,,
1133821,2017/18,2018-03-14,"R.Premadasa Stadium, Khettarama",1,17.3,India,Bangladesh,RG Sharma,SK Raina,Abu Hider,1,0,,,,,,,,,
1133821,2017/18,2018-03-14,"R.Premadasa Stadium, Khettarama",1,17.4,India,Bangladesh,SK Raina,RG Sharma,Abu Hider,6,0,,,,,,,,,
1133821,2017/18,2018-03-14,"R.Premadasa Stadium, Khettarama",1,17.5,India,Bangladesh,SK Raina,RG Sharma,Abu Hider,1,0,,,,,,,,,
1133821,2017/18,2018-03-14,"R.Premadasa Stadium, Khettarama",1,17.6,India,Bangladesh,RG Sharma,SK Raina,Abu Hider,6,0,,,,,,,,,
1133821,2017/18,2018-03-14,"R.Premadasa Stadium, Khettarama",1,18.1,India,Bangladesh,SK Raina,RG Sharma,Mustafizur Rahman,0,0,,,,,,,,,
1133821,2017/18,2018-03-14,"R.Premadasa Stadium, Khettarama",1,18.2,India,Bangladesh,SK Raina,RG Sharma,Mustafizur Rahman,1,0,,,,,,,,,
1133821,2017/18,2018-03-14,"R.Premadasa Stadium, Khettarama",1,18.3,India,Bangladesh,RG Sharma,SK Raina,Mustafizur Rahman,4,0,,,,,,,,,
1133821,2017/18,2018-03-14,"R.Premadasa Stadium, Khettarama",1,18.4,India,Bangladesh,RG Sharma,SK Raina,Mustafizur Rahman,4,0,,,,,,,,,
1133821,2017/18,2018-03-14,"R.Premadasa Stadium, Khettarama",1,18.5,India,Bangladesh,RG Sharma,SK Raina,Mustafizur Rahman,1,0,,,,,,,,,
1133821,2017/18,2018-03-14,"R.Premadasa Stadium, Khettarama",1,18.6,India,Bangladesh,SK Raina,RG Sharma,Mustafizur Rahman,1,0,,,,,,,,,
1133821,2017/18,2018-03-14,"R.Premadasa Stadium, Khettarama",1,19.1,India,Bangladesh,SK Raina,RG Sharma,Rubel Hossain,0,0,,,,,,caught,SK Raina,,
1133821,2017/18,2018-03-14,"R.Premadasa Stadium, Khettarama",1,19.2,India,Bangladesh,RG Sharma,KD Karthik,Rubel Hossain,0,1,,,,1,,,,,
1133821,2017/18,2018-03-14,"R.Premadasa Stadium, Khettarama",1,19.3,India,Bangladesh,KD Karthik,RG Sharma,Rubel Hossain,1,0,,,,,,,,,
1133821,2017/18,2018-03-14,"R.Premadasa Stadium, Khettarama",1,19.4,India,Bangladesh,RG Sharma,KD Karthik,Rubel Hossain,1,0,,,,,,,,,
1133821,2017/18,2018-03-14,"R.Premadasa Stadium, Khettarama",1,19.5,India,Bangladesh,KD Karthik,RG Sharma,Rubel Hossain,1,0,,,,,,,,,
1133821,2017/18,2018-03-14,"R.Premadasa Stadium, Khettarama",1,19.6,India,Bangladesh,RG Sharma,KD Karthik,Rubel Hossain,0,0,,,,,,run out,RG Sharma,,
1133821,2017/18,2018-03-14,"R.Premadasa Stadium, Khettarama",2,0.1,Bangladesh,India,Tamim Iqbal,Liton Das,Mohammed Siraj,0,0,,,,,,,,,
1133821,2017/18,2018-03-14,"R.Premadasa Stadium, Khettarama",2,0.2,Bangladesh,India,Tamim Iqbal,Liton Das,Mohammed Siraj,4,0,,,,,,,,,
1133821,2017/18,2018-03-14,"R.Premadasa Stadium, Khettarama",2,0.3,Bangladesh,India,Tamim Iqbal,Liton Das,Mohammed Siraj,0,0,,,,,,,,,
1133821,2017/18,2018-03-14,"R.Premadasa Stadium, Khettarama",2,0.4,Bangladesh,India,Tamim Iqbal,Liton Das,Mohammed Siraj,1,0,,,,,,,,,
1133821,2017/18,2018-03-14,"R.Premadasa Stadium, Khettarama",2,0.5,Bangladesh,India,Liton Das,Tamim Iqbal,Mohammed Siraj,2,0,,,,,,,,,
1133821,2017/18,2018-03-14,"R.Premadasa Stadium, Khettarama",2,0.6,Bangladesh,India,Liton Das,Tamim Iqbal,Mohammed Siraj,1,0,,,,,,,,,
1133821,2017/18,2018-03-14,"R.Premadasa Stadium, Khettarama",2,1.1,Bangladesh,India,Liton Das,Tamim Iqbal,Washington Sundar,0,0,,,,,,,,,
1133821,2017/18,2018-03-14,"R.Premadasa Stadium, Khettarama",2,1.2,Bangladesh,India,Liton Das,Tamim Iqbal,Washington Sundar,0,0,,,,,,,,,
1133821,2017/18,2018-03-14,"R.Premadasa Stadium, Khettarama",2,1.3,Bangladesh,India,Liton Das,Tamim Iqbal,Washington Sundar,0,0,,,,,,,,,
1133821,2017/18,2018-03-14,"R.Premadasa Stadium, Khettarama",2,1.4,Bangladesh,India,Liton Das,Tamim Iqbal,Washington Sundar,4,0,,,,,,,,,
1133821,2017/18,2018-03-14,"R.Premadasa Stadium, Khettarama",2,1.5,Bangladesh,India,Liton Das,Tamim Iqbal,Washington Sundar,0,0,,,,,,stumped,Liton Das,,
1133821,2017/18,2018-03-14,"R.Premadasa Stadium, Khettarama",2,1.6,Bangladesh,India,Soumya Sarkar,Tamim Iqbal,Washington Sundar,0,0,,,,,,,,,
1133821,2017/18,2018-03-14,"R.Premadasa Stadium, Khettarama",2,2.1,Bangladesh,India,Tamim Iqbal,Soumya Sarkar,SN Thakur,0,0,,,,,,,,,
1133821,2017/18,2018-03-14,"R.Premadasa Stadium, Khettarama",2,2.2,Bangladesh,India,Tamim Iqbal,Soumya Sarkar,SN Thakur,4,0,,,,,,,,,
1133821,2017/18,2018-03-14,"R.Premadasa Stadium, Khettarama",2,2.3,Bangladesh,India,Tamim Iqbal,Soumya Sarkar,SN Thakur,4,0,,,,,,,,,
1133821,2017/18,2018-03-14,"R.Premadasa Stadium, Khettarama",2,2.4,Bangladesh,India,Tamim Iqbal,Soumya Sarkar,SN Thakur,6,0,,,,,,,,,
1133821,2017/18,2018-03-14,"R.Premadasa Stadium, Khettarama",2,2.5,Bangladesh,India,Tamim Iqbal,Soumya Sarkar,SN Thakur,4,0,,,,,,,,,
1133821,2017/18,2018-03-14,"R.Premadasa Stadium, Khettarama",2,2.6,Bangladesh,India,Tamim Iqbal,Soumya Sarkar,SN Thakur,1,0,,,,,,,,,
1133821,2017/18,2018-03-14,"R.Premadasa Stadium, Khettarama",2,3.1,Bangladesh,India,Tamim Iqbal,Soumya Sarkar,Washington Sundar,1,0,,,,,,,,,
1133821,2017/18,2018-03-14,"R.Premadasa Stadium, Khettarama",2,3.2,Bangladesh,India,Soumya Sarkar,Tamim Iqbal,Washington Sundar,1,0,,,,,,,,,
1133821,2017/18,2018-03-14,"R.Premadasa Stadium, Khettarama",2,3.3,Bangladesh,India,Tamim Iqbal,Soumya Sarkar,Washington Sundar,0,1,1,,,,,,,,
1133821,2017/18,2018-03-14,"R.Premadasa Stadium, Khettarama",2,3.4,Bangladesh,India,Tamim Iqbal,Soumya Sarkar,Washington Sundar,1,0,,,,,,,,,
1133821,2017/18,2018-03-14,"R.Premadasa Stadium, Khettarama",2,3.5,Bangladesh,India,Soumya Sarkar,Tamim Iqbal,Washington Sundar,0,0,,,,,,bowled,Soumya Sarkar,,
1133821,2017/18,2018-03-14,"R.Premadasa Stadium, Khettarama",2,3.6,Bangladesh,India,Mushfiqur Rahim,Tamim Iqbal,Washington Sundar,0,0,,,,,,,,,
1133821,2017/18,2018-03-14,"R.Premadasa Stadium, Khettarama",2,3.7,Bangladesh,India,Mushfiqur Rahim,Tamim Iqbal,Washington Sundar,1,0,,,,,,,,,
1133821,2017/18,2018-03-14,"R.Premadasa Stadium, Khettarama",2,4.1,Bangladesh,India,Mushfiqur Rahim,Tamim Iqbal,YS Chahal,1,0,,,,,,,,,
1133821,2017/18,2018-03-14,"R.Premadasa Stadium, Khettarama",2,4.2,Bangladesh,India,Tamim Iqbal,Mushfiqur Rahim,YS Chahal,0,0,,,,,,,,,
1133821,2017/18,2018-03-14,"R.Premadasa Stadium, Khettarama",2,4.3,Bangladesh,India,Tamim Iqbal,Mushfiqur Rahim,YS Chahal,0,0,,,,,,,,,
1133821,2017/18,2018-03-14,"R.Premadasa Stadium, Khettarama",2,4.4,Bangladesh,India,Tamim Iqbal,Mushfiqur Rahim,YS Chahal,1,0,,,,,,,,,
1133821,2017/18,2018-03-14,"R.Premadasa Stadium, Khettarama",2,4.5,Bangladesh,India,Mushfiqur Rahim,Tamim Iqbal,YS Chahal,1,0,,,,,,,,,
1133821,2017/18,2018-03-14,"R.Premadasa Stadium, Khettarama",2,4.6,Bangladesh,India,Tamim Iqbal,Mushfiqur Rahim,YS Chahal,0,0,,,,,,,,,
1133821,2017/18,2018-03-14,"R.Premadasa Stadium, Khettarama",2,5.1,Bangladesh,India,Mushfiqur Rahim,Tamim Iqbal,Washington Sundar,1,0,,,,,,,,,
1133821,2017/18,2018-03-14,"R.Premadasa Stadium, Khettarama",2,5.2,Bangladesh,India,Tamim Iqbal,Mushfiqur Rahim,Washington Sundar,0,0,,,,,,,,,
1133821,2017/18,2018-03-14,"R.Premadasa Stadium, Khettarama",2,5.3,Bangladesh,India,Tamim Iqbal,Mushfiqur Rahim,Washington Sundar,0,0,,,,,,,,,
1133821,2017/18,2018-03-14,"R.Premadasa Stadium, Khettarama",2,5.4,Bangladesh,India,Tamim Iqbal,Mushfiqur Rahim,Washington Sundar,0,0,,,,,,bowled,Tamim Iqbal,,
1133821,2017/18,2018-03-14,"R.Premadasa Stadium, Khettarama",2,5.5,Bangladesh,India,Mahmudullah,Mushfiqur Rahim,Washington Sundar,4,0,,,,,,,,,
1133821,2017/18,2018-03-14,"R.Premadasa Stadium, Khettarama",2,5.6,Bangladesh,India,Mahmudullah,Mushfiqur Rahim,Washington Sundar,4,0,,,,,,,,,
1133821,2017/18,2018-03-14,"R.Premadasa Stadium, Khettarama",2,6.1,Bangladesh,India,Mushfiqur Rahim,Mahmudullah,YS Chahal,0,0,,,,,,,,,
1133821,2017/18,2018-03-14,"R.Premadasa Stadium, Khettarama",2,6.2,Bangladesh,India,Mushfiqur Rahim,Mahmudullah,YS Chahal,4,0,,,,,,,,,
1133821,2017/18,2018-03-14,"R.Premadasa Stadium, Khettarama",2,6.3,Bangladesh,India,Mushfiqur Rahim,Mahmudullah,YS Chahal,0,0,,,,,,,,,
1133821,2017/18,2018-03-14,"R.Premadasa Stadium, Khettarama",2,6.4,Bangladesh,India,Mushfiqur Rahim,Mahmudullah,YS Chahal,0,0,,,,,,,,,
1133821,2017/18,2018-03-14,"R.Premadasa Stadium, Khettarama",2,6.5,Bangladesh,India,Mushfiqur Rahim,Mahmudullah,YS Chahal,0,0,,,,,,,,,
1133821,2017/18,2018-03-14,"R.Premadasa Stadium, Khettarama",2,6.6,Bangladesh,India,Mushfiqur Rahim,Mahmudullah,YS Chahal,1,0,,,,,,,,,
1133821,2017/18,2018-03-14,"R.Premadasa Stadium, Khettarama",2,7.1,Bangladesh,India,Mushfiqur Rahim,Mahmudullah,V Shankar,1,0,,,,,,,,,
1133821,2017/18,2018-03-14,"R.Premadasa Stadium, Khettarama",2,7.2,Bangladesh,India,Mahmudullah,Mushfiqur Rahim,V Shankar,1,0,,,,,,,,,
1133821,2017/18,2018-03-14,"R.Premadasa Stadium, Khettarama",2,7.3,Bangladesh,India,Mushfiqur Rahim,Mahmudullah,V Shankar,0,0,,,,,,,,,
1133821,2017/18,2018-03-14,"R.Premadasa Stadium, Khettarama",2,7.4,Bangladesh,India,Mushfiqur Rahim,Mahmudullah,V Shankar,1,0,,,,,,,,,
1133821,2017/18,2018-03-14,"R.Premadasa Stadium, Khettarama",2,7.5,Bangladesh,India,Mahmudullah,Mushfiqur Rahim,V Shankar,0,0,,,,,,,,,
1133821,2017/18,2018-03-14,"R.Premadasa Stadium, Khettarama",2,7.6,Bangladesh,India,Mahmudullah,Mushfiqur Rahim,V Shankar,1,0,,,,,,,,,
1133821,2017/18,2018-03-14,"R.Premadasa Stadium, Khettarama",2,8.1,Bangladesh,India,Mahmudullah,Mushfiqur Rahim,YS Chahal,0,1,1,,,,,,,,
1133821,2017/18,2018-03-14,"R.Premadasa Stadium, Khettarama",2,8.2,Bangladesh,India,Mahmudullah,Mushfiqur Rahim,YS Chahal,1,0,,,,,,,,,
1133821,2017/18,2018-03-14,"R.Premadasa Stadium, Khettarama",2,8.3,Bangladesh,India,Mushfiqur Rahim,Mahmudullah,YS Chahal,0,1,1,,,,,,,,
1133821,2017/18,2018-03-14,"R.Premadasa Stadium, Khettarama",2,8.4,Bangladesh,India,Mushfiqur Rahim,Mahmudullah,YS Chahal,1,0,,,,,,,,,
1133821,2017/18,2018-03-14,"R.Premadasa Stadium, Khettarama",2,8.5,Bangladesh,India,Mahmudullah,Mushfiqur Rahim,YS Chahal,0,0,,,,,,,,,
1133821,2017/18,2018-03-14,"R.Premadasa Stadium, Khettarama",2,8.6,Bangladesh,India,Mahmudullah,Mushfiqur Rahim,YS Chahal,0,0,,,,,,caught,Mahmudullah,,
1133821,2017/18,2018-03-14,"R.Premadasa Stadium, Khettarama",2,8.7,Bangladesh,India,Sabbir Rahman,Mushfiqur Rahim,YS Chahal,0,0,,,,,,,,,
1133821,2017/18,2018-03-14,"R.Premadasa Stadium, Khettarama",2,8.8,Bangladesh,India,Sabbir Rahman,Mushfiqur Rahim,YS Chahal,0,0,,,,,,,,,
1133821,2017/18,2018-03-14,"R.Premadasa Stadium, Khettarama",2,9.1,Bangladesh,India,Mushfiqur Rahim,Sabbir Rahman,V Shankar,0,0,,,,,,,,,
1133821,2017/18,2018-03-14,"R.Premadasa Stadium, Khettarama",2,9.2,Bangladesh,India,Mushfiqur Rahim,Sabbir Rahman,V Shankar,0,0,,,,,,,,,
1133821,2017/18,2018-03-14,"R.Premadasa Stadium, Khettarama",2,9.3,Bangladesh,India,Mushfiqur Rahim,Sabbir Rahman,V Shankar,1,0,,,,,,,,,
1133821,2017/18,2018-03-14,"R.Premadasa Stadium, Khettarama",2,9.4,Bangladesh,India,Sabbir Rahman,Mushfiqur Rahim,V Shankar,1,0,,,,,,,,,
1133821,2017/18,2018-03-14,"R.Premadasa Stadium, Khettarama",2,9.5,Bangladesh,India,Mushfiqur Rahim,Sabbir Rahman,V Shankar,1,0,,,,,,,,,
1133821,2017/18,2018-03-14,"R.Premadasa Stadium, Khettarama",2,9.6,Bangladesh,India,Sabbir Rahman,Mushfiqur Rahim,V Shankar,0,0,,,,,,,,,
1133821,2017/18,2018-03-14,"R.Premadasa Stadium, Khettarama",2,10.1,Bangladesh,India,Mushfiqur Rahim,Sabbir Rahman,Mohammed Siraj,0,0,,,,,,,,,
1133821,2017/18,2018-03-14,"R.Premadasa Stadium, Khettarama",2,10.2,Bangladesh,India,Mushfiqur Rahim,Sabbir Rahman,Mohammed Siraj,4,0,,,,,,,,,
1133821,2017/18,2018-03-14,"R.Premadasa Stadium, Khettarama",2,10.3,Bangladesh,India,Mushfiqur Rahim,Sabbir Rahman,Mohammed Siraj,4,0,,,,,,,,,
1133821,2017/18,2018-03-14,"R.Premadasa Stadium, Khettarama",2,10.4,Bangladesh,India,Mushfiqur Rahim,Sabbir Rahman,Mohammed Siraj,0,1,1,,,,,,,,
1133821,2017/18,2018-03-14,"R.Premadasa Stadium, Khettarama",2,10.5,Bangladesh,India,Mushfiqur Rahim,Sabbir Rahman,Mohammed Siraj,6,0,,,,,,,,,
1133821,2017/18,2018-03-14,"R.Premadasa Stadium, Khettarama",2,10.6,Bangladesh,India,Mushfiqur Rahim,Sabbir Rahman,Mohammed Siraj,1,0,,,,,,,,,
1133821,2017/18,2018-03-14,"R.Premadasa Stadium, Khettarama",2,10.7,Bangladesh,India,Sabbir Rahman,Mushfiqur Rahim,Mohammed Siraj,0,0,,,,,,,,,
1133821,2017/18,2018-03-14,"R.Premadasa Stadium, Khettarama",2,11.1,Bangladesh,India,Mushfiqur Rahim,Sabbir Rahman,V Shankar,4,0,,,,,,,,,
1133821,2017/18,2018-03-14,"R.Premadasa Stadium, Khettarama",2,11.2,Bangladesh,India,Mushfiqur Rahim,Sabbir Rahman,V Shankar,2,0,,,,,,,,,
1133821,2017/18,2018-03-14,"R.Premadasa Stadium, Khettarama",2,11.3,Bangladesh,India,Mushfiqur Rahim,Sabbir Rahman,V Shankar,1,0,,,,,,,,,
1133821,2017/18,2018-03-14,"R.Premadasa Stadium, Khettarama",2,11.4,Bangladesh,India,Sabbir Rahman,Mushfiqur Rahim,V Shankar,4,0,,,,,,,,,
1133821,2017/18,2018-03-14,"R.Premadasa Stadium, Khettarama",2,11.5,Bangladesh,India,Sabbir Rahman,Mushfiqur Rahim,V Shankar,1,0,,,,,,,,,
1133821,2017/18,2018-03-14,"R.Premadasa Stadium, Khettarama",2,11.6,Bangladesh,India,Mushfiqur Rahim,Sabbir Rahman,V Shankar,2,0,,,,,,,,,
1133821,2017/18,2018-03-14,"R.Premadasa Stadium, Khettarama",2,12.1,Bangladesh,India,Sabbir Rahman,Mushfiqur Rahim,YS Chahal,0,1,,,,1,,,,,
1133821,2017/18,2018-03-14,"R.Premadasa Stadium, Khettarama",2,12.2,Bangladesh,India,Mushfiqur Rahim,Sabbir Rahman,YS Chahal,1,0,,,,,,,,,
1133821,2017/18,2018-03-14,"R.Premadasa Stadium, Khettarama",2,12.3,Bangladesh,India,Sabbir Rahman,Mushfiqur Rahim,YS Chahal,1,0,,,,,,,,,
1133821,2017/18,2018-03-14,"R.Premadasa Stadium, Khettarama",2,12.4,Bangladesh,India,Mushfiqur Rahim,Sabbir Rahman,YS Chahal,1,0,,,,,,,,,
1133821,2017/18,2018-03-14,"R.Premadasa Stadium, Khettarama",2,12.5,Bangladesh,India,Sabbir Rahman,Mushfiqur Rahim,YS Chahal,0,0,,,,,,,,,
1133821,2017/18,2018-03-14,"R.Premadasa Stadium, Khettarama",2,12.6,Bangladesh,India,Sabbir Rahman,Mushfiqur Rahim,YS Chahal,6,0,,,,,,,,,
1133821,2017/18,2018-03-14,"R.Premadasa Stadium, Khettarama",2,13.1,Bangladesh,India,Mushfiqur Rahim,Sabbir Rahman,SN Thakur,1,0,,,,,,,,,
1133821,2017/18,2018-03-14,"R.Premadasa Stadium, Khettarama",2,13.2,Bangladesh,India,Sabbir Rahman,Mushfiqur Rahim,SN Thakur,1,0,,,,,,,,,
1133821,2017/18,2018-03-14,"R.Premadasa Stadium, Khettarama",2,13.3,Bangladesh,India,Mushfiqur Rahim,Sabbir Rahman,SN Thakur,0,0,,,,,,,,,
1133821,2017/18,2018-03-14,"R.Premadasa Stadium, Khettarama",2,13.4,Bangladesh,India,Mushfiqur Rahim,Sabbir Rahman,SN Thakur,1,0,,,,,,,,,
1133821,2017/18,2018-03-14,"R.Premadasa Stadium, Khettarama",2,13.5,Bangladesh,India,Sabbir Rahman,Mushfiqur Rahim,SN Thakur,1,0,,,,,,,,,
1133821,2017/18,2018-03-14,"R.Premadasa Stadium, Khettarama",2,13.6,Bangladesh,India,Mushfiqur Rahim,Sabbir Rahman,SN Thakur,1,0,,,,,,,,,
1133821,2017/18,2018-03-14,"R.Premadasa Stadium, Khettarama",2,14.1,Bangladesh,India,Mushfiqur Rahim,Sabbir Rahman,V Shankar,1,0,,,,,,,,,
1133821,2017/18,2018-03-14,"R.Premadasa Stadium, Khettarama",2,14.2,Bangladesh,India,Sabbir Rahman,Mushfiqur Rahim,V Shankar,2,0,,,,,,,,,
1133821,2017/18,2018-03-14,"R.Premadasa Stadium, Khettarama",2,14.3,Bangladesh,India,Sabbir Rahman,Mushfiqur Rahim,V Shankar,1,0,,,,,,,,,
1133821,2017/18,2018-03-14,"R.Premadasa Stadium, Khettarama",2,14.4,Bangladesh,India,Mushfiqur Rahim,Sabbir Rahman,V Shankar,1,0,,,,,,,,,
1133821,2017/18,2018-03-14,"R.Premadasa Stadium, Khettarama",2,14.5,Bangladesh,India,Sabbir Rahman,Mushfiqur Rahim,V Shankar,0,0,,,,,,,,,
1133821,2017/18,2018-03-14,"R.Premadasa Stadium, Khettarama",2,14.6,Bangladesh,India,Sabbir Rahman,Mushfiqur Rahim,V Shankar,2,0,,,,,,,,,
1133821,2017/18,2018-03-14,"R.Premadasa Stadium, Khettarama",2,15.1,Bangladesh,India,Mushfiqur Rahim,Sabbir Rahman,Washington Sundar,1,0,,,,,,,,,
1133821,2017/18,2018-03-14,"R.Premadasa Stadium, Khettarama",2,15.2,Bangladesh,India,Sabbir Rahman,Mushfiqur Rahim,Washington Sundar,0,0,,,,,,,,,
1133821,2017/18,2018-03-14,"R.Premadasa Stadium, Khettarama",2,15.3,Bangladesh,India,Sabbir Rahman,Mushfiqur Rahim,Washington Sundar,1,0,,,,,,,,,
1133821,2017/18,2018-03-14,"R.Premadasa Stadium, Khettarama",2,15.4,Bangladesh,India,Mushfiqur Rahim,Sabbir Rahman,Washington Sundar,0,0,,,,,,,,,
1133821,2017/18,2018-03-14,"R.Premadasa Stadium, Khettarama",2,15.5,Bangladesh,India,Mushfiqur Rahim,Sabbir Rahman,Washington Sundar,0,0,,,,,,,,,
1133821,2017/18,2018-03-14,"R.Premadasa Stadium, Khettarama",2,15.6,Bangladesh,India,Mushfiqur Rahim,Sabbir Rahman,Washington Sundar,2,0,,,,,,,,,
1133821,2017/18,2018-03-14,"R.Premadasa Stadium, Khettarama",2,16.1,Bangladesh,India,Sabbir Rahman,Mushfiqur Rahim,SN Thakur,0,0,,,,,,,,,
1133821,2017/18,2018-03-14,"R.Premadasa Stadium, Khettarama",2,16.2,Bangladesh,India,Sabbir Rahman,Mushfiqur Rahim,SN Thakur,4,0,,,,,,,,,
1133821,2017/18,2018-03-14,"R.Premadasa Stadium, Khettarama",2,16.3,Bangladesh,India,Sabbir Rahman,Mushfiqur Rahim,SN Thakur,2,0,,,,,,,,,
1133821,2017/18,2018-03-14,"R.Premadasa Stadium, Khettarama",2,16.4,Bangladesh,India,Sabbir Rahman,Mushfiqur Rahim,SN Thakur,0,0,,,,,,bowled,Sabbir Rahman,,
1133821,2017/18,2018-03-14,"R.Premadasa Stadium, Khettarama",2,16.5,Bangladesh,India,Mehedi Hasan Miraz,Mushfiqur Rahim,SN Thakur,1,0,,,,,,,,,
1133821,2017/18,2018-03-14,"R.Premadasa Stadium, Khettarama",2,16.6,Bangladesh,India,Mushfiqur Rahim,Mehedi Hasan Miraz,SN Thakur,1,0,,,,,,,,,
1133821,2017/18,2018-03-14,"R.Premadasa Stadium, Khettarama",2,17.1,Bangladesh,India,Mushfiqur Rahim,Mehedi Hasan Miraz,Mohammed Siraj,4,0,,,,,,,,,
1133821,2017/18,2018-03-14,"R.Premadasa Stadium, Khettarama",2,17.2,Bangladesh,India,Mushfiqur Rahim,Mehedi Hasan Miraz,Mohammed Siraj,4,0,,,,,,,,,
1133821,2017/18,2018-03-14,"R.Premadasa Stadium, Khettarama",2,17.3,Bangladesh,India,Mushfiqur Rahim,Mehedi Hasan Miraz,Mohammed Siraj,1,0,,,,,,,,,
1133821,2017/18,2018-03-14,"R.Premadasa Stadium, Khettarama",2,17.4,Bangladesh,India,Mehedi Hasan Miraz,Mushfiqur Rahim,Mohammed Siraj,1,0,,,,,,,,,
1133821,2017/18,2018-03-14,"R.Premadasa Stadium, Khettarama",2,17.5,Bangladesh,India,Mushfiqur Rahim,Mehedi Hasan Miraz,Mohammed Siraj,0,0,,,,,,,,,
1133821,2017/18,2018-03-14,"R.Premadasa Stadium, Khettarama",2,17.6,Bangladesh,India,Mushfiqur Rahim,Mehedi Hasan Miraz,Mohammed Siraj,1,1,,1,,,,,,,
1133821,2017/18,2018-03-14,"R.Premadasa Stadium, Khettarama",2,17.7,Bangladesh,India,Mehedi Hasan Miraz,Mushfiqur Rahim,Mohammed Siraj,4,0,,,,,,,,,
1133821,2017/18,2018-03-14,"R.Premadasa Stadium, Khettarama",2,18.1,Bangladesh,India,Mushfiqur Rahim,Mehedi Hasan Miraz,SN Thakur,2,0,,,,,,,,,
1133821,2017/18,2018-03-14,"R.Premadasa Stadium, Khettarama",2,18.2,Bangladesh,India,Mushfiqur Rahim,Mehedi Hasan Miraz,SN Thakur,0,0,,,,,,,,,
1133821,2017/18,2018-03-14,"R.Premadasa Stadium, Khettarama",2,18.3,Bangladesh,India,Mushfiqur Rahim,Mehedi Hasan Miraz,SN Thakur,1,0,,,,,,,,,
1133821,2017/18,2018-03-14,"R.Premadasa Stadium, Khettarama",2,18.4,Bangladesh,India,Mehedi Hasan Miraz,Mushfiqur Rahim,SN Thakur,1,0,,,,,,,,,
1133821,2017/18,2018-03-14,"R.Premadasa Stadium, Khettarama",2,18.5,Bangladesh,India,Mushfiqur Rahim,Mehedi Hasan Miraz,SN Thakur,1,0,,,,,,,,,
1133821,2017/18,2018-03-14,"R.Premadasa Stadium, Khettarama",2,18.6,Bangladesh,India,Mehedi Hasan Miraz,Mushfiqur Rahim,SN Thakur,0,0,,,,,,,,,
1133821,2017/18,2018-03-14,"R.Premadasa Stadium, Khettarama",2,19.1,Bangladesh,India,Mushfiqur Rahim,Mehedi Hasan Miraz,Mohammed Siraj,1,0,,,,,,,,,
1133821,2017/18,2018-03-14,"R.Premadasa Stadium, Khettarama",2,19.2,Bangladesh,India,Mehedi Hasan Miraz,Mushfiqur Rahim,Mohammed Siraj,0,0,,,,,,caught,Mehedi Hasan Miraz,,
1133821,2017/18,2018-03-14,"R.Premadasa Stadium, Khettarama",2,19.3,Bangladesh,India,Mushfiqur Rahim,Abu Hider,Mohammed Siraj,4,0,,,,,,,,,
1133821,2017/18,2018-03-14,"R.Premadasa Stadium, Khettarama",2,19.4,Bangladesh,India,Mushfiqur Rahim,Abu Hider,Mohammed Siraj,0,1,1,,,,,,,,
1133821,2017/18,2018-03-14,"R.Premadasa Stadium, Khettarama",2,19.5,Bangladesh,India,Mushfiqur Rahim,Abu Hider,Mohammed Siraj,4,0,,,,,,,,,
1133821,2017/18,2018-03-14,"R.Premadasa Stadium, Khettarama",2,19.6,Bangladesh,India,Mushfiqur Rahim,Abu Hider,Mohammed Siraj,0,0,,,,,,,,,
1133821,2017/18,2018-03-14,"R.Premadasa Stadium, Khettarama",2,19.7,Bangladesh,India,Mushfiqur Rahim,Abu Hider,Mohammed Siraj,0,0,,,,,,,,,
