match_id,season,start_date,venue,innings,ball,batting_team,bowling_team,striker,non_striker,bowler,runs_off_bat,extras,wides,noballs,byes,legbyes,penalty,wicket_type,player_dismissed,other_wicket_type,other_player_dismissed
1133819,2017/18,2018-03-10,"R.Premadasa Stadium, Khettarama",1,0.1,Sri Lanka,Bangladesh,MD Gunathilaka,BKG Mendis,Taskin Ahmed,1,0,,,,,,,,,
1133819,2017/18,2018-03-10,"R.Premadasa Stadium, Khettarama",1,0.2,Sri Lanka,Bangladesh,BKG Mendis,MD Gunathilaka,Taskin Ahmed,4,0,,,,,,,,,
1133819,2017/18,2018-03-10,"R.Premadasa Stadium, Khettarama",1,0.3,Sri Lanka,Bangladesh,BKG Mendis,MD Gunathilaka,Taskin Ahmed,1,0,,,,,,,,,
1133819,2017/18,2018-03-10,"R.Premadasa Stadium, Khettarama",1,0.4,Sri Lanka,Bangladesh,MD Gunathilaka,BKG Mendis,Taskin Ahmed,0,0,,,,,,,,,
1133819,2017/18,2018-03-10,"R.Premadasa Stadium, Khettarama",1,0.5,Sri Lanka,Bangladesh,MD Gunathilaka,BKG Mendis,Taskin Ahmed,1,0,,,,,,,,,
1133819,2017/18,2018-03-10,"R.Premadasa Stadium, Khettarama",1,0.6,Sri Lanka,Bangladesh,BKG Mendis,MD Gunathilaka,Taskin Ahmed,6,0,,,,,,,,,
1133819,2017/18,2018-03-10,"R.Premadasa Stadium, Khettarama",1,1.1,Sri Lanka,Bangladesh,MD Gunathilaka,BKG Mendis,Mustafizur Rahman,2,0,,,,,,,,,
1133819,2017/18,2018-03-10,"R.Premadasa Stadium, Khettarama",1,1.2,Sri Lanka,Bangladesh,MD Gunathilaka,BKG Mendis,Mustafizur Rahman,1,0,,,,,,,,,
1133819,2017/18,2018-03-10,"R.Premadasa Stadium, Khettarama",1,1.3,Sri Lanka,Bangladesh,BKG Mendis,MD Gunathilaka,Mustafizur Rahman,2,0,,,,,,,,,
1133819,2017/18,2018-03-10,"R.Premadasa Stadium, Khettarama",1,1.4,Sri Lanka,Bangladesh,BKG Mendis,MD Gunathilaka,Mustafizur Rahman,1,0,,,,,,,,,
1133819,2017/18,2018-03-10,"R.Premadasa Stadium, Khettarama",1,1.5,Sri Lanka,Bangladesh,MD Gunathilaka,BKG Mendis,Mustafizur Rahman,4,0,,,,,,,,,
1133819,2017/18,2018-03-10,"R.Premadasa Stadium, Khettarama",1,1.6,Sri Lanka,Bangladesh,MD Gunathilaka,BKG Mendis,Mustafizur Rahman,1,0,,,,,,,,,
1133819,2017/18,2018-03-10,"R.Premadasa Stadium, Khettarama",1,2.1,Sri Lanka,Bangladesh,MD Gunathilaka,BKG Mendis,Rubel Hossain,4,0,,,,,,,,,
1133819,2017/18,2018-03-10,"R.Premadasa Stadium, Khettarama",1,2.2,Sri Lanka,Bangladesh,MD Gunathilaka,BKG Mendis,Rubel Hossain,0,0,,,,,,,,,
1133819,2017/18,2018-03-10,"R.Premadasa Stadium, Khettarama",1,2.3,Sri Lanka,Bangladesh,MD Gunathilaka,BKG Mendis,Rubel Hossain,0,0,,,,,,,,,
1133819,2017/18,2018-03-10,"R.Premadasa Stadium, Khettarama",1,2.4,Sri Lanka,Bangladesh,MD Gunathilaka,BKG Mendis,Rubel Hossain,0,0,,,,,,,,,
1133819,2017/18,2018-03-10,"R.Premadasa Stadium, Khettarama",1,2.5,Sri Lanka,Bangladesh,MD Gunathilaka,BKG Mendis,Rubel Hossain,1,0,,,,,,,,,
1133819,2017/18,2018-03-10,"R.Premadasa Stadium, Khettarama",1,2.6,Sri Lanka,Bangladesh,BKG Mendis,MD Gunathilaka,Rubel Hossain,1,0,,,,,,,,,
1133819,2017/18,2018-03-10,"R.Premadasa Stadium, Khettarama",1,3.1,Sri Lanka,Bangladesh,BKG Mendis,MD Gunathilaka,Taskin Ahmed,6,0,,,,,,,,,
1133819,2017/18,2018-03-10,"R.Premadasa Stadium, Khettarama",1,3.2,Sri Lanka,Bangladesh,BKG Mendis,MD Gunathilaka,Taskin Ahmed,1,0,,,,,,,,,
1133819,2017/18,2018-03-10,"R.Premadasa Stadium, Khettarama",1,3.3,Sri Lanka,Bangladesh,MD Gunathilaka,BKG Mendis,Taskin Ahmed,6,0,,,,,,,,,
1133819,2017/18,2018-03-10,"R.Premadasa Stadium, Khettarama",1,3.4,Sri Lanka,Bangladesh,MD Gunathilaka,BKG Mendis,Taskin Ahmed,0,0,,,,,,,,,
1133819,2017/18,2018-03-10,"R.Premadasa Stadium, Khettarama",1,3.5,Sri Lanka,Bangladesh,MD Gunathilaka,BKG Mendis,Taskin Ahmed,0,2,,,,2,,,,,
1133819,2017/18,2018-03-10,"R.Premadasa Stadium, Khettarama",1,3.6,Sri Lanka,Bangladesh,MD Gunathilaka,BKG Mendis,Taskin Ahmed,0,1,1,,,,,,,,
1133819,2017/18,2018-03-10,"R.Premadasa Stadium, Khettarama",1,3.7,Sri Lanka,Bangladesh,MD Gunathilaka,BKG Mendis,Taskin Ahmed,0,5,5,,,,,,,,
1133819,2017/18,2018-03-10,"R.Premadasa Stadium, Khettarama",1,3.8,Sri Lanka,Bangladesh,MD Gunathilaka,BKG Mendis,Taskin Ahmed,1,0,,,,,,,,,
1133819,2017/18,2018-03-10,"R.Premadasa Stadium, Khettarama",1,4.1,Sri Lanka,Bangladesh,MD Gunathilaka,BKG Mendis,Mustafizur Rahman,0,0,,,,,,,,,
1133819,2017/18,2018-03-10,"R.Premadasa Stadium, Khettarama",1,4.2,Sri Lanka,Bangladesh,MD Gunathilaka,BKG Mendis,Mustafizur Rahman,4,0,,,,,,,,,
1133819,2017/18,2018-03-10,"R.Premadasa Stadium, Khettarama",1,4.3,Sri Lanka,Bangladesh,MD Gunathilaka,BKG Mendis,Mustafizur Rahman,0,0,,,,,,bowled,MD Gunathilaka,,
1133819,2017/18,2018-03-10,"R.Premadasa Stadium, Khettarama",1,4.4,Sri Lanka,Bangladesh,MDKJ Perera,BKG Mendis,Mustafizur Rahman,1,0,,,,,,,,,
1133819,2017/18,2018-03-10,"R.Premadasa Stadium, Khettarama",1,4.5,Sri Lanka,Bangladesh,BKG Mendis,MDKJ Perera,Mustafizur Rahman,0,1,1,,,,,,,,
1133819,2017/18,2018-03-10,"R.Premadasa Stadium, Khettarama",1,4.6,Sri Lanka,Bangladesh,BKG Mendis,MDKJ Perera,Mustafizur Rahman,0,0,,,,,,,,,
1133819,2017/18,2018-03-10,"R.Premadasa Stadium, Khettarama",1,4.7,Sri Lanka,Bangladesh,BKG Mendis,MDKJ Perera,Mustafizur Rahman,4,0,,,,,,,,,
1133819,2017/18,2018-03-10,"R.Premadasa Stadium, Khettarama",1,5.1,Sri Lanka,Bangladesh,MDKJ Perera,BKG Mendis,Rubel Hossain,0,0,,,,,,,,,
1133819,2017/18,2018-03-10,"R.Premadasa Stadium, Khettarama",1,5.2,Sri Lanka,Bangladesh,MDKJ Perera,BKG Mendis,Rubel Hossain,0,0,,,,,,,,,
1133819,2017/18,2018-03-10,"R.Premadasa Stadium, Khettarama",1,5.3,Sri Lanka,Bangladesh,MDKJ Perera,BKG Mendis,Rubel Hossain,4,0,,,,,,,,,
1133819,2017/18,2018-03-10,"R.Premadasa Stadium, Khettarama",1,5.4,Sri Lanka,Bangladesh,MDKJ Perera,BKG Mendis,Rubel Hossain,0,0,,,,,,,,,
1133819,2017/18,2018-03-10,"R.Premadasa Stadium, Khettarama",1,5.5,Sri Lanka,Bangladesh,MDKJ Perera,BKG Mendis,Rubel Hossain,4,0,,,,,,,,,
1133819,2017/18,2018-03-10,"R.Premadasa Stadium, Khettarama",1,5.6,Sri Lanka,Bangladesh,MDKJ Perera,BKG Mendis,Rubel Hossain,0,0,,,,,,,,,
1133819,2017/18,2018-03-10,"R.Premadasa Stadium, Khettarama",1,6.1,Sri Lanka,Bangladesh,BKG Mendis,MDKJ Perera,Mehedi Hasan Miraz,1,0,,,,,,,,,
1133819,2017/18,2018-03-10,"R.Premadasa Stadium, Khettarama",1,6.2,Sri Lanka,Bangladesh,MDKJ Perera,BKG Mendis,Mehedi Hasan Miraz,0,0,,,,,,,,,
1133819,2017/18,2018-03-10,"R.Premadasa Stadium, Khettarama",1,6.3,Sri Lanka,Bangladesh,MDKJ Perera,BKG Mendis,Mehedi Hasan Miraz,1,0,,,,,,,,,
1133819,2017/18,2018-03-10,"R.Premadasa Stadium, Khettarama",1,6.4,Sri Lanka,Bangladesh,BKG Mendis,MDKJ Perera,Mehedi Hasan Miraz,0,0,,,,,,,,,
1133819,2017/18,2018-03-10,"R.Premadasa Stadium, Khettarama",1,6.5,Sri Lanka,Bangladesh,BKG Mendis,MDKJ Perera,Mehedi Hasan Miraz,0,0,,,,,,,,,
1133819,2017/18,2018-03-10,"R.Premadasa Stadium, Khettarama",1,6.6,Sri Lanka,Bangladesh,BKG Mendis,MDKJ Perera,Mehedi Hasan Miraz,1,0,,,,,,,,,
1133819,2017/18,2018-03-10,"R.Premadasa Stadium, Khettarama",1,7.1,Sri Lanka,Bangladesh,BKG Mendis,MDKJ Perera,Nazmul Islam,1,0,,,,,,,,,
1133819,2017/18,2018-03-10,"R.Premadasa Stadium, Khettarama",1,7.2,Sri Lanka,Bangladesh,MDKJ Perera,BKG Mendis,Nazmul Islam,2,0,,,,,,,,,
1133819,2017/18,2018-03-10,"R.Premadasa Stadium, Khettarama",1,7.3,Sri Lanka,Bangladesh,MDKJ Perera,BKG Mendis,Nazmul Islam,1,0,,,,,,,,,
1133819,2017/18,2018-03-10,"R.Premadasa Stadium, Khettarama",1,7.4,Sri Lanka,Bangladesh,BKG Mendis,MDKJ Perera,Nazmul Islam,1,0,,,,,,,,,
1133819,2017/18,2018-03-10,"R.Premadasa Stadium, Khettarama",1,7.5,Sri Lanka,Bangladesh,MDKJ Perera,BKG Mendis,Nazmul Islam,1,0,,,,,,,,,
1133819,2017/18,2018-03-10,"R.Premadasa Stadium, Khettarama",1,7.6,Sri Lanka,Bangladesh,BKG Mendis,MDKJ Perera,Nazmul Islam,2,0,,,,,,,,,
1133819,2017/18,2018-03-10,"R.Premadasa Stadium, Khettarama",1,8.1,Sri Lanka,Bangladesh,MDKJ Perera,BKG Mendis,Mehedi Hasan Miraz,0,0,,,,,,,,,
1133819,2017/18,2018-03-10,"R.Premadasa Stadium, Khettarama",1,8.2,Sri Lanka,Bangladesh,MDKJ Perera,BKG Mendis,Mehedi Hasan Miraz,1,0,,,,,,,,,
1133819,2017/18,2018-03-10,"R.Premadasa Stadium, Khettarama",1,8.3,Sri Lanka,Bangladesh,BKG Mendis,MDKJ Perera,Mehedi Hasan Miraz,1,0,,,,,,,,,
1133819,2017/18,2018-03-10,"R.Premadasa Stadium, Khettarama",1,8.4,Sri Lanka,Bangladesh,MDKJ Perera,BKG Mendis,Mehedi Hasan Miraz,1,0,,,,,,,,,
1133819,2017/18,2018-03-10,"R.Premadasa Stadium, Khettarama",1,8.5,Sri Lanka,Bangladesh,BKG Mendis,MDKJ Perera,Mehedi Hasan Miraz,1,0,,,,,,,,,
1133819,2017/18,2018-03-10,"R.Premadasa Stadium, Khettarama",1,8.6,Sri Lanka,Bangladesh,MDKJ Perera,BKG Mendis,Mehedi Hasan Miraz,1,0,,,,,,,,,
1133819,2017/18,2018-03-10,"R.Premadasa Stadium, Khettarama",1,9.1,Sri Lanka,Bangladesh,MDKJ Perera,BKG Mendis,Nazmul Islam,1,0,,,,,,,,,
1133819,2017/18,2018-03-10,"R.Premadasa Stadium, Khettarama",1,9.2,Sri Lanka,Bangladesh,BKG Mendis,MDKJ Perera,Nazmul Islam,6,0,,,,,,,,,
1133819,2017/18,2018-03-10,"R.Premadasa Stadium, Khettarama",1,9.3,Sri Lanka,Bangladesh,BKG Mendis,MDKJ Perera,Nazmul Islam,1,0,,,,,,,,,
1133819,2017/18,2018-03-10,"R.Premadasa Stadium, Khettarama",1,9.4,Sri Lanka,Bangladesh,MDKJ Perera,BKG Mendis,Nazmul Islam,2,0,,,,,,,,,
1133819,2017/18,2018-03-10,"R.Premadasa Stadium, Khettarama",1,9.5,Sri Lanka,Bangladesh,MDKJ Perera,BKG Mendis,Nazmul Islam,2,0,,,,,,,,,
1133819,2017/18,2018-03-10,"R.Premadasa Stadium, Khettarama",1,9.6,Sri Lanka,Bangladesh,MDKJ Perera,BKG Mendis,Nazmul Islam,0,0,,,,,,,,,
1133819,2017/18,2018-03-10,"R.Premadasa Stadium, Khettarama",1,10.1,Sri Lanka,Bangladesh,BKG Mendis,MDKJ Perera,Mehedi Hasan Miraz,1,0,,,,,,,,,
1133819,2017/18,2018-03-10,"R.Premadasa Stadium, Khettarama",1,10.2,Sri Lanka,Bangladesh,MDKJ Perera,BKG Mendis,Mehedi Hasan Miraz,6,0,,,,,,,,,
1133819,2017/18,2018-03-10,"R.Premadasa Stadium, Khettarama",1,10.3,Sri Lanka,Bangladesh,MDKJ Perera,BKG Mendis,Mehedi Hasan Miraz,4,0,,,,,,,,,
1133819,2017/18,2018-03-10,"R.Premadasa Stadium, Khettarama",1,10.4,Sri Lanka,Bangladesh,MDKJ Perera,BKG Mendis,Mehedi Hasan Miraz,1,0,,,,,,,,,
1133819,2017/18,2018-03-10,"R.Premadasa Stadium, Khettarama",1,10.5,Sri Lanka,Bangladesh,BKG Mendis,MDKJ Perera,Mehedi Hasan Miraz,0,0,,,,,,,,,
1133819,2017/18,2018-03-10,"R.Premadasa Stadium, Khettarama",1,10.6,Sri Lanka,Bangladesh,BKG Mendis,MDKJ Perera,Mehedi Hasan Miraz,1,0,,,,,,,,,
1133819,2017/18,2018-03-10,"R.Premadasa Stadium, Khettarama",1,11.1,Sri Lanka,Bangladesh,BKG Mendis,MDKJ Perera,Mustafizur Rahman,6,0,,,,,,,,,
1133819,2017/18,2018-03-10,"R.Premadasa Stadium, Khettarama",1,11.2,Sri Lanka,Bangladesh,BKG Mendis,MDKJ Perera,Mustafizur Rahman,1,0,,,,,,,,,
1133819,2017/18,2018-03-10,"R.Premadasa Stadium, Khettarama",1,11.3,Sri Lanka,Bangladesh,MDKJ Perera,BKG Mendis,Mustafizur Rahman,1,0,,,,,,,,,
1133819,2017/18,2018-03-10,"R.Premadasa Stadium, Khettarama",1,11.4,Sri Lanka,Bangladesh,BKG Mendis,MDKJ Perera,Mustafizur Rahman,1,0,,,,,,,,,
1133819,2017/18,2018-03-10,"R.Premadasa Stadium, Khettarama",1,11.5,Sri Lanka,Bangladesh,MDKJ Perera,BKG Mendis,Mustafizur Rahman,2,0,,,,,,,,,
1133819,2017/18,2018-03-10,"R.Premadasa Stadium, Khettarama",1,11.6,Sri Lanka,Bangladesh,MDKJ Perera,BKG Mendis,Mustafizur Rahman,1,0,,,,,,,,,
1133819,2017/18,2018-03-10,"R.Premadasa Stadium, Khettarama",1,12.1,Sri Lanka,Bangladesh,MDKJ Perera,BKG Mendis,Soumya Sarkar,0,1,1,,,,,,,,
1133819,2017/18,2018-03-10,"R.Premadasa Stadium, Khettarama",1,12.2,Sri Lanka,Bangladesh,MDKJ Perera,BKG Mendis,Soumya Sarkar,1,0,,,,,,,,,
1133819,2017/18,2018-03-10,"R.Premadasa Stadium, Khettarama",1,12.3,Sri Lanka,Bangladesh,BKG Mendis,MDKJ Perera,Soumya Sarkar,0,1,,,,1,,,,,
1133819,2017/18,2018-03-10,"R.Premadasa Stadium, Khettarama",1,12.4,Sri Lanka,Bangladesh,MDKJ Perera,BKG Mendis,Soumya Sarkar,0,1,1,,,,,,,,
1133819,2017/18,2018-03-10,"R.Premadasa Stadium, Khettarama",1,12.5,Sri Lanka,Bangladesh,MDKJ Perera,BKG Mendis,Soumya Sarkar,0,0,,,,,,,,,
1133819,2017/18,2018-03-10,"R.Premadasa Stadium, Khettarama",1,12.6,Sri Lanka,Bangladesh,MDKJ Perera,BKG Mendis,Soumya Sarkar,4,0,,,,,,,,,
1133819,2017/18,2018-03-10,"R.Premadasa Stadium, Khettarama",1,12.7,Sri Lanka,Bangladesh,MDKJ Perera,BKG Mendis,Soumya Sarkar,4,0,,,,,,,,,
1133819,2017/18,2018-03-10,"R.Premadasa Stadium, Khettarama",1,12.8,Sri Lanka,Bangladesh,MDKJ Perera,BKG Mendis,Soumya Sarkar,0,0,,,,,,,,,
1133819,2017/18,2018-03-10,"R.Premadasa Stadium, Khettarama",1,13.1,Sri Lanka,Bangladesh,BKG Mendis,MDKJ Perera,Mahmudullah,6,0,,,,,,,,,
1133819,2017/18,2018-03-10,"R.Premadasa Stadium, Khettarama",1,13.2,Sri Lanka,Bangladesh,BKG Mendis,MDKJ Perera,Mahmudullah,0,0,,,,,,caught,BKG Mendis,,
1133819,2017/18,2018-03-10,"R.Premadasa Stadium, Khettarama",1,13.3,Sri Lanka,Bangladesh,MDKJ Perera,MD Shanaka,Mahmudullah,1,0,,,,,,,,,
1133819,2017/18,2018-03-10,"R.Premadasa Stadium, Khettarama",1,13.4,Sri Lanka,Bangladesh,MD Shanaka,MDKJ Perera,Mahmudullah,0,0,,,,,,,,,
1133819,2017/18,2018-03-10,"R.Premadasa Stadium, Khettarama",1,13.5,Sri Lanka,Bangladesh,MD Shanaka,MDKJ Perera,Mahmudullah,0,0,,,,,,caught,MD Shanaka,,
1133819,2017/18,2018-03-10,"R.Premadasa Stadium, Khettarama",1,13.6,Sri Lanka,Bangladesh,MDKJ Perera,LD Chandimal,Mahmudullah,1,0,,,,,,,,,
1133819,2017/18,2018-03-10,"R.Premadasa Stadium, Khettarama",1,14.1,Sri Lanka,Bangladesh,MDKJ Perera,LD Chandimal,Taskin Ahmed,4,0,,,,,,,,,
1133819,2017/18,2018-03-10,"R.Premadasa Stadium, Khettarama",1,14.2,Sri Lanka,Bangladesh,MDKJ Perera,LD Chandimal,Taskin Ahmed,1,0,,,,,,,,,
1133819,2017/18,2018-03-10,"R.Premadasa Stadium, Khettarama",1,14.3,Sri Lanka,Bangladesh,LD Chandimal,MDKJ Perera,Taskin Ahmed,2,0,,,,,,,,,
1133819,2017/18,2018-03-10,"R.Premadasa Stadium, Khettarama",1,14.4,Sri Lanka,Bangladesh,LD Chandimal,MDKJ Perera,Taskin Ahmed,0,0,,,,,,,,,
1133819,2017/18,2018-03-10,"R.Premadasa Stadium, Khettarama",1,14.5,Sri Lanka,Bangladesh,LD Chandimal,MDKJ Perera,Taskin Ahmed,0,0,,,,,,,,,
1133819,2017/18,2018-03-10,"R.Premadasa Stadium, Khettarama",1,14.6,Sri Lanka,Bangladesh,LD Chandimal,MDKJ Perera,Taskin Ahmed,0,0,,,,,,caught,LD Chandimal,,
1133819,2017/18,2018-03-10,"R.Premadasa Stadium, Khettarama",1,15.1,Sri Lanka,Bangladesh,WU Tharanga,MDKJ Perera,Mahmudullah,1,0,,,,,,,,,
1133819,2017/18,2018-03-10,"R.Premadasa Stadium, Khettarama",1,15.2,Sri Lanka,Bangladesh,MDKJ Perera,WU Tharanga,Mahmudullah,1,0,,,,,,,,,
1133819,2017/18,2018-03-10,"R.Premadasa Stadium, Khettarama",1,15.3,Sri Lanka,Bangladesh,WU Tharanga,MDKJ Perera,Mahmudullah,1,0,,,,,,,,,
1133819,2017/18,2018-03-10,"R.Premadasa Stadium, Khettarama",1,15.4,Sri Lanka,Bangladesh,MDKJ Perera,WU Tharanga,Mahmudullah,1,0,,,,,,,,,
1133819,2017/18,2018-03-10,"R.Premadasa Stadium, Khettarama",1,15.5,Sri Lanka,Bangladesh,WU Tharanga,MDKJ Perera,Mahmudullah,1,0,,,,,,,,,
1133819,2017/18,2018-03-10,"R.Premadasa Stadium, Khettarama",1,15.6,Sri Lanka,Bangladesh,MDKJ Perera,WU Tharanga,Mahmudullah,2,0,,,,,,,,,
1133819,2017/18,2018-03-10,"R.Premadasa Stadium, Khettarama",1,16.1,Sri Lanka,Bangladesh,WU Tharanga,MDKJ Perera,Rubel Hossain,1,0,,,,,,,,,
1133819,2017/18,2018-03-10,"R.Premadasa Stadium, Khettarama",1,16.2,Sri Lanka,Bangladesh,MDKJ Perera,WU Tharanga,Rubel Hossain,1,0,,,,,,,,,
1133819,2017/18,2018-03-10,"R.Premadasa Stadium, Khettarama",1,16.3,Sri Lanka,Bangladesh,WU Tharanga,MDKJ Perera,Rubel Hossain,4,0,,,,,,,,,
1133819,2017/18,2018-03-10,"R.Premadasa Stadium, Khettarama",1,16.4,Sri Lanka,Bangladesh,WU Tharanga,MDKJ Perera,Rubel Hossain,6,0,,,,,,,,,
1133819,2017/18,2018-03-10,"R.Premadasa Stadium, Khettarama",1,16.5,Sri Lanka,Bangladesh,WU Tharanga,MDKJ Perera,Rubel Hossain,4,0,,,,,,,,,
1133819,2017/18,2018-03-10,"R.Premadasa Stadium, Khettarama",1,16.6,Sri Lanka,Bangladesh,WU Tharanga,MDKJ Perera,Rubel Hossain,1,0,,,,,,,,,
1133819,2017/18,2018-03-10,"R.Premadasa Stadium, Khettarama",1,17.1,Sri Lanka,Bangladesh,WU Tharanga,MDKJ Perera,Mehedi Hasan Miraz,1,0,,,,,,,,,
1133819,2017/18,2018-03-10,"R.Premadasa Stadium, Khettarama",1,17.2,Sri Lanka,Bangladesh,MDKJ Perera,WU Tharanga,Mehedi Hasan Miraz,4,0,,,,,,,,,
1133819,2017/18,2018-03-10,"R.Premadasa Stadium, Khettarama",1,17.3,Sri Lanka,Bangladesh,MDKJ Perera,WU Tharanga,Mehedi Hasan Miraz,4,0,,,,,,,,,
1133819,2017/18,2018-03-10,"R.Premadasa Stadium, Khettarama",1,17.4,Sri Lanka,Bangladesh,MDKJ Perera,WU Tharanga,Mehedi Hasan Miraz,0,0,,,,,,,,,
1133819,2017/18,2018-03-10,"R.Premadasa Stadium, Khettarama",1,17.5,Sri Lanka,Bangladesh,MDKJ Perera,WU Tharanga,Mehedi Hasan Miraz,0,0,,,,,,,,,
1133819,2017/18,2018-03-10,"R.Premadasa Stadium, Khettarama",1,17.6,Sri Lanka,Bangladesh,MDKJ Perera,WU Tharanga,Mehedi Hasan Miraz,1,0,,,,,,,,,
1133819,2017/18,2018-03-10,"R.Premadasa Stadium, Khettarama",1,18.1,Sri Lanka,Bangladesh,MDKJ Perera,WU Tharanga,Rubel Hossain,6,0,,,,,,,,,
1133819,2017/18,2018-03-10,"R.Premadasa Stadium, Khettarama",1,18.2,Sri Lanka,Bangladesh,MDKJ Perera,WU Tharanga,Rubel Hossain,0,0,,,,,,,,,
1133819,2017/18,2018-03-10,"R.Premadasa Stadium, Khettarama",1,18.3,Sri Lanka,Bangladesh,MDKJ Perera,WU Tharanga,Rubel Hossain,1,0,,,,,,,,,
1133819,2017/18,2018-03-10,"R.Premadasa Stadium, Khettarama",1,18.4,Sri Lanka,Bangladesh,WU Tharanga,MDKJ Perera,Rubel Hossain,4,0,,,,,,,,,
1133819,2017/18,2018-03-10,"R.Premadasa Stadium, Khettarama",1,18.5,Sri Lanka,Bangladesh,WU Tharanga,MDKJ Perera,Rubel Hossain,2,0,,,,,,,,,
1133819,2017/18,2018-03-10,"R.Premadasa Stadium, Khettarama",1,18.6,Sri Lanka,Bangladesh,WU Tharanga,MDKJ Perera,Rubel Hossain,1,0,,,,,,,,,
1133819,2017/18,2018-03-10,"R.Premadasa Stadium, Khettarama",1,19.1,Sri Lanka,Bangladesh,WU Tharanga,MDKJ Perera,Mustafizur Rahman,0,1,1,,,,,,,,
1133819,2017/18,2018-03-10,"R.Premadasa Stadium, Khettarama",1,19.2,Sri Lanka,Bangladesh,WU Tharanga,MDKJ Perera,Mustafizur Rahman,4,0,,,,,,,,,
1133819,2017/18,2018-03-10,"R.Premadasa Stadium, Khettarama",1,19.3,Sri Lanka,Bangladesh,WU Tharanga,MDKJ Perera,Mustafizur Rahman,0,2,2,,,,,,,,
1133819,2017/18,2018-03-10,"R.Premadasa Stadium, Khettarama",1,19.4,Sri Lanka,Bangladesh,MDKJ Perera,WU Tharanga,Mustafizur Rahman,0,0,,,,,,caught,MDKJ Perera,,
1133819,2017/18,2018-03-10,"R.Premadasa Stadium, Khettarama",1,19.5,Sri Lanka,Bangladesh,WU Tharanga,NLTC Perera,Mustafizur Rahman,1,0,,,,,,,,,
1133819,2017/18,2018-03-10,"R.Premadasa Stadium, Khettarama",1,19.6,Sri Lanka,Bangladesh,NLTC Perera,WU Tharanga,Mustafizur Rahman,0,0,,,,,,caught,NLTC Perera,,
1133819,2017/18,2018-03-10,"R.Premadasa Stadium, Khettarama",1,19.7,Sri Lanka,Bangladesh,WU Tharanga,BMAJ Mendis,Mustafizur Rahman,0,2,,1,1,,,,,,
1133819,2017/18,2018-03-10,"R.Premadasa Stadium, Khettarama",1,19.8,Sri Lanka,Bangladesh,BMAJ Mendis,WU Tharanga,Mustafizur Rahman,6,0,,,,,,,,,
1133819,2017/18,2018-03-10,"R.Premadasa Stadium, Khettarama",1,19.9,Sri Lanka,Bangladesh,BMAJ Mendis,WU Tharanga,Mustafizur Rahman,0,0,,,,,,,,,
1133819,2017/18,2018-03-10,"R.Premadasa Stadium, Khettarama",2,0.1,Bangladesh,Sri Lanka,Tamim Iqbal,Liton Das,PVD Chameera,0,0,,,,,,,,,
1133819,2017/18,2018-03-10,"R.Premadasa Stadium, Khettarama",2,0.2,Bangladesh,Sri Lanka,Tamim Iqbal,Liton Das,PVD Chameera,3,0,,,,,,,,,
1133819,2017/18,2018-03-10,"R.Premadasa Stadium, Khettarama",2,0.3,Bangladesh,Sri Lanka,Liton Das,Tamim Iqbal,PVD Chameera,0,1,,,,1,,,,,
1133819,2017/18,2018-03-10,"R.Premadasa Stadium, Khettarama",2,0.4,Bangladesh,Sri Lanka,Tamim Iqbal,Liton Das,PVD Chameera,4,0,,,,,,,,,
1133819,2017/18,2018-03-10,"R.Premadasa Stadium, Khettarama",2,0.5,Bangladesh,Sri Lanka,Tamim Iqbal,Liton Das,PVD Chameera,1,0,,,,,,,,,
1133819,2017/18,2018-03-10,"R.Premadasa Stadium, Khettarama",2,0.6,Bangladesh,Sri Lanka,Liton Das,Tamim Iqbal,PVD Chameera,1,0,,,,,,,,,
1133819,2017/18,2018-03-10,"R.Premadasa Stadium, Khettarama",2,1.1,Bangladesh,Sri Lanka,Liton Das,Tamim Iqbal,A Dananjaya,0,0,,,,,,,,,
1133819,2017/18,2018-03-10,"R.Premadasa Stadium, Khettarama",2,1.2,Bangladesh,Sri Lanka,Liton Das,Tamim Iqbal,A Dananjaya,0,0,,,,,,,,,
1133819,2017/18,2018-03-10,"R.Premadasa Stadium, Khettarama",2,1.3,Bangladesh,Sri Lanka,Liton Das,Tamim Iqbal,A Dananjaya,0,0,,,,,,,,,
1133819,2017/18,2018-03-10,"R.Premadasa Stadium, Khettarama",2,1.4,Bangladesh,Sri Lanka,Liton Das,Tamim Iqbal,A Dananjaya,6,0,,,,,,,,,
1133819,2017/18,2018-03-10,"R.Premadasa Stadium, Khettarama",2,1.5,Bangladesh,Sri Lanka,Liton Das,Tamim Iqbal,A Dananjaya,0,0,,,,,,,,,
1133819,2017/18,2018-03-10,"R.Premadasa Stadium, Khettarama",2,1.6,Bangladesh,Sri Lanka,Liton Das,Tamim Iqbal,A Dananjaya,4,0,,,,,,,,,
1133819,2017/18,2018-03-10,"R.Premadasa Stadium, Khettarama",2,2.1,Bangladesh,Sri Lanka,Tamim Iqbal,Liton Das,N Pradeep,4,0,,,,,,,,,
1133819,2017/18,2018-03-10,"R.Premadasa Stadium, Khettarama",2,2.2,Bangladesh,Sri Lanka,Tamim Iqbal,Liton Das,N Pradeep,2,0,,,,,,,,,
1133819,2017/18,2018-03-10,"R.Premadasa Stadium, Khettarama",2,2.3,Bangladesh,Sri Lanka,Tamim Iqbal,Liton Das,N Pradeep,1,0,,,,,,,,,
1133819,2017/18,2018-03-10,"R.Premadasa Stadium, Khettarama",2,2.4,Bangladesh,Sri Lanka,Liton Das,Tamim Iqbal,N Pradeep,0,0,,,,,,,,,
1133819,2017/18,2018-03-10,"R.Premadasa Stadium, Khettarama",2,2.5,Bangladesh,Sri Lanka,Liton Das,Tamim Iqbal,N Pradeep,0,0,,,,,,,,,
1133819,2017/18,2018-03-10,"R.Premadasa Stadium, Khettarama",2,2.6,Bangladesh,Sri Lanka,Liton Das,Tamim Iqbal,N Pradeep,6,0,,,,,,,,,
1133819,2017/18,2018-03-10,"R.Premadasa Stadium, Khettarama",2,3.1,Bangladesh,Sri Lanka,Tamim Iqbal,Liton Das,A Dananjaya,4,0,,,,,,,,,
1133819,2017/18,2018-03-10,"R.Premadasa Stadium, Khettarama",2,3.2,Bangladesh,Sri Lanka,Tamim Iqbal,Liton Das,A Dananjaya,4,0,,,,,,,,,
1133819,2017/18,2018-03-10,"R.Premadasa Stadium, Khettarama",2,3.3,Bangladesh,Sri Lanka,Tamim Iqbal,Liton Das,A Dananjaya,0,1,1,,,,,,,,
1133819,2017/18,2018-03-10,"R.Premadasa Stadium, Khettarama",2,3.4,Bangladesh,Sri Lanka,Tamim Iqbal,Liton Das,A Dananjaya,0,0,,,,,,,,,
1133819,2017/18,2018-03-10,"R.Premadasa Stadium, Khettarama",2,3.5,Bangladesh,Sri Lanka,Tamim Iqbal,Liton Das,A Dananjaya,0,0,,,,,,,,,
1133819,2017/18,2018-03-10,"R.Premadasa Stadium, Khettarama",2,3.6,Bangladesh,Sri Lanka,Tamim Iqbal,Liton Das,A Dananjaya,1,0,,,,,,,,,
1133819,2017/18,2018-03-10,"R.Premadasa Stadium, Khettarama",2,3.7,Bangladesh,Sri Lanka,Liton Das,Tamim Iqbal,A Dananjaya,6,0,,,,,,,,,
1133819,2017/18,2018-03-10,"R.Premadasa Stadium, Khettarama",2,4.1,Bangladesh,Sri Lanka,Tamim Iqbal,Liton Das,PVD Chameera,1,0,,,,,,,,,
1133819,2017/18,2018-03-10,"R.Premadasa Stadium, Khettarama",2,4.2,Bangladesh,Sri Lanka,Liton Das,Tamim Iqbal,PVD Chameera,4,0,,,,,,,,,
1133819,2017/18,2018-03-10,"R.Premadasa Stadium, Khettarama",2,4.3,Bangladesh,Sri Lanka,Liton Das,Tamim Iqbal,PVD Chameera,6,0,,,,,,,,,
1133819,2017/18,2018-03-10,"R.Premadasa Stadium, Khettarama",2,4.4,Bangladesh,Sri Lanka,Liton Das,Tamim Iqbal,PVD Chameera,0,1,1,,,,,,,,
1133819,2017/18,2018-03-10,"R.Premadasa Stadium, Khettarama",2,4.5,Bangladesh,Sri Lanka,Liton Das,Tamim Iqbal,PVD Chameera,1,0,,,,,,,,,
1133819,2017/18,2018-03-10,"R.Premadasa Stadium, Khettarama",2,4.6,Bangladesh,Sri Lanka,Tamim Iqbal,Liton Das,PVD Chameera,1,0,,,,,,,,,
1133819,2017/18,2018-03-10,"R.Premadasa Stadium, Khettarama",2,4.7,Bangladesh,Sri Lanka,Liton Das,Tamim Iqbal,PVD Chameera,2,0,,,,,,,,,
1133819,2017/18,2018-03-10,"R.Premadasa Stadium, Khettarama",2,5.1,Bangladesh,Sri Lanka,Tamim Iqbal,Liton Das,N Pradeep,1,0,,,,,,,,,
1133819,2017/18,2018-03-10,"R.Premadasa Stadium, Khettarama",2,5.2,Bangladesh,Sri Lanka,Liton Das,Tamim Iqbal,N Pradeep,1,0,,,,,,,,,
1133819,2017/18,2018-03-10,"R.Premadasa Stadium, Khettarama",2,5.3,Bangladesh,Sri Lanka,Tamim Iqbal,Liton Das,N Pradeep,0,1,,,,1,,,,,
1133819,2017/18,2018-03-10,"R.Premadasa Stadium, Khettarama",2,5.4,Bangladesh,Sri Lanka,Liton Das,Tamim Iqbal,N Pradeep,6,0,,,,,,,,,
1133819,2017/18,2018-03-10,"R.Premadasa Stadium, Khettarama",2,5.5,Bangladesh,Sri Lanka,Liton Das,Tamim Iqbal,N Pradeep,0,0,,,,,,lbw,Liton Das,,
1133819,2017/18,2018-03-10,"R.Premadasa Stadium, Khettarama",2,5.6,Bangladesh,Sri Lanka,Soumya Sarkar,Tamim Iqbal,N Pradeep,0,0,,,,,,,,,
1133819,2017/18,2018-03-10,"R.Premadasa Stadium, Khettarama",2,6.1,Bangladesh,Sri Lanka,Tamim Iqbal,Soumya Sarkar,MD Gunathilaka,0,0,,,,,,,,,
1133819,2017/18,2018-03-10,"R.Premadasa Stadium, Khettarama",2,6.2,Bangladesh,Sri Lanka,Tamim Iqbal,Soumya Sarkar,MD Gunathilaka,0,0,,,,,,,,,
1133819,2017/18,2018-03-10,"R.Premadasa Stadium, Khettarama",2,6.3,Bangladesh,Sri Lanka,Tamim Iqbal,Soumya Sarkar,MD Gunathilaka,4,0,,,,,,,,,
1133819,2017/18,2018-03-10,"R.Premadasa Stadium, Khettarama",2,6.4,Bangladesh,Sri Lanka,Tamim Iqbal,Soumya Sarkar,MD Gunathilaka,4,0,,,,,,,,,
1133819,2017/18,2018-03-10,"R.Premadasa Stadium, Khettarama",2,6.5,Bangladesh,Sri Lanka,Tamim Iqbal,Soumya Sarkar,MD Gunathilaka,0,0,,,,,,,,,
1133819,2017/18,2018-03-10,"R.Premadasa Stadium, Khettarama",2,6.6,Bangladesh,Sri Lanka,Tamim Iqbal,Soumya Sarkar,MD Gunathilaka,2,0,,,,,,,,,
1133819,2017/18,2018-03-10,"R.Premadasa Stadium, Khettarama",2,7.1,Bangladesh,Sri Lanka,Soumya Sarkar,Tamim Iqbal,NLTC Perera,1,0,,,,,,,,,
1133819,2017/18,2018-03-10,"R.Premadasa Stadium, Khettarama",2,7.2,Bangladesh,Sri Lanka,Tamim Iqbal,Soumya Sarkar,NLTC Perera,0,1,1,,,,,,,,
1133819,2017/18,2018-03-10,"R.Premadasa Stadium, Khettarama",2,7.3,Bangladesh,Sri Lanka,Tamim Iqbal,Soumya Sarkar,NLTC Perera,1,0,,,,,,,,,
1133819,2017/18,2018-03-10,"R.Premadasa Stadium, Khettarama",2,7.4,Bangladesh,Sri Lanka,Soumya Sarkar,Tamim Iqbal,NLTC Perera,0,0,,,,,,,,,
1133819,2017/18,2018-03-10,"R.Premadasa Stadium, Khettarama",2,7.5,Bangladesh,Sri Lanka,Soumya Sarkar,Tamim Iqbal,NLTC Perera,1,0,,,,,,,,,
1133819,2017/18,2018-03-10,"R.Premadasa Stadium, Khettarama",2,7.6,Bangladesh,Sri Lanka,Tamim Iqbal,Soumya Sarkar,NLTC Perera,1,0,,,,,,,,,
1133819,2017/18,2018-03-10,"R.Premadasa Stadium, Khettarama",2,7.7,Bangladesh,Sri Lanka,Soumya Sarkar,Tamim Iqbal,NLTC Perera,0,0,,,,,,,,,
1133819,2017/18,2018-03-10,"R.Premadasa Stadium, Khettarama",2,8.1,Bangladesh,Sri Lanka,Tamim Iqbal,Soumya Sarkar,A Dananjaya,6,0,,,,,,,,,
1133819,2017/18,2018-03-10,"R.Premadasa Stadium, Khettarama",2,8.2,Bangladesh,Sri Lanka,Tamim Iqbal,Soumya Sarkar,A Dananjaya,1,0,,,,,,,,,
1133819,2017/18,2018-03-10,"R.Premadasa Stadium, Khettarama",2,8.3,Bangladesh,Sri Lanka,Soumya Sarkar,Tamim Iqbal,A Dananjaya,1,0,,,,,,,,,
1133819,2017/18,2018-03-10,"R.Premadasa Stadium, Khettarama",2,8.4,Bangladesh,Sri Lanka,Tamim Iqbal,Soumya Sarkar,A Dananjaya,0,0,,,,,,,,,
1133819,2017/18,2018-03-10,"R.Premadasa Stadium, Khettarama",2,8.5,Bangladesh,Sri Lanka,Tamim Iqbal,Soumya Sarkar,A Dananjaya,1,0,,,,,,,,,
1133819,2017/18,2018-03-10,"R.Premadasa Stadium, Khettarama",2,8.6,Bangladesh,Sri Lanka,Soumya Sarkar,Tamim Iqbal,A Dananjaya,1,0,,,,,,,,,
1133819,2017/18,2018-03-10,"R.Premadasa Stadium, Khettarama",2,9.1,Bangladesh,Sri Lanka,Soumya Sarkar,Tamim Iqbal,NLTC Perera,0,0,,,,,,,,,
1133819,2017/18,2018-03-10,"R.Premadasa Stadium, Khettarama",2,9.2,Bangladesh,Sri Lanka,Soumya Sarkar,Tamim Iqbal,NLTC Perera,1,0,,,,,,,,,
1133819,2017/18,2018-03-10,"R.Premadasa Stadium, Khettarama",2,9.3,Bangladesh,Sri Lanka,Tamim Iqbal,Soumya Sarkar,NLTC Perera,0,0,,,,,,caught and bowled,Tamim Iqbal,,
1133819,2017/18,2018-03-10,"R.Premadasa Stadium, Khettarama",2,9.4,Bangladesh,Sri Lanka,Mushfiqur Rahim,Soumya Sarkar,NLTC Perera,1,0,,,,,,,,,
1133819,2017/18,2018-03-10,"R.Premadasa Stadium, Khettarama",2,9.5,Bangladesh,Sri Lanka,Soumya Sarkar,Mushfiqur Rahim,NLTC Perera,0,1,1,,,,,,,,
1133819,2017/18,2018-03-10,"R.Premadasa Stadium, Khettarama",2,9.6,Bangladesh,Sri Lanka,Soumya Sarkar,Mushfiqur Rahim,NLTC Perera,0,0,,,,,,,,,
1133819,2017/18,2018-03-10,"R.Premadasa Stadium, Khettarama",2,9.7,Bangladesh,Sri Lanka,Soumya Sarkar,Mushfiqur Rahim,NLTC Perera,1,0,,,,,,,,,
1133819,2017/18,2018-03-10,"R.Premadasa Stadium, Khettarama",2,10.1,Bangladesh,Sri Lanka,Soumya Sarkar,Mushfiqur Rahim,BMAJ Mendis,1,0,,,,,,,,,
1133819,2017/18,2018-03-10,"R.Premadasa Stadium, Khettarama",2,10.2,Bangladesh,Sri Lanka,Mushfiqur Rahim,Soumya Sarkar,BMAJ Mendis,0,0,,,,,,,,,
1133819,2017/18,2018-03-10,"R.Premadasa Stadium, Khettarama",2,10.3,Bangladesh,Sri Lanka,Mushfiqur Rahim,Soumya Sarkar,BMAJ Mendis,4,0,,,,,,,,,
1133819,2017/18,2018-03-10,"R.Premadasa Stadium, Khettarama",2,10.4,Bangladesh,Sri Lanka,Mushfiqur Rahim,Soumya Sarkar,BMAJ Mendis,2,0,,,,,,,,,
1133819,2017/18,2018-03-10,"R.Premadasa Stadium, Khettarama",2,10.5,Bangladesh,Sri Lanka,Mushfiqur Rahim,Soumya Sarkar,BMAJ Mendis,1,0,,,,,,,,,
1133819,2017/18,2018-03-10,"R.Premadasa Stadium, Khettarama",2,10.6,Bangladesh,Sri Lanka,Soumya Sarkar,Mushfiqur Rahim,BMAJ Mendis,4,0,,,,,,,,,
1133819,2017/18,2018-03-10,"R.Premadasa Stadium, Khettarama",2,11.1,Bangladesh,Sri Lanka,Mushfiqur Rahim,Soumya Sarkar,MD Shanaka,1,0,,,,,,,,,
1133819,2017/18,2018-03-10,"R.Premadasa Stadium, Khettarama",2,11.2,Bangladesh,Sri Lanka,Soumya Sarkar,Mushfiqur Rahim,MD Shanaka,0,0,,,,,,,,,
1133819,2017/18,2018-03-10,"R.Premadasa Stadium, Khettarama",2,11.3,Bangladesh,Sri Lanka,Soumya Sarkar,Mushfiqur Rahim,MD Shanaka,1,0,,,,,,,,,
1133819,2017/18,2018-03-10,"R.Premadasa Stadium, Khettarama",2,11.4,Bangladesh,Sri Lanka,Mushfiqur Rahim,Soumya Sarkar,MD Shanaka,0,0,,,,,,,,,
1133819,2017/18,2018-03-10,"R.Premadasa Stadium, Khettarama",2,11.5,Bangladesh,Sri Lanka,Mushfiqur Rahim,Soumya Sarkar,MD Shanaka,6,0,,,,,,,,,
1133819,2017/18,2018-03-10,"R.Premadasa Stadium, Khettarama",2,11.6,Bangladesh,Sri Lanka,Mushfiqur Rahim,Soumya Sarkar,MD Shanaka,4,0,,,,,,,,,
1133819,2017/18,2018-03-10,"R.Premadasa Stadium, Khettarama",2,12.1,Bangladesh,Sri Lanka,Soumya Sarkar,Mushfiqur Rahim,MD Gunathilaka,0,0,,,,,,,,,
1133819,2017/18,2018-03-10,"R.Premadasa Stadium, Khettarama",2,12.2,Bangladesh,Sri Lanka,Soumya Sarkar,Mushfiqur Rahim,MD Gunathilaka,1,0,,,,,,,,,
1133819,2017/18,2018-03-10,"R.Premadasa Stadium, Khettarama",2,12.3,Bangladesh,Sri Lanka,Mushfiqur Rahim,Soumya Sarkar,MD Gunathilaka,6,0,,,,,,,,,
1133819,2017/18,2018-03-10,"R.Premadasa Stadium, Khettarama",2,12.4,Bangladesh,Sri Lanka,Mushfiqur Rahim,Soumya Sarkar,MD Gunathilaka,0,0,,,,,,,,,
1133819,2017/18,2018-03-10,"R.Premadasa Stadium, Khettarama",2,12.5,Bangladesh,Sri Lanka,Mushfiqur Rahim,Soumya Sarkar,MD Gunathilaka,1,0,,,,,,,,,
1133819,2017/18,2018-03-10,"R.Premadasa Stadium, Khettarama",2,12.6,Bangladesh,Sri Lanka,Soumya Sarkar,Mushfiqur Rahim,MD Gunathilaka,4,0,,,,,,,,,
1133819,2017/18,2018-03-10,"R.Premadasa Stadium, Khettarama",2,13.1,Bangladesh,Sri Lanka,Mushfiqur Rahim,Soumya Sarkar,PVD Chameera,2,0,,,,,,,,,
1133819,2017/18,2018-03-10,"R.Premadasa Stadium, Khettarama",2,13.2,Bangladesh,Sri Lanka,Mushfiqur Rahim,Soumya Sarkar,PVD Chameera,1,0,,,,,,,,,
1133819,2017/18,2018-03-10,"R.Premadasa Stadium, Khettarama",2,13.3,Bangladesh,Sri Lanka,Soumya Sarkar,Mushfiqur Rahim,PVD Chameera,6,0,,,,,,,,,
1133819,2017/18,2018-03-10,"R.Premadasa Stadium, Khettarama",2,13.4,Bangladesh,Sri Lanka,Soumya Sarkar,Mushfiqur Rahim,PVD Chameera,0,0,,,,,,,,,
1133819,2017/18,2018-03-10,"R.Premadasa Stadium, Khettarama",2,13.5,Bangladesh,Sri Lanka,Soumya Sarkar,Mushfiqur Rahim,PVD Chameera,1,0,,,,,,,,,
1133819,2017/18,2018-03-10,"R.Premadasa Stadium, Khettarama",2,13.6,Bangladesh,Sri Lanka,Mushfiqur Rahim,Soumya Sarkar,PVD Chameera,1,0,,,,,,,,,
1133819,2017/18,2018-03-10,"R.Premadasa Stadium, Khettarama",2,14.1,Bangladesh,Sri Lanka,Mushfiqur Rahim,Soumya Sarkar,N Pradeep,1,0,,,,,,,,,
1133819,2017/18,2018-03-10,"R.Premadasa Stadium, Khettarama",2,14.2,Bangladesh,Sri Lanka,Soumya Sarkar,Mushfiqur Rahim,N Pradeep,0,0,,,,,,caught and bowled,Soumya Sarkar,,
1133819,2017/18,2018-03-10,"R.Premadasa Stadium, Khettarama",2,14.3,Bangladesh,Sri Lanka,Mushfiqur Rahim,Mahmudullah,N Pradeep,0,0,,,,,,,,,
1133819,2017/18,2018-03-10,"R.Premadasa Stadium, Khettarama",2,14.4,Bangladesh,Sri Lanka,Mushfiqur Rahim,Mahmudullah,N Pradeep,1,0,,,,,,,,,
1133819,2017/18,2018-03-10,"R.Premadasa Stadium, Khettarama",2,14.5,Bangladesh,Sri Lanka,Mahmudullah,Mushfiqur Rahim,N Pradeep,1,0,,,,,,,,,
1133819,2017/18,2018-03-10,"R.Premadasa Stadium, Khettarama",2,14.6,Bangladesh,Sri Lanka,Mushfiqur Rahim,Mahmudullah,N Pradeep,4,0,,,,,,,,,
1133819,2017/18,2018-03-10,"R.Premadasa Stadium, Khettarama",2,15.1,Bangladesh,Sri Lanka,Mahmudullah,Mushfiqur Rahim,NLTC Perera,2,0,,,,,,,,,
1133819,2017/18,2018-03-10,"R.Premadasa Stadium, Khettarama",2,15.2,Bangladesh,Sri Lanka,Mahmudullah,Mushfiqur Rahim,NLTC Perera,2,0,,,,,,,,,
1133819,2017/18,2018-03-10,"R.Premadasa Stadium, Khettarama",2,15.3,Bangladesh,Sri Lanka,Mahmudullah,Mushfiqur Rahim,NLTC Perera,0,1,1,,,,,,,,
1133819,2017/18,2018-03-10,"R.Premadasa Stadium, Khettarama",2,15.4,Bangladesh,Sri Lanka,Mahmudullah,Mushfiqur Rahim,NLTC Perera,0,0,,,,,,,,,
1133819,2017/18,2018-03-10,"R.Premadasa Stadium, Khettarama",2,15.5,Bangladesh,Sri Lanka,Mahmudullah,Mushfiqur Rahim,NLTC Perera,2,0,,,,,,,,,
1133819,2017/18,2018-03-10,"R.Premadasa Stadium, Khettarama",2,15.6,Bangladesh,Sri Lanka,Mahmudullah,Mushfiqur Rahim,NLTC Perera,0,0,,,,,,,,,
1133819,2017/18,2018-03-10,"R.Premadasa Stadium, Khettarama",2,15.7,Bangladesh,Sri Lanka,Mahmudullah,Mushfiqur Rahim,NLTC Perera,6,1,,1,,,,,,,
1133819,2017/18,2018-03-10,"R.Premadasa Stadium, Khettarama",2,15.8,Bangladesh,Sri Lanka,Mahmudullah,Mushfiqur Rahim,NLTC Perera,4,0,,,,,,,,,
1133819,2017/18,2018-03-10,"R.Premadasa Stadium, Khettarama",2,16.1,Bangladesh,Sri Lanka,Mushfiqur Rahim,Mahmudullah,BMAJ Mendis,1,0,,,,,,,,,
1133819,2017/18,2018-03-10,"R.Premadasa Stadium, Khettarama",2,16.2,Bangladesh,Sri Lanka,Mahmudullah,Mushfiqur Rahim,BMAJ Mendis,1,0,,,,,,,,,
1133819,2017/18,2018-03-10,"R.Premadasa Stadium, Khettarama",2,16.3,Bangladesh,Sri Lanka,Mushfiqur Rahim,Mahmudullah,BMAJ Mendis,2,0,,,,,,,,,
1133819,2017/18,2018-03-10,"R.Premadasa Stadium, Khettarama",2,16.4,Bangladesh,Sri Lanka,Mushfiqur Rahim,Mahmudullah,BMAJ Mendis,6,0,,,,,,,,,
1133819,2017/18,2018-03-10,"R.Premadasa Stadium, Khettarama",2,16.5,Bangladesh,Sri Lanka,Mushfiqur Rahim,Mahmudullah,BMAJ Mendis,1,0,,,,,,,,,
1133819,2017/18,2018-03-10,"R.Premadasa Stadium, Khettarama",2,16.6,Bangladesh,Sri Lanka,Mahmudullah,Mushfiqur Rahim,BMAJ Mendis,2,0,,,,,,,,,
1133819,2017/18,2018-03-10,"R.Premadasa Stadium, Khettarama",2,17.1,Bangladesh,Sri Lanka,Mushfiqur Rahim,Mahmudullah,PVD Chameera,4,0,,,,,,,,,
1133819,2017/18,2018-03-10,"R.Premadasa Stadium, Khettarama",2,17.2,Bangladesh,Sri Lanka,Mushfiqur Rahim,Mahmudullah,PVD Chameera,1,0,,,,,,,,,
1133819,2017/18,2018-03-10,"R.Premadasa Stadium, Khettarama",2,17.3,Bangladesh,Sri Lanka,Mahmudullah,Mushfiqur Rahim,PVD Chameera,0,0,,,,,,caught,Mahmudullah,,
1133819,2017/18,2018-03-10,"R.Premadasa Stadium, Khettarama",2,17.4,Bangladesh,Sri Lanka,Mushfiqur Rahim,Sabbir Rahman,PVD Chameera,2,0,,,,,,,,,
1133819,2017/18,2018-03-10,"R.Premadasa Stadium, Khettarama",2,17.5,Bangladesh,Sri Lanka,Mushfiqur Rahim,Sabbir Rahman,PVD Chameera,1,0,,,,,,,,,
1133819,2017/18,2018-03-10,"R.Premadasa Stadium, Khettarama",2,17.6,Bangladesh,Sri Lanka,Sabbir Rahman,Mushfiqur Rahim,PVD Chameera,0,0,,,,,,,,,
1133819,2017/18,2018-03-10,"R.Premadasa Stadium, Khettarama",2,18.1,Bangladesh,Sri Lanka,Mushfiqur Rahim,Sabbir Rahman,N Pradeep,1,0,,,,,,,,,
1133819,2017/18,2018-03-10,"R.Premadasa Stadium, Khettarama",2,18.2,Bangladesh,Sri Lanka,Sabbir Rahman,Mushfiqur Rahim,N Pradeep,0,0,,,,,,run out,Sabbir Rahman,,
1133819,2017/18,2018-03-10,"R.Premadasa Stadium, Khettarama",2,18.3,Bangladesh,Sri Lanka,Mushfiqur Rahim,Mehedi Hasan Miraz,N Pradeep,1,0,,,,,,,,,
1133819,2017/18,2018-03-10,"R.Premadasa Stadium, Khettarama",2,18.4,Bangladesh,Sri Lanka,Mehedi Hasan Miraz,Mushfiqur Rahim,N Pradeep,0,1,,,,1,,,,,
1133819,2017/18,2018-03-10,"R.Premadasa Stadium, Khettarama",2,18.5,Bangladesh,Sri Lanka,Mushfiqur Rahim,Mehedi Hasan Miraz,N Pradeep,6,0,,,,,,,,,
1133819,2017/18,2018-03-10,"R.Premadasa Stadium, Khettarama",2,18.6,Bangladesh,Sri Lanka,Mushfiqur Rahim,Mehedi Hasan Miraz,N Pradeep,1,0,,,,,,,,,
1133819,2017/18,2018-03-10,"R.Premadasa Stadium, Khettarama",2,19.1,Bangladesh,Sri Lanka,Mushfiqur Rahim,Mehedi Hasan Miraz,NLTC Perera,2,0,,,,,,,,,
1133819,2017/18,2018-03-10,"R.Premadasa Stadium, Khettarama",2,19.2,Bangladesh,Sri Lanka,Mushfiqur Rahim,Mehedi Hasan Miraz,NLTC Perera,4,0,,,,,,,,,
1133819,2017/18,2018-03-10,"R.Premadasa Stadium, Khettarama",2,19.3,Bangladesh,Sri Lanka,Mushfiqur Rahim,Mehedi Hasan Miraz,NLTC Perera,2,0,,,,,,,,,
1133819,2017/18,2018-03-10,"R.Premadasa Stadium, Khettarama",2,19.4,Bangladesh,Sri Lanka,Mushfiqur Rahim,Mehedi Hasan Miraz,NLTC Perera,1,0,,,,,,,,,
