match_id,season,start_date,venue,innings,ball,batting_team,bowling_team,striker,non_striker,bowler,runs_off_bat,extras,wides,noballs,byes,legbyes,penalty,wicket_type,player_dismissed,other_wicket_type,other_player_dismissed
1138202,2017/18,2018-03-28,Sinhalese Sports Club Ground,1,0.1,Sri Lanka,Pakistan,MAA Sanjeewani,AC Jayangani,Diana Baig,0,0,,,,,,,,,
1138202,2017/18,2018-03-28,Sinhalese Sports Club Ground,1,0.2,Sri Lanka,Pakistan,MAA Sanjeewani,AC Jayangani,Diana Baig,0,0,,,,,,,,,
1138202,2017/18,2018-03-28,Sinhalese Sports Club Ground,1,0.3,Sri Lanka,Pakistan,MAA Sanjeewani,AC Jayangani,Diana Baig,1,0,,,,,,,,,
1138202,2017/18,2018-03-28,Sinhalese Sports Club Ground,1,0.4,Sri Lanka,Pakistan,AC Jayangani,MAA Sanjeewani,Diana Baig,0,0,,,,,,,,,
1138202,2017/18,2018-03-28,Sinhalese Sports Club Ground,1,0.5,Sri Lanka,Pakistan,AC Jayangani,MAA Sanjeewani,Diana Baig,0,0,,,,,,,,,
1138202,2017/18,2018-03-28,Sinhalese Sports Club Ground,1,0.6,Sri Lanka,Pakistan,AC Jayangani,MAA Sanjeewani,Diana Baig,4,0,,,,,,,,,
1138202,2017/18,2018-03-28,Sinhalese Sports Club Ground,1,1.1,Sri Lanka,Pakistan,MAA Sanjeewani,AC Jayangani,Sana Mir,1,0,,,,,,,,,
1138202,2017/18,2018-03-28,Sinhalese Sports Club Ground,1,1.2,Sri Lanka,Pakistan,AC Jayangani,MAA Sanjeewani,Sana Mir,0,0,,,,,,,,,
1138202,2017/18,2018-03-28,Sinhalese Sports Club Ground,1,1.3,Sri Lanka,Pakistan,AC Jayangani,MAA Sanjeewani,Sana Mir,0,0,,,,,,,,,
1138202,2017/18,2018-03-28,Sinhalese Sports Club Ground,1,1.4,Sri Lanka,Pakistan,AC Jayangani,MAA Sanjeewani,Sana Mir,0,0,,,,,,,,,
1138202,2017/18,2018-03-28,Sinhalese Sports Club Ground,1,1.5,Sri Lanka,Pakistan,AC Jayangani,MAA Sanjeewani,Sana Mir,4,0,,,,,,,,,
1138202,2017/18,2018-03-28,Sinhalese Sports Club Ground,1,1.6,Sri Lanka,Pakistan,AC Jayangani,MAA Sanjeewani,Sana Mir,0,0,,,,,,,,,
1138202,2017/18,2018-03-28,Sinhalese Sports Club Ground,1,2.1,Sri Lanka,Pakistan,MAA Sanjeewani,AC Jayangani,Diana Baig,0,0,,,,,,,,,
1138202,2017/18,2018-03-28,Sinhalese Sports Club Ground,1,2.2,Sri Lanka,Pakistan,MAA Sanjeewani,AC Jayangani,Diana Baig,1,0,,,,,,,,,
1138202,2017/18,2018-03-28,Sinhalese Sports Club Ground,1,2.3,Sri Lanka,Pakistan,AC Jayangani,MAA Sanjeewani,Diana Baig,0,0,,,,,,,,,
1138202,2017/18,2018-03-28,Sinhalese Sports Club Ground,1,2.4,Sri Lanka,Pakistan,AC Jayangani,MAA Sanjeewani,Diana Baig,0,0,,,,,,,,,
1138202,2017/18,2018-03-28,Sinhalese Sports Club Ground,1,2.5,Sri Lanka,Pakistan,AC Jayangani,MAA Sanjeewani,Diana Baig,2,0,,,,,,,,,
1138202,2017/18,2018-03-28,Sinhalese Sports Club Ground,1,2.6,Sri Lanka,Pakistan,AC Jayangani,MAA Sanjeewani,Diana Baig,0,0,,,,,,,,,
1138202,2017/18,2018-03-28,Sinhalese Sports Club Ground,1,3.1,Sri Lanka,Pakistan,MAA Sanjeewani,AC Jayangani,Sana Mir,0,0,,,,,,,,,
1138202,2017/18,2018-03-28,Sinhalese Sports Club Ground,1,3.2,Sri Lanka,Pakistan,MAA Sanjeewani,AC Jayangani,Sana Mir,4,0,,,,,,,,,
1138202,2017/18,2018-03-28,Sinhalese Sports Club Ground,1,3.3,Sri Lanka,Pakistan,MAA Sanjeewani,AC Jayangani,Sana Mir,1,0,,,,,,,,,
1138202,2017/18,2018-03-28,Sinhalese Sports Club Ground,1,3.4,Sri Lanka,Pakistan,AC Jayangani,MAA Sanjeewani,Sana Mir,0,0,,,,,,bowled,AC Jayangani,,
1138202,2017/18,2018-03-28,Sinhalese Sports Club Ground,1,3.5,Sri Lanka,Pakistan,GWHM Perera,MAA Sanjeewani,Sana Mir,0,0,,,,,,caught,GWHM Perera,,
1138202,2017/18,2018-03-28,Sinhalese Sports Club Ground,1,3.6,Sri Lanka,Pakistan,HIS Mendis,MAA Sanjeewani,Sana Mir,0,0,,,,,,,,,
1138202,2017/18,2018-03-28,Sinhalese Sports Club Ground,1,4.1,Sri Lanka,Pakistan,MAA Sanjeewani,HIS Mendis,Diana Baig,0,0,,,,,,,,,
1138202,2017/18,2018-03-28,Sinhalese Sports Club Ground,1,4.2,Sri Lanka,Pakistan,MAA Sanjeewani,HIS Mendis,Diana Baig,4,0,,,,,,,,,
1138202,2017/18,2018-03-28,Sinhalese Sports Club Ground,1,4.3,Sri Lanka,Pakistan,MAA Sanjeewani,HIS Mendis,Diana Baig,0,1,,,,1,,,,,
1138202,2017/18,2018-03-28,Sinhalese Sports Club Ground,1,4.4,Sri Lanka,Pakistan,HIS Mendis,MAA Sanjeewani,Diana Baig,0,0,,,,,,bowled,HIS Mendis,,
1138202,2017/18,2018-03-28,Sinhalese Sports Club Ground,1,4.5,Sri Lanka,Pakistan,RS Vandort,MAA Sanjeewani,Diana Baig,0,1,1,,,,,,,,
1138202,2017/18,2018-03-28,Sinhalese Sports Club Ground,1,4.6,Sri Lanka,Pakistan,RS Vandort,MAA Sanjeewani,Diana Baig,2,0,,,,,,,,,
1138202,2017/18,2018-03-28,Sinhalese Sports Club Ground,1,4.7,Sri Lanka,Pakistan,RS Vandort,MAA Sanjeewani,Diana Baig,1,0,,,,,,,,,
1138202,2017/18,2018-03-28,Sinhalese Sports Club Ground,1,5.1,Sri Lanka,Pakistan,RS Vandort,MAA Sanjeewani,Nashra Sandhu,1,0,,,,,,,,,
1138202,2017/18,2018-03-28,Sinhalese Sports Club Ground,1,5.2,Sri Lanka,Pakistan,MAA Sanjeewani,RS Vandort,Nashra Sandhu,1,0,,,,,,,,,
1138202,2017/18,2018-03-28,Sinhalese Sports Club Ground,1,5.3,Sri Lanka,Pakistan,RS Vandort,MAA Sanjeewani,Nashra Sandhu,1,0,,,,,,,,,
1138202,2017/18,2018-03-28,Sinhalese Sports Club Ground,1,5.4,Sri Lanka,Pakistan,MAA Sanjeewani,RS Vandort,Nashra Sandhu,0,2,,,2,,,,,,
1138202,2017/18,2018-03-28,Sinhalese Sports Club Ground,1,5.5,Sri Lanka,Pakistan,MAA Sanjeewani,RS Vandort,Nashra Sandhu,0,0,,,,,,,,,
1138202,2017/18,2018-03-28,Sinhalese Sports Club Ground,1,5.6,Sri Lanka,Pakistan,MAA Sanjeewani,RS Vandort,Nashra Sandhu,0,0,,,,,,,,,
1138202,2017/18,2018-03-28,Sinhalese Sports Club Ground,1,6.1,Sri Lanka,Pakistan,RS Vandort,MAA Sanjeewani,Diana Baig,0,0,,,,,,caught,RS Vandort,,
1138202,2017/18,2018-03-28,Sinhalese Sports Club Ground,1,6.2,Sri Lanka,Pakistan,HASD Siriwardene,MAA Sanjeewani,Diana Baig,0,0,,,,,,,,,
1138202,2017/18,2018-03-28,Sinhalese Sports Club Ground,1,6.3,Sri Lanka,Pakistan,HASD Siriwardene,MAA Sanjeewani,Diana Baig,0,0,,,,,,,,,
1138202,2017/18,2018-03-28,Sinhalese Sports Club Ground,1,6.4,Sri Lanka,Pakistan,HASD Siriwardene,MAA Sanjeewani,Diana Baig,0,0,,,,,,,,,
1138202,2017/18,2018-03-28,Sinhalese Sports Club Ground,1,6.5,Sri Lanka,Pakistan,HASD Siriwardene,MAA Sanjeewani,Diana Baig,1,0,,,,,,,,,
1138202,2017/18,2018-03-28,Sinhalese Sports Club Ground,1,6.6,Sri Lanka,Pakistan,MAA Sanjeewani,HASD Siriwardene,Diana Baig,1,0,,,,,,,,,
1138202,2017/18,2018-03-28,Sinhalese Sports Club Ground,1,7.1,Sri Lanka,Pakistan,MAA Sanjeewani,HASD Siriwardene,Nashra Sandhu,0,0,,,,,,,,,
1138202,2017/18,2018-03-28,Sinhalese Sports Club Ground,1,7.2,Sri Lanka,Pakistan,MAA Sanjeewani,HASD Siriwardene,Nashra Sandhu,0,0,,,,,,,,,
1138202,2017/18,2018-03-28,Sinhalese Sports Club Ground,1,7.3,Sri Lanka,Pakistan,MAA Sanjeewani,HASD Siriwardene,Nashra Sandhu,1,0,,,,,,,,,
1138202,2017/18,2018-03-28,Sinhalese Sports Club Ground,1,7.4,Sri Lanka,Pakistan,HASD Siriwardene,MAA Sanjeewani,Nashra Sandhu,1,0,,,,,,,,,
1138202,2017/18,2018-03-28,Sinhalese Sports Club Ground,1,7.5,Sri Lanka,Pakistan,MAA Sanjeewani,HASD Siriwardene,Nashra Sandhu,1,0,,,,,,,,,
1138202,2017/18,2018-03-28,Sinhalese Sports Club Ground,1,7.6,Sri Lanka,Pakistan,HASD Siriwardene,MAA Sanjeewani,Nashra Sandhu,0,0,,,,,,,,,
1138202,2017/18,2018-03-28,Sinhalese Sports Club Ground,1,8.1,Sri Lanka,Pakistan,MAA Sanjeewani,HASD Siriwardene,Nida Dar,1,0,,,,,,,,,
1138202,2017/18,2018-03-28,Sinhalese Sports Club Ground,1,8.2,Sri Lanka,Pakistan,HASD Siriwardene,MAA Sanjeewani,Nida Dar,0,0,,,,,,,,,
1138202,2017/18,2018-03-28,Sinhalese Sports Club Ground,1,8.3,Sri Lanka,Pakistan,HASD Siriwardene,MAA Sanjeewani,Nida Dar,0,0,,,,,,caught and bowled,HASD Siriwardene,,
1138202,2017/18,2018-03-28,Sinhalese Sports Club Ground,1,8.4,Sri Lanka,Pakistan,NND de Silva,MAA Sanjeewani,Nida Dar,2,0,,,,,,,,,
1138202,2017/18,2018-03-28,Sinhalese Sports Club Ground,1,8.5,Sri Lanka,Pakistan,NND de Silva,MAA Sanjeewani,Nida Dar,0,0,,,,,,,,,
1138202,2017/18,2018-03-28,Sinhalese Sports Club Ground,1,8.6,Sri Lanka,Pakistan,NND de Silva,MAA Sanjeewani,Nida Dar,1,0,,,,,,,,,
1138202,2017/18,2018-03-28,Sinhalese Sports Club Ground,1,9.1,Sri Lanka,Pakistan,NND de Silva,MAA Sanjeewani,Nashra Sandhu,0,0,,,,,,,,,
1138202,2017/18,2018-03-28,Sinhalese Sports Club Ground,1,9.2,Sri Lanka,Pakistan,NND de Silva,MAA Sanjeewani,Nashra Sandhu,1,0,,,,,,,,,
1138202,2017/18,2018-03-28,Sinhalese Sports Club Ground,1,9.3,Sri Lanka,Pakistan,MAA Sanjeewani,NND de Silva,Nashra Sandhu,1,0,,,,,,,,,
1138202,2017/18,2018-03-28,Sinhalese Sports Club Ground,1,9.4,Sri Lanka,Pakistan,NND de Silva,MAA Sanjeewani,Nashra Sandhu,4,0,,,,,,,,,
1138202,2017/18,2018-03-28,Sinhalese Sports Club Ground,1,9.5,Sri Lanka,Pakistan,NND de Silva,MAA Sanjeewani,Nashra Sandhu,1,0,,,,,,,,,
1138202,2017/18,2018-03-28,Sinhalese Sports Club Ground,1,9.6,Sri Lanka,Pakistan,MAA Sanjeewani,NND de Silva,Nashra Sandhu,1,0,,,,,,,,,
1138202,2017/18,2018-03-28,Sinhalese Sports Club Ground,1,10.1,Sri Lanka,Pakistan,MAA Sanjeewani,NND de Silva,Nida Dar,1,0,,,,,,,,,
1138202,2017/18,2018-03-28,Sinhalese Sports Club Ground,1,10.2,Sri Lanka,Pakistan,NND de Silva,MAA Sanjeewani,Nida Dar,0,1,,,,1,,,,,
1138202,2017/18,2018-03-28,Sinhalese Sports Club Ground,1,10.3,Sri Lanka,Pakistan,MAA Sanjeewani,NND de Silva,Nida Dar,4,0,,,,,,,,,
1138202,2017/18,2018-03-28,Sinhalese Sports Club Ground,1,10.4,Sri Lanka,Pakistan,MAA Sanjeewani,NND de Silva,Nida Dar,0,1,,,1,,,,,,
1138202,2017/18,2018-03-28,Sinhalese Sports Club Ground,1,10.5,Sri Lanka,Pakistan,NND de Silva,MAA Sanjeewani,Nida Dar,0,0,,,,,,,,,
1138202,2017/18,2018-03-28,Sinhalese Sports Club Ground,1,10.6,Sri Lanka,Pakistan,NND de Silva,MAA Sanjeewani,Nida Dar,1,0,,,,,,,,,
1138202,2017/18,2018-03-28,Sinhalese Sports Club Ground,1,11.1,Sri Lanka,Pakistan,NND de Silva,MAA Sanjeewani,Ghulam Fatima,1,0,,,,,,,,,
1138202,2017/18,2018-03-28,Sinhalese Sports Club Ground,1,11.2,Sri Lanka,Pakistan,MAA Sanjeewani,NND de Silva,Ghulam Fatima,0,0,,,,,,,,,
1138202,2017/18,2018-03-28,Sinhalese Sports Club Ground,1,11.3,Sri Lanka,Pakistan,MAA Sanjeewani,NND de Silva,Ghulam Fatima,0,1,,,1,,,,,,
1138202,2017/18,2018-03-28,Sinhalese Sports Club Ground,1,11.4,Sri Lanka,Pakistan,NND de Silva,MAA Sanjeewani,Ghulam Fatima,0,0,,,,,,,,,
1138202,2017/18,2018-03-28,Sinhalese Sports Club Ground,1,11.5,Sri Lanka,Pakistan,NND de Silva,MAA Sanjeewani,Ghulam Fatima,1,0,,,,,,,,,
1138202,2017/18,2018-03-28,Sinhalese Sports Club Ground,1,11.6,Sri Lanka,Pakistan,MAA Sanjeewani,NND de Silva,Ghulam Fatima,0,1,,,1,,,,,,
1138202,2017/18,2018-03-28,Sinhalese Sports Club Ground,1,12.1,Sri Lanka,Pakistan,MAA Sanjeewani,NND de Silva,Sana Mir,2,0,,,,,,,,,
1138202,2017/18,2018-03-28,Sinhalese Sports Club Ground,1,12.2,Sri Lanka,Pakistan,MAA Sanjeewani,NND de Silva,Sana Mir,0,1,1,,,,,,,,
1138202,2017/18,2018-03-28,Sinhalese Sports Club Ground,1,12.3,Sri Lanka,Pakistan,MAA Sanjeewani,NND de Silva,Sana Mir,2,0,,,,,,,,,
1138202,2017/18,2018-03-28,Sinhalese Sports Club Ground,1,12.4,Sri Lanka,Pakistan,MAA Sanjeewani,NND de Silva,Sana Mir,1,0,,,,,,,,,
1138202,2017/18,2018-03-28,Sinhalese Sports Club Ground,1,12.5,Sri Lanka,Pakistan,NND de Silva,MAA Sanjeewani,Sana Mir,1,0,,,,,,,,,
1138202,2017/18,2018-03-28,Sinhalese Sports Club Ground,1,12.6,Sri Lanka,Pakistan,MAA Sanjeewani,NND de Silva,Sana Mir,1,0,,,,,,,,,
1138202,2017/18,2018-03-28,Sinhalese Sports Club Ground,1,12.7,Sri Lanka,Pakistan,NND de Silva,MAA Sanjeewani,Sana Mir,0,0,,,,,,,,,
1138202,2017/18,2018-03-28,Sinhalese Sports Club Ground,1,13.1,Sri Lanka,Pakistan,MAA Sanjeewani,NND de Silva,Ghulam Fatima,0,0,,,,,,,,,
1138202,2017/18,2018-03-28,Sinhalese Sports Club Ground,1,13.2,Sri Lanka,Pakistan,MAA Sanjeewani,NND de Silva,Ghulam Fatima,0,0,,,,,,,,,
1138202,2017/18,2018-03-28,Sinhalese Sports Club Ground,1,13.3,Sri Lanka,Pakistan,MAA Sanjeewani,NND de Silva,Ghulam Fatima,0,0,,,,,,,,,
1138202,2017/18,2018-03-28,Sinhalese Sports Club Ground,1,13.4,Sri Lanka,Pakistan,MAA Sanjeewani,NND de Silva,Ghulam Fatima,1,0,,,,,,,,,
1138202,2017/18,2018-03-28,Sinhalese Sports Club Ground,1,13.5,Sri Lanka,Pakistan,NND de Silva,MAA Sanjeewani,Ghulam Fatima,1,0,,,,,,,,,
1138202,2017/18,2018-03-28,Sinhalese Sports Club Ground,1,13.6,Sri Lanka,Pakistan,MAA Sanjeewani,NND de Silva,Ghulam Fatima,0,1,,1,,,,,,,
1138202,2017/18,2018-03-28,Sinhalese Sports Club Ground,1,13.7,Sri Lanka,Pakistan,MAA Sanjeewani,NND de Silva,Ghulam Fatima,0,0,,,,,,,,,
1138202,2017/18,2018-03-28,Sinhalese Sports Club Ground,1,14.1,Sri Lanka,Pakistan,NND de Silva,MAA Sanjeewani,Bismah Maroof,1,0,,,,,,,,,
1138202,2017/18,2018-03-28,Sinhalese Sports Club Ground,1,14.2,Sri Lanka,Pakistan,MAA Sanjeewani,NND de Silva,Bismah Maroof,0,1,,,1,,,,,,
1138202,2017/18,2018-03-28,Sinhalese Sports Club Ground,1,14.3,Sri Lanka,Pakistan,NND de Silva,MAA Sanjeewani,Bismah Maroof,4,0,,,,,,,,,
1138202,2017/18,2018-03-28,Sinhalese Sports Club Ground,1,14.4,Sri Lanka,Pakistan,NND de Silva,MAA Sanjeewani,Bismah Maroof,1,0,,,,,,,,,
1138202,2017/18,2018-03-28,Sinhalese Sports Club Ground,1,14.5,Sri Lanka,Pakistan,MAA Sanjeewani,NND de Silva,Bismah Maroof,1,0,,,,,,,,,
1138202,2017/18,2018-03-28,Sinhalese Sports Club Ground,1,14.6,Sri Lanka,Pakistan,NND de Silva,MAA Sanjeewani,Bismah Maroof,1,0,,,,,,,,,
1138202,2017/18,2018-03-28,Sinhalese Sports Club Ground,1,15.1,Sri Lanka,Pakistan,NND de Silva,MAA Sanjeewani,Ghulam Fatima,1,0,,,,,,,,,
1138202,2017/18,2018-03-28,Sinhalese Sports Club Ground,1,15.2,Sri Lanka,Pakistan,MAA Sanjeewani,NND de Silva,Ghulam Fatima,4,0,,,,,,,,,
1138202,2017/18,2018-03-28,Sinhalese Sports Club Ground,1,15.3,Sri Lanka,Pakistan,MAA Sanjeewani,NND de Silva,Ghulam Fatima,0,0,,,,,,,,,
1138202,2017/18,2018-03-28,Sinhalese Sports Club Ground,1,15.4,Sri Lanka,Pakistan,MAA Sanjeewani,NND de Silva,Ghulam Fatima,1,0,,,,,,,,,
1138202,2017/18,2018-03-28,Sinhalese Sports Club Ground,1,15.5,Sri Lanka,Pakistan,NND de Silva,MAA Sanjeewani,Ghulam Fatima,1,0,,,,,,,,,
1138202,2017/18,2018-03-28,Sinhalese Sports Club Ground,1,15.6,Sri Lanka,Pakistan,MAA Sanjeewani,NND de Silva,Ghulam Fatima,4,0,,,,,,,,,
1138202,2017/18,2018-03-28,Sinhalese Sports Club Ground,1,16.1,Sri Lanka,Pakistan,NND de Silva,MAA Sanjeewani,Natalia Pervaiz,1,0,,,,,,,,,
1138202,2017/18,2018-03-28,Sinhalese Sports Club Ground,1,16.2,Sri Lanka,Pakistan,MAA Sanjeewani,NND de Silva,Natalia Pervaiz,0,0,,,,,,,,,
1138202,2017/18,2018-03-28,Sinhalese Sports Club Ground,1,16.3,Sri Lanka,Pakistan,MAA Sanjeewani,NND de Silva,Natalia Pervaiz,4,0,,,,,,,,,
1138202,2017/18,2018-03-28,Sinhalese Sports Club Ground,1,16.4,Sri Lanka,Pakistan,MAA Sanjeewani,NND de Silva,Natalia Pervaiz,1,0,,,,,,,,,
1138202,2017/18,2018-03-28,Sinhalese Sports Club Ground,1,16.5,Sri Lanka,Pakistan,NND de Silva,MAA Sanjeewani,Natalia Pervaiz,1,0,,,,,,,,,
1138202,2017/18,2018-03-28,Sinhalese Sports Club Ground,1,16.6,Sri Lanka,Pakistan,MAA Sanjeewani,NND de Silva,Natalia Pervaiz,4,0,,,,,,,,,
1138202,2017/18,2018-03-28,Sinhalese Sports Club Ground,1,17.1,Sri Lanka,Pakistan,NND de Silva,MAA Sanjeewani,Nashra Sandhu,1,0,,,,,,,,,
1138202,2017/18,2018-03-28,Sinhalese Sports Club Ground,1,17.2,Sri Lanka,Pakistan,MAA Sanjeewani,NND de Silva,Nashra Sandhu,0,0,,,,,,,,,
1138202,2017/18,2018-03-28,Sinhalese Sports Club Ground,1,17.3,Sri Lanka,Pakistan,MAA Sanjeewani,NND de Silva,Nashra Sandhu,4,0,,,,,,,,,
1138202,2017/18,2018-03-28,Sinhalese Sports Club Ground,1,17.4,Sri Lanka,Pakistan,MAA Sanjeewani,NND de Silva,Nashra Sandhu,2,0,,,,,,,,,
1138202,2017/18,2018-03-28,Sinhalese Sports Club Ground,1,17.5,Sri Lanka,Pakistan,MAA Sanjeewani,NND de Silva,Nashra Sandhu,1,0,,,,,,,,,
1138202,2017/18,2018-03-28,Sinhalese Sports Club Ground,1,17.6,Sri Lanka,Pakistan,NND de Silva,MAA Sanjeewani,Nashra Sandhu,1,0,,,,,,,,,
1138202,2017/18,2018-03-28,Sinhalese Sports Club Ground,1,18.1,Sri Lanka,Pakistan,NND de Silva,MAA Sanjeewani,Sana Mir,2,0,,,,,,,,,
1138202,2017/18,2018-03-28,Sinhalese Sports Club Ground,1,18.2,Sri Lanka,Pakistan,NND de Silva,MAA Sanjeewani,Sana Mir,1,0,,,,,,,,,
1138202,2017/18,2018-03-28,Sinhalese Sports Club Ground,1,18.3,Sri Lanka,Pakistan,MAA Sanjeewani,NND de Silva,Sana Mir,1,0,,,,,,,,,
1138202,2017/18,2018-03-28,Sinhalese Sports Club Ground,1,18.4,Sri Lanka,Pakistan,NND de Silva,MAA Sanjeewani,Sana Mir,0,0,,,,,,,,,
1138202,2017/18,2018-03-28,Sinhalese Sports Club Ground,1,18.5,Sri Lanka,Pakistan,NND de Silva,MAA Sanjeewani,Sana Mir,1,0,,,,,,,,,
1138202,2017/18,2018-03-28,Sinhalese Sports Club Ground,1,18.6,Sri Lanka,Pakistan,MAA Sanjeewani,NND de Silva,Sana Mir,2,0,,,,,,,,,
1138202,2017/18,2018-03-28,Sinhalese Sports Club Ground,1,19.1,Sri Lanka,Pakistan,NND de Silva,MAA Sanjeewani,Nida Dar,1,0,,,,,,,,,
1138202,2017/18,2018-03-28,Sinhalese Sports Club Ground,1,19.2,Sri Lanka,Pakistan,MAA Sanjeewani,NND de Silva,Nida Dar,1,0,,,,,,,,,
1138202,2017/18,2018-03-28,Sinhalese Sports Club Ground,1,19.3,Sri Lanka,Pakistan,NND de Silva,MAA Sanjeewani,Nida Dar,0,0,,,,,,,,,
1138202,2017/18,2018-03-28,Sinhalese Sports Club Ground,1,19.4,Sri Lanka,Pakistan,NND de Silva,MAA Sanjeewani,Nida Dar,1,0,,,,,,,,,
1138202,2017/18,2018-03-28,Sinhalese Sports Club Ground,1,19.5,Sri Lanka,Pakistan,MAA Sanjeewani,NND de Silva,Nida Dar,0,0,,,,,,run out,MAA Sanjeewani,,
1138202,2017/18,2018-03-28,Sinhalese Sports Club Ground,1,19.6,Sri Lanka,Pakistan,NND de Silva,KADA Kanchana,Nida Dar,2,0,,,,,,,,,
1138202,2017/18,2018-03-28,Sinhalese Sports Club Ground,2,0.1,Pakistan,Sri Lanka,Nahida Khan,Natalia Pervaiz,KDU Prabodhani,0,1,,,,1,,,,,
1138202,2017/18,2018-03-28,Sinhalese Sports Club Ground,2,0.2,Pakistan,Sri Lanka,Natalia Pervaiz,Nahida Khan,KDU Prabodhani,1,0,,,,,,,,,
1138202,2017/18,2018-03-28,Sinhalese Sports Club Ground,2,0.3,Pakistan,Sri Lanka,Nahida Khan,Natalia Pervaiz,KDU Prabodhani,1,0,,,,,,,,,
1138202,2017/18,2018-03-28,Sinhalese Sports Club Ground,2,0.4,Pakistan,Sri Lanka,Natalia Pervaiz,Nahida Khan,KDU Prabodhani,0,0,,,,,,,,,
1138202,2017/18,2018-03-28,Sinhalese Sports Club Ground,2,0.5,Pakistan,Sri Lanka,Natalia Pervaiz,Nahida Khan,KDU Prabodhani,0,0,,,,,,,,,
1138202,2017/18,2018-03-28,Sinhalese Sports Club Ground,2,0.6,Pakistan,Sri Lanka,Natalia Pervaiz,Nahida Khan,KDU Prabodhani,0,0,,,,,,,,,
1138202,2017/18,2018-03-28,Sinhalese Sports Club Ground,2,1.1,Pakistan,Sri Lanka,Nahida Khan,Natalia Pervaiz,BMSM Kumari,0,0,,,,,,,,,
1138202,2017/18,2018-03-28,Sinhalese Sports Club Ground,2,1.2,Pakistan,Sri Lanka,Nahida Khan,Natalia Pervaiz,BMSM Kumari,1,0,,,,,,,,,
1138202,2017/18,2018-03-28,Sinhalese Sports Club Ground,2,1.3,Pakistan,Sri Lanka,Natalia Pervaiz,Nahida Khan,BMSM Kumari,0,0,,,,,,,,,
1138202,2017/18,2018-03-28,Sinhalese Sports Club Ground,2,1.4,Pakistan,Sri Lanka,Natalia Pervaiz,Nahida Khan,BMSM Kumari,1,0,,,,,,,,,
1138202,2017/18,2018-03-28,Sinhalese Sports Club Ground,2,1.5,Pakistan,Sri Lanka,Nahida Khan,Natalia Pervaiz,BMSM Kumari,0,0,,,,,,bowled,Nahida Khan,,
1138202,2017/18,2018-03-28,Sinhalese Sports Club Ground,2,1.6,Pakistan,Sri Lanka,Bismah Maroof,Natalia Pervaiz,BMSM Kumari,4,0,,,,,,,,,
1138202,2017/18,2018-03-28,Sinhalese Sports Club Ground,2,2.1,Pakistan,Sri Lanka,Natalia Pervaiz,Bismah Maroof,KDU Prabodhani,1,0,,,,,,,,,
1138202,2017/18,2018-03-28,Sinhalese Sports Club Ground,2,2.2,Pakistan,Sri Lanka,Bismah Maroof,Natalia Pervaiz,KDU Prabodhani,0,0,,,,,,,,,
1138202,2017/18,2018-03-28,Sinhalese Sports Club Ground,2,2.3,Pakistan,Sri Lanka,Bismah Maroof,Natalia Pervaiz,KDU Prabodhani,2,0,,,,,,,,,
1138202,2017/18,2018-03-28,Sinhalese Sports Club Ground,2,2.4,Pakistan,Sri Lanka,Bismah Maroof,Natalia Pervaiz,KDU Prabodhani,0,1,1,,,,,,,,
1138202,2017/18,2018-03-28,Sinhalese Sports Club Ground,2,2.5,Pakistan,Sri Lanka,Bismah Maroof,Natalia Pervaiz,KDU Prabodhani,0,0,,,,,,,,,
1138202,2017/18,2018-03-28,Sinhalese Sports Club Ground,2,2.6,Pakistan,Sri Lanka,Bismah Maroof,Natalia Pervaiz,KDU Prabodhani,4,0,,,,,,,,,
1138202,2017/18,2018-03-28,Sinhalese Sports Club Ground,2,2.7,Pakistan,Sri Lanka,Bismah Maroof,Natalia Pervaiz,KDU Prabodhani,0,0,,,,,,,,,
1138202,2017/18,2018-03-28,Sinhalese Sports Club Ground,2,3.1,Pakistan,Sri Lanka,Natalia Pervaiz,Bismah Maroof,OU Ranasinghe,1,0,,,,,,,,,
1138202,2017/18,2018-03-28,Sinhalese Sports Club Ground,2,3.2,Pakistan,Sri Lanka,Bismah Maroof,Natalia Pervaiz,OU Ranasinghe,1,0,,,,,,,,,
1138202,2017/18,2018-03-28,Sinhalese Sports Club Ground,2,3.3,Pakistan,Sri Lanka,Natalia Pervaiz,Bismah Maroof,OU Ranasinghe,0,0,,,,,,caught,Natalia Pervaiz,,
1138202,2017/18,2018-03-28,Sinhalese Sports Club Ground,2,3.4,Pakistan,Sri Lanka,Bismah Maroof,Javeria Khan,OU Ranasinghe,0,0,,,,,,,,,
1138202,2017/18,2018-03-28,Sinhalese Sports Club Ground,2,3.5,Pakistan,Sri Lanka,Bismah Maroof,Javeria Khan,OU Ranasinghe,1,0,,,,,,,,,
1138202,2017/18,2018-03-28,Sinhalese Sports Club Ground,2,3.6,Pakistan,Sri Lanka,Javeria Khan,Bismah Maroof,OU Ranasinghe,0,0,,,,,,,,,
1138202,2017/18,2018-03-28,Sinhalese Sports Club Ground,2,4.1,Pakistan,Sri Lanka,Bismah Maroof,Javeria Khan,HASD Siriwardene,1,0,,,,,,,,,
1138202,2017/18,2018-03-28,Sinhalese Sports Club Ground,2,4.2,Pakistan,Sri Lanka,Javeria Khan,Bismah Maroof,HASD Siriwardene,0,0,,,,,,,,,
1138202,2017/18,2018-03-28,Sinhalese Sports Club Ground,2,4.3,Pakistan,Sri Lanka,Javeria Khan,Bismah Maroof,HASD Siriwardene,2,0,,,,,,,,,
1138202,2017/18,2018-03-28,Sinhalese Sports Club Ground,2,4.4,Pakistan,Sri Lanka,Javeria Khan,Bismah Maroof,HASD Siriwardene,4,0,,,,,,,,,
1138202,2017/18,2018-03-28,Sinhalese Sports Club Ground,2,4.5,Pakistan,Sri Lanka,Javeria Khan,Bismah Maroof,HASD Siriwardene,0,0,,,,,,,,,
1138202,2017/18,2018-03-28,Sinhalese Sports Club Ground,2,4.6,Pakistan,Sri Lanka,Javeria Khan,Bismah Maroof,HASD Siriwardene,1,0,,,,,,,,,
1138202,2017/18,2018-03-28,Sinhalese Sports Club Ground,2,5.1,Pakistan,Sri Lanka,Javeria Khan,Bismah Maroof,OU Ranasinghe,0,0,,,,,,,,,
1138202,2017/18,2018-03-28,Sinhalese Sports Club Ground,2,5.2,Pakistan,Sri Lanka,Javeria Khan,Bismah Maroof,OU Ranasinghe,1,0,,,,,,,,,
1138202,2017/18,2018-03-28,Sinhalese Sports Club Ground,2,5.3,Pakistan,Sri Lanka,Bismah Maroof,Javeria Khan,OU Ranasinghe,1,0,,,,,,,,,
1138202,2017/18,2018-03-28,Sinhalese Sports Club Ground,2,5.4,Pakistan,Sri Lanka,Javeria Khan,Bismah Maroof,OU Ranasinghe,4,0,,,,,,,,,
1138202,2017/18,2018-03-28,Sinhalese Sports Club Ground,2,5.5,Pakistan,Sri Lanka,Javeria Khan,Bismah Maroof,OU Ranasinghe,4,0,,,,,,,,,
1138202,2017/18,2018-03-28,Sinhalese Sports Club Ground,2,5.6,Pakistan,Sri Lanka,Javeria Khan,Bismah Maroof,OU Ranasinghe,1,0,,,,,,,,,
1138202,2017/18,2018-03-28,Sinhalese Sports Club Ground,2,6.1,Pakistan,Sri Lanka,Javeria Khan,Bismah Maroof,HASD Siriwardene,1,0,,,,,,,,,
1138202,2017/18,2018-03-28,Sinhalese Sports Club Ground,2,6.2,Pakistan,Sri Lanka,Bismah Maroof,Javeria Khan,HASD Siriwardene,4,0,,,,,,,,,
1138202,2017/18,2018-03-28,Sinhalese Sports Club Ground,2,6.3,Pakistan,Sri Lanka,Bismah Maroof,Javeria Khan,HASD Siriwardene,1,0,,,,,,,,,
1138202,2017/18,2018-03-28,Sinhalese Sports Club Ground,2,6.4,Pakistan,Sri Lanka,Javeria Khan,Bismah Maroof,HASD Siriwardene,0,0,,,,,,,,,
1138202,2017/18,2018-03-28,Sinhalese Sports Club Ground,2,6.5,Pakistan,Sri Lanka,Javeria Khan,Bismah Maroof,HASD Siriwardene,1,0,,,,,,,,,
1138202,2017/18,2018-03-28,Sinhalese Sports Club Ground,2,6.6,Pakistan,Sri Lanka,Bismah Maroof,Javeria Khan,HASD Siriwardene,1,0,,,,,,,,,
1138202,2017/18,2018-03-28,Sinhalese Sports Club Ground,2,7.1,Pakistan,Sri Lanka,Bismah Maroof,Javeria Khan,AC Jayangani,0,0,,,,,,,,,
1138202,2017/18,2018-03-28,Sinhalese Sports Club Ground,2,7.2,Pakistan,Sri Lanka,Bismah Maroof,Javeria Khan,AC Jayangani,1,0,,,,,,,,,
1138202,2017/18,2018-03-28,Sinhalese Sports Club Ground,2,7.3,Pakistan,Sri Lanka,Javeria Khan,Bismah Maroof,AC Jayangani,1,0,,,,,,,,,
1138202,2017/18,2018-03-28,Sinhalese Sports Club Ground,2,7.4,Pakistan,Sri Lanka,Bismah Maroof,Javeria Khan,AC Jayangani,4,0,,,,,,,,,
1138202,2017/18,2018-03-28,Sinhalese Sports Club Ground,2,7.5,Pakistan,Sri Lanka,Bismah Maroof,Javeria Khan,AC Jayangani,2,0,,,,,,,,,
1138202,2017/18,2018-03-28,Sinhalese Sports Club Ground,2,7.6,Pakistan,Sri Lanka,Bismah Maroof,Javeria Khan,AC Jayangani,0,1,,,,1,,,,,
1138202,2017/18,2018-03-28,Sinhalese Sports Club Ground,2,8.1,Pakistan,Sri Lanka,Bismah Maroof,Javeria Khan,BMSM Kumari,2,0,,,,,,,,,
1138202,2017/18,2018-03-28,Sinhalese Sports Club Ground,2,8.2,Pakistan,Sri Lanka,Bismah Maroof,Javeria Khan,BMSM Kumari,0,0,,,,,,,,,
1138202,2017/18,2018-03-28,Sinhalese Sports Club Ground,2,8.3,Pakistan,Sri Lanka,Bismah Maroof,Javeria Khan,BMSM Kumari,0,0,,,,,,,,,
1138202,2017/18,2018-03-28,Sinhalese Sports Club Ground,2,8.4,Pakistan,Sri Lanka,Bismah Maroof,Javeria Khan,BMSM Kumari,4,0,,,,,,,,,
1138202,2017/18,2018-03-28,Sinhalese Sports Club Ground,2,8.5,Pakistan,Sri Lanka,Bismah Maroof,Javeria Khan,BMSM Kumari,1,0,,,,,,,,,
1138202,2017/18,2018-03-28,Sinhalese Sports Club Ground,2,8.6,Pakistan,Sri Lanka,Javeria Khan,Bismah Maroof,BMSM Kumari,1,0,,,,,,,,,
1138202,2017/18,2018-03-28,Sinhalese Sports Club Ground,2,9.1,Pakistan,Sri Lanka,Javeria Khan,Bismah Maroof,KADA Kanchana,0,0,,,,,,,,,
1138202,2017/18,2018-03-28,Sinhalese Sports Club Ground,2,9.2,Pakistan,Sri Lanka,Javeria Khan,Bismah Maroof,KADA Kanchana,1,0,,,,,,,,,
1138202,2017/18,2018-03-28,Sinhalese Sports Club Ground,2,9.3,Pakistan,Sri Lanka,Bismah Maroof,Javeria Khan,KADA Kanchana,1,0,,,,,,,,,
1138202,2017/18,2018-03-28,Sinhalese Sports Club Ground,2,9.4,Pakistan,Sri Lanka,Javeria Khan,Bismah Maroof,KADA Kanchana,0,0,,,,,,,,,
1138202,2017/18,2018-03-28,Sinhalese Sports Club Ground,2,9.5,Pakistan,Sri Lanka,Javeria Khan,Bismah Maroof,KADA Kanchana,1,0,,,,,,,,,
1138202,2017/18,2018-03-28,Sinhalese Sports Club Ground,2,9.6,Pakistan,Sri Lanka,Bismah Maroof,Javeria Khan,KADA Kanchana,1,0,,,,,,,,,
1138202,2017/18,2018-03-28,Sinhalese Sports Club Ground,2,10.1,Pakistan,Sri Lanka,Bismah Maroof,Javeria Khan,AC Jayangani,0,0,,,,,,,,,
1138202,2017/18,2018-03-28,Sinhalese Sports Club Ground,2,10.2,Pakistan,Sri Lanka,Bismah Maroof,Javeria Khan,AC Jayangani,4,0,,,,,,,,,
1138202,2017/18,2018-03-28,Sinhalese Sports Club Ground,2,10.3,Pakistan,Sri Lanka,Bismah Maroof,Javeria Khan,AC Jayangani,1,0,,,,,,,,,
1138202,2017/18,2018-03-28,Sinhalese Sports Club Ground,2,10.4,Pakistan,Sri Lanka,Javeria Khan,Bismah Maroof,AC Jayangani,1,0,,,,,,,,,
1138202,2017/18,2018-03-28,Sinhalese Sports Club Ground,2,10.5,Pakistan,Sri Lanka,Bismah Maroof,Javeria Khan,AC Jayangani,1,0,,,,,,,,,
1138202,2017/18,2018-03-28,Sinhalese Sports Club Ground,2,10.6,Pakistan,Sri Lanka,Javeria Khan,Bismah Maroof,AC Jayangani,4,0,,,,,,,,,
1138202,2017/18,2018-03-28,Sinhalese Sports Club Ground,2,11.1,Pakistan,Sri Lanka,Bismah Maroof,Javeria Khan,KADA Kanchana,0,0,,,,,,run out,Bismah Maroof,,
1138202,2017/18,2018-03-28,Sinhalese Sports Club Ground,2,11.2,Pakistan,Sri Lanka,Javeria Khan,Nida Dar,KADA Kanchana,4,0,,,,,,,,,
1138202,2017/18,2018-03-28,Sinhalese Sports Club Ground,2,11.3,Pakistan,Sri Lanka,Javeria Khan,Nida Dar,KADA Kanchana,1,0,,,,,,,,,
1138202,2017/18,2018-03-28,Sinhalese Sports Club Ground,2,11.4,Pakistan,Sri Lanka,Nida Dar,Javeria Khan,KADA Kanchana,1,0,,,,,,,,,
1138202,2017/18,2018-03-28,Sinhalese Sports Club Ground,2,11.5,Pakistan,Sri Lanka,Javeria Khan,Nida Dar,KADA Kanchana,0,0,,,,,,,,,
1138202,2017/18,2018-03-28,Sinhalese Sports Club Ground,2,11.6,Pakistan,Sri Lanka,Javeria Khan,Nida Dar,KADA Kanchana,4,0,,,,,,,,,
1138202,2017/18,2018-03-28,Sinhalese Sports Club Ground,2,12.1,Pakistan,Sri Lanka,Nida Dar,Javeria Khan,KDU Prabodhani,0,0,,,,,,bowled,Nida Dar,,
1138202,2017/18,2018-03-28,Sinhalese Sports Club Ground,2,12.2,Pakistan,Sri Lanka,Kainat Imtiaz,Javeria Khan,KDU Prabodhani,1,0,,,,,,,,,
1138202,2017/18,2018-03-28,Sinhalese Sports Club Ground,2,12.3,Pakistan,Sri Lanka,Javeria Khan,Kainat Imtiaz,KDU Prabodhani,1,0,,,,,,,,,
1138202,2017/18,2018-03-28,Sinhalese Sports Club Ground,2,12.4,Pakistan,Sri Lanka,Kainat Imtiaz,Javeria Khan,KDU Prabodhani,1,0,,,,,,,,,
1138202,2017/18,2018-03-28,Sinhalese Sports Club Ground,2,12.5,Pakistan,Sri Lanka,Javeria Khan,Kainat Imtiaz,KDU Prabodhani,1,0,,,,,,,,,
1138202,2017/18,2018-03-28,Sinhalese Sports Club Ground,2,12.6,Pakistan,Sri Lanka,Kainat Imtiaz,Javeria Khan,KDU Prabodhani,1,0,,,,,,,,,
1138202,2017/18,2018-03-28,Sinhalese Sports Club Ground,2,13.1,Pakistan,Sri Lanka,Kainat Imtiaz,Javeria Khan,BMSM Kumari,0,0,,,,,,,,,
1138202,2017/18,2018-03-28,Sinhalese Sports Club Ground,2,13.2,Pakistan,Sri Lanka,Kainat Imtiaz,Javeria Khan,BMSM Kumari,2,0,,,,,,,,,
1138202,2017/18,2018-03-28,Sinhalese Sports Club Ground,2,13.3,Pakistan,Sri Lanka,Kainat Imtiaz,Javeria Khan,BMSM Kumari,0,0,,,,,,,,,
1138202,2017/18,2018-03-28,Sinhalese Sports Club Ground,2,13.4,Pakistan,Sri Lanka,Kainat Imtiaz,Javeria Khan,BMSM Kumari,0,0,,,,,,caught,Kainat Imtiaz,,
1138202,2017/18,2018-03-28,Sinhalese Sports Club Ground,2,13.5,Pakistan,Sri Lanka,Sana Mir,Javeria Khan,BMSM Kumari,0,0,,,,,,,,,
1138202,2017/18,2018-03-28,Sinhalese Sports Club Ground,2,13.6,Pakistan,Sri Lanka,Sana Mir,Javeria Khan,BMSM Kumari,1,0,,,,,,,,,
1138202,2017/18,2018-03-28,Sinhalese Sports Club Ground,2,14.1,Pakistan,Sri Lanka,Sana Mir,Javeria Khan,NND de Silva,1,0,,,,,,,,,
1138202,2017/18,2018-03-28,Sinhalese Sports Club Ground,2,14.2,Pakistan,Sri Lanka,Javeria Khan,Sana Mir,NND de Silva,4,0,,,,,,,,,
1138202,2017/18,2018-03-28,Sinhalese Sports Club Ground,2,14.3,Pakistan,Sri Lanka,Javeria Khan,Sana Mir,NND de Silva,1,0,,,,,,,,,
1138202,2017/18,2018-03-28,Sinhalese Sports Club Ground,2,14.4,Pakistan,Sri Lanka,Sana Mir,Javeria Khan,NND de Silva,0,0,,,,,,,,,
1138202,2017/18,2018-03-28,Sinhalese Sports Club Ground,2,14.5,Pakistan,Sri Lanka,Sana Mir,Javeria Khan,NND de Silva,0,1,1,,,,,,,,
1138202,2017/18,2018-03-28,Sinhalese Sports Club Ground,2,14.6,Pakistan,Sri Lanka,Sana Mir,Javeria Khan,NND de Silva,0,1,1,,,,,,,,
1138202,2017/18,2018-03-28,Sinhalese Sports Club Ground,2,14.7,Pakistan,Sri Lanka,Sana Mir,Javeria Khan,NND de Silva,0,1,1,,,,,,,,
1138202,2017/18,2018-03-28,Sinhalese Sports Club Ground,2,14.8,Pakistan,Sri Lanka,Sana Mir,Javeria Khan,NND de Silva,0,0,,,,,,,,,
1138202,2017/18,2018-03-28,Sinhalese Sports Club Ground,2,14.9,Pakistan,Sri Lanka,Sana Mir,Javeria Khan,NND de Silva,0,0,,,,,,,,,
1138202,2017/18,2018-03-28,Sinhalese Sports Club Ground,2,15.1,Pakistan,Sri Lanka,Javeria Khan,Sana Mir,OU Ranasinghe,1,0,,,,,,,,,
1138202,2017/18,2018-03-28,Sinhalese Sports Club Ground,2,15.2,Pakistan,Sri Lanka,Sana Mir,Javeria Khan,OU Ranasinghe,1,0,,,,,,,,,
1138202,2017/18,2018-03-28,Sinhalese Sports Club Ground,2,15.3,Pakistan,Sri Lanka,Javeria Khan,Sana Mir,OU Ranasinghe,4,0,,,,,,,,,
1138202,2017/18,2018-03-28,Sinhalese Sports Club Ground,2,15.4,Pakistan,Sri Lanka,Javeria Khan,Sana Mir,OU Ranasinghe,1,0,,,,,,,,,
1138202,2017/18,2018-03-28,Sinhalese Sports Club Ground,2,15.5,Pakistan,Sri Lanka,Sana Mir,Javeria Khan,OU Ranasinghe,1,0,,,,,,,,,
1138202,2017/18,2018-03-28,Sinhalese Sports Club Ground,2,15.6,Pakistan,Sri Lanka,Javeria Khan,Sana Mir,OU Ranasinghe,1,0,,,,,,,,,
1138202,2017/18,2018-03-28,Sinhalese Sports Club Ground,2,16.1,Pakistan,Sri Lanka,Javeria Khan,Sana Mir,BMSM Kumari,1,0,,,,,,,,,
1138202,2017/18,2018-03-28,Sinhalese Sports Club Ground,2,16.2,Pakistan,Sri Lanka,Sana Mir,Javeria Khan,BMSM Kumari,4,0,,,,,,,,,
1138202,2017/18,2018-03-28,Sinhalese Sports Club Ground,2,16.3,Pakistan,Sri Lanka,Sana Mir,Javeria Khan,BMSM Kumari,0,0,,,,,,,,,
1138202,2017/18,2018-03-28,Sinhalese Sports Club Ground,2,16.4,Pakistan,Sri Lanka,Sana Mir,Javeria Khan,BMSM Kumari,1,0,,,,,,,,,
1138202,2017/18,2018-03-28,Sinhalese Sports Club Ground,2,16.5,Pakistan,Sri Lanka,Javeria Khan,Sana Mir,BMSM Kumari,0,0,,,,,,lbw,Javeria Khan,,
1138202,2017/18,2018-03-28,Sinhalese Sports Club Ground,2,16.6,Pakistan,Sri Lanka,Fareeha Mehmood,Sana Mir,BMSM Kumari,0,0,,,,,,run out,Sana Mir,,
1138202,2017/18,2018-03-28,Sinhalese Sports Club Ground,2,17.1,Pakistan,Sri Lanka,Fareeha Mehmood,Diana Baig,KDU Prabodhani,0,0,,,,,,,,,
1138202,2017/18,2018-03-28,Sinhalese Sports Club Ground,2,17.2,Pakistan,Sri Lanka,Fareeha Mehmood,Diana Baig,KDU Prabodhani,1,0,,,,,,,,,
1138202,2017/18,2018-03-28,Sinhalese Sports Club Ground,2,17.3,Pakistan,Sri Lanka,Diana Baig,Fareeha Mehmood,KDU Prabodhani,0,0,,,,,,,,,
1138202,2017/18,2018-03-28,Sinhalese Sports Club Ground,2,17.4,Pakistan,Sri Lanka,Diana Baig,Fareeha Mehmood,KDU Prabodhani,0,0,,,,,,,,,
1138202,2017/18,2018-03-28,Sinhalese Sports Club Ground,2,17.5,Pakistan,Sri Lanka,Diana Baig,Fareeha Mehmood,KDU Prabodhani,0,0,,,,,,,,,
1138202,2017/18,2018-03-28,Sinhalese Sports Club Ground,2,17.6,Pakistan,Sri Lanka,Diana Baig,Fareeha Mehmood,KDU Prabodhani,0,1,,,,1,,,,,
1138202,2017/18,2018-03-28,Sinhalese Sports Club Ground,2,18.1,Pakistan,Sri Lanka,Diana Baig,Fareeha Mehmood,HASD Siriwardene,1,0,,,,,,,,,
1138202,2017/18,2018-03-28,Sinhalese Sports Club Ground,2,18.2,Pakistan,Sri Lanka,Fareeha Mehmood,Diana Baig,HASD Siriwardene,0,0,,,,,,,,,
1138202,2017/18,2018-03-28,Sinhalese Sports Club Ground,2,18.3,Pakistan,Sri Lanka,Fareeha Mehmood,Diana Baig,HASD Siriwardene,0,0,,,,,,,,,
1138202,2017/18,2018-03-28,Sinhalese Sports Club Ground,2,18.4,Pakistan,Sri Lanka,Fareeha Mehmood,Diana Baig,HASD Siriwardene,1,0,,,,,,,,,
1138202,2017/18,2018-03-28,Sinhalese Sports Club Ground,2,18.5,Pakistan,Sri Lanka,Diana Baig,Fareeha Mehmood,HASD Siriwardene,1,0,,,,,,,,,
1138202,2017/18,2018-03-28,Sinhalese Sports Club Ground,2,18.6,Pakistan,Sri Lanka,Fareeha Mehmood,Diana Baig,HASD Siriwardene,0,0,,,,,,caught,Fareeha Mehmood,,
1138202,2017/18,2018-03-28,Sinhalese Sports Club Ground,2,19.1,Pakistan,Sri Lanka,Nashra Sandhu,Diana Baig,KADA Kanchana,1,0,,,,,,,,,
1138202,2017/18,2018-03-28,Sinhalese Sports Club Ground,2,19.2,Pakistan,Sri Lanka,Diana Baig,Nashra Sandhu,KADA Kanchana,0,0,,,,,,run out,Nashra Sandhu,,
1138202,2017/18,2018-03-28,Sinhalese Sports Club Ground,2,19.3,Pakistan,Sri Lanka,Ghulam Fatima,Diana Baig,KADA Kanchana,0,0,,,,,,,,,
1138202,2017/18,2018-03-28,Sinhalese Sports Club Ground,2,19.4,Pakistan,Sri Lanka,Ghulam Fatima,Diana Baig,KADA Kanchana,2,0,,,,,,,,,
1138202,2017/18,2018-03-28,Sinhalese Sports Club Ground,2,19.5,Pakistan,Sri Lanka,Ghulam Fatima,Diana Baig,KADA Kanchana,4,0,,,,,,,,,
