match_id,season,start_date,venue,innings,ball,batting_team,bowling_team,striker,non_striker,bowler,runs_off_bat,extras,wides,noballs,byes,legbyes,penalty,wicket_type,player_dismissed,other_wicket_type,other_player_dismissed
1140993,2018,2018-06-29,"The Village, Malahide",1,0.1,India,Ireland,KL Rahul,V Kohli,Simi Singh,0,0,,,,,,,,,
1140993,2018,2018-06-29,"The Village, Malahide",1,0.2,India,Ireland,KL Rahul,V Kohli,Simi Singh,1,0,,,,,,,,,
1140993,2018,2018-06-29,"The Village, Malahide",1,0.3,India,Ireland,V Kohli,KL Rahul,Simi Singh,1,0,,,,,,,,,
1140993,2018,2018-06-29,"The Village, Malahide",1,0.4,India,Ireland,KL Rahul,V Kohli,Simi Singh,4,0,,,,,,,,,
1140993,2018,2018-06-29,"The Village, Malahide",1,0.5,India,Ireland,KL Rahul,V Kohli,Simi Singh,0,1,1,,,,,,,,
1140993,2018,2018-06-29,"The Village, Malahide",1,0.6,India,Ireland,KL Rahul,V Kohli,Simi Singh,4,0,,,,,,,,,
1140993,2018,2018-06-29,"The Village, Malahide",1,0.7,India,Ireland,KL Rahul,V Kohli,Simi Singh,1,0,,,,,,,,,
1140993,2018,2018-06-29,"The Village, Malahide",1,1.1,India,Ireland,KL Rahul,V Kohli,WB Rankin,1,0,,,,,,,,,
1140993,2018,2018-06-29,"The Village, Malahide",1,1.2,India,Ireland,V Kohli,KL Rahul,WB Rankin,0,0,,,,,,,,,
1140993,2018,2018-06-29,"The Village, Malahide",1,1.3,India,Ireland,V Kohli,KL Rahul,WB Rankin,2,0,,,,,,,,,
1140993,2018,2018-06-29,"The Village, Malahide",1,1.4,India,Ireland,V Kohli,KL Rahul,WB Rankin,4,0,,,,,,,,,
1140993,2018,2018-06-29,"The Village, Malahide",1,1.5,India,Ireland,V Kohli,KL Rahul,WB Rankin,0,0,,,,,,,,,
1140993,2018,2018-06-29,"The Village, Malahide",1,1.6,India,Ireland,V Kohli,KL Rahul,WB Rankin,1,0,,,,,,,,,
1140993,2018,2018-06-29,"The Village, Malahide",1,2.1,India,Ireland,V Kohli,KL Rahul,PKD Chase,1,0,,,,,,,,,
1140993,2018,2018-06-29,"The Village, Malahide",1,2.2,India,Ireland,KL Rahul,V Kohli,PKD Chase,0,0,,,,,,,,,
1140993,2018,2018-06-29,"The Village, Malahide",1,2.3,India,Ireland,KL Rahul,V Kohli,PKD Chase,1,0,,,,,,,,,
1140993,2018,2018-06-29,"The Village, Malahide",1,2.4,India,Ireland,V Kohli,KL Rahul,PKD Chase,0,0,,,,,,caught,V Kohli,,
1140993,2018,2018-06-29,"The Village, Malahide",1,2.5,India,Ireland,KL Rahul,SK Raina,PKD Chase,1,0,,,,,,,,,
1140993,2018,2018-06-29,"The Village, Malahide",1,2.6,India,Ireland,SK Raina,KL Rahul,PKD Chase,1,0,,,,,,,,,
1140993,2018,2018-06-29,"The Village, Malahide",1,3.1,India,Ireland,SK Raina,KL Rahul,WB Rankin,1,0,,,,,,,,,
1140993,2018,2018-06-29,"The Village, Malahide",1,3.2,India,Ireland,KL Rahul,SK Raina,WB Rankin,1,0,,,,,,,,,
1140993,2018,2018-06-29,"The Village, Malahide",1,3.3,India,Ireland,SK Raina,KL Rahul,WB Rankin,1,0,,,,,,,,,
1140993,2018,2018-06-29,"The Village, Malahide",1,3.4,India,Ireland,KL Rahul,SK Raina,WB Rankin,6,0,,,,,,,,,
1140993,2018,2018-06-29,"The Village, Malahide",1,3.5,India,Ireland,KL Rahul,SK Raina,WB Rankin,0,0,,,,,,,,,
1140993,2018,2018-06-29,"The Village, Malahide",1,3.6,India,Ireland,KL Rahul,SK Raina,WB Rankin,0,0,,,,,,,,,
1140993,2018,2018-06-29,"The Village, Malahide",1,4.1,India,Ireland,SK Raina,KL Rahul,SR Thompson,6,0,,,,,,,,,
1140993,2018,2018-06-29,"The Village, Malahide",1,4.2,India,Ireland,SK Raina,KL Rahul,SR Thompson,0,0,,,,,,,,,
1140993,2018,2018-06-29,"The Village, Malahide",1,4.3,India,Ireland,SK Raina,KL Rahul,SR Thompson,6,0,,,,,,,,,
1140993,2018,2018-06-29,"The Village, Malahide",1,4.4,India,Ireland,SK Raina,KL Rahul,SR Thompson,0,1,1,,,,,,,,
1140993,2018,2018-06-29,"The Village, Malahide",1,4.5,India,Ireland,SK Raina,KL Rahul,SR Thompson,0,1,1,,,,,,,,
1140993,2018,2018-06-29,"The Village, Malahide",1,4.6,India,Ireland,SK Raina,KL Rahul,SR Thompson,0,1,1,,,,,,,,
1140993,2018,2018-06-29,"The Village, Malahide",1,4.7,India,Ireland,SK Raina,KL Rahul,SR Thompson,1,0,,,,,,,,,
1140993,2018,2018-06-29,"The Village, Malahide",1,4.8,India,Ireland,KL Rahul,SK Raina,SR Thompson,1,0,,,,,,,,,
1140993,2018,2018-06-29,"The Village, Malahide",1,4.9,India,Ireland,SK Raina,KL Rahul,SR Thompson,0,0,,,,,,,,,
1140993,2018,2018-06-29,"The Village, Malahide",1,5.1,India,Ireland,KL Rahul,SK Raina,PKD Chase,1,0,,,,,,,,,
1140993,2018,2018-06-29,"The Village, Malahide",1,5.2,India,Ireland,SK Raina,KL Rahul,PKD Chase,0,0,,,,,,,,,
1140993,2018,2018-06-29,"The Village, Malahide",1,5.3,India,Ireland,SK Raina,KL Rahul,PKD Chase,0,0,,,,,,,,,
1140993,2018,2018-06-29,"The Village, Malahide",1,5.4,India,Ireland,SK Raina,KL Rahul,PKD Chase,4,0,,,,,,,,,
1140993,2018,2018-06-29,"The Village, Malahide",1,5.5,India,Ireland,SK Raina,KL Rahul,PKD Chase,1,0,,,,,,,,,
1140993,2018,2018-06-29,"The Village, Malahide",1,5.6,India,Ireland,KL Rahul,SK Raina,PKD Chase,1,0,,,,,,,,,
1140993,2018,2018-06-29,"The Village, Malahide",1,6.1,India,Ireland,KL Rahul,SK Raina,GH Dockrell,1,0,,,,,,,,,
1140993,2018,2018-06-29,"The Village, Malahide",1,6.2,India,Ireland,SK Raina,KL Rahul,GH Dockrell,1,0,,,,,,,,,
1140993,2018,2018-06-29,"The Village, Malahide",1,6.3,India,Ireland,KL Rahul,SK Raina,GH Dockrell,1,0,,,,,,,,,
1140993,2018,2018-06-29,"The Village, Malahide",1,6.4,India,Ireland,SK Raina,KL Rahul,GH Dockrell,1,0,,,,,,,,,
1140993,2018,2018-06-29,"The Village, Malahide",1,6.5,India,Ireland,KL Rahul,SK Raina,GH Dockrell,1,0,,,,,,,,,
1140993,2018,2018-06-29,"The Village, Malahide",1,6.6,India,Ireland,SK Raina,KL Rahul,GH Dockrell,1,0,,,,,,,,,
1140993,2018,2018-06-29,"The Village, Malahide",1,7.1,India,Ireland,SK Raina,KL Rahul,Simi Singh,1,0,,,,,,,,,
1140993,2018,2018-06-29,"The Village, Malahide",1,7.2,India,Ireland,KL Rahul,SK Raina,Simi Singh,6,0,,,,,,,,,
1140993,2018,2018-06-29,"The Village, Malahide",1,7.3,India,Ireland,KL Rahul,SK Raina,Simi Singh,0,1,1,,,,,,,,
1140993,2018,2018-06-29,"The Village, Malahide",1,7.4,India,Ireland,KL Rahul,SK Raina,Simi Singh,6,0,,,,,,,,,
1140993,2018,2018-06-29,"The Village, Malahide",1,7.5,India,Ireland,KL Rahul,SK Raina,Simi Singh,4,0,,,,,,,,,
1140993,2018,2018-06-29,"The Village, Malahide",1,7.6,India,Ireland,KL Rahul,SK Raina,Simi Singh,1,0,,,,,,,,,
1140993,2018,2018-06-29,"The Village, Malahide",1,7.7,India,Ireland,SK Raina,KL Rahul,Simi Singh,1,0,,,,,,,,,
1140993,2018,2018-06-29,"The Village, Malahide",1,8.1,India,Ireland,SK Raina,KL Rahul,PR Stirling,0,0,,,,,,,,,
1140993,2018,2018-06-29,"The Village, Malahide",1,8.2,India,Ireland,SK Raina,KL Rahul,PR Stirling,1,0,,,,,,,,,
1140993,2018,2018-06-29,"The Village, Malahide",1,8.3,India,Ireland,KL Rahul,SK Raina,PR Stirling,0,1,1,,,,,,,,
1140993,2018,2018-06-29,"The Village, Malahide",1,8.4,India,Ireland,KL Rahul,SK Raina,PR Stirling,1,0,,,,,,,,,
1140993,2018,2018-06-29,"The Village, Malahide",1,8.5,India,Ireland,SK Raina,KL Rahul,PR Stirling,1,0,,,,,,,,,
1140993,2018,2018-06-29,"The Village, Malahide",1,8.6,India,Ireland,KL Rahul,SK Raina,PR Stirling,1,0,,,,,,,,,
1140993,2018,2018-06-29,"The Village, Malahide",1,8.7,India,Ireland,SK Raina,KL Rahul,PR Stirling,4,0,,,,,,,,,
1140993,2018,2018-06-29,"The Village, Malahide",1,9.1,India,Ireland,KL Rahul,SK Raina,GH Dockrell,1,0,,,,,,,,,
1140993,2018,2018-06-29,"The Village, Malahide",1,9.2,India,Ireland,SK Raina,KL Rahul,GH Dockrell,4,0,,,,,,,,,
1140993,2018,2018-06-29,"The Village, Malahide",1,9.3,India,Ireland,SK Raina,KL Rahul,GH Dockrell,1,0,,,,,,,,,
1140993,2018,2018-06-29,"The Village, Malahide",1,9.4,India,Ireland,KL Rahul,SK Raina,GH Dockrell,1,0,,,,,,,,,
1140993,2018,2018-06-29,"The Village, Malahide",1,9.5,India,Ireland,SK Raina,KL Rahul,GH Dockrell,0,0,,,,,,,,,
1140993,2018,2018-06-29,"The Village, Malahide",1,9.6,India,Ireland,SK Raina,KL Rahul,GH Dockrell,2,0,,,,,,,,,
1140993,2018,2018-06-29,"The Village, Malahide",1,10.1,India,Ireland,KL Rahul,SK Raina,WB Rankin,6,0,,,,,,,,,
1140993,2018,2018-06-29,"The Village, Malahide",1,10.2,India,Ireland,KL Rahul,SK Raina,WB Rankin,1,0,,,,,,,,,
1140993,2018,2018-06-29,"The Village, Malahide",1,10.3,India,Ireland,SK Raina,KL Rahul,WB Rankin,1,0,,,,,,,,,
1140993,2018,2018-06-29,"The Village, Malahide",1,10.4,India,Ireland,KL Rahul,SK Raina,WB Rankin,6,0,,,,,,,,,
1140993,2018,2018-06-29,"The Village, Malahide",1,10.5,India,Ireland,KL Rahul,SK Raina,WB Rankin,0,1,1,,,,,,,,
1140993,2018,2018-06-29,"The Village, Malahide",1,10.6,India,Ireland,KL Rahul,SK Raina,WB Rankin,1,0,,,,,,,,,
1140993,2018,2018-06-29,"The Village, Malahide",1,10.7,India,Ireland,SK Raina,KL Rahul,WB Rankin,0,0,,,,,,,,,
1140993,2018,2018-06-29,"The Village, Malahide",1,11.1,India,Ireland,KL Rahul,SK Raina,GH Dockrell,6,0,,,,,,,,,
1140993,2018,2018-06-29,"The Village, Malahide",1,11.2,India,Ireland,KL Rahul,SK Raina,GH Dockrell,1,0,,,,,,,,,
1140993,2018,2018-06-29,"The Village, Malahide",1,11.3,India,Ireland,SK Raina,KL Rahul,GH Dockrell,1,0,,,,,,,,,
1140993,2018,2018-06-29,"The Village, Malahide",1,11.4,India,Ireland,KL Rahul,SK Raina,GH Dockrell,1,0,,,,,,,,,
1140993,2018,2018-06-29,"The Village, Malahide",1,11.5,India,Ireland,SK Raina,KL Rahul,GH Dockrell,1,0,,,,,,,,,
1140993,2018,2018-06-29,"The Village, Malahide",1,11.6,India,Ireland,KL Rahul,SK Raina,GH Dockrell,1,0,,,,,,,,,
1140993,2018,2018-06-29,"The Village, Malahide",1,12.1,India,Ireland,KL Rahul,SK Raina,KJ O'Brien,0,0,,,,,,caught and bowled,KL Rahul,,
1140993,2018,2018-06-29,"The Village, Malahide",1,12.2,India,Ireland,RG Sharma,SK Raina,KJ O'Brien,0,0,,,,,,,,,
1140993,2018,2018-06-29,"The Village, Malahide",1,12.3,India,Ireland,RG Sharma,SK Raina,KJ O'Brien,0,0,,,,,,caught,RG Sharma,,
1140993,2018,2018-06-29,"The Village, Malahide",1,12.4,India,Ireland,MK Pandey,SK Raina,KJ O'Brien,0,0,,,,,,,,,
1140993,2018,2018-06-29,"The Village, Malahide",1,12.5,India,Ireland,MK Pandey,SK Raina,KJ O'Brien,1,0,,,,,,,,,
1140993,2018,2018-06-29,"The Village, Malahide",1,12.6,India,Ireland,SK Raina,MK Pandey,KJ O'Brien,0,1,1,,,,,,,,
1140993,2018,2018-06-29,"The Village, Malahide",1,12.7,India,Ireland,SK Raina,MK Pandey,KJ O'Brien,1,0,,,,,,,,,
1140993,2018,2018-06-29,"The Village, Malahide",1,13.1,India,Ireland,SK Raina,MK Pandey,GH Dockrell,1,0,,,,,,,,,
1140993,2018,2018-06-29,"The Village, Malahide",1,13.2,India,Ireland,MK Pandey,SK Raina,GH Dockrell,0,0,,,,,,,,,
1140993,2018,2018-06-29,"The Village, Malahide",1,13.3,India,Ireland,MK Pandey,SK Raina,GH Dockrell,0,0,,,,,,,,,
1140993,2018,2018-06-29,"The Village, Malahide",1,13.4,India,Ireland,MK Pandey,SK Raina,GH Dockrell,1,0,,,,,,,,,
1140993,2018,2018-06-29,"The Village, Malahide",1,13.5,India,Ireland,SK Raina,MK Pandey,GH Dockrell,1,0,,,,,,,,,
1140993,2018,2018-06-29,"The Village, Malahide",1,13.6,India,Ireland,MK Pandey,SK Raina,GH Dockrell,1,0,,,,,,,,,
1140993,2018,2018-06-29,"The Village, Malahide",1,14.1,India,Ireland,MK Pandey,SK Raina,KJ O'Brien,1,0,,,,,,,,,
1140993,2018,2018-06-29,"The Village, Malahide",1,14.2,India,Ireland,SK Raina,MK Pandey,KJ O'Brien,1,0,,,,,,,,,
1140993,2018,2018-06-29,"The Village, Malahide",1,14.3,India,Ireland,MK Pandey,SK Raina,KJ O'Brien,0,0,,,,,,,,,
1140993,2018,2018-06-29,"The Village, Malahide",1,14.4,India,Ireland,MK Pandey,SK Raina,KJ O'Brien,1,0,,,,,,,,,
1140993,2018,2018-06-29,"The Village, Malahide",1,14.5,India,Ireland,SK Raina,MK Pandey,KJ O'Brien,0,1,1,,,,,,,,
1140993,2018,2018-06-29,"The Village, Malahide",1,14.6,India,Ireland,SK Raina,MK Pandey,KJ O'Brien,4,0,,,,,,,,,
1140993,2018,2018-06-29,"The Village, Malahide",1,14.7,India,Ireland,SK Raina,MK Pandey,KJ O'Brien,1,0,,,,,,,,,
1140993,2018,2018-06-29,"The Village, Malahide",1,15.1,India,Ireland,SK Raina,MK Pandey,PKD Chase,0,0,,,,,,,,,
1140993,2018,2018-06-29,"The Village, Malahide",1,15.2,India,Ireland,SK Raina,MK Pandey,PKD Chase,6,0,,,,,,,,,
1140993,2018,2018-06-29,"The Village, Malahide",1,15.3,India,Ireland,SK Raina,MK Pandey,PKD Chase,1,0,,,,,,,,,
1140993,2018,2018-06-29,"The Village, Malahide",1,15.4,India,Ireland,MK Pandey,SK Raina,PKD Chase,1,0,,,,,,,,,
1140993,2018,2018-06-29,"The Village, Malahide",1,15.5,India,Ireland,SK Raina,MK Pandey,PKD Chase,4,0,,,,,,,,,
1140993,2018,2018-06-29,"The Village, Malahide",1,15.6,India,Ireland,SK Raina,MK Pandey,PKD Chase,1,0,,,,,,,,,
1140993,2018,2018-06-29,"The Village, Malahide",1,16.1,India,Ireland,SK Raina,MK Pandey,PR Stirling,0,1,1,,,,,,,,
1140993,2018,2018-06-29,"The Village, Malahide",1,16.2,India,Ireland,SK Raina,MK Pandey,PR Stirling,3,0,,,,,,,,,
1140993,2018,2018-06-29,"The Village, Malahide",1,16.3,India,Ireland,MK Pandey,SK Raina,PR Stirling,2,0,,,,,,,,,
1140993,2018,2018-06-29,"The Village, Malahide",1,16.4,India,Ireland,MK Pandey,SK Raina,PR Stirling,1,0,,,,,,,,,
1140993,2018,2018-06-29,"The Village, Malahide",1,16.5,India,Ireland,SK Raina,MK Pandey,PR Stirling,1,0,,,,,,,,,
1140993,2018,2018-06-29,"The Village, Malahide",1,16.6,India,Ireland,MK Pandey,SK Raina,PR Stirling,1,0,,,,,,,,,
1140993,2018,2018-06-29,"The Village, Malahide",1,16.7,India,Ireland,SK Raina,MK Pandey,PR Stirling,1,0,,,,,,,,,
1140993,2018,2018-06-29,"The Village, Malahide",1,17.1,India,Ireland,SK Raina,MK Pandey,KJ O'Brien,1,0,,,,,,,,,
1140993,2018,2018-06-29,"The Village, Malahide",1,17.2,India,Ireland,MK Pandey,SK Raina,KJ O'Brien,1,0,,,,,,,,,
1140993,2018,2018-06-29,"The Village, Malahide",1,17.3,India,Ireland,SK Raina,MK Pandey,KJ O'Brien,0,0,,,,,,caught,SK Raina,,
1140993,2018,2018-06-29,"The Village, Malahide",1,17.4,India,Ireland,MK Pandey,HH Pandya,KJ O'Brien,4,0,,,,,,,,,
1140993,2018,2018-06-29,"The Village, Malahide",1,17.5,India,Ireland,MK Pandey,HH Pandya,KJ O'Brien,1,0,,,,,,,,,
1140993,2018,2018-06-29,"The Village, Malahide",1,17.6,India,Ireland,HH Pandya,MK Pandey,KJ O'Brien,0,0,,,,,,,,,
1140993,2018,2018-06-29,"The Village, Malahide",1,18.1,India,Ireland,MK Pandey,HH Pandya,PKD Chase,1,0,,,,,,,,,
1140993,2018,2018-06-29,"The Village, Malahide",1,18.2,India,Ireland,HH Pandya,MK Pandey,PKD Chase,1,0,,,,,,,,,
1140993,2018,2018-06-29,"The Village, Malahide",1,18.3,India,Ireland,MK Pandey,HH Pandya,PKD Chase,1,0,,,,,,,,,
1140993,2018,2018-06-29,"The Village, Malahide",1,18.4,India,Ireland,HH Pandya,MK Pandey,PKD Chase,0,1,1,,,,,,,,
1140993,2018,2018-06-29,"The Village, Malahide",1,18.5,India,Ireland,HH Pandya,MK Pandey,PKD Chase,6,0,,,,,,,,,
1140993,2018,2018-06-29,"The Village, Malahide",1,18.6,India,Ireland,HH Pandya,MK Pandey,PKD Chase,6,0,,,,,,,,,
1140993,2018,2018-06-29,"The Village, Malahide",1,18.7,India,Ireland,HH Pandya,MK Pandey,PKD Chase,2,0,,,,,,,,,
1140993,2018,2018-06-29,"The Village, Malahide",1,19.1,India,Ireland,MK Pandey,HH Pandya,KJ O'Brien,0,1,1,,,,,,,,
1140993,2018,2018-06-29,"The Village, Malahide",1,19.2,India,Ireland,MK Pandey,HH Pandya,KJ O'Brien,2,0,,,,,,,,,
1140993,2018,2018-06-29,"The Village, Malahide",1,19.3,India,Ireland,MK Pandey,HH Pandya,KJ O'Brien,1,0,,,,,,,,,
1140993,2018,2018-06-29,"The Village, Malahide",1,19.4,India,Ireland,HH Pandya,MK Pandey,KJ O'Brien,6,0,,,,,,,,,
1140993,2018,2018-06-29,"The Village, Malahide",1,19.5,India,Ireland,HH Pandya,MK Pandey,KJ O'Brien,6,0,,,,,,,,,
1140993,2018,2018-06-29,"The Village, Malahide",1,19.6,India,Ireland,HH Pandya,MK Pandey,KJ O'Brien,4,0,,,,,,,,,
1140993,2018,2018-06-29,"The Village, Malahide",1,19.7,India,Ireland,HH Pandya,MK Pandey,KJ O'Brien,1,0,,,,,,,,,
1140993,2018,2018-06-29,"The Village, Malahide",2,0.1,Ireland,India,PR Stirling,JNK Shannon,UT Yadav,0,0,,,,,,,,,
1140993,2018,2018-06-29,"The Village, Malahide",2,0.2,Ireland,India,PR Stirling,JNK Shannon,UT Yadav,0,0,,,,,,caught,PR Stirling,,
1140993,2018,2018-06-29,"The Village, Malahide",2,0.3,Ireland,India,WTS Porterfield,JNK Shannon,UT Yadav,0,0,,,,,,,,,
1140993,2018,2018-06-29,"The Village, Malahide",2,0.4,Ireland,India,WTS Porterfield,JNK Shannon,UT Yadav,0,0,,,,,,,,,
1140993,2018,2018-06-29,"The Village, Malahide",2,0.5,Ireland,India,WTS Porterfield,JNK Shannon,UT Yadav,0,0,,,,,,,,,
1140993,2018,2018-06-29,"The Village, Malahide",2,0.6,Ireland,India,WTS Porterfield,JNK Shannon,UT Yadav,1,0,,,,,,,,,
1140993,2018,2018-06-29,"The Village, Malahide",2,1.1,Ireland,India,WTS Porterfield,JNK Shannon,S Kaul,0,0,,,,,,,,,
1140993,2018,2018-06-29,"The Village, Malahide",2,1.2,Ireland,India,WTS Porterfield,JNK Shannon,S Kaul,0,0,,,,,,,,,
1140993,2018,2018-06-29,"The Village, Malahide",2,1.3,Ireland,India,WTS Porterfield,JNK Shannon,S Kaul,1,0,,,,,,,,,
1140993,2018,2018-06-29,"The Village, Malahide",2,1.4,Ireland,India,JNK Shannon,WTS Porterfield,S Kaul,0,0,,,,,,,,,
1140993,2018,2018-06-29,"The Village, Malahide",2,1.5,Ireland,India,JNK Shannon,WTS Porterfield,S Kaul,0,0,,,,,,,,,
1140993,2018,2018-06-29,"The Village, Malahide",2,1.6,Ireland,India,JNK Shannon,WTS Porterfield,S Kaul,2,0,,,,,,,,,
1140993,2018,2018-06-29,"The Village, Malahide",2,2.1,Ireland,India,WTS Porterfield,JNK Shannon,UT Yadav,4,0,,,,,,,,,
1140993,2018,2018-06-29,"The Village, Malahide",2,2.2,Ireland,India,WTS Porterfield,JNK Shannon,UT Yadav,2,0,,,,,,,,,
1140993,2018,2018-06-29,"The Village, Malahide",2,2.3,Ireland,India,WTS Porterfield,JNK Shannon,UT Yadav,6,0,,,,,,,,,
1140993,2018,2018-06-29,"The Village, Malahide",2,2.4,Ireland,India,WTS Porterfield,JNK Shannon,UT Yadav,0,0,,,,,,bowled,WTS Porterfield,,
1140993,2018,2018-06-29,"The Village, Malahide",2,2.5,Ireland,India,A Balbirnie,JNK Shannon,UT Yadav,2,0,,,,,,,,,
1140993,2018,2018-06-29,"The Village, Malahide",2,2.6,Ireland,India,A Balbirnie,JNK Shannon,UT Yadav,4,0,,,,,,,,,
1140993,2018,2018-06-29,"The Village, Malahide",2,3.1,Ireland,India,JNK Shannon,A Balbirnie,S Kaul,0,0,,,,,,,,,
1140993,2018,2018-06-29,"The Village, Malahide",2,3.2,Ireland,India,JNK Shannon,A Balbirnie,S Kaul,0,0,,,,,,,,,
1140993,2018,2018-06-29,"The Village, Malahide",2,3.3,Ireland,India,JNK Shannon,A Balbirnie,S Kaul,0,0,,,,,,,,,
1140993,2018,2018-06-29,"The Village, Malahide",2,3.4,Ireland,India,JNK Shannon,A Balbirnie,S Kaul,0,0,,,,,,caught,JNK Shannon,,
1140993,2018,2018-06-29,"The Village, Malahide",2,3.5,Ireland,India,GC Wilson,A Balbirnie,S Kaul,0,0,,,,,,,,,
1140993,2018,2018-06-29,"The Village, Malahide",2,3.6,Ireland,India,GC Wilson,A Balbirnie,S Kaul,0,1,1,,,,,,,,
1140993,2018,2018-06-29,"The Village, Malahide",2,3.7,Ireland,India,GC Wilson,A Balbirnie,S Kaul,0,0,,,,,,,,,
1140993,2018,2018-06-29,"The Village, Malahide",2,4.1,Ireland,India,A Balbirnie,GC Wilson,HH Pandya,1,0,,,,,,,,,
1140993,2018,2018-06-29,"The Village, Malahide",2,4.2,Ireland,India,GC Wilson,A Balbirnie,HH Pandya,0,0,,,,,,,,,
1140993,2018,2018-06-29,"The Village, Malahide",2,4.3,Ireland,India,GC Wilson,A Balbirnie,HH Pandya,1,0,,,,,,,,,
1140993,2018,2018-06-29,"The Village, Malahide",2,4.4,Ireland,India,A Balbirnie,GC Wilson,HH Pandya,0,0,,,,,,,,,
1140993,2018,2018-06-29,"The Village, Malahide",2,4.5,Ireland,India,A Balbirnie,GC Wilson,HH Pandya,1,0,,,,,,,,,
1140993,2018,2018-06-29,"The Village, Malahide",2,4.6,Ireland,India,GC Wilson,A Balbirnie,HH Pandya,1,0,,,,,,,,,
1140993,2018,2018-06-29,"The Village, Malahide",2,5.1,Ireland,India,GC Wilson,A Balbirnie,YS Chahal,0,0,,,,,,,,,
1140993,2018,2018-06-29,"The Village, Malahide",2,5.2,Ireland,India,GC Wilson,A Balbirnie,YS Chahal,1,0,,,,,,,,,
1140993,2018,2018-06-29,"The Village, Malahide",2,5.3,Ireland,India,A Balbirnie,GC Wilson,YS Chahal,1,0,,,,,,,,,
1140993,2018,2018-06-29,"The Village, Malahide",2,5.4,Ireland,India,GC Wilson,A Balbirnie,YS Chahal,0,0,,,,,,,,,
1140993,2018,2018-06-29,"The Village, Malahide",2,5.5,Ireland,India,GC Wilson,A Balbirnie,YS Chahal,1,0,,,,,,,,,
1140993,2018,2018-06-29,"The Village, Malahide",2,5.6,Ireland,India,A Balbirnie,GC Wilson,YS Chahal,0,0,,,,,,bowled,A Balbirnie,,
1140993,2018,2018-06-29,"The Village, Malahide",2,6.1,Ireland,India,GC Wilson,KJ O'Brien,HH Pandya,0,1,1,,,,,,,,
1140993,2018,2018-06-29,"The Village, Malahide",2,6.2,Ireland,India,GC Wilson,KJ O'Brien,HH Pandya,1,0,,,,,,,,,
1140993,2018,2018-06-29,"The Village, Malahide",2,6.3,Ireland,India,KJ O'Brien,GC Wilson,HH Pandya,0,0,,,,,,,,,
1140993,2018,2018-06-29,"The Village, Malahide",2,6.4,Ireland,India,KJ O'Brien,GC Wilson,HH Pandya,0,0,,,,,,caught,KJ O'Brien,,
1140993,2018,2018-06-29,"The Village, Malahide",2,6.5,Ireland,India,GC Wilson,Simi Singh,HH Pandya,4,0,,,,,,,,,
1140993,2018,2018-06-29,"The Village, Malahide",2,6.6,Ireland,India,GC Wilson,Simi Singh,HH Pandya,0,0,,,,,,,,,
1140993,2018,2018-06-29,"The Village, Malahide",2,6.7,Ireland,India,GC Wilson,Simi Singh,HH Pandya,0,0,,,,,,,,,
1140993,2018,2018-06-29,"The Village, Malahide",2,7.1,Ireland,India,Simi Singh,GC Wilson,YS Chahal,0,0,,,,,,,,,
1140993,2018,2018-06-29,"The Village, Malahide",2,7.2,Ireland,India,Simi Singh,GC Wilson,YS Chahal,0,0,,,,,,lbw,Simi Singh,,
1140993,2018,2018-06-29,"The Village, Malahide",2,7.3,Ireland,India,SR Thompson,GC Wilson,YS Chahal,1,0,,,,,,,,,
1140993,2018,2018-06-29,"The Village, Malahide",2,7.4,Ireland,India,GC Wilson,SR Thompson,YS Chahal,1,0,,,,,,,,,
1140993,2018,2018-06-29,"The Village, Malahide",2,7.5,Ireland,India,SR Thompson,GC Wilson,YS Chahal,1,0,,,,,,,,,
1140993,2018,2018-06-29,"The Village, Malahide",2,7.6,Ireland,India,GC Wilson,SR Thompson,YS Chahal,1,0,,,,,,,,,
1140993,2018,2018-06-29,"The Village, Malahide",2,8.1,Ireland,India,GC Wilson,SR Thompson,Kuldeep Yadav,4,0,,,,,,,,,
1140993,2018,2018-06-29,"The Village, Malahide",2,8.2,Ireland,India,GC Wilson,SR Thompson,Kuldeep Yadav,0,0,,,,,,,,,
1140993,2018,2018-06-29,"The Village, Malahide",2,8.3,Ireland,India,GC Wilson,SR Thompson,Kuldeep Yadav,0,0,,,,,,bowled,GC Wilson,,
1140993,2018,2018-06-29,"The Village, Malahide",2,8.4,Ireland,India,GH Dockrell,SR Thompson,Kuldeep Yadav,0,0,,,,,,,,,
1140993,2018,2018-06-29,"The Village, Malahide",2,8.5,Ireland,India,GH Dockrell,SR Thompson,Kuldeep Yadav,0,0,,,,,,,,,
1140993,2018,2018-06-29,"The Village, Malahide",2,8.6,Ireland,India,GH Dockrell,SR Thompson,Kuldeep Yadav,1,0,,,,,,,,,
1140993,2018,2018-06-29,"The Village, Malahide",2,9.1,Ireland,India,GH Dockrell,SR Thompson,YS Chahal,0,0,,,,,,,,,
1140993,2018,2018-06-29,"The Village, Malahide",2,9.2,Ireland,India,GH Dockrell,SR Thompson,YS Chahal,0,0,,,,,,,,,
1140993,2018,2018-06-29,"The Village, Malahide",2,9.3,Ireland,India,GH Dockrell,SR Thompson,YS Chahal,0,0,,,,,,,,,
1140993,2018,2018-06-29,"The Village, Malahide",2,9.4,Ireland,India,GH Dockrell,SR Thompson,YS Chahal,3,0,,,,,,,,,
1140993,2018,2018-06-29,"The Village, Malahide",2,9.5,Ireland,India,SR Thompson,GH Dockrell,YS Chahal,4,0,,,,,,,,,
1140993,2018,2018-06-29,"The Village, Malahide",2,9.6,Ireland,India,SR Thompson,GH Dockrell,YS Chahal,4,0,,,,,,,,,
1140993,2018,2018-06-29,"The Village, Malahide",2,10.1,Ireland,India,GH Dockrell,SR Thompson,Kuldeep Yadav,0,0,,,,,,caught,GH Dockrell,,
1140993,2018,2018-06-29,"The Village, Malahide",2,10.2,Ireland,India,SR Thompson,WB Rankin,Kuldeep Yadav,1,0,,,,,,,,,
1140993,2018,2018-06-29,"The Village, Malahide",2,10.3,Ireland,India,WB Rankin,SR Thompson,Kuldeep Yadav,0,0,,,,,,,,,
1140993,2018,2018-06-29,"The Village, Malahide",2,10.4,Ireland,India,WB Rankin,SR Thompson,Kuldeep Yadav,1,0,,,,,,,,,
1140993,2018,2018-06-29,"The Village, Malahide",2,10.5,Ireland,India,SR Thompson,WB Rankin,Kuldeep Yadav,1,0,,,,,,,,,
1140993,2018,2018-06-29,"The Village, Malahide",2,10.6,Ireland,India,WB Rankin,SR Thompson,Kuldeep Yadav,6,0,,,,,,,,,
1140993,2018,2018-06-29,"The Village, Malahide",2,11.1,Ireland,India,SR Thompson,WB Rankin,YS Chahal,0,0,,,,,,,,,
1140993,2018,2018-06-29,"The Village, Malahide",2,11.2,Ireland,India,SR Thompson,WB Rankin,YS Chahal,1,0,,,,,,,,,
1140993,2018,2018-06-29,"The Village, Malahide",2,11.3,Ireland,India,WB Rankin,SR Thompson,YS Chahal,0,0,,,,,,,,,
1140993,2018,2018-06-29,"The Village, Malahide",2,11.4,Ireland,India,WB Rankin,SR Thompson,YS Chahal,0,1,1,,,,,,,,
1140993,2018,2018-06-29,"The Village, Malahide",2,11.5,Ireland,India,WB Rankin,SR Thompson,YS Chahal,1,0,,,,,,,,,
1140993,2018,2018-06-29,"The Village, Malahide",2,11.6,Ireland,India,SR Thompson,WB Rankin,YS Chahal,0,0,,,,,,bowled,SR Thompson,,
1140993,2018,2018-06-29,"The Village, Malahide",2,11.7,Ireland,India,PKD Chase,WB Rankin,YS Chahal,0,0,,,,,,,,,
1140993,2018,2018-06-29,"The Village, Malahide",2,12.1,Ireland,India,WB Rankin,PKD Chase,Kuldeep Yadav,0,0,,,,,,,,,
1140993,2018,2018-06-29,"The Village, Malahide",2,12.2,Ireland,India,WB Rankin,PKD Chase,Kuldeep Yadav,2,0,,,,,,,,,
1140993,2018,2018-06-29,"The Village, Malahide",2,12.3,Ireland,India,WB Rankin,PKD Chase,Kuldeep Yadav,0,0,,,,,,stumped,WB Rankin,,
