match_id,season,start_date,venue,innings,ball,batting_team,bowling_team,striker,non_striker,bowler,runs_off_bat,extras,wides,noballs,byes,legbyes,penalty,wicket_type,player_dismissed,other_wicket_type,other_player_dismissed
1142589,2018,2018-08-14,"R.Premadasa Stadium, Khettarama",1,0.1,South Africa,Sri Lanka,Q de Kock,HM Amla,CAK Rajitha,4,0,,,,,,,,,
1142589,2018,2018-08-14,"R.Premadasa Stadium, Khettarama",1,0.2,South Africa,Sri Lanka,Q de Kock,HM Amla,CAK Rajitha,4,0,,,,,,,,,
1142589,2018,2018-08-14,"R.Premadasa Stadium, Khettarama",1,0.3,South Africa,Sri Lanka,Q de Kock,HM Amla,CAK Rajitha,0,0,,,,,,,,,
1142589,2018,2018-08-14,"R.Premadasa Stadium, Khettarama",1,0.4,South Africa,Sri Lanka,Q de Kock,HM Amla,CAK Rajitha,4,0,,,,,,,,,
1142589,2018,2018-08-14,"R.Premadasa Stadium, Khettarama",1,0.5,South Africa,Sri Lanka,Q de Kock,HM Amla,CAK Rajitha,1,0,,,,,,,,,
1142589,2018,2018-08-14,"R.Premadasa Stadium, Khettarama",1,0.6,South Africa,Sri Lanka,HM Amla,Q de Kock,CAK Rajitha,0,0,,,,,,,,,
1142589,2018,2018-08-14,"R.Premadasa Stadium, Khettarama",1,1.1,South Africa,Sri Lanka,Q de Kock,HM Amla,DM de Silva,0,0,,,,,,,,,
1142589,2018,2018-08-14,"R.Premadasa Stadium, Khettarama",1,1.2,South Africa,Sri Lanka,Q de Kock,HM Amla,DM de Silva,1,0,,,,,,,,,
1142589,2018,2018-08-14,"R.Premadasa Stadium, Khettarama",1,1.3,South Africa,Sri Lanka,HM Amla,Q de Kock,DM de Silva,0,0,,,,,,,,,
1142589,2018,2018-08-14,"R.Premadasa Stadium, Khettarama",1,1.4,South Africa,Sri Lanka,HM Amla,Q de Kock,DM de Silva,0,0,,,,,,,,,
1142589,2018,2018-08-14,"R.Premadasa Stadium, Khettarama",1,1.5,South Africa,Sri Lanka,HM Amla,Q de Kock,DM de Silva,0,0,,,,,,caught,HM Amla,,
1142589,2018,2018-08-14,"R.Premadasa Stadium, Khettarama",1,1.6,South Africa,Sri Lanka,RR Hendricks,Q de Kock,DM de Silva,0,0,,,,,,,,,
1142589,2018,2018-08-14,"R.Premadasa Stadium, Khettarama",1,2.1,South Africa,Sri Lanka,Q de Kock,RR Hendricks,A Dananjaya,1,0,,,,,,,,,
1142589,2018,2018-08-14,"R.Premadasa Stadium, Khettarama",1,2.2,South Africa,Sri Lanka,RR Hendricks,Q de Kock,A Dananjaya,1,0,,,,,,,,,
1142589,2018,2018-08-14,"R.Premadasa Stadium, Khettarama",1,2.3,South Africa,Sri Lanka,Q de Kock,RR Hendricks,A Dananjaya,1,0,,,,,,,,,
1142589,2018,2018-08-14,"R.Premadasa Stadium, Khettarama",1,2.4,South Africa,Sri Lanka,RR Hendricks,Q de Kock,A Dananjaya,0,0,,,,,,,,,
1142589,2018,2018-08-14,"R.Premadasa Stadium, Khettarama",1,2.5,South Africa,Sri Lanka,RR Hendricks,Q de Kock,A Dananjaya,0,0,,,,,,,,,
1142589,2018,2018-08-14,"R.Premadasa Stadium, Khettarama",1,2.6,South Africa,Sri Lanka,RR Hendricks,Q de Kock,A Dananjaya,1,0,,,,,,,,,
1142589,2018,2018-08-14,"R.Premadasa Stadium, Khettarama",1,3.1,South Africa,Sri Lanka,RR Hendricks,Q de Kock,DM de Silva,0,1,,1,,,,,,,
1142589,2018,2018-08-14,"R.Premadasa Stadium, Khettarama",1,3.2,South Africa,Sri Lanka,RR Hendricks,Q de Kock,DM de Silva,6,0,,,,,,,,,
1142589,2018,2018-08-14,"R.Premadasa Stadium, Khettarama",1,3.3,South Africa,Sri Lanka,RR Hendricks,Q de Kock,DM de Silva,1,0,,,,,,,,,
1142589,2018,2018-08-14,"R.Premadasa Stadium, Khettarama",1,3.4,South Africa,Sri Lanka,Q de Kock,RR Hendricks,DM de Silva,4,0,,,,,,,,,
1142589,2018,2018-08-14,"R.Premadasa Stadium, Khettarama",1,3.5,South Africa,Sri Lanka,Q de Kock,RR Hendricks,DM de Silva,0,0,,,,,,run out,Q de Kock,,
1142589,2018,2018-08-14,"R.Premadasa Stadium, Khettarama",1,3.6,South Africa,Sri Lanka,RR Hendricks,JP Duminy,DM de Silva,1,0,,,,,,,,,
1142589,2018,2018-08-14,"R.Premadasa Stadium, Khettarama",1,3.7,South Africa,Sri Lanka,JP Duminy,RR Hendricks,DM de Silva,0,0,,,,,,,,,
1142589,2018,2018-08-14,"R.Premadasa Stadium, Khettarama",1,4.1,South Africa,Sri Lanka,RR Hendricks,JP Duminy,CAK Rajitha,4,0,,,,,,,,,
1142589,2018,2018-08-14,"R.Premadasa Stadium, Khettarama",1,4.2,South Africa,Sri Lanka,RR Hendricks,JP Duminy,CAK Rajitha,4,0,,,,,,,,,
1142589,2018,2018-08-14,"R.Premadasa Stadium, Khettarama",1,4.3,South Africa,Sri Lanka,RR Hendricks,JP Duminy,CAK Rajitha,1,0,,,,,,,,,
1142589,2018,2018-08-14,"R.Premadasa Stadium, Khettarama",1,4.4,South Africa,Sri Lanka,JP Duminy,RR Hendricks,CAK Rajitha,0,0,,,,,,,,,
1142589,2018,2018-08-14,"R.Premadasa Stadium, Khettarama",1,4.5,South Africa,Sri Lanka,JP Duminy,RR Hendricks,CAK Rajitha,1,0,,,,,,,,,
1142589,2018,2018-08-14,"R.Premadasa Stadium, Khettarama",1,4.6,South Africa,Sri Lanka,RR Hendricks,JP Duminy,CAK Rajitha,0,1,,,,1,,,,,
1142589,2018,2018-08-14,"R.Premadasa Stadium, Khettarama",1,5.1,South Africa,Sri Lanka,RR Hendricks,JP Duminy,A Dananjaya,0,0,,,,,,,,,
1142589,2018,2018-08-14,"R.Premadasa Stadium, Khettarama",1,5.2,South Africa,Sri Lanka,RR Hendricks,JP Duminy,A Dananjaya,0,0,,,,,,,,,
1142589,2018,2018-08-14,"R.Premadasa Stadium, Khettarama",1,5.3,South Africa,Sri Lanka,RR Hendricks,JP Duminy,A Dananjaya,0,0,,,,,,bowled,RR Hendricks,,
1142589,2018,2018-08-14,"R.Premadasa Stadium, Khettarama",1,5.4,South Africa,Sri Lanka,H Klaasen,JP Duminy,A Dananjaya,0,0,,,,,,,,,
1142589,2018,2018-08-14,"R.Premadasa Stadium, Khettarama",1,5.5,South Africa,Sri Lanka,H Klaasen,JP Duminy,A Dananjaya,6,0,,,,,,,,,
1142589,2018,2018-08-14,"R.Premadasa Stadium, Khettarama",1,5.6,South Africa,Sri Lanka,H Klaasen,JP Duminy,A Dananjaya,0,0,,,,,,,,,
1142589,2018,2018-08-14,"R.Premadasa Stadium, Khettarama",1,6.1,South Africa,Sri Lanka,JP Duminy,H Klaasen,PADLR Sandakan,0,0,,,,,,,,,
1142589,2018,2018-08-14,"R.Premadasa Stadium, Khettarama",1,6.2,South Africa,Sri Lanka,JP Duminy,H Klaasen,PADLR Sandakan,1,0,,,,,,,,,
1142589,2018,2018-08-14,"R.Premadasa Stadium, Khettarama",1,6.3,South Africa,Sri Lanka,H Klaasen,JP Duminy,PADLR Sandakan,0,0,,,,,,,,,
1142589,2018,2018-08-14,"R.Premadasa Stadium, Khettarama",1,6.4,South Africa,Sri Lanka,H Klaasen,JP Duminy,PADLR Sandakan,4,0,,,,,,,,,
1142589,2018,2018-08-14,"R.Premadasa Stadium, Khettarama",1,6.5,South Africa,Sri Lanka,H Klaasen,JP Duminy,PADLR Sandakan,1,0,,,,,,,,,
1142589,2018,2018-08-14,"R.Premadasa Stadium, Khettarama",1,6.6,South Africa,Sri Lanka,JP Duminy,H Klaasen,PADLR Sandakan,0,0,,,,,,,,,
1142589,2018,2018-08-14,"R.Premadasa Stadium, Khettarama",1,7.1,South Africa,Sri Lanka,H Klaasen,JP Duminy,DM de Silva,0,0,,,,,,,,,
1142589,2018,2018-08-14,"R.Premadasa Stadium, Khettarama",1,7.2,South Africa,Sri Lanka,H Klaasen,JP Duminy,DM de Silva,0,0,,,,,,,,,
1142589,2018,2018-08-14,"R.Premadasa Stadium, Khettarama",1,7.3,South Africa,Sri Lanka,H Klaasen,JP Duminy,DM de Silva,1,0,,,,,,,,,
1142589,2018,2018-08-14,"R.Premadasa Stadium, Khettarama",1,7.4,South Africa,Sri Lanka,JP Duminy,H Klaasen,DM de Silva,1,0,,,,,,,,,
1142589,2018,2018-08-14,"R.Premadasa Stadium, Khettarama",1,7.5,South Africa,Sri Lanka,H Klaasen,JP Duminy,DM de Silva,1,0,,,,,,,,,
1142589,2018,2018-08-14,"R.Premadasa Stadium, Khettarama",1,7.6,South Africa,Sri Lanka,JP Duminy,H Klaasen,DM de Silva,0,0,,,,,,lbw,JP Duminy,,
1142589,2018,2018-08-14,"R.Premadasa Stadium, Khettarama",1,8.1,South Africa,Sri Lanka,H Klaasen,DA Miller,PADLR Sandakan,1,0,,,,,,,,,
1142589,2018,2018-08-14,"R.Premadasa Stadium, Khettarama",1,8.2,South Africa,Sri Lanka,DA Miller,H Klaasen,PADLR Sandakan,0,0,,,,,,,,,
1142589,2018,2018-08-14,"R.Premadasa Stadium, Khettarama",1,8.3,South Africa,Sri Lanka,DA Miller,H Klaasen,PADLR Sandakan,1,0,,,,,,,,,
1142589,2018,2018-08-14,"R.Premadasa Stadium, Khettarama",1,8.4,South Africa,Sri Lanka,H Klaasen,DA Miller,PADLR Sandakan,1,0,,,,,,,,,
1142589,2018,2018-08-14,"R.Premadasa Stadium, Khettarama",1,8.5,South Africa,Sri Lanka,DA Miller,H Klaasen,PADLR Sandakan,4,0,,,,,,,,,
1142589,2018,2018-08-14,"R.Premadasa Stadium, Khettarama",1,8.6,South Africa,Sri Lanka,DA Miller,H Klaasen,PADLR Sandakan,0,0,,,,,,,,,
1142589,2018,2018-08-14,"R.Premadasa Stadium, Khettarama",1,9.1,South Africa,Sri Lanka,H Klaasen,DA Miller,DM de Silva,1,0,,,,,,,,,
1142589,2018,2018-08-14,"R.Premadasa Stadium, Khettarama",1,9.2,South Africa,Sri Lanka,DA Miller,H Klaasen,DM de Silva,1,0,,,,,,,,,
1142589,2018,2018-08-14,"R.Premadasa Stadium, Khettarama",1,9.3,South Africa,Sri Lanka,H Klaasen,DA Miller,DM de Silva,1,0,,,,,,,,,
1142589,2018,2018-08-14,"R.Premadasa Stadium, Khettarama",1,9.4,South Africa,Sri Lanka,DA Miller,H Klaasen,DM de Silva,1,0,,,,,,,,,
1142589,2018,2018-08-14,"R.Premadasa Stadium, Khettarama",1,9.5,South Africa,Sri Lanka,H Klaasen,DA Miller,DM de Silva,1,0,,,,,,,,,
1142589,2018,2018-08-14,"R.Premadasa Stadium, Khettarama",1,9.6,South Africa,Sri Lanka,DA Miller,H Klaasen,DM de Silva,0,0,,,,,,,,,
1142589,2018,2018-08-14,"R.Premadasa Stadium, Khettarama",1,10.1,South Africa,Sri Lanka,H Klaasen,DA Miller,PADLR Sandakan,0,0,,,,,,caught,H Klaasen,,
1142589,2018,2018-08-14,"R.Premadasa Stadium, Khettarama",1,10.2,South Africa,Sri Lanka,AL Phehlukwayo,DA Miller,PADLR Sandakan,0,0,,,,,,,,,
1142589,2018,2018-08-14,"R.Premadasa Stadium, Khettarama",1,10.3,South Africa,Sri Lanka,AL Phehlukwayo,DA Miller,PADLR Sandakan,0,0,,,,,,,,,
1142589,2018,2018-08-14,"R.Premadasa Stadium, Khettarama",1,10.4,South Africa,Sri Lanka,AL Phehlukwayo,DA Miller,PADLR Sandakan,0,0,,,,,,bowled,AL Phehlukwayo,,
1142589,2018,2018-08-14,"R.Premadasa Stadium, Khettarama",1,10.5,South Africa,Sri Lanka,K Rabada,DA Miller,PADLR Sandakan,0,4,,,,4,,,,,
1142589,2018,2018-08-14,"R.Premadasa Stadium, Khettarama",1,10.6,South Africa,Sri Lanka,K Rabada,DA Miller,PADLR Sandakan,0,0,,,,,,lbw,K Rabada,,
1142589,2018,2018-08-14,"R.Premadasa Stadium, Khettarama",1,11.1,South Africa,Sri Lanka,DA Miller,CJ Dala,A Dananjaya,1,0,,,,,,,,,
1142589,2018,2018-08-14,"R.Premadasa Stadium, Khettarama",1,11.2,South Africa,Sri Lanka,CJ Dala,DA Miller,A Dananjaya,0,0,,,,,,,,,
1142589,2018,2018-08-14,"R.Premadasa Stadium, Khettarama",1,11.3,South Africa,Sri Lanka,CJ Dala,DA Miller,A Dananjaya,0,1,1,,,,,,,,
1142589,2018,2018-08-14,"R.Premadasa Stadium, Khettarama",1,11.4,South Africa,Sri Lanka,CJ Dala,DA Miller,A Dananjaya,0,1,,,1,,,,,,
1142589,2018,2018-08-14,"R.Premadasa Stadium, Khettarama",1,11.5,South Africa,Sri Lanka,DA Miller,CJ Dala,A Dananjaya,0,0,,,,,,,,,
1142589,2018,2018-08-14,"R.Premadasa Stadium, Khettarama",1,11.6,South Africa,Sri Lanka,DA Miller,CJ Dala,A Dananjaya,1,0,,,,,,,,,
1142589,2018,2018-08-14,"R.Premadasa Stadium, Khettarama",1,11.7,South Africa,Sri Lanka,CJ Dala,DA Miller,A Dananjaya,1,0,,,,,,,,,
1142589,2018,2018-08-14,"R.Premadasa Stadium, Khettarama",1,12.1,South Africa,Sri Lanka,CJ Dala,DA Miller,PADLR Sandakan,0,0,,,,,,,,,
1142589,2018,2018-08-14,"R.Premadasa Stadium, Khettarama",1,12.2,South Africa,Sri Lanka,CJ Dala,DA Miller,PADLR Sandakan,1,0,,,,,,,,,
1142589,2018,2018-08-14,"R.Premadasa Stadium, Khettarama",1,12.3,South Africa,Sri Lanka,DA Miller,CJ Dala,PADLR Sandakan,4,0,,,,,,,,,
1142589,2018,2018-08-14,"R.Premadasa Stadium, Khettarama",1,12.4,South Africa,Sri Lanka,DA Miller,CJ Dala,PADLR Sandakan,0,0,,,,,,,,,
1142589,2018,2018-08-14,"R.Premadasa Stadium, Khettarama",1,12.5,South Africa,Sri Lanka,DA Miller,CJ Dala,PADLR Sandakan,1,0,,,,,,,,,
1142589,2018,2018-08-14,"R.Premadasa Stadium, Khettarama",1,12.6,South Africa,Sri Lanka,CJ Dala,DA Miller,PADLR Sandakan,0,0,,,,,,,,,
1142589,2018,2018-08-14,"R.Premadasa Stadium, Khettarama",1,13.1,South Africa,Sri Lanka,DA Miller,CJ Dala,A Dananjaya,0,0,,,,,,,,,
1142589,2018,2018-08-14,"R.Premadasa Stadium, Khettarama",1,13.2,South Africa,Sri Lanka,DA Miller,CJ Dala,A Dananjaya,0,0,,,,,,,,,
1142589,2018,2018-08-14,"R.Premadasa Stadium, Khettarama",1,13.3,South Africa,Sri Lanka,DA Miller,CJ Dala,A Dananjaya,0,0,,,,,,caught,DA Miller,,
1142589,2018,2018-08-14,"R.Premadasa Stadium, Khettarama",1,13.4,South Africa,Sri Lanka,CJ Dala,L Ngidi,A Dananjaya,0,0,,,,,,,,,
1142589,2018,2018-08-14,"R.Premadasa Stadium, Khettarama",1,13.5,South Africa,Sri Lanka,CJ Dala,L Ngidi,A Dananjaya,0,0,,,,,,,,,
1142589,2018,2018-08-14,"R.Premadasa Stadium, Khettarama",1,13.6,South Africa,Sri Lanka,CJ Dala,L Ngidi,A Dananjaya,1,0,,,,,,,,,
1142589,2018,2018-08-14,"R.Premadasa Stadium, Khettarama",1,14.1,South Africa,Sri Lanka,CJ Dala,L Ngidi,I Udana,1,0,,,,,,,,,
1142589,2018,2018-08-14,"R.Premadasa Stadium, Khettarama",1,14.2,South Africa,Sri Lanka,L Ngidi,CJ Dala,I Udana,1,0,,,,,,,,,
1142589,2018,2018-08-14,"R.Premadasa Stadium, Khettarama",1,14.3,South Africa,Sri Lanka,CJ Dala,L Ngidi,I Udana,0,0,,,,,,,,,
1142589,2018,2018-08-14,"R.Premadasa Stadium, Khettarama",1,14.4,South Africa,Sri Lanka,CJ Dala,L Ngidi,I Udana,1,0,,,,,,,,,
1142589,2018,2018-08-14,"R.Premadasa Stadium, Khettarama",1,14.5,South Africa,Sri Lanka,L Ngidi,CJ Dala,I Udana,1,0,,,,,,,,,
1142589,2018,2018-08-14,"R.Premadasa Stadium, Khettarama",1,14.6,South Africa,Sri Lanka,CJ Dala,L Ngidi,I Udana,0,0,,,,,,,,,
1142589,2018,2018-08-14,"R.Premadasa Stadium, Khettarama",1,15.1,South Africa,Sri Lanka,L Ngidi,CJ Dala,CAK Rajitha,1,0,,,,,,,,,
1142589,2018,2018-08-14,"R.Premadasa Stadium, Khettarama",1,15.2,South Africa,Sri Lanka,CJ Dala,L Ngidi,CAK Rajitha,1,0,,,,,,,,,
1142589,2018,2018-08-14,"R.Premadasa Stadium, Khettarama",1,15.3,South Africa,Sri Lanka,L Ngidi,CJ Dala,CAK Rajitha,1,0,,,,,,,,,
1142589,2018,2018-08-14,"R.Premadasa Stadium, Khettarama",1,15.4,South Africa,Sri Lanka,CJ Dala,L Ngidi,CAK Rajitha,1,0,,,,,,,,,
1142589,2018,2018-08-14,"R.Premadasa Stadium, Khettarama",1,15.5,South Africa,Sri Lanka,L Ngidi,CJ Dala,CAK Rajitha,0,0,,,,,,,,,
1142589,2018,2018-08-14,"R.Premadasa Stadium, Khettarama",1,15.6,South Africa,Sri Lanka,L Ngidi,CJ Dala,CAK Rajitha,0,0,,,,,,caught,L Ngidi,,
1142589,2018,2018-08-14,"R.Premadasa Stadium, Khettarama",1,16.1,South Africa,Sri Lanka,CJ Dala,T Shamsi,I Udana,4,0,,,,,,,,,
1142589,2018,2018-08-14,"R.Premadasa Stadium, Khettarama",1,16.2,South Africa,Sri Lanka,CJ Dala,T Shamsi,I Udana,1,0,,,,,,,,,
1142589,2018,2018-08-14,"R.Premadasa Stadium, Khettarama",1,16.3,South Africa,Sri Lanka,T Shamsi,CJ Dala,I Udana,0,0,,,,,,,,,
1142589,2018,2018-08-14,"R.Premadasa Stadium, Khettarama",1,16.4,South Africa,Sri Lanka,T Shamsi,CJ Dala,I Udana,0,0,,,,,,caught,T Shamsi,,
1142589,2018,2018-08-14,"R.Premadasa Stadium, Khettarama",2,0.1,Sri Lanka,South Africa,MDKJ Perera,BKG Mendis,K Rabada,1,0,,,,,,,,,
1142589,2018,2018-08-14,"R.Premadasa Stadium, Khettarama",2,0.2,Sri Lanka,South Africa,BKG Mendis,MDKJ Perera,K Rabada,1,0,,,,,,,,,
1142589,2018,2018-08-14,"R.Premadasa Stadium, Khettarama",2,0.3,Sri Lanka,South Africa,MDKJ Perera,BKG Mendis,K Rabada,2,0,,,,,,,,,
1142589,2018,2018-08-14,"R.Premadasa Stadium, Khettarama",2,0.4,Sri Lanka,South Africa,MDKJ Perera,BKG Mendis,K Rabada,0,0,,,,,,caught,MDKJ Perera,,
1142589,2018,2018-08-14,"R.Premadasa Stadium, Khettarama",2,0.5,Sri Lanka,South Africa,LD Chandimal,BKG Mendis,K Rabada,1,1,,1,,,,,,,
1142589,2018,2018-08-14,"R.Premadasa Stadium, Khettarama",2,0.6,Sri Lanka,South Africa,BKG Mendis,LD Chandimal,K Rabada,0,0,,,,,,,,,
1142589,2018,2018-08-14,"R.Premadasa Stadium, Khettarama",2,0.7,Sri Lanka,South Africa,BKG Mendis,LD Chandimal,K Rabada,0,0,,,,,,lbw,BKG Mendis,,
1142589,2018,2018-08-14,"R.Premadasa Stadium, Khettarama",2,1.1,Sri Lanka,South Africa,LD Chandimal,DM de Silva,L Ngidi,0,0,,,,,,,,,
1142589,2018,2018-08-14,"R.Premadasa Stadium, Khettarama",2,1.2,Sri Lanka,South Africa,LD Chandimal,DM de Silva,L Ngidi,1,0,,,,,,,,,
1142589,2018,2018-08-14,"R.Premadasa Stadium, Khettarama",2,1.3,Sri Lanka,South Africa,DM de Silva,LD Chandimal,L Ngidi,0,0,,,,,,,,,
1142589,2018,2018-08-14,"R.Premadasa Stadium, Khettarama",2,1.4,Sri Lanka,South Africa,DM de Silva,LD Chandimal,L Ngidi,0,0,,,,,,,,,
1142589,2018,2018-08-14,"R.Premadasa Stadium, Khettarama",2,1.5,Sri Lanka,South Africa,DM de Silva,LD Chandimal,L Ngidi,1,0,,,,,,,,,
1142589,2018,2018-08-14,"R.Premadasa Stadium, Khettarama",2,1.6,Sri Lanka,South Africa,LD Chandimal,DM de Silva,L Ngidi,0,0,,,,,,,,,
1142589,2018,2018-08-14,"R.Premadasa Stadium, Khettarama",2,2.1,Sri Lanka,South Africa,DM de Silva,LD Chandimal,K Rabada,0,0,,,,,,,,,
1142589,2018,2018-08-14,"R.Premadasa Stadium, Khettarama",2,2.2,Sri Lanka,South Africa,DM de Silva,LD Chandimal,K Rabada,1,0,,,,,,,,,
1142589,2018,2018-08-14,"R.Premadasa Stadium, Khettarama",2,2.3,Sri Lanka,South Africa,LD Chandimal,DM de Silva,K Rabada,1,0,,,,,,,,,
1142589,2018,2018-08-14,"R.Premadasa Stadium, Khettarama",2,2.4,Sri Lanka,South Africa,DM de Silva,LD Chandimal,K Rabada,4,0,,,,,,,,,
1142589,2018,2018-08-14,"R.Premadasa Stadium, Khettarama",2,2.5,Sri Lanka,South Africa,DM de Silva,LD Chandimal,K Rabada,0,0,,,,,,,,,
1142589,2018,2018-08-14,"R.Premadasa Stadium, Khettarama",2,2.6,Sri Lanka,South Africa,DM de Silva,LD Chandimal,K Rabada,1,0,,,,,,,,,
1142589,2018,2018-08-14,"R.Premadasa Stadium, Khettarama",2,3.1,Sri Lanka,South Africa,DM de Silva,LD Chandimal,L Ngidi,6,0,,,,,,,,,
1142589,2018,2018-08-14,"R.Premadasa Stadium, Khettarama",2,3.2,Sri Lanka,South Africa,DM de Silva,LD Chandimal,L Ngidi,0,0,,,,,,,,,
1142589,2018,2018-08-14,"R.Premadasa Stadium, Khettarama",2,3.3,Sri Lanka,South Africa,DM de Silva,LD Chandimal,L Ngidi,0,0,,,,,,,,,
1142589,2018,2018-08-14,"R.Premadasa Stadium, Khettarama",2,3.4,Sri Lanka,South Africa,DM de Silva,LD Chandimal,L Ngidi,4,0,,,,,,,,,
1142589,2018,2018-08-14,"R.Premadasa Stadium, Khettarama",2,3.5,Sri Lanka,South Africa,DM de Silva,LD Chandimal,L Ngidi,4,0,,,,,,,,,
1142589,2018,2018-08-14,"R.Premadasa Stadium, Khettarama",2,3.6,Sri Lanka,South Africa,DM de Silva,LD Chandimal,L Ngidi,0,0,,,,,,,,,
1142589,2018,2018-08-14,"R.Premadasa Stadium, Khettarama",2,4.1,Sri Lanka,South Africa,LD Chandimal,DM de Silva,K Rabada,4,0,,,,,,,,,
1142589,2018,2018-08-14,"R.Premadasa Stadium, Khettarama",2,4.2,Sri Lanka,South Africa,LD Chandimal,DM de Silva,K Rabada,0,0,,,,,,,,,
1142589,2018,2018-08-14,"R.Premadasa Stadium, Khettarama",2,4.3,Sri Lanka,South Africa,LD Chandimal,DM de Silva,K Rabada,0,0,,,,,,,,,
1142589,2018,2018-08-14,"R.Premadasa Stadium, Khettarama",2,4.4,Sri Lanka,South Africa,LD Chandimal,DM de Silva,K Rabada,1,0,,,,,,,,,
1142589,2018,2018-08-14,"R.Premadasa Stadium, Khettarama",2,4.5,Sri Lanka,South Africa,DM de Silva,LD Chandimal,K Rabada,0,0,,,,,,,,,
1142589,2018,2018-08-14,"R.Premadasa Stadium, Khettarama",2,4.6,Sri Lanka,South Africa,DM de Silva,LD Chandimal,K Rabada,0,0,,,,,,,,,
1142589,2018,2018-08-14,"R.Premadasa Stadium, Khettarama",2,5.1,Sri Lanka,South Africa,LD Chandimal,DM de Silva,T Shamsi,0,1,1,,,,,,,,
1142589,2018,2018-08-14,"R.Premadasa Stadium, Khettarama",2,5.2,Sri Lanka,South Africa,LD Chandimal,DM de Silva,T Shamsi,4,0,,,,,,,,,
1142589,2018,2018-08-14,"R.Premadasa Stadium, Khettarama",2,5.3,Sri Lanka,South Africa,LD Chandimal,DM de Silva,T Shamsi,6,0,,,,,,,,,
1142589,2018,2018-08-14,"R.Premadasa Stadium, Khettarama",2,5.4,Sri Lanka,South Africa,LD Chandimal,DM de Silva,T Shamsi,0,0,,,,,,,,,
1142589,2018,2018-08-14,"R.Premadasa Stadium, Khettarama",2,5.5,Sri Lanka,South Africa,LD Chandimal,DM de Silva,T Shamsi,0,0,,,,,,,,,
1142589,2018,2018-08-14,"R.Premadasa Stadium, Khettarama",2,5.6,Sri Lanka,South Africa,LD Chandimal,DM de Silva,T Shamsi,1,0,,,,,,,,,
1142589,2018,2018-08-14,"R.Premadasa Stadium, Khettarama",2,5.7,Sri Lanka,South Africa,DM de Silva,LD Chandimal,T Shamsi,0,0,,,,,,,,,
1142589,2018,2018-08-14,"R.Premadasa Stadium, Khettarama",2,6.1,Sri Lanka,South Africa,LD Chandimal,DM de Silva,K Rabada,1,0,,,,,,,,,
1142589,2018,2018-08-14,"R.Premadasa Stadium, Khettarama",2,6.2,Sri Lanka,South Africa,DM de Silva,LD Chandimal,K Rabada,0,0,,,,,,,,,
1142589,2018,2018-08-14,"R.Premadasa Stadium, Khettarama",2,6.3,Sri Lanka,South Africa,DM de Silva,LD Chandimal,K Rabada,4,0,,,,,,,,,
1142589,2018,2018-08-14,"R.Premadasa Stadium, Khettarama",2,6.4,Sri Lanka,South Africa,DM de Silva,LD Chandimal,K Rabada,0,0,,,,,,,,,
1142589,2018,2018-08-14,"R.Premadasa Stadium, Khettarama",2,6.5,Sri Lanka,South Africa,DM de Silva,LD Chandimal,K Rabada,0,1,,1,,,,,,,
1142589,2018,2018-08-14,"R.Premadasa Stadium, Khettarama",2,6.6,Sri Lanka,South Africa,DM de Silva,LD Chandimal,K Rabada,0,0,,,,,,,,,
1142589,2018,2018-08-14,"R.Premadasa Stadium, Khettarama",2,6.7,Sri Lanka,South Africa,DM de Silva,LD Chandimal,K Rabada,0,0,,,,,,,,,
1142589,2018,2018-08-14,"R.Premadasa Stadium, Khettarama",2,7.1,Sri Lanka,South Africa,LD Chandimal,DM de Silva,CJ Dala,1,0,,,,,,,,,
1142589,2018,2018-08-14,"R.Premadasa Stadium, Khettarama",2,7.2,Sri Lanka,South Africa,DM de Silva,LD Chandimal,CJ Dala,6,0,,,,,,,,,
1142589,2018,2018-08-14,"R.Premadasa Stadium, Khettarama",2,7.3,Sri Lanka,South Africa,DM de Silva,LD Chandimal,CJ Dala,0,0,,,,,,,,,
1142589,2018,2018-08-14,"R.Premadasa Stadium, Khettarama",2,7.4,Sri Lanka,South Africa,DM de Silva,LD Chandimal,CJ Dala,0,0,,,,,,caught,DM de Silva,,
1142589,2018,2018-08-14,"R.Premadasa Stadium, Khettarama",2,7.5,Sri Lanka,South Africa,LD Chandimal,AD Mathews,CJ Dala,0,0,,,,,,,,,
1142589,2018,2018-08-14,"R.Premadasa Stadium, Khettarama",2,7.6,Sri Lanka,South Africa,LD Chandimal,AD Mathews,CJ Dala,4,0,,,,,,,,,
1142589,2018,2018-08-14,"R.Premadasa Stadium, Khettarama",2,8.1,Sri Lanka,South Africa,AD Mathews,LD Chandimal,T Shamsi,0,0,,,,,,,,,
1142589,2018,2018-08-14,"R.Premadasa Stadium, Khettarama",2,8.2,Sri Lanka,South Africa,AD Mathews,LD Chandimal,T Shamsi,0,0,,,,,,,,,
1142589,2018,2018-08-14,"R.Premadasa Stadium, Khettarama",2,8.3,Sri Lanka,South Africa,AD Mathews,LD Chandimal,T Shamsi,0,0,,,,,,caught,AD Mathews,,
1142589,2018,2018-08-14,"R.Premadasa Stadium, Khettarama",2,8.4,Sri Lanka,South Africa,MD Shanaka,LD Chandimal,T Shamsi,0,0,,,,,,,,,
1142589,2018,2018-08-14,"R.Premadasa Stadium, Khettarama",2,8.5,Sri Lanka,South Africa,MD Shanaka,LD Chandimal,T Shamsi,0,0,,,,,,,,,
1142589,2018,2018-08-14,"R.Premadasa Stadium, Khettarama",2,8.6,Sri Lanka,South Africa,MD Shanaka,LD Chandimal,T Shamsi,1,0,,,,,,,,,
1142589,2018,2018-08-14,"R.Premadasa Stadium, Khettarama",2,9.1,Sri Lanka,South Africa,MD Shanaka,LD Chandimal,CJ Dala,0,0,,,,,,,,,
1142589,2018,2018-08-14,"R.Premadasa Stadium, Khettarama",2,9.2,Sri Lanka,South Africa,MD Shanaka,LD Chandimal,CJ Dala,0,0,,,,,,,,,
1142589,2018,2018-08-14,"R.Premadasa Stadium, Khettarama",2,9.3,Sri Lanka,South Africa,MD Shanaka,LD Chandimal,CJ Dala,0,0,,,,,,,,,
1142589,2018,2018-08-14,"R.Premadasa Stadium, Khettarama",2,9.4,Sri Lanka,South Africa,MD Shanaka,LD Chandimal,CJ Dala,1,0,,,,,,,,,
1142589,2018,2018-08-14,"R.Premadasa Stadium, Khettarama",2,9.5,Sri Lanka,South Africa,LD Chandimal,MD Shanaka,CJ Dala,0,0,,,,,,,,,
1142589,2018,2018-08-14,"R.Premadasa Stadium, Khettarama",2,9.6,Sri Lanka,South Africa,LD Chandimal,MD Shanaka,CJ Dala,1,0,,,,,,,,,
1142589,2018,2018-08-14,"R.Premadasa Stadium, Khettarama",2,10.1,Sri Lanka,South Africa,LD Chandimal,MD Shanaka,T Shamsi,1,0,,,,,,,,,
1142589,2018,2018-08-14,"R.Premadasa Stadium, Khettarama",2,10.2,Sri Lanka,South Africa,MD Shanaka,LD Chandimal,T Shamsi,0,0,,,,,,,,,
1142589,2018,2018-08-14,"R.Premadasa Stadium, Khettarama",2,10.3,Sri Lanka,South Africa,MD Shanaka,LD Chandimal,T Shamsi,4,0,,,,,,,,,
1142589,2018,2018-08-14,"R.Premadasa Stadium, Khettarama",2,10.4,Sri Lanka,South Africa,MD Shanaka,LD Chandimal,T Shamsi,4,0,,,,,,,,,
1142589,2018,2018-08-14,"R.Premadasa Stadium, Khettarama",2,10.5,Sri Lanka,South Africa,MD Shanaka,LD Chandimal,T Shamsi,4,0,,,,,,,,,
1142589,2018,2018-08-14,"R.Premadasa Stadium, Khettarama",2,10.6,Sri Lanka,South Africa,MD Shanaka,LD Chandimal,T Shamsi,0,0,,,,,,,,,
1142589,2018,2018-08-14,"R.Premadasa Stadium, Khettarama",2,11.1,Sri Lanka,South Africa,LD Chandimal,MD Shanaka,CJ Dala,1,0,,,,,,,,,
1142589,2018,2018-08-14,"R.Premadasa Stadium, Khettarama",2,11.2,Sri Lanka,South Africa,MD Shanaka,LD Chandimal,CJ Dala,2,0,,,,,,,,,
1142589,2018,2018-08-14,"R.Premadasa Stadium, Khettarama",2,11.3,Sri Lanka,South Africa,MD Shanaka,LD Chandimal,CJ Dala,0,0,,,,,,,,,
1142589,2018,2018-08-14,"R.Premadasa Stadium, Khettarama",2,11.4,Sri Lanka,South Africa,MD Shanaka,LD Chandimal,CJ Dala,0,0,,,,,,,,,
1142589,2018,2018-08-14,"R.Premadasa Stadium, Khettarama",2,11.5,Sri Lanka,South Africa,MD Shanaka,LD Chandimal,CJ Dala,0,0,,,,,,caught,MD Shanaka,,
1142589,2018,2018-08-14,"R.Premadasa Stadium, Khettarama",2,11.6,Sri Lanka,South Africa,LD Chandimal,NLTC Perera,CJ Dala,0,1,1,,,,,,,,
1142589,2018,2018-08-14,"R.Premadasa Stadium, Khettarama",2,11.7,Sri Lanka,South Africa,LD Chandimal,NLTC Perera,CJ Dala,0,0,,,,,,,,,
1142589,2018,2018-08-14,"R.Premadasa Stadium, Khettarama",2,12.1,Sri Lanka,South Africa,NLTC Perera,LD Chandimal,T Shamsi,0,0,,,,,,,,,
1142589,2018,2018-08-14,"R.Premadasa Stadium, Khettarama",2,12.2,Sri Lanka,South Africa,NLTC Perera,LD Chandimal,T Shamsi,0,0,,,,,,bowled,NLTC Perera,,
1142589,2018,2018-08-14,"R.Premadasa Stadium, Khettarama",2,12.3,Sri Lanka,South Africa,A Dananjaya,LD Chandimal,T Shamsi,0,0,,,,,,,,,
1142589,2018,2018-08-14,"R.Premadasa Stadium, Khettarama",2,12.4,Sri Lanka,South Africa,A Dananjaya,LD Chandimal,T Shamsi,0,0,,,,,,,,,
1142589,2018,2018-08-14,"R.Premadasa Stadium, Khettarama",2,12.5,Sri Lanka,South Africa,A Dananjaya,LD Chandimal,T Shamsi,0,0,,,,,,,,,
1142589,2018,2018-08-14,"R.Premadasa Stadium, Khettarama",2,12.6,Sri Lanka,South Africa,A Dananjaya,LD Chandimal,T Shamsi,0,0,,,,,,,,,
1142589,2018,2018-08-14,"R.Premadasa Stadium, Khettarama",2,13.1,Sri Lanka,South Africa,LD Chandimal,A Dananjaya,CJ Dala,0,0,,,,,,,,,
1142589,2018,2018-08-14,"R.Premadasa Stadium, Khettarama",2,13.2,Sri Lanka,South Africa,LD Chandimal,A Dananjaya,CJ Dala,0,1,1,,,,,,,,
1142589,2018,2018-08-14,"R.Premadasa Stadium, Khettarama",2,13.3,Sri Lanka,South Africa,LD Chandimal,A Dananjaya,CJ Dala,1,0,,,,,,,,,
1142589,2018,2018-08-14,"R.Premadasa Stadium, Khettarama",2,13.4,Sri Lanka,South Africa,A Dananjaya,LD Chandimal,CJ Dala,1,0,,,,,,,,,
1142589,2018,2018-08-14,"R.Premadasa Stadium, Khettarama",2,13.5,Sri Lanka,South Africa,LD Chandimal,A Dananjaya,CJ Dala,1,0,,,,,,,,,
1142589,2018,2018-08-14,"R.Premadasa Stadium, Khettarama",2,13.6,Sri Lanka,South Africa,A Dananjaya,LD Chandimal,CJ Dala,1,0,,,,,,,,,
1142589,2018,2018-08-14,"R.Premadasa Stadium, Khettarama",2,13.7,Sri Lanka,South Africa,LD Chandimal,A Dananjaya,CJ Dala,0,0,,,,,,,,,
1142589,2018,2018-08-14,"R.Premadasa Stadium, Khettarama",2,14.1,Sri Lanka,South Africa,A Dananjaya,LD Chandimal,JP Duminy,0,0,,,,,,bowled,A Dananjaya,,
1142589,2018,2018-08-14,"R.Premadasa Stadium, Khettarama",2,14.2,Sri Lanka,South Africa,I Udana,LD Chandimal,JP Duminy,1,0,,,,,,,,,
1142589,2018,2018-08-14,"R.Premadasa Stadium, Khettarama",2,14.3,Sri Lanka,South Africa,LD Chandimal,I Udana,JP Duminy,1,0,,,,,,,,,
1142589,2018,2018-08-14,"R.Premadasa Stadium, Khettarama",2,14.4,Sri Lanka,South Africa,I Udana,LD Chandimal,JP Duminy,0,0,,,,,,,,,
1142589,2018,2018-08-14,"R.Premadasa Stadium, Khettarama",2,14.5,Sri Lanka,South Africa,I Udana,LD Chandimal,JP Duminy,0,0,,,,,,,,,
1142589,2018,2018-08-14,"R.Premadasa Stadium, Khettarama",2,14.6,Sri Lanka,South Africa,I Udana,LD Chandimal,JP Duminy,0,0,,,,,,,,,
1142589,2018,2018-08-14,"R.Premadasa Stadium, Khettarama",2,15.1,Sri Lanka,South Africa,LD Chandimal,I Udana,L Ngidi,0,0,,,,,,,,,
1142589,2018,2018-08-14,"R.Premadasa Stadium, Khettarama",2,15.2,Sri Lanka,South Africa,LD Chandimal,I Udana,L Ngidi,0,0,,,,,,,,,
1142589,2018,2018-08-14,"R.Premadasa Stadium, Khettarama",2,15.3,Sri Lanka,South Africa,LD Chandimal,I Udana,L Ngidi,2,0,,,,,,,,,
1142589,2018,2018-08-14,"R.Premadasa Stadium, Khettarama",2,15.4,Sri Lanka,South Africa,LD Chandimal,I Udana,L Ngidi,2,0,,,,,,,,,
1142589,2018,2018-08-14,"R.Premadasa Stadium, Khettarama",2,15.5,Sri Lanka,South Africa,LD Chandimal,I Udana,L Ngidi,1,0,,,,,,,,,
1142589,2018,2018-08-14,"R.Premadasa Stadium, Khettarama",2,15.6,Sri Lanka,South Africa,I Udana,LD Chandimal,L Ngidi,4,0,,,,,,,,,
