match_id,season,start_date,venue,innings,ball,batting_team,bowling_team,striker,non_striker,bowler,runs_off_bat,extras,wides,noballs,byes,legbyes,penalty,wicket_type,player_dismissed,other_wicket_type,other_player_dismissed
1144978,2018/19,2018-09-29,North Sydney Oval,1,0.1,New Zealand,Australia,SW Bates,SFM Devine,S Molineux,0,0,,,,,,,,,
1144978,2018/19,2018-09-29,North Sydney Oval,1,0.2,New Zealand,Australia,SW Bates,SFM Devine,S Molineux,1,0,,,,,,,,,
1144978,2018/19,2018-09-29,North Sydney Oval,1,0.3,New Zealand,Australia,SFM Devine,SW Bates,S Molineux,0,0,,,,,,,,,
1144978,2018/19,2018-09-29,North Sydney Oval,1,0.4,New Zealand,Australia,SFM Devine,SW Bates,S Molineux,1,0,,,,,,,,,
1144978,2018/19,2018-09-29,North Sydney Oval,1,0.5,New Zealand,Australia,SW Bates,SFM Devine,S Molineux,1,0,,,,,,,,,
1144978,2018/19,2018-09-29,North Sydney Oval,1,0.6,New Zealand,Australia,SFM Devine,SW Bates,S Molineux,1,0,,,,,,,,,
1144978,2018/19,2018-09-29,North Sydney Oval,1,1.1,New Zealand,Australia,SFM Devine,SW Bates,ML Schutt,1,0,,,,,,,,,
1144978,2018/19,2018-09-29,North Sydney Oval,1,1.2,New Zealand,Australia,SW Bates,SFM Devine,ML Schutt,1,0,,,,,,,,,
1144978,2018/19,2018-09-29,North Sydney Oval,1,1.3,New Zealand,Australia,SFM Devine,SW Bates,ML Schutt,0,0,,,,,,,,,
1144978,2018/19,2018-09-29,North Sydney Oval,1,1.4,New Zealand,Australia,SFM Devine,SW Bates,ML Schutt,0,0,,,,,,,,,
1144978,2018/19,2018-09-29,North Sydney Oval,1,1.5,New Zealand,Australia,SFM Devine,SW Bates,ML Schutt,4,0,,,,,,,,,
1144978,2018/19,2018-09-29,North Sydney Oval,1,1.6,New Zealand,Australia,SFM Devine,SW Bates,ML Schutt,0,0,,,,,,,,,
1144978,2018/19,2018-09-29,North Sydney Oval,1,2.1,New Zealand,Australia,SW Bates,SFM Devine,EA Perry,0,0,,,,,,bowled,SW Bates,,
1144978,2018/19,2018-09-29,North Sydney Oval,1,2.2,New Zealand,Australia,JM Watkin,SFM Devine,EA Perry,0,0,,,,,,,,,
1144978,2018/19,2018-09-29,North Sydney Oval,1,2.3,New Zealand,Australia,JM Watkin,SFM Devine,EA Perry,0,0,,,,,,,,,
1144978,2018/19,2018-09-29,North Sydney Oval,1,2.4,New Zealand,Australia,JM Watkin,SFM Devine,EA Perry,0,0,,,,,,,,,
1144978,2018/19,2018-09-29,North Sydney Oval,1,2.5,New Zealand,Australia,JM Watkin,SFM Devine,EA Perry,0,0,,,,,,,,,
1144978,2018/19,2018-09-29,North Sydney Oval,1,2.6,New Zealand,Australia,JM Watkin,SFM Devine,EA Perry,0,0,,,,,,,,,
1144978,2018/19,2018-09-29,North Sydney Oval,1,3.1,New Zealand,Australia,SFM Devine,JM Watkin,S Molineux,1,0,,,,,,,,,
1144978,2018/19,2018-09-29,North Sydney Oval,1,3.2,New Zealand,Australia,JM Watkin,SFM Devine,S Molineux,0,0,,,,,,,,,
1144978,2018/19,2018-09-29,North Sydney Oval,1,3.3,New Zealand,Australia,JM Watkin,SFM Devine,S Molineux,4,0,,,,,,,,,
1144978,2018/19,2018-09-29,North Sydney Oval,1,3.4,New Zealand,Australia,JM Watkin,SFM Devine,S Molineux,4,0,,,,,,,,,
1144978,2018/19,2018-09-29,North Sydney Oval,1,3.5,New Zealand,Australia,JM Watkin,SFM Devine,S Molineux,0,1,,,,1,,,,,
1144978,2018/19,2018-09-29,North Sydney Oval,1,3.6,New Zealand,Australia,SFM Devine,JM Watkin,S Molineux,0,0,,,,,,,,,
1144978,2018/19,2018-09-29,North Sydney Oval,1,4.1,New Zealand,Australia,JM Watkin,SFM Devine,EA Perry,1,0,,,,,,,,,
1144978,2018/19,2018-09-29,North Sydney Oval,1,4.2,New Zealand,Australia,SFM Devine,JM Watkin,EA Perry,0,0,,,,,,,,,
1144978,2018/19,2018-09-29,North Sydney Oval,1,4.3,New Zealand,Australia,SFM Devine,JM Watkin,EA Perry,4,0,,,,,,,,,
1144978,2018/19,2018-09-29,North Sydney Oval,1,4.4,New Zealand,Australia,SFM Devine,JM Watkin,EA Perry,4,0,,,,,,,,,
1144978,2018/19,2018-09-29,North Sydney Oval,1,4.5,New Zealand,Australia,SFM Devine,JM Watkin,EA Perry,0,0,,,,,,,,,
1144978,2018/19,2018-09-29,North Sydney Oval,1,4.6,New Zealand,Australia,SFM Devine,JM Watkin,EA Perry,0,0,,,,,,,,,
1144978,2018/19,2018-09-29,North Sydney Oval,1,5.1,New Zealand,Australia,JM Watkin,SFM Devine,ML Schutt,1,0,,,,,,,,,
1144978,2018/19,2018-09-29,North Sydney Oval,1,5.2,New Zealand,Australia,SFM Devine,JM Watkin,ML Schutt,4,0,,,,,,,,,
1144978,2018/19,2018-09-29,North Sydney Oval,1,5.3,New Zealand,Australia,SFM Devine,JM Watkin,ML Schutt,0,0,,,,,,,,,
1144978,2018/19,2018-09-29,North Sydney Oval,1,5.4,New Zealand,Australia,SFM Devine,JM Watkin,ML Schutt,1,0,,,,,,,,,
1144978,2018/19,2018-09-29,North Sydney Oval,1,5.5,New Zealand,Australia,JM Watkin,SFM Devine,ML Schutt,0,0,,,,,,,,,
1144978,2018/19,2018-09-29,North Sydney Oval,1,5.6,New Zealand,Australia,JM Watkin,SFM Devine,ML Schutt,0,0,,,,,,,,,
1144978,2018/19,2018-09-29,North Sydney Oval,1,6.1,New Zealand,Australia,SFM Devine,JM Watkin,DM Kimmince,0,0,,,,,,,,,
1144978,2018/19,2018-09-29,North Sydney Oval,1,6.2,New Zealand,Australia,SFM Devine,JM Watkin,DM Kimmince,6,0,,,,,,,,,
1144978,2018/19,2018-09-29,North Sydney Oval,1,6.3,New Zealand,Australia,SFM Devine,JM Watkin,DM Kimmince,0,0,,,,,,,,,
1144978,2018/19,2018-09-29,North Sydney Oval,1,6.4,New Zealand,Australia,SFM Devine,JM Watkin,DM Kimmince,0,0,,,,,,,,,
1144978,2018/19,2018-09-29,North Sydney Oval,1,6.5,New Zealand,Australia,SFM Devine,JM Watkin,DM Kimmince,2,0,,,,,,,,,
1144978,2018/19,2018-09-29,North Sydney Oval,1,6.6,New Zealand,Australia,SFM Devine,JM Watkin,DM Kimmince,1,0,,,,,,,,,
1144978,2018/19,2018-09-29,North Sydney Oval,1,7.1,New Zealand,Australia,SFM Devine,JM Watkin,G Wareham,4,0,,,,,,,,,
1144978,2018/19,2018-09-29,North Sydney Oval,1,7.2,New Zealand,Australia,SFM Devine,JM Watkin,G Wareham,0,0,,,,,,,,,
1144978,2018/19,2018-09-29,North Sydney Oval,1,7.3,New Zealand,Australia,SFM Devine,JM Watkin,G Wareham,1,0,,,,,,,,,
1144978,2018/19,2018-09-29,North Sydney Oval,1,7.4,New Zealand,Australia,JM Watkin,SFM Devine,G Wareham,2,0,,,,,,,,,
1144978,2018/19,2018-09-29,North Sydney Oval,1,7.5,New Zealand,Australia,JM Watkin,SFM Devine,G Wareham,6,0,,,,,,,,,
1144978,2018/19,2018-09-29,North Sydney Oval,1,7.6,New Zealand,Australia,JM Watkin,SFM Devine,G Wareham,0,1,1,,,,,stumped,JM Watkin,,
1144978,2018/19,2018-09-29,North Sydney Oval,1,7.7,New Zealand,Australia,AE Satterthwaite,SFM Devine,G Wareham,0,1,1,,,,,,,,
1144978,2018/19,2018-09-29,North Sydney Oval,1,7.8,New Zealand,Australia,AE Satterthwaite,SFM Devine,G Wareham,0,0,,,,,,,,,
1144978,2018/19,2018-09-29,North Sydney Oval,1,8.1,New Zealand,Australia,SFM Devine,AE Satterthwaite,EA Perry,0,0,,,,,,,,,
1144978,2018/19,2018-09-29,North Sydney Oval,1,8.2,New Zealand,Australia,SFM Devine,AE Satterthwaite,EA Perry,1,0,,,,,,,,,
1144978,2018/19,2018-09-29,North Sydney Oval,1,8.3,New Zealand,Australia,AE Satterthwaite,SFM Devine,EA Perry,1,0,,,,,,,,,
1144978,2018/19,2018-09-29,North Sydney Oval,1,8.4,New Zealand,Australia,SFM Devine,AE Satterthwaite,EA Perry,1,0,,,,,,,,,
1144978,2018/19,2018-09-29,North Sydney Oval,1,8.5,New Zealand,Australia,AE Satterthwaite,SFM Devine,EA Perry,0,0,,,,,,,,,
1144978,2018/19,2018-09-29,North Sydney Oval,1,8.6,New Zealand,Australia,AE Satterthwaite,SFM Devine,EA Perry,0,0,,,,,,,,,
1144978,2018/19,2018-09-29,North Sydney Oval,1,9.1,New Zealand,Australia,SFM Devine,AE Satterthwaite,A Gardner,2,0,,,,,,,,,
1144978,2018/19,2018-09-29,North Sydney Oval,1,9.2,New Zealand,Australia,SFM Devine,AE Satterthwaite,A Gardner,4,0,,,,,,,,,
1144978,2018/19,2018-09-29,North Sydney Oval,1,9.3,New Zealand,Australia,SFM Devine,AE Satterthwaite,A Gardner,0,0,,,,,,caught,SFM Devine,,
1144978,2018/19,2018-09-29,North Sydney Oval,1,9.4,New Zealand,Australia,KJ Martin,AE Satterthwaite,A Gardner,0,0,,,,,,,,,
1144978,2018/19,2018-09-29,North Sydney Oval,1,9.5,New Zealand,Australia,KJ Martin,AE Satterthwaite,A Gardner,4,0,,,,,,,,,
1144978,2018/19,2018-09-29,North Sydney Oval,1,9.6,New Zealand,Australia,KJ Martin,AE Satterthwaite,A Gardner,0,0,,,,,,,,,
1144978,2018/19,2018-09-29,North Sydney Oval,1,10.1,New Zealand,Australia,AE Satterthwaite,KJ Martin,DM Kimmince,0,2,,,,2,,,,,
1144978,2018/19,2018-09-29,North Sydney Oval,1,10.2,New Zealand,Australia,AE Satterthwaite,KJ Martin,DM Kimmince,1,0,,,,,,,,,
1144978,2018/19,2018-09-29,North Sydney Oval,1,10.3,New Zealand,Australia,KJ Martin,AE Satterthwaite,DM Kimmince,0,0,,,,,,,,,
1144978,2018/19,2018-09-29,North Sydney Oval,1,10.4,New Zealand,Australia,KJ Martin,AE Satterthwaite,DM Kimmince,0,1,,,1,,,,,,
1144978,2018/19,2018-09-29,North Sydney Oval,1,10.5,New Zealand,Australia,AE Satterthwaite,KJ Martin,DM Kimmince,0,2,2,,,,,,,,
1144978,2018/19,2018-09-29,North Sydney Oval,1,10.6,New Zealand,Australia,KJ Martin,AE Satterthwaite,DM Kimmince,0,0,,,,,,,,,
1144978,2018/19,2018-09-29,North Sydney Oval,1,10.7,New Zealand,Australia,KJ Martin,AE Satterthwaite,DM Kimmince,0,0,,,,,,,,,
1144978,2018/19,2018-09-29,North Sydney Oval,1,11.1,New Zealand,Australia,AE Satterthwaite,KJ Martin,A Gardner,0,0,,,,,,caught,AE Satterthwaite,,
1144978,2018/19,2018-09-29,North Sydney Oval,1,11.2,New Zealand,Australia,ML Green,KJ Martin,A Gardner,0,0,,,,,,,,,
1144978,2018/19,2018-09-29,North Sydney Oval,1,11.3,New Zealand,Australia,ML Green,KJ Martin,A Gardner,0,0,,,,,,,,,
1144978,2018/19,2018-09-29,North Sydney Oval,1,11.4,New Zealand,Australia,ML Green,KJ Martin,A Gardner,1,0,,,,,,,,,
1144978,2018/19,2018-09-29,North Sydney Oval,1,11.5,New Zealand,Australia,KJ Martin,ML Green,A Gardner,4,0,,,,,,,,,
1144978,2018/19,2018-09-29,North Sydney Oval,1,11.6,New Zealand,Australia,KJ Martin,ML Green,A Gardner,1,0,,,,,,,,,
1144978,2018/19,2018-09-29,North Sydney Oval,1,12.1,New Zealand,Australia,KJ Martin,ML Green,EA Perry,0,0,,,,,,,,,
1144978,2018/19,2018-09-29,North Sydney Oval,1,12.2,New Zealand,Australia,KJ Martin,ML Green,EA Perry,0,0,,,,,,,,,
1144978,2018/19,2018-09-29,North Sydney Oval,1,12.3,New Zealand,Australia,KJ Martin,ML Green,EA Perry,4,0,,,,,,,,,
1144978,2018/19,2018-09-29,North Sydney Oval,1,12.4,New Zealand,Australia,KJ Martin,ML Green,EA Perry,0,0,,,,,,,,,
1144978,2018/19,2018-09-29,North Sydney Oval,1,12.5,New Zealand,Australia,KJ Martin,ML Green,EA Perry,6,0,,,,,,,,,
1144978,2018/19,2018-09-29,North Sydney Oval,1,12.6,New Zealand,Australia,KJ Martin,ML Green,EA Perry,4,0,,,,,,,,,
1144978,2018/19,2018-09-29,North Sydney Oval,1,13.1,New Zealand,Australia,ML Green,KJ Martin,S Molineux,1,0,,,,,,,,,
1144978,2018/19,2018-09-29,North Sydney Oval,1,13.2,New Zealand,Australia,KJ Martin,ML Green,S Molineux,1,0,,,,,,,,,
1144978,2018/19,2018-09-29,North Sydney Oval,1,13.3,New Zealand,Australia,ML Green,KJ Martin,S Molineux,0,0,,,,,,,,,
1144978,2018/19,2018-09-29,North Sydney Oval,1,13.4,New Zealand,Australia,ML Green,KJ Martin,S Molineux,0,0,,,,,,,,,
1144978,2018/19,2018-09-29,North Sydney Oval,1,13.5,New Zealand,Australia,ML Green,KJ Martin,S Molineux,1,0,,,,,,,,,
1144978,2018/19,2018-09-29,North Sydney Oval,1,13.6,New Zealand,Australia,KJ Martin,ML Green,S Molineux,0,1,,,,1,,,,,
1144978,2018/19,2018-09-29,North Sydney Oval,1,14.1,New Zealand,Australia,KJ Martin,ML Green,DM Kimmince,0,0,,,,,,,,,
1144978,2018/19,2018-09-29,North Sydney Oval,1,14.2,New Zealand,Australia,KJ Martin,ML Green,DM Kimmince,4,0,,,,,,,,,
1144978,2018/19,2018-09-29,North Sydney Oval,1,14.3,New Zealand,Australia,KJ Martin,ML Green,DM Kimmince,0,1,1,,,,,,,,
1144978,2018/19,2018-09-29,North Sydney Oval,1,14.4,New Zealand,Australia,KJ Martin,ML Green,DM Kimmince,2,0,,,,,,,,,
1144978,2018/19,2018-09-29,North Sydney Oval,1,14.5,New Zealand,Australia,KJ Martin,ML Green,DM Kimmince,1,0,,,,,,,,,
1144978,2018/19,2018-09-29,North Sydney Oval,1,14.6,New Zealand,Australia,ML Green,KJ Martin,DM Kimmince,1,0,,,,,,,,,
1144978,2018/19,2018-09-29,North Sydney Oval,1,14.7,New Zealand,Australia,KJ Martin,ML Green,DM Kimmince,1,0,,,,,,,,,
1144978,2018/19,2018-09-29,North Sydney Oval,1,15.1,New Zealand,Australia,KJ Martin,ML Green,A Gardner,4,0,,,,,,,,,
1144978,2018/19,2018-09-29,North Sydney Oval,1,15.2,New Zealand,Australia,KJ Martin,ML Green,A Gardner,0,0,,,,,,,,,
1144978,2018/19,2018-09-29,North Sydney Oval,1,15.3,New Zealand,Australia,KJ Martin,ML Green,A Gardner,1,0,,,,,,,,,
1144978,2018/19,2018-09-29,North Sydney Oval,1,15.4,New Zealand,Australia,ML Green,KJ Martin,A Gardner,0,0,,,,,,,,,
1144978,2018/19,2018-09-29,North Sydney Oval,1,15.5,New Zealand,Australia,ML Green,KJ Martin,A Gardner,1,0,,,,,,,,,
1144978,2018/19,2018-09-29,North Sydney Oval,1,15.6,New Zealand,Australia,KJ Martin,ML Green,A Gardner,0,0,,,,,,,,,
1144978,2018/19,2018-09-29,North Sydney Oval,1,16.1,New Zealand,Australia,ML Green,KJ Martin,ML Schutt,0,0,,,,,,,,,
1144978,2018/19,2018-09-29,North Sydney Oval,1,16.2,New Zealand,Australia,ML Green,KJ Martin,ML Schutt,1,0,,,,,,,,,
1144978,2018/19,2018-09-29,North Sydney Oval,1,16.3,New Zealand,Australia,KJ Martin,ML Green,ML Schutt,1,0,,,,,,,,,
1144978,2018/19,2018-09-29,North Sydney Oval,1,16.4,New Zealand,Australia,ML Green,KJ Martin,ML Schutt,0,0,,,,,,bowled,ML Green,,
1144978,2018/19,2018-09-29,North Sydney Oval,1,16.5,New Zealand,Australia,B Bezuidenhout,KJ Martin,ML Schutt,0,0,,,,,,,,,
1144978,2018/19,2018-09-29,North Sydney Oval,1,16.6,New Zealand,Australia,B Bezuidenhout,KJ Martin,ML Schutt,1,0,,,,,,,,,
1144978,2018/19,2018-09-29,North Sydney Oval,1,17.1,New Zealand,Australia,B Bezuidenhout,KJ Martin,S Molineux,0,0,,,,,,,,,
1144978,2018/19,2018-09-29,North Sydney Oval,1,17.2,New Zealand,Australia,B Bezuidenhout,KJ Martin,S Molineux,1,0,,,,,,,,,
1144978,2018/19,2018-09-29,North Sydney Oval,1,17.3,New Zealand,Australia,KJ Martin,B Bezuidenhout,S Molineux,1,0,,,,,,,,,
1144978,2018/19,2018-09-29,North Sydney Oval,1,17.4,New Zealand,Australia,B Bezuidenhout,KJ Martin,S Molineux,1,0,,,,,,,,,
1144978,2018/19,2018-09-29,North Sydney Oval,1,17.5,New Zealand,Australia,KJ Martin,B Bezuidenhout,S Molineux,1,0,,,,,,,,,
1144978,2018/19,2018-09-29,North Sydney Oval,1,17.6,New Zealand,Australia,B Bezuidenhout,KJ Martin,S Molineux,1,0,,,,,,,,,
1144978,2018/19,2018-09-29,North Sydney Oval,1,18.1,New Zealand,Australia,B Bezuidenhout,KJ Martin,DM Kimmince,0,1,,,,1,,,,,
1144978,2018/19,2018-09-29,North Sydney Oval,1,18.2,New Zealand,Australia,KJ Martin,B Bezuidenhout,DM Kimmince,0,1,1,,,,,,,,
1144978,2018/19,2018-09-29,North Sydney Oval,1,18.3,New Zealand,Australia,KJ Martin,B Bezuidenhout,DM Kimmince,1,0,,,,,,,,,
1144978,2018/19,2018-09-29,North Sydney Oval,1,18.4,New Zealand,Australia,B Bezuidenhout,KJ Martin,DM Kimmince,0,0,,,,,,,,,
1144978,2018/19,2018-09-29,North Sydney Oval,1,18.5,New Zealand,Australia,B Bezuidenhout,KJ Martin,DM Kimmince,6,0,,,,,,,,,
1144978,2018/19,2018-09-29,North Sydney Oval,1,18.6,New Zealand,Australia,B Bezuidenhout,KJ Martin,DM Kimmince,6,0,,,,,,,,,
1144978,2018/19,2018-09-29,North Sydney Oval,1,18.7,New Zealand,Australia,B Bezuidenhout,KJ Martin,DM Kimmince,0,1,1,,,,,,,,
1144978,2018/19,2018-09-29,North Sydney Oval,1,18.8,New Zealand,Australia,B Bezuidenhout,KJ Martin,DM Kimmince,0,0,,,,,,,,,
1144978,2018/19,2018-09-29,North Sydney Oval,1,19.1,New Zealand,Australia,KJ Martin,B Bezuidenhout,ML Schutt,1,0,,,,,,,,,
1144978,2018/19,2018-09-29,North Sydney Oval,1,19.2,New Zealand,Australia,B Bezuidenhout,KJ Martin,ML Schutt,4,0,,,,,,,,,
1144978,2018/19,2018-09-29,North Sydney Oval,1,19.3,New Zealand,Australia,B Bezuidenhout,KJ Martin,ML Schutt,0,1,,,,1,,,,,
1144978,2018/19,2018-09-29,North Sydney Oval,1,19.4,New Zealand,Australia,KJ Martin,B Bezuidenhout,ML Schutt,6,0,,,,,,,,,
1144978,2018/19,2018-09-29,North Sydney Oval,1,19.5,New Zealand,Australia,KJ Martin,B Bezuidenhout,ML Schutt,4,0,,,,,,,,,
1144978,2018/19,2018-09-29,North Sydney Oval,1,19.6,New Zealand,Australia,KJ Martin,B Bezuidenhout,ML Schutt,4,0,,,,,,,,,
1144978,2018/19,2018-09-29,North Sydney Oval,2,0.1,Australia,New Zealand,AJ Healy,BL Mooney,LMM Tahuhu,4,0,,,,,,,,,
1144978,2018/19,2018-09-29,North Sydney Oval,2,0.2,Australia,New Zealand,AJ Healy,BL Mooney,LMM Tahuhu,0,0,,,,,,,,,
1144978,2018/19,2018-09-29,North Sydney Oval,2,0.3,Australia,New Zealand,AJ Healy,BL Mooney,LMM Tahuhu,4,0,,,,,,,,,
1144978,2018/19,2018-09-29,North Sydney Oval,2,0.4,Australia,New Zealand,AJ Healy,BL Mooney,LMM Tahuhu,1,0,,,,,,,,,
1144978,2018/19,2018-09-29,North Sydney Oval,2,0.5,Australia,New Zealand,BL Mooney,AJ Healy,LMM Tahuhu,0,0,,,,,,,,,
1144978,2018/19,2018-09-29,North Sydney Oval,2,0.6,Australia,New Zealand,BL Mooney,AJ Healy,LMM Tahuhu,4,0,,,,,,,,,
1144978,2018/19,2018-09-29,North Sydney Oval,2,1.1,Australia,New Zealand,AJ Healy,BL Mooney,LM Kasperek,1,0,,,,,,,,,
1144978,2018/19,2018-09-29,North Sydney Oval,2,1.2,Australia,New Zealand,BL Mooney,AJ Healy,LM Kasperek,2,0,,,,,,,,,
1144978,2018/19,2018-09-29,North Sydney Oval,2,1.3,Australia,New Zealand,BL Mooney,AJ Healy,LM Kasperek,0,1,1,,,,,,,,
1144978,2018/19,2018-09-29,North Sydney Oval,2,1.4,Australia,New Zealand,BL Mooney,AJ Healy,LM Kasperek,0,0,,,,,,caught,BL Mooney,,
1144978,2018/19,2018-09-29,North Sydney Oval,2,1.5,Australia,New Zealand,AJ Healy,A Gardner,LM Kasperek,4,0,,,,,,,,,
1144978,2018/19,2018-09-29,North Sydney Oval,2,1.6,Australia,New Zealand,AJ Healy,A Gardner,LM Kasperek,0,0,,,,,,,,,
1144978,2018/19,2018-09-29,North Sydney Oval,2,1.7,Australia,New Zealand,AJ Healy,A Gardner,LM Kasperek,0,0,,,,,,,,,
1144978,2018/19,2018-09-29,North Sydney Oval,2,2.1,Australia,New Zealand,A Gardner,AJ Healy,SFM Devine,0,0,,,,,,,,,
1144978,2018/19,2018-09-29,North Sydney Oval,2,2.2,Australia,New Zealand,A Gardner,AJ Healy,SFM Devine,1,0,,,,,,,,,
1144978,2018/19,2018-09-29,North Sydney Oval,2,2.3,Australia,New Zealand,AJ Healy,A Gardner,SFM Devine,0,0,,,,,,lbw,AJ Healy,,
1144978,2018/19,2018-09-29,North Sydney Oval,2,2.4,Australia,New Zealand,EJ Villani,A Gardner,SFM Devine,4,0,,,,,,,,,
1144978,2018/19,2018-09-29,North Sydney Oval,2,2.5,Australia,New Zealand,EJ Villani,A Gardner,SFM Devine,0,0,,,,,,lbw,EJ Villani,,
1144978,2018/19,2018-09-29,North Sydney Oval,2,2.6,Australia,New Zealand,MM Lanning,A Gardner,SFM Devine,0,0,,,,,,,,,
1144978,2018/19,2018-09-29,North Sydney Oval,2,3.1,Australia,New Zealand,A Gardner,MM Lanning,AC Kerr,0,1,1,,,,,,,,
1144978,2018/19,2018-09-29,North Sydney Oval,2,3.2,Australia,New Zealand,A Gardner,MM Lanning,AC Kerr,1,0,,,,,,,,,
1144978,2018/19,2018-09-29,North Sydney Oval,2,3.3,Australia,New Zealand,MM Lanning,A Gardner,AC Kerr,0,0,,,,,,,,,
1144978,2018/19,2018-09-29,North Sydney Oval,2,3.4,Australia,New Zealand,MM Lanning,A Gardner,AC Kerr,4,0,,,,,,,,,
1144978,2018/19,2018-09-29,North Sydney Oval,2,3.5,Australia,New Zealand,MM Lanning,A Gardner,AC Kerr,4,0,,,,,,,,,
1144978,2018/19,2018-09-29,North Sydney Oval,2,3.6,Australia,New Zealand,MM Lanning,A Gardner,AC Kerr,0,0,,,,,,,,,
1144978,2018/19,2018-09-29,North Sydney Oval,2,3.7,Australia,New Zealand,MM Lanning,A Gardner,AC Kerr,4,0,,,,,,,,,
1144978,2018/19,2018-09-29,North Sydney Oval,2,4.1,Australia,New Zealand,A Gardner,MM Lanning,SFM Devine,0,0,,,,,,,,,
1144978,2018/19,2018-09-29,North Sydney Oval,2,4.2,Australia,New Zealand,A Gardner,MM Lanning,SFM Devine,0,0,,,,,,,,,
1144978,2018/19,2018-09-29,North Sydney Oval,2,4.3,Australia,New Zealand,A Gardner,MM Lanning,SFM Devine,4,0,,,,,,,,,
1144978,2018/19,2018-09-29,North Sydney Oval,2,4.4,Australia,New Zealand,A Gardner,MM Lanning,SFM Devine,1,0,,,,,,,,,
1144978,2018/19,2018-09-29,North Sydney Oval,2,4.5,Australia,New Zealand,MM Lanning,A Gardner,SFM Devine,0,0,,,,,,,,,
1144978,2018/19,2018-09-29,North Sydney Oval,2,4.6,Australia,New Zealand,MM Lanning,A Gardner,SFM Devine,0,0,,,,,,,,,
1144978,2018/19,2018-09-29,North Sydney Oval,2,5.1,Australia,New Zealand,A Gardner,MM Lanning,LM Kasperek,0,0,,,,,,caught,A Gardner,,
1144978,2018/19,2018-09-29,North Sydney Oval,2,5.2,Australia,New Zealand,MM Lanning,RL Haynes,LM Kasperek,0,0,,,,,,,,,
1144978,2018/19,2018-09-29,North Sydney Oval,2,5.3,Australia,New Zealand,MM Lanning,RL Haynes,LM Kasperek,2,0,,,,,,,,,
1144978,2018/19,2018-09-29,North Sydney Oval,2,5.4,Australia,New Zealand,MM Lanning,RL Haynes,LM Kasperek,0,0,,,,,,,,,
1144978,2018/19,2018-09-29,North Sydney Oval,2,5.5,Australia,New Zealand,MM Lanning,RL Haynes,LM Kasperek,2,0,,,,,,,,,
1144978,2018/19,2018-09-29,North Sydney Oval,2,5.6,Australia,New Zealand,MM Lanning,RL Haynes,LM Kasperek,1,0,,,,,,,,,
1144978,2018/19,2018-09-29,North Sydney Oval,2,6.1,Australia,New Zealand,MM Lanning,RL Haynes,SFM Devine,2,0,,,,,,,,,
1144978,2018/19,2018-09-29,North Sydney Oval,2,6.2,Australia,New Zealand,MM Lanning,RL Haynes,SFM Devine,0,0,,,,,,,,,
1144978,2018/19,2018-09-29,North Sydney Oval,2,6.3,Australia,New Zealand,MM Lanning,RL Haynes,SFM Devine,1,0,,,,,,,,,
1144978,2018/19,2018-09-29,North Sydney Oval,2,6.4,Australia,New Zealand,RL Haynes,MM Lanning,SFM Devine,0,1,,,,1,,,,,
1144978,2018/19,2018-09-29,North Sydney Oval,2,6.5,Australia,New Zealand,MM Lanning,RL Haynes,SFM Devine,1,0,,,,,,,,,
1144978,2018/19,2018-09-29,North Sydney Oval,2,6.6,Australia,New Zealand,RL Haynes,MM Lanning,SFM Devine,1,0,,,,,,,,,
1144978,2018/19,2018-09-29,North Sydney Oval,2,7.1,Australia,New Zealand,RL Haynes,MM Lanning,HNK Jensen,4,0,,,,,,,,,
1144978,2018/19,2018-09-29,North Sydney Oval,2,7.2,Australia,New Zealand,RL Haynes,MM Lanning,HNK Jensen,1,0,,,,,,,,,
1144978,2018/19,2018-09-29,North Sydney Oval,2,7.3,Australia,New Zealand,MM Lanning,RL Haynes,HNK Jensen,1,0,,,,,,,,,
1144978,2018/19,2018-09-29,North Sydney Oval,2,7.4,Australia,New Zealand,RL Haynes,MM Lanning,HNK Jensen,1,0,,,,,,,,,
1144978,2018/19,2018-09-29,North Sydney Oval,2,7.5,Australia,New Zealand,MM Lanning,RL Haynes,HNK Jensen,1,0,,,,,,,,,
1144978,2018/19,2018-09-29,North Sydney Oval,2,7.6,Australia,New Zealand,RL Haynes,MM Lanning,HNK Jensen,4,0,,,,,,,,,
1144978,2018/19,2018-09-29,North Sydney Oval,2,8.1,Australia,New Zealand,MM Lanning,RL Haynes,LMM Tahuhu,0,0,,,,,,,,,
1144978,2018/19,2018-09-29,North Sydney Oval,2,8.2,Australia,New Zealand,MM Lanning,RL Haynes,LMM Tahuhu,0,0,,,,,,,,,
1144978,2018/19,2018-09-29,North Sydney Oval,2,8.3,Australia,New Zealand,MM Lanning,RL Haynes,LMM Tahuhu,0,0,,,,,,,,,
1144978,2018/19,2018-09-29,North Sydney Oval,2,8.4,Australia,New Zealand,MM Lanning,RL Haynes,LMM Tahuhu,1,0,,,,,,,,,
1144978,2018/19,2018-09-29,North Sydney Oval,2,8.5,Australia,New Zealand,RL Haynes,MM Lanning,LMM Tahuhu,0,0,,,,,,,,,
1144978,2018/19,2018-09-29,North Sydney Oval,2,8.6,Australia,New Zealand,RL Haynes,MM Lanning,LMM Tahuhu,1,0,,,,,,,,,
1144978,2018/19,2018-09-29,North Sydney Oval,2,9.1,Australia,New Zealand,RL Haynes,MM Lanning,AC Kerr,4,0,,,,,,,,,
1144978,2018/19,2018-09-29,North Sydney Oval,2,9.2,Australia,New Zealand,RL Haynes,MM Lanning,AC Kerr,4,0,,,,,,,,,
1144978,2018/19,2018-09-29,North Sydney Oval,2,9.3,Australia,New Zealand,RL Haynes,MM Lanning,AC Kerr,1,0,,,,,,,,,
1144978,2018/19,2018-09-29,North Sydney Oval,2,9.4,Australia,New Zealand,MM Lanning,RL Haynes,AC Kerr,0,1,1,,,,,,,,
1144978,2018/19,2018-09-29,North Sydney Oval,2,9.5,Australia,New Zealand,MM Lanning,RL Haynes,AC Kerr,0,1,,,,1,,,,,
1144978,2018/19,2018-09-29,North Sydney Oval,2,9.6,Australia,New Zealand,RL Haynes,MM Lanning,AC Kerr,0,0,,,,,,,,,
1144978,2018/19,2018-09-29,North Sydney Oval,2,9.7,Australia,New Zealand,RL Haynes,MM Lanning,AC Kerr,0,0,,,,,,,,,
1144978,2018/19,2018-09-29,North Sydney Oval,2,10.1,Australia,New Zealand,MM Lanning,RL Haynes,LMM Tahuhu,0,0,,,,,,,,,
1144978,2018/19,2018-09-29,North Sydney Oval,2,10.2,Australia,New Zealand,MM Lanning,RL Haynes,LMM Tahuhu,4,0,,,,,,,,,
1144978,2018/19,2018-09-29,North Sydney Oval,2,10.3,Australia,New Zealand,MM Lanning,RL Haynes,LMM Tahuhu,0,0,,,,,,,,,
1144978,2018/19,2018-09-29,North Sydney Oval,2,10.4,Australia,New Zealand,MM Lanning,RL Haynes,LMM Tahuhu,0,1,,,,1,,,,,
1144978,2018/19,2018-09-29,North Sydney Oval,2,10.5,Australia,New Zealand,RL Haynes,MM Lanning,LMM Tahuhu,1,0,,,,,,,,,
1144978,2018/19,2018-09-29,North Sydney Oval,2,10.6,Australia,New Zealand,MM Lanning,RL Haynes,LMM Tahuhu,4,1,,1,,,,,,,
1144978,2018/19,2018-09-29,North Sydney Oval,2,10.7,Australia,New Zealand,MM Lanning,RL Haynes,LMM Tahuhu,0,0,,,,,,,,,
1144978,2018/19,2018-09-29,North Sydney Oval,2,11.1,Australia,New Zealand,RL Haynes,MM Lanning,SW Bates,0,0,,,,,,,,,
1144978,2018/19,2018-09-29,North Sydney Oval,2,11.2,Australia,New Zealand,RL Haynes,MM Lanning,SW Bates,1,0,,,,,,,,,
1144978,2018/19,2018-09-29,North Sydney Oval,2,11.3,Australia,New Zealand,MM Lanning,RL Haynes,SW Bates,1,0,,,,,,,,,
1144978,2018/19,2018-09-29,North Sydney Oval,2,11.4,Australia,New Zealand,RL Haynes,MM Lanning,SW Bates,1,0,,,,,,,,,
1144978,2018/19,2018-09-29,North Sydney Oval,2,11.5,Australia,New Zealand,MM Lanning,RL Haynes,SW Bates,1,0,,,,,,,,,
1144978,2018/19,2018-09-29,North Sydney Oval,2,11.6,Australia,New Zealand,RL Haynes,MM Lanning,SW Bates,1,0,,,,,,,,,
1144978,2018/19,2018-09-29,North Sydney Oval,2,12.1,Australia,New Zealand,RL Haynes,MM Lanning,LM Kasperek,6,0,,,,,,,,,
1144978,2018/19,2018-09-29,North Sydney Oval,2,12.2,Australia,New Zealand,RL Haynes,MM Lanning,LM Kasperek,1,0,,,,,,,,,
1144978,2018/19,2018-09-29,North Sydney Oval,2,12.3,Australia,New Zealand,MM Lanning,RL Haynes,LM Kasperek,0,0,,,,,,,,,
1144978,2018/19,2018-09-29,North Sydney Oval,2,12.4,Australia,New Zealand,MM Lanning,RL Haynes,LM Kasperek,0,0,,,,,,,,,
1144978,2018/19,2018-09-29,North Sydney Oval,2,12.5,Australia,New Zealand,MM Lanning,RL Haynes,LM Kasperek,4,0,,,,,,,,,
1144978,2018/19,2018-09-29,North Sydney Oval,2,12.6,Australia,New Zealand,MM Lanning,RL Haynes,LM Kasperek,4,0,,,,,,,,,
1144978,2018/19,2018-09-29,North Sydney Oval,2,13.1,Australia,New Zealand,RL Haynes,MM Lanning,SW Bates,0,0,,,,,,,,,
1144978,2018/19,2018-09-29,North Sydney Oval,2,13.2,Australia,New Zealand,RL Haynes,MM Lanning,SW Bates,4,0,,,,,,,,,
1144978,2018/19,2018-09-29,North Sydney Oval,2,13.3,Australia,New Zealand,RL Haynes,MM Lanning,SW Bates,4,0,,,,,,,,,
1144978,2018/19,2018-09-29,North Sydney Oval,2,13.4,Australia,New Zealand,RL Haynes,MM Lanning,SW Bates,1,0,,,,,,,,,
1144978,2018/19,2018-09-29,North Sydney Oval,2,13.5,Australia,New Zealand,MM Lanning,RL Haynes,SW Bates,1,0,,,,,,,,,
1144978,2018/19,2018-09-29,North Sydney Oval,2,13.6,Australia,New Zealand,RL Haynes,MM Lanning,SW Bates,1,0,,,,,,,,,
1144978,2018/19,2018-09-29,North Sydney Oval,2,14.1,Australia,New Zealand,RL Haynes,MM Lanning,HNK Jensen,0,0,,,,,,,,,
1144978,2018/19,2018-09-29,North Sydney Oval,2,14.2,Australia,New Zealand,RL Haynes,MM Lanning,HNK Jensen,4,0,,,,,,,,,
1144978,2018/19,2018-09-29,North Sydney Oval,2,14.3,Australia,New Zealand,RL Haynes,MM Lanning,HNK Jensen,1,0,,,,,,,,,
1144978,2018/19,2018-09-29,North Sydney Oval,2,14.4,Australia,New Zealand,MM Lanning,RL Haynes,HNK Jensen,2,0,,,,,,,,,
1144978,2018/19,2018-09-29,North Sydney Oval,2,14.5,Australia,New Zealand,MM Lanning,RL Haynes,HNK Jensen,1,0,,,,,,,,,
1144978,2018/19,2018-09-29,North Sydney Oval,2,14.6,Australia,New Zealand,RL Haynes,MM Lanning,HNK Jensen,1,0,,,,,,,,,
1144978,2018/19,2018-09-29,North Sydney Oval,2,15.1,Australia,New Zealand,RL Haynes,MM Lanning,SFM Devine,4,0,,,,,,,,,
1144978,2018/19,2018-09-29,North Sydney Oval,2,15.2,Australia,New Zealand,RL Haynes,MM Lanning,SFM Devine,4,0,,,,,,,,,
1144978,2018/19,2018-09-29,North Sydney Oval,2,15.3,Australia,New Zealand,RL Haynes,MM Lanning,SFM Devine,4,0,,,,,,,,,
1144978,2018/19,2018-09-29,North Sydney Oval,2,15.4,Australia,New Zealand,RL Haynes,MM Lanning,SFM Devine,0,0,,,,,,,,,
1144978,2018/19,2018-09-29,North Sydney Oval,2,15.5,Australia,New Zealand,RL Haynes,MM Lanning,SFM Devine,4,0,,,,,,,,,
1144978,2018/19,2018-09-29,North Sydney Oval,2,15.6,Australia,New Zealand,RL Haynes,MM Lanning,SFM Devine,0,0,,,,,,,,,
1144978,2018/19,2018-09-29,North Sydney Oval,2,16.1,Australia,New Zealand,MM Lanning,RL Haynes,SW Bates,4,0,,,,,,,,,
1144978,2018/19,2018-09-29,North Sydney Oval,2,16.2,Australia,New Zealand,MM Lanning,RL Haynes,SW Bates,0,0,,,,,,,,,
1144978,2018/19,2018-09-29,North Sydney Oval,2,16.3,Australia,New Zealand,MM Lanning,RL Haynes,SW Bates,1,0,,,,,,,,,
1144978,2018/19,2018-09-29,North Sydney Oval,2,16.4,Australia,New Zealand,RL Haynes,MM Lanning,SW Bates,0,0,,,,,,,,,
1144978,2018/19,2018-09-29,North Sydney Oval,2,16.5,Australia,New Zealand,RL Haynes,MM Lanning,SW Bates,2,0,,,,,,,,,
1144978,2018/19,2018-09-29,North Sydney Oval,2,16.6,Australia,New Zealand,RL Haynes,MM Lanning,SW Bates,0,1,1,,,,,,,,
1144978,2018/19,2018-09-29,North Sydney Oval,2,16.7,Australia,New Zealand,RL Haynes,MM Lanning,SW Bates,1,0,,,,,,,,,
1144978,2018/19,2018-09-29,North Sydney Oval,2,17.1,Australia,New Zealand,RL Haynes,MM Lanning,HNK Jensen,1,0,,,,,,,,,
1144978,2018/19,2018-09-29,North Sydney Oval,2,17.2,Australia,New Zealand,MM Lanning,RL Haynes,HNK Jensen,1,0,,,,,,,,,
1144978,2018/19,2018-09-29,North Sydney Oval,2,17.3,Australia,New Zealand,RL Haynes,MM Lanning,HNK Jensen,1,0,,,,,,,,,
1144978,2018/19,2018-09-29,North Sydney Oval,2,17.4,Australia,New Zealand,MM Lanning,RL Haynes,HNK Jensen,4,0,,,,,,,,,
