version,2.1.0
info,balls_per_over,6
info,team,South Africa
info,team,Bangladesh
info,gender,female
info,season,2018
info,date,2018/05/20
info,event,Bangladesh Women tour of South Africa
info,match_number,3
info,venue,Mangaung Oval
info,city,Bloemfontein
info,toss_winner,Bangladesh
info,toss_decision,field
info,player_of_match,A Khaka
info,umpire,AT Holdstock
info,umpire,S George
info,reserve_umpire,BP Jele
info,match_referee,S Wadvalla
info,winner,South Africa
info,winner_runs,23
info,player,South Africa,L Lee
info,player,South Africa,T Brits
info,player,South Africa,S Luus
info,player,South Africa,D van Niekerk
info,player,South Africa,CL Tryon
info,player,South Africa,M Kapp
info,player,South Africa,S Lackay
info,player,South Africa,S Ismail
info,player,South Africa,R Ntozakhe
info,player,South Africa,Z Mali
info,player,South Africa,A Khaka
info,player,Bangladesh,Shamima Sultana
info,player,Bangladesh,Murshida Khatun
info,player,Bangladesh,Fargana Hoque
info,player,Bangladesh,Rumana Ahmed
info,player,Bangladesh,Nigar Sultana
info,player,Bangladesh,Fahima Khatun
info,player,Bangladesh,Jahanara Alam
info,player,Bangladesh,Panna Ghosh
info,player,Bangladesh,Khadija Tul Kubra
info,player,Bangladesh,Jannatul Ferdus
info,player,Bangladesh,Salma Khatun
info,registry,people,A Khaka,0d518f89
info,registry,people,AT Holdstock,6fa3258c
info,registry,people,BP Jele,7bb1331e
info,registry,people,CL Tryon,4d4605e6
info,registry,people,D van Niekerk,8c5775f3
info,registry,people,Fahima Khatun,558cdd64
info,registry,people,Fargana Hoque,6e96c956
info,registry,people,Jahanara Alam,752183c1
info,registry,people,Jannatul Ferdus,fa948618
info,registry,people,Khadija Tul Kubra,bec997fc
info,registry,people,L Lee,7b01ce83
info,registry,people,M Kapp,63e3b6b3
info,registry,people,Murshida Khatun,712bbd92
info,registry,people,Nigar Sultana,3827f6a2
info,registry,people,Panna Ghosh,005f0561
info,registry,people,R Ntozakhe,94b30fa5
info,registry,people,Rumana Ahmed,a92763ea
info,registry,people,S George,6d9e5a54
info,registry,people,S Ismail,108c4c09
info,registry,people,S Lackay,d3a9aadd
info,registry,people,S Luus,6d76bc23
info,registry,people,S Wadvalla,c1a1acf3
info,registry,people,Salma Khatun,037f2b86
info,registry,people,Shamima Sultana,724645f5
info,registry,people,T Brits,06659caa
info,registry,people,Z Mali,f0b16e64
