match_id,season,start_date,venue,innings,ball,batting_team,bowling_team,striker,non_striker,bowler,runs_off_bat,extras,wides,noballs,byes,legbyes,penalty,wicket_type,player_dismissed,other_wicket_type,other_player_dismissed
1145894,2018,2018-06-28,YMCA Cricket Club,1,0.1,Ireland,Bangladesh,CMA Shillington,CNIM Joyce,Jahanara Alam,4,0,,,,,,,,,
1145894,2018,2018-06-28,YMCA Cricket Club,1,0.2,Ireland,Bangladesh,CMA Shillington,CNIM Joyce,Jahanara Alam,0,0,,,,,,,,,
1145894,2018,2018-06-28,YMCA Cricket Club,1,0.3,Ireland,Bangladesh,CMA Shillington,CNIM Joyce,Jahanara Alam,0,0,,,,,,lbw,CMA Shillington,,
1145894,2018,2018-06-28,YMCA Cricket Club,1,0.4,Ireland,Bangladesh,GH Lewis,CNIM Joyce,Jahanara Alam,0,0,,,,,,,,,
1145894,2018,2018-06-28,YMCA Cricket Club,1,0.5,Ireland,Bangladesh,GH Lewis,CNIM Joyce,Jahanara Alam,6,0,,,,,,,,,
1145894,2018,2018-06-28,YMCA Cricket Club,1,0.6,Ireland,Bangladesh,GH Lewis,CNIM Joyce,Jahanara Alam,0,0,,,,,,,,,
1145894,2018,2018-06-28,YMCA Cricket Club,1,1.1,Ireland,Bangladesh,CNIM Joyce,GH Lewis,Nahida Akter,0,0,,,,,,,,,
1145894,2018,2018-06-28,YMCA Cricket Club,1,1.2,Ireland,Bangladesh,CNIM Joyce,GH Lewis,Nahida Akter,1,0,,,,,,,,,
1145894,2018,2018-06-28,YMCA Cricket Club,1,1.3,Ireland,Bangladesh,GH Lewis,CNIM Joyce,Nahida Akter,4,0,,,,,,,,,
1145894,2018,2018-06-28,YMCA Cricket Club,1,1.4,Ireland,Bangladesh,GH Lewis,CNIM Joyce,Nahida Akter,0,0,,,,,,,,,
1145894,2018,2018-06-28,YMCA Cricket Club,1,1.5,Ireland,Bangladesh,GH Lewis,CNIM Joyce,Nahida Akter,0,0,,,,,,,,,
1145894,2018,2018-06-28,YMCA Cricket Club,1,1.6,Ireland,Bangladesh,GH Lewis,CNIM Joyce,Nahida Akter,0,0,,,,,,,,,
1145894,2018,2018-06-28,YMCA Cricket Club,1,2.1,Ireland,Bangladesh,CNIM Joyce,GH Lewis,Jahanara Alam,0,0,,,,,,lbw,CNIM Joyce,,
1145894,2018,2018-06-28,YMCA Cricket Club,1,2.2,Ireland,Bangladesh,L Delany,GH Lewis,Jahanara Alam,2,0,,,,,,,,,
1145894,2018,2018-06-28,YMCA Cricket Club,1,2.3,Ireland,Bangladesh,L Delany,GH Lewis,Jahanara Alam,0,0,,,,,,,,,
1145894,2018,2018-06-28,YMCA Cricket Club,1,2.4,Ireland,Bangladesh,L Delany,GH Lewis,Jahanara Alam,0,0,,,,,,,,,
1145894,2018,2018-06-28,YMCA Cricket Club,1,2.5,Ireland,Bangladesh,L Delany,GH Lewis,Jahanara Alam,1,0,,,,,,,,,
1145894,2018,2018-06-28,YMCA Cricket Club,1,2.6,Ireland,Bangladesh,GH Lewis,L Delany,Jahanara Alam,0,0,,,,,,,,,
1145894,2018,2018-06-28,YMCA Cricket Club,1,3.1,Ireland,Bangladesh,L Delany,GH Lewis,Nahida Akter,1,0,,,,,,,,,
1145894,2018,2018-06-28,YMCA Cricket Club,1,3.2,Ireland,Bangladesh,GH Lewis,L Delany,Nahida Akter,4,0,,,,,,,,,
1145894,2018,2018-06-28,YMCA Cricket Club,1,3.3,Ireland,Bangladesh,GH Lewis,L Delany,Nahida Akter,0,0,,,,,,,,,
1145894,2018,2018-06-28,YMCA Cricket Club,1,3.4,Ireland,Bangladesh,GH Lewis,L Delany,Nahida Akter,2,0,,,,,,,,,
1145894,2018,2018-06-28,YMCA Cricket Club,1,3.5,Ireland,Bangladesh,GH Lewis,L Delany,Nahida Akter,4,0,,,,,,,,,
1145894,2018,2018-06-28,YMCA Cricket Club,1,3.6,Ireland,Bangladesh,GH Lewis,L Delany,Nahida Akter,4,0,,,,,,,,,
1145894,2018,2018-06-28,YMCA Cricket Club,1,4.1,Ireland,Bangladesh,L Delany,GH Lewis,Salma Khatun,0,0,,,,,,,,,
1145894,2018,2018-06-28,YMCA Cricket Club,1,4.2,Ireland,Bangladesh,L Delany,GH Lewis,Salma Khatun,1,0,,,,,,,,,
1145894,2018,2018-06-28,YMCA Cricket Club,1,4.3,Ireland,Bangladesh,GH Lewis,L Delany,Salma Khatun,0,0,,,,,,,,,
1145894,2018,2018-06-28,YMCA Cricket Club,1,4.4,Ireland,Bangladesh,GH Lewis,L Delany,Salma Khatun,4,0,,,,,,,,,
1145894,2018,2018-06-28,YMCA Cricket Club,1,4.5,Ireland,Bangladesh,GH Lewis,L Delany,Salma Khatun,0,0,,,,,,bowled,GH Lewis,,
1145894,2018,2018-06-28,YMCA Cricket Club,1,4.6,Ireland,Bangladesh,IMHC Joyce,L Delany,Salma Khatun,0,0,,,,,,,,,
1145894,2018,2018-06-28,YMCA Cricket Club,1,5.1,Ireland,Bangladesh,L Delany,IMHC Joyce,Fahima Khatun,0,0,,,,,,,,,
1145894,2018,2018-06-28,YMCA Cricket Club,1,5.2,Ireland,Bangladesh,L Delany,IMHC Joyce,Fahima Khatun,1,0,,,,,,,,,
1145894,2018,2018-06-28,YMCA Cricket Club,1,5.3,Ireland,Bangladesh,IMHC Joyce,L Delany,Fahima Khatun,0,0,,,,,,,,,
1145894,2018,2018-06-28,YMCA Cricket Club,1,5.4,Ireland,Bangladesh,IMHC Joyce,L Delany,Fahima Khatun,1,0,,,,,,,,,
1145894,2018,2018-06-28,YMCA Cricket Club,1,5.5,Ireland,Bangladesh,L Delany,IMHC Joyce,Fahima Khatun,0,0,,,,,,,,,
1145894,2018,2018-06-28,YMCA Cricket Club,1,5.6,Ireland,Bangladesh,L Delany,IMHC Joyce,Fahima Khatun,4,0,,,,,,,,,
1145894,2018,2018-06-28,YMCA Cricket Club,1,6.1,Ireland,Bangladesh,IMHC Joyce,L Delany,Salma Khatun,1,0,,,,,,,,,
1145894,2018,2018-06-28,YMCA Cricket Club,1,6.2,Ireland,Bangladesh,L Delany,IMHC Joyce,Salma Khatun,0,0,,,,,,,,,
1145894,2018,2018-06-28,YMCA Cricket Club,1,6.3,Ireland,Bangladesh,L Delany,IMHC Joyce,Salma Khatun,1,0,,,,,,,,,
1145894,2018,2018-06-28,YMCA Cricket Club,1,6.4,Ireland,Bangladesh,IMHC Joyce,L Delany,Salma Khatun,0,0,,,,,,,,,
1145894,2018,2018-06-28,YMCA Cricket Club,1,6.5,Ireland,Bangladesh,IMHC Joyce,L Delany,Salma Khatun,0,0,,,,,,,,,
1145894,2018,2018-06-28,YMCA Cricket Club,1,6.6,Ireland,Bangladesh,IMHC Joyce,L Delany,Salma Khatun,1,0,,,,,,,,,
1145894,2018,2018-06-28,YMCA Cricket Club,1,7.1,Ireland,Bangladesh,IMHC Joyce,L Delany,Fahima Khatun,2,0,,,,,,,,,
1145894,2018,2018-06-28,YMCA Cricket Club,1,7.2,Ireland,Bangladesh,IMHC Joyce,L Delany,Fahima Khatun,1,0,,,,,,,,,
1145894,2018,2018-06-28,YMCA Cricket Club,1,7.3,Ireland,Bangladesh,L Delany,IMHC Joyce,Fahima Khatun,1,0,,,,,,,,,
1145894,2018,2018-06-28,YMCA Cricket Club,1,7.4,Ireland,Bangladesh,IMHC Joyce,L Delany,Fahima Khatun,4,0,,,,,,,,,
1145894,2018,2018-06-28,YMCA Cricket Club,1,7.5,Ireland,Bangladesh,IMHC Joyce,L Delany,Fahima Khatun,1,0,,,,,,,,,
1145894,2018,2018-06-28,YMCA Cricket Club,1,7.6,Ireland,Bangladesh,L Delany,IMHC Joyce,Fahima Khatun,4,0,,,,,,,,,
1145894,2018,2018-06-28,YMCA Cricket Club,1,8.1,Ireland,Bangladesh,IMHC Joyce,L Delany,Khadija Tul Kubra,0,0,,,,,,,,,
1145894,2018,2018-06-28,YMCA Cricket Club,1,8.2,Ireland,Bangladesh,IMHC Joyce,L Delany,Khadija Tul Kubra,0,0,,,,,,,,,
1145894,2018,2018-06-28,YMCA Cricket Club,1,8.3,Ireland,Bangladesh,IMHC Joyce,L Delany,Khadija Tul Kubra,1,0,,,,,,,,,
1145894,2018,2018-06-28,YMCA Cricket Club,1,8.4,Ireland,Bangladesh,L Delany,IMHC Joyce,Khadija Tul Kubra,2,0,,,,,,,,,
1145894,2018,2018-06-28,YMCA Cricket Club,1,8.5,Ireland,Bangladesh,L Delany,IMHC Joyce,Khadija Tul Kubra,1,0,,,,,,,,,
1145894,2018,2018-06-28,YMCA Cricket Club,1,8.6,Ireland,Bangladesh,IMHC Joyce,L Delany,Khadija Tul Kubra,1,0,,,,,,,,,
1145894,2018,2018-06-28,YMCA Cricket Club,1,9.1,Ireland,Bangladesh,IMHC Joyce,L Delany,Rumana Ahmed,0,0,,,,,,,,,
1145894,2018,2018-06-28,YMCA Cricket Club,1,9.2,Ireland,Bangladesh,IMHC Joyce,L Delany,Rumana Ahmed,1,0,,,,,,,,,
1145894,2018,2018-06-28,YMCA Cricket Club,1,9.3,Ireland,Bangladesh,L Delany,IMHC Joyce,Rumana Ahmed,0,0,,,,,,,,,
1145894,2018,2018-06-28,YMCA Cricket Club,1,9.4,Ireland,Bangladesh,L Delany,IMHC Joyce,Rumana Ahmed,1,0,,,,,,,,,
1145894,2018,2018-06-28,YMCA Cricket Club,1,9.5,Ireland,Bangladesh,IMHC Joyce,L Delany,Rumana Ahmed,1,0,,,,,,,,,
1145894,2018,2018-06-28,YMCA Cricket Club,1,9.6,Ireland,Bangladesh,L Delany,IMHC Joyce,Rumana Ahmed,1,0,,,,,,,,,
1145894,2018,2018-06-28,YMCA Cricket Club,1,10.1,Ireland,Bangladesh,L Delany,IMHC Joyce,Khadija Tul Kubra,1,0,,,,,,,,,
1145894,2018,2018-06-28,YMCA Cricket Club,1,10.2,Ireland,Bangladesh,IMHC Joyce,L Delany,Khadija Tul Kubra,1,0,,,,,,,,,
1145894,2018,2018-06-28,YMCA Cricket Club,1,10.3,Ireland,Bangladesh,L Delany,IMHC Joyce,Khadija Tul Kubra,0,0,,,,,,stumped,L Delany,,
1145894,2018,2018-06-28,YMCA Cricket Club,1,10.4,Ireland,Bangladesh,KJ Garth,IMHC Joyce,Khadija Tul Kubra,1,0,,,,,,,,,
1145894,2018,2018-06-28,YMCA Cricket Club,1,10.5,Ireland,Bangladesh,IMHC Joyce,KJ Garth,Khadija Tul Kubra,0,0,,,,,,,,,
1145894,2018,2018-06-28,YMCA Cricket Club,1,10.6,Ireland,Bangladesh,IMHC Joyce,KJ Garth,Khadija Tul Kubra,1,0,,,,,,,,,
1145894,2018,2018-06-28,YMCA Cricket Club,1,11.1,Ireland,Bangladesh,IMHC Joyce,KJ Garth,Rumana Ahmed,1,0,,,,,,,,,
1145894,2018,2018-06-28,YMCA Cricket Club,1,11.2,Ireland,Bangladesh,KJ Garth,IMHC Joyce,Rumana Ahmed,1,0,,,,,,,,,
1145894,2018,2018-06-28,YMCA Cricket Club,1,11.3,Ireland,Bangladesh,IMHC Joyce,KJ Garth,Rumana Ahmed,1,0,,,,,,,,,
1145894,2018,2018-06-28,YMCA Cricket Club,1,11.4,Ireland,Bangladesh,KJ Garth,IMHC Joyce,Rumana Ahmed,0,0,,,,,,,,,
1145894,2018,2018-06-28,YMCA Cricket Club,1,11.5,Ireland,Bangladesh,KJ Garth,IMHC Joyce,Rumana Ahmed,1,0,,,,,,,,,
1145894,2018,2018-06-28,YMCA Cricket Club,1,11.6,Ireland,Bangladesh,IMHC Joyce,KJ Garth,Rumana Ahmed,0,0,,,,,,,,,
1145894,2018,2018-06-28,YMCA Cricket Club,1,12.1,Ireland,Bangladesh,KJ Garth,IMHC Joyce,Khadija Tul Kubra,1,0,,,,,,,,,
1145894,2018,2018-06-28,YMCA Cricket Club,1,12.2,Ireland,Bangladesh,IMHC Joyce,KJ Garth,Khadija Tul Kubra,0,0,,,,,,,,,
1145894,2018,2018-06-28,YMCA Cricket Club,1,12.3,Ireland,Bangladesh,IMHC Joyce,KJ Garth,Khadija Tul Kubra,1,0,,,,,,,,,
1145894,2018,2018-06-28,YMCA Cricket Club,1,12.4,Ireland,Bangladesh,KJ Garth,IMHC Joyce,Khadija Tul Kubra,0,0,,,,,,,,,
1145894,2018,2018-06-28,YMCA Cricket Club,1,12.5,Ireland,Bangladesh,KJ Garth,IMHC Joyce,Khadija Tul Kubra,1,0,,,,,,,,,
1145894,2018,2018-06-28,YMCA Cricket Club,1,12.6,Ireland,Bangladesh,IMHC Joyce,KJ Garth,Khadija Tul Kubra,0,0,,,,,,,,,
1145894,2018,2018-06-28,YMCA Cricket Club,1,13.1,Ireland,Bangladesh,KJ Garth,IMHC Joyce,Rumana Ahmed,1,0,,,,,,,,,
1145894,2018,2018-06-28,YMCA Cricket Club,1,13.2,Ireland,Bangladesh,IMHC Joyce,KJ Garth,Rumana Ahmed,1,0,,,,,,,,,
1145894,2018,2018-06-28,YMCA Cricket Club,1,13.3,Ireland,Bangladesh,KJ Garth,IMHC Joyce,Rumana Ahmed,1,0,,,,,,,,,
1145894,2018,2018-06-28,YMCA Cricket Club,1,13.4,Ireland,Bangladesh,IMHC Joyce,KJ Garth,Rumana Ahmed,4,0,,,,,,,,,
1145894,2018,2018-06-28,YMCA Cricket Club,1,13.5,Ireland,Bangladesh,IMHC Joyce,KJ Garth,Rumana Ahmed,0,0,,,,,,,,,
1145894,2018,2018-06-28,YMCA Cricket Club,1,13.6,Ireland,Bangladesh,IMHC Joyce,KJ Garth,Rumana Ahmed,0,0,,,,,,,,,
1145894,2018,2018-06-28,YMCA Cricket Club,1,14.1,Ireland,Bangladesh,KJ Garth,IMHC Joyce,Khadija Tul Kubra,1,0,,,,,,,,,
1145894,2018,2018-06-28,YMCA Cricket Club,1,14.2,Ireland,Bangladesh,IMHC Joyce,KJ Garth,Khadija Tul Kubra,1,0,,,,,,,,,
1145894,2018,2018-06-28,YMCA Cricket Club,1,14.3,Ireland,Bangladesh,KJ Garth,IMHC Joyce,Khadija Tul Kubra,0,0,,,,,,,,,
1145894,2018,2018-06-28,YMCA Cricket Club,1,14.4,Ireland,Bangladesh,KJ Garth,IMHC Joyce,Khadija Tul Kubra,1,0,,,,,,,,,
1145894,2018,2018-06-28,YMCA Cricket Club,1,14.5,Ireland,Bangladesh,IMHC Joyce,KJ Garth,Khadija Tul Kubra,1,0,,,,,,,,,
1145894,2018,2018-06-28,YMCA Cricket Club,1,14.6,Ireland,Bangladesh,KJ Garth,IMHC Joyce,Khadija Tul Kubra,4,0,,,,,,,,,
1145894,2018,2018-06-28,YMCA Cricket Club,1,15.1,Ireland,Bangladesh,IMHC Joyce,KJ Garth,Rumana Ahmed,4,0,,,,,,,,,
1145894,2018,2018-06-28,YMCA Cricket Club,1,15.2,Ireland,Bangladesh,IMHC Joyce,KJ Garth,Rumana Ahmed,1,0,,,,,,,,,
1145894,2018,2018-06-28,YMCA Cricket Club,1,15.3,Ireland,Bangladesh,KJ Garth,IMHC Joyce,Rumana Ahmed,2,0,,,,,,,,,
1145894,2018,2018-06-28,YMCA Cricket Club,1,15.4,Ireland,Bangladesh,KJ Garth,IMHC Joyce,Rumana Ahmed,0,0,,,,,,,,,
1145894,2018,2018-06-28,YMCA Cricket Club,1,15.5,Ireland,Bangladesh,KJ Garth,IMHC Joyce,Rumana Ahmed,1,0,,,,,,,,,
1145894,2018,2018-06-28,YMCA Cricket Club,1,15.6,Ireland,Bangladesh,IMHC Joyce,KJ Garth,Rumana Ahmed,2,0,,,,,,,,,
1145894,2018,2018-06-28,YMCA Cricket Club,1,16.1,Ireland,Bangladesh,KJ Garth,IMHC Joyce,Jahanara Alam,0,0,,,,,,,,,
1145894,2018,2018-06-28,YMCA Cricket Club,1,16.2,Ireland,Bangladesh,KJ Garth,IMHC Joyce,Jahanara Alam,0,1,1,,,,,,,,
1145894,2018,2018-06-28,YMCA Cricket Club,1,16.3,Ireland,Bangladesh,KJ Garth,IMHC Joyce,Jahanara Alam,4,0,,,,,,,,,
1145894,2018,2018-06-28,YMCA Cricket Club,1,16.4,Ireland,Bangladesh,KJ Garth,IMHC Joyce,Jahanara Alam,0,0,,,,,,caught,KJ Garth,,
1145894,2018,2018-06-28,YMCA Cricket Club,1,16.5,Ireland,Bangladesh,EAJ Richardson,IMHC Joyce,Jahanara Alam,2,0,,,,,,,,,
1145894,2018,2018-06-28,YMCA Cricket Club,1,16.6,Ireland,Bangladesh,EAJ Richardson,IMHC Joyce,Jahanara Alam,0,0,,,,,,,,,
1145894,2018,2018-06-28,YMCA Cricket Club,1,16.7,Ireland,Bangladesh,EAJ Richardson,IMHC Joyce,Jahanara Alam,0,0,,,,,,caught,EAJ Richardson,,
1145894,2018,2018-06-28,YMCA Cricket Club,1,17.1,Ireland,Bangladesh,SM Kavanagh,IMHC Joyce,Salma Khatun,0,1,1,,,,,,,,
1145894,2018,2018-06-28,YMCA Cricket Club,1,17.2,Ireland,Bangladesh,SM Kavanagh,IMHC Joyce,Salma Khatun,1,0,,,,,,,,,
1145894,2018,2018-06-28,YMCA Cricket Club,1,17.3,Ireland,Bangladesh,IMHC Joyce,SM Kavanagh,Salma Khatun,1,0,,,,,,,,,
1145894,2018,2018-06-28,YMCA Cricket Club,1,17.4,Ireland,Bangladesh,SM Kavanagh,IMHC Joyce,Salma Khatun,1,0,,,,,,,,,
1145894,2018,2018-06-28,YMCA Cricket Club,1,17.5,Ireland,Bangladesh,IMHC Joyce,SM Kavanagh,Salma Khatun,1,0,,,,,,,,,
1145894,2018,2018-06-28,YMCA Cricket Club,1,17.6,Ireland,Bangladesh,SM Kavanagh,IMHC Joyce,Salma Khatun,1,0,,,,,,,,,
1145894,2018,2018-06-28,YMCA Cricket Club,1,17.7,Ireland,Bangladesh,IMHC Joyce,SM Kavanagh,Salma Khatun,1,0,,,,,,,,,
1145894,2018,2018-06-28,YMCA Cricket Club,1,18.1,Ireland,Bangladesh,IMHC Joyce,SM Kavanagh,Jahanara Alam,4,0,,,,,,,,,
1145894,2018,2018-06-28,YMCA Cricket Club,1,18.2,Ireland,Bangladesh,IMHC Joyce,SM Kavanagh,Jahanara Alam,0,0,,,,,,bowled,IMHC Joyce,,
1145894,2018,2018-06-28,YMCA Cricket Club,1,18.3,Ireland,Bangladesh,MV Waldron,SM Kavanagh,Jahanara Alam,0,0,,,,,,,,,
1145894,2018,2018-06-28,YMCA Cricket Club,1,18.4,Ireland,Bangladesh,MV Waldron,SM Kavanagh,Jahanara Alam,1,0,,,,,,,,,
1145894,2018,2018-06-28,YMCA Cricket Club,1,18.5,Ireland,Bangladesh,SM Kavanagh,MV Waldron,Jahanara Alam,1,0,,,,,,,,,
1145894,2018,2018-06-28,YMCA Cricket Club,1,18.6,Ireland,Bangladesh,MV Waldron,SM Kavanagh,Jahanara Alam,2,0,,,,,,,,,
1145894,2018,2018-06-28,YMCA Cricket Club,1,19.1,Ireland,Bangladesh,SM Kavanagh,MV Waldron,Salma Khatun,4,0,,,,,,,,,
1145894,2018,2018-06-28,YMCA Cricket Club,1,19.2,Ireland,Bangladesh,SM Kavanagh,MV Waldron,Salma Khatun,0,0,,,,,,,,,
1145894,2018,2018-06-28,YMCA Cricket Club,1,19.3,Ireland,Bangladesh,SM Kavanagh,MV Waldron,Salma Khatun,1,0,,,,,,,,,
1145894,2018,2018-06-28,YMCA Cricket Club,1,19.4,Ireland,Bangladesh,MV Waldron,SM Kavanagh,Salma Khatun,0,1,,,,1,,,,,
1145894,2018,2018-06-28,YMCA Cricket Club,1,19.5,Ireland,Bangladesh,SM Kavanagh,MV Waldron,Salma Khatun,0,1,,,1,,,,,,
1145894,2018,2018-06-28,YMCA Cricket Club,1,19.6,Ireland,Bangladesh,MV Waldron,SM Kavanagh,Salma Khatun,0,0,,,,,,run out,SM Kavanagh,,
1145894,2018,2018-06-28,YMCA Cricket Club,2,0.1,Bangladesh,Ireland,Shamima Sultana,Ayasha Rahman,IMHC Joyce,0,0,,,,,,,,,
1145894,2018,2018-06-28,YMCA Cricket Club,2,0.2,Bangladesh,Ireland,Shamima Sultana,Ayasha Rahman,IMHC Joyce,0,0,,,,,,,,,
1145894,2018,2018-06-28,YMCA Cricket Club,2,0.3,Bangladesh,Ireland,Shamima Sultana,Ayasha Rahman,IMHC Joyce,4,0,,,,,,,,,
1145894,2018,2018-06-28,YMCA Cricket Club,2,0.4,Bangladesh,Ireland,Shamima Sultana,Ayasha Rahman,IMHC Joyce,0,0,,,,,,,,,
1145894,2018,2018-06-28,YMCA Cricket Club,2,0.5,Bangladesh,Ireland,Shamima Sultana,Ayasha Rahman,IMHC Joyce,0,0,,,,,,,,,
1145894,2018,2018-06-28,YMCA Cricket Club,2,0.6,Bangladesh,Ireland,Shamima Sultana,Ayasha Rahman,IMHC Joyce,0,0,,,,,,,,,
1145894,2018,2018-06-28,YMCA Cricket Club,2,1.1,Bangladesh,Ireland,Ayasha Rahman,Shamima Sultana,EAJ Richardson,1,0,,,,,,,,,
1145894,2018,2018-06-28,YMCA Cricket Club,2,1.2,Bangladesh,Ireland,Shamima Sultana,Ayasha Rahman,EAJ Richardson,0,0,,,,,,caught,Shamima Sultana,,
1145894,2018,2018-06-28,YMCA Cricket Club,2,1.3,Bangladesh,Ireland,Fargana Hoque,Ayasha Rahman,EAJ Richardson,0,0,,,,,,,,,
1145894,2018,2018-06-28,YMCA Cricket Club,2,1.4,Bangladesh,Ireland,Fargana Hoque,Ayasha Rahman,EAJ Richardson,0,0,,,,,,,,,
1145894,2018,2018-06-28,YMCA Cricket Club,2,1.5,Bangladesh,Ireland,Fargana Hoque,Ayasha Rahman,EAJ Richardson,0,0,,,,,,,,,
1145894,2018,2018-06-28,YMCA Cricket Club,2,1.6,Bangladesh,Ireland,Fargana Hoque,Ayasha Rahman,EAJ Richardson,0,0,,,,,,,,,
1145894,2018,2018-06-28,YMCA Cricket Club,2,2.1,Bangladesh,Ireland,Ayasha Rahman,Fargana Hoque,IMHC Joyce,0,0,,,,,,,,,
1145894,2018,2018-06-28,YMCA Cricket Club,2,2.2,Bangladesh,Ireland,Ayasha Rahman,Fargana Hoque,IMHC Joyce,4,0,,,,,,,,,
1145894,2018,2018-06-28,YMCA Cricket Club,2,2.3,Bangladesh,Ireland,Ayasha Rahman,Fargana Hoque,IMHC Joyce,0,4,,,4,,,,,,
1145894,2018,2018-06-28,YMCA Cricket Club,2,2.4,Bangladesh,Ireland,Ayasha Rahman,Fargana Hoque,IMHC Joyce,0,0,,,,,,,,,
1145894,2018,2018-06-28,YMCA Cricket Club,2,2.5,Bangladesh,Ireland,Ayasha Rahman,Fargana Hoque,IMHC Joyce,0,0,,,,,,,,,
1145894,2018,2018-06-28,YMCA Cricket Club,2,2.6,Bangladesh,Ireland,Ayasha Rahman,Fargana Hoque,IMHC Joyce,0,0,,,,,,,,,
1145894,2018,2018-06-28,YMCA Cricket Club,2,3.1,Bangladesh,Ireland,Fargana Hoque,Ayasha Rahman,EAJ Richardson,1,0,,,,,,,,,
1145894,2018,2018-06-28,YMCA Cricket Club,2,3.2,Bangladesh,Ireland,Ayasha Rahman,Fargana Hoque,EAJ Richardson,0,0,,,,,,,,,
1145894,2018,2018-06-28,YMCA Cricket Club,2,3.3,Bangladesh,Ireland,Ayasha Rahman,Fargana Hoque,EAJ Richardson,0,0,,,,,,,,,
1145894,2018,2018-06-28,YMCA Cricket Club,2,3.4,Bangladesh,Ireland,Ayasha Rahman,Fargana Hoque,EAJ Richardson,1,0,,,,,,,,,
1145894,2018,2018-06-28,YMCA Cricket Club,2,3.5,Bangladesh,Ireland,Fargana Hoque,Ayasha Rahman,EAJ Richardson,0,0,,,,,,,,,
1145894,2018,2018-06-28,YMCA Cricket Club,2,3.6,Bangladesh,Ireland,Fargana Hoque,Ayasha Rahman,EAJ Richardson,4,0,,,,,,,,,
1145894,2018,2018-06-28,YMCA Cricket Club,2,4.1,Bangladesh,Ireland,Ayasha Rahman,Fargana Hoque,IMHC Joyce,0,0,,,,,,,,,
1145894,2018,2018-06-28,YMCA Cricket Club,2,4.2,Bangladesh,Ireland,Ayasha Rahman,Fargana Hoque,IMHC Joyce,0,0,,,,,,,,,
1145894,2018,2018-06-28,YMCA Cricket Club,2,4.3,Bangladesh,Ireland,Ayasha Rahman,Fargana Hoque,IMHC Joyce,4,0,,,,,,,,,
1145894,2018,2018-06-28,YMCA Cricket Club,2,4.4,Bangladesh,Ireland,Ayasha Rahman,Fargana Hoque,IMHC Joyce,0,0,,,,,,,,,
1145894,2018,2018-06-28,YMCA Cricket Club,2,4.5,Bangladesh,Ireland,Ayasha Rahman,Fargana Hoque,IMHC Joyce,2,0,,,,,,,,,
1145894,2018,2018-06-28,YMCA Cricket Club,2,4.6,Bangladesh,Ireland,Ayasha Rahman,Fargana Hoque,IMHC Joyce,1,0,,,,,,,,,
1145894,2018,2018-06-28,YMCA Cricket Club,2,5.1,Bangladesh,Ireland,Ayasha Rahman,Fargana Hoque,L Maritz,0,0,,,,,,,,,
1145894,2018,2018-06-28,YMCA Cricket Club,2,5.2,Bangladesh,Ireland,Ayasha Rahman,Fargana Hoque,L Maritz,1,0,,,,,,,,,
1145894,2018,2018-06-28,YMCA Cricket Club,2,5.3,Bangladesh,Ireland,Fargana Hoque,Ayasha Rahman,L Maritz,0,0,,,,,,,,,
1145894,2018,2018-06-28,YMCA Cricket Club,2,5.4,Bangladesh,Ireland,Fargana Hoque,Ayasha Rahman,L Maritz,1,0,,,,,,,,,
1145894,2018,2018-06-28,YMCA Cricket Club,2,5.5,Bangladesh,Ireland,Ayasha Rahman,Fargana Hoque,L Maritz,4,0,,,,,,,,,
1145894,2018,2018-06-28,YMCA Cricket Club,2,5.6,Bangladesh,Ireland,Ayasha Rahman,Fargana Hoque,L Maritz,4,0,,,,,,,,,
1145894,2018,2018-06-28,YMCA Cricket Club,2,6.1,Bangladesh,Ireland,Fargana Hoque,Ayasha Rahman,L Delany,1,0,,,,,,,,,
1145894,2018,2018-06-28,YMCA Cricket Club,2,6.2,Bangladesh,Ireland,Ayasha Rahman,Fargana Hoque,L Delany,1,0,,,,,,,,,
1145894,2018,2018-06-28,YMCA Cricket Club,2,6.3,Bangladesh,Ireland,Fargana Hoque,Ayasha Rahman,L Delany,0,0,,,,,,,,,
1145894,2018,2018-06-28,YMCA Cricket Club,2,6.4,Bangladesh,Ireland,Fargana Hoque,Ayasha Rahman,L Delany,0,0,,,,,,,,,
1145894,2018,2018-06-28,YMCA Cricket Club,2,6.5,Bangladesh,Ireland,Fargana Hoque,Ayasha Rahman,L Delany,0,0,,,,,,,,,
1145894,2018,2018-06-28,YMCA Cricket Club,2,6.6,Bangladesh,Ireland,Fargana Hoque,Ayasha Rahman,L Delany,0,0,,,,,,,,,
1145894,2018,2018-06-28,YMCA Cricket Club,2,7.1,Bangladesh,Ireland,Ayasha Rahman,Fargana Hoque,L Maritz,0,0,,,,,,,,,
1145894,2018,2018-06-28,YMCA Cricket Club,2,7.2,Bangladesh,Ireland,Ayasha Rahman,Fargana Hoque,L Maritz,1,0,,,,,,run out,Ayasha Rahman,,
1145894,2018,2018-06-28,YMCA Cricket Club,2,7.3,Bangladesh,Ireland,Nigar Sultana,Fargana Hoque,L Maritz,0,0,,,,,,,,,
1145894,2018,2018-06-28,YMCA Cricket Club,2,7.4,Bangladesh,Ireland,Nigar Sultana,Fargana Hoque,L Maritz,1,0,,,,,,,,,
1145894,2018,2018-06-28,YMCA Cricket Club,2,7.5,Bangladesh,Ireland,Fargana Hoque,Nigar Sultana,L Maritz,1,0,,,,,,,,,
1145894,2018,2018-06-28,YMCA Cricket Club,2,7.6,Bangladesh,Ireland,Nigar Sultana,Fargana Hoque,L Maritz,1,0,,,,,,,,,
1145894,2018,2018-06-28,YMCA Cricket Club,2,8.1,Bangladesh,Ireland,Nigar Sultana,Fargana Hoque,L Delany,1,0,,,,,,,,,
1145894,2018,2018-06-28,YMCA Cricket Club,2,8.2,Bangladesh,Ireland,Fargana Hoque,Nigar Sultana,L Delany,1,0,,,,,,,,,
1145894,2018,2018-06-28,YMCA Cricket Club,2,8.3,Bangladesh,Ireland,Nigar Sultana,Fargana Hoque,L Delany,0,0,,,,,,,,,
1145894,2018,2018-06-28,YMCA Cricket Club,2,8.4,Bangladesh,Ireland,Nigar Sultana,Fargana Hoque,L Delany,1,0,,,,,,,,,
1145894,2018,2018-06-28,YMCA Cricket Club,2,8.5,Bangladesh,Ireland,Fargana Hoque,Nigar Sultana,L Delany,0,0,,,,,,,,,
1145894,2018,2018-06-28,YMCA Cricket Club,2,8.6,Bangladesh,Ireland,Fargana Hoque,Nigar Sultana,L Delany,1,0,,,,,,,,,
1145894,2018,2018-06-28,YMCA Cricket Club,2,9.1,Bangladesh,Ireland,Fargana Hoque,Nigar Sultana,L Maritz,0,0,,,,,,,,,
1145894,2018,2018-06-28,YMCA Cricket Club,2,9.2,Bangladesh,Ireland,Fargana Hoque,Nigar Sultana,L Maritz,1,0,,,,,,,,,
1145894,2018,2018-06-28,YMCA Cricket Club,2,9.3,Bangladesh,Ireland,Nigar Sultana,Fargana Hoque,L Maritz,0,0,,,,,,,,,
1145894,2018,2018-06-28,YMCA Cricket Club,2,9.4,Bangladesh,Ireland,Nigar Sultana,Fargana Hoque,L Maritz,0,0,,,,,,,,,
1145894,2018,2018-06-28,YMCA Cricket Club,2,9.5,Bangladesh,Ireland,Nigar Sultana,Fargana Hoque,L Maritz,0,1,1,,,,,,,,
1145894,2018,2018-06-28,YMCA Cricket Club,2,9.6,Bangladesh,Ireland,Nigar Sultana,Fargana Hoque,L Maritz,0,0,,,,,,,,,
1145894,2018,2018-06-28,YMCA Cricket Club,2,9.7,Bangladesh,Ireland,Nigar Sultana,Fargana Hoque,L Maritz,1,0,,,,,,,,,
1145894,2018,2018-06-28,YMCA Cricket Club,2,10.1,Bangladesh,Ireland,Nigar Sultana,Fargana Hoque,GH Lewis,0,0,,,,,,,,,
1145894,2018,2018-06-28,YMCA Cricket Club,2,10.2,Bangladesh,Ireland,Nigar Sultana,Fargana Hoque,GH Lewis,1,0,,,,,,,,,
1145894,2018,2018-06-28,YMCA Cricket Club,2,10.3,Bangladesh,Ireland,Fargana Hoque,Nigar Sultana,GH Lewis,0,0,,,,,,,,,
1145894,2018,2018-06-28,YMCA Cricket Club,2,10.4,Bangladesh,Ireland,Fargana Hoque,Nigar Sultana,GH Lewis,1,0,,,,,,,,,
1145894,2018,2018-06-28,YMCA Cricket Club,2,10.5,Bangladesh,Ireland,Nigar Sultana,Fargana Hoque,GH Lewis,1,0,,,,,,,,,
1145894,2018,2018-06-28,YMCA Cricket Club,2,10.6,Bangladesh,Ireland,Fargana Hoque,Nigar Sultana,GH Lewis,0,0,,,,,,,,,
1145894,2018,2018-06-28,YMCA Cricket Club,2,11.1,Bangladesh,Ireland,Nigar Sultana,Fargana Hoque,L Maritz,1,0,,,,,,,,,
1145894,2018,2018-06-28,YMCA Cricket Club,2,11.2,Bangladesh,Ireland,Fargana Hoque,Nigar Sultana,L Maritz,1,0,,,,,,,,,
1145894,2018,2018-06-28,YMCA Cricket Club,2,11.3,Bangladesh,Ireland,Nigar Sultana,Fargana Hoque,L Maritz,4,0,,,,,,,,,
1145894,2018,2018-06-28,YMCA Cricket Club,2,11.4,Bangladesh,Ireland,Nigar Sultana,Fargana Hoque,L Maritz,4,0,,,,,,,,,
1145894,2018,2018-06-28,YMCA Cricket Club,2,11.5,Bangladesh,Ireland,Nigar Sultana,Fargana Hoque,L Maritz,2,0,,,,,,,,,
1145894,2018,2018-06-28,YMCA Cricket Club,2,11.6,Bangladesh,Ireland,Nigar Sultana,Fargana Hoque,L Maritz,4,0,,,,,,,,,
1145894,2018,2018-06-28,YMCA Cricket Club,2,12.1,Bangladesh,Ireland,Fargana Hoque,Nigar Sultana,GH Lewis,0,0,,,,,,caught,Fargana Hoque,,
1145894,2018,2018-06-28,YMCA Cricket Club,2,12.2,Bangladesh,Ireland,Nigar Sultana,Rumana Ahmed,GH Lewis,4,0,,,,,,,,,
1145894,2018,2018-06-28,YMCA Cricket Club,2,12.3,Bangladesh,Ireland,Nigar Sultana,Rumana Ahmed,GH Lewis,0,0,,,,,,,,,
1145894,2018,2018-06-28,YMCA Cricket Club,2,12.4,Bangladesh,Ireland,Nigar Sultana,Rumana Ahmed,GH Lewis,0,0,,,,,,,,,
1145894,2018,2018-06-28,YMCA Cricket Club,2,12.5,Bangladesh,Ireland,Nigar Sultana,Rumana Ahmed,GH Lewis,0,1,,1,,,,,,,
1145894,2018,2018-06-28,YMCA Cricket Club,2,12.6,Bangladesh,Ireland,Nigar Sultana,Rumana Ahmed,GH Lewis,2,0,,,,,,,,,
1145894,2018,2018-06-28,YMCA Cricket Club,2,12.7,Bangladesh,Ireland,Nigar Sultana,Rumana Ahmed,GH Lewis,0,0,,,,,,,,,
1145894,2018,2018-06-28,YMCA Cricket Club,2,13.1,Bangladesh,Ireland,Rumana Ahmed,Nigar Sultana,C Murray,1,0,,,,,,,,,
1145894,2018,2018-06-28,YMCA Cricket Club,2,13.2,Bangladesh,Ireland,Nigar Sultana,Rumana Ahmed,C Murray,1,0,,,,,,,,,
1145894,2018,2018-06-28,YMCA Cricket Club,2,13.3,Bangladesh,Ireland,Rumana Ahmed,Nigar Sultana,C Murray,4,0,,,,,,,,,
1145894,2018,2018-06-28,YMCA Cricket Club,2,13.4,Bangladesh,Ireland,Rumana Ahmed,Nigar Sultana,C Murray,0,0,,,,,,,,,
1145894,2018,2018-06-28,YMCA Cricket Club,2,13.5,Bangladesh,Ireland,Rumana Ahmed,Nigar Sultana,C Murray,1,0,,,,,,,,,
1145894,2018,2018-06-28,YMCA Cricket Club,2,13.6,Bangladesh,Ireland,Nigar Sultana,Rumana Ahmed,C Murray,1,0,,,,,,,,,
1145894,2018,2018-06-28,YMCA Cricket Club,2,14.1,Bangladesh,Ireland,Nigar Sultana,Rumana Ahmed,L Delany,0,0,,,,,,,,,
1145894,2018,2018-06-28,YMCA Cricket Club,2,14.2,Bangladesh,Ireland,Nigar Sultana,Rumana Ahmed,L Delany,1,0,,,,,,,,,
1145894,2018,2018-06-28,YMCA Cricket Club,2,14.3,Bangladesh,Ireland,Rumana Ahmed,Nigar Sultana,L Delany,1,0,,,,,,,,,
1145894,2018,2018-06-28,YMCA Cricket Club,2,14.4,Bangladesh,Ireland,Nigar Sultana,Rumana Ahmed,L Delany,2,0,,,,,,,,,
1145894,2018,2018-06-28,YMCA Cricket Club,2,14.5,Bangladesh,Ireland,Nigar Sultana,Rumana Ahmed,L Delany,0,0,,,,,,,,,
1145894,2018,2018-06-28,YMCA Cricket Club,2,14.6,Bangladesh,Ireland,Nigar Sultana,Rumana Ahmed,L Delany,1,0,,,,,,,,,
1145894,2018,2018-06-28,YMCA Cricket Club,2,15.1,Bangladesh,Ireland,Nigar Sultana,Rumana Ahmed,GH Lewis,1,0,,,,,,,,,
1145894,2018,2018-06-28,YMCA Cricket Club,2,15.2,Bangladesh,Ireland,Rumana Ahmed,Nigar Sultana,GH Lewis,0,0,,,,,,lbw,Rumana Ahmed,,
1145894,2018,2018-06-28,YMCA Cricket Club,2,15.3,Bangladesh,Ireland,Fahima Khatun,Nigar Sultana,GH Lewis,1,0,,,,,,,,,
1145894,2018,2018-06-28,YMCA Cricket Club,2,15.4,Bangladesh,Ireland,Nigar Sultana,Fahima Khatun,GH Lewis,0,1,1,,,,,,,,
1145894,2018,2018-06-28,YMCA Cricket Club,2,15.5,Bangladesh,Ireland,Nigar Sultana,Fahima Khatun,GH Lewis,1,0,,,,,,,,,
1145894,2018,2018-06-28,YMCA Cricket Club,2,15.6,Bangladesh,Ireland,Fahima Khatun,Nigar Sultana,GH Lewis,2,0,,,,,,,,,
1145894,2018,2018-06-28,YMCA Cricket Club,2,15.7,Bangladesh,Ireland,Fahima Khatun,Nigar Sultana,GH Lewis,4,0,,,,,,,,,
1145894,2018,2018-06-28,YMCA Cricket Club,2,16.1,Bangladesh,Ireland,Nigar Sultana,Fahima Khatun,L Delany,1,0,,,,,,,,,
1145894,2018,2018-06-28,YMCA Cricket Club,2,16.2,Bangladesh,Ireland,Fahima Khatun,Nigar Sultana,L Delany,4,0,,,,,,,,,
1145894,2018,2018-06-28,YMCA Cricket Club,2,16.3,Bangladesh,Ireland,Fahima Khatun,Nigar Sultana,L Delany,0,0,,,,,,,,,
1145894,2018,2018-06-28,YMCA Cricket Club,2,16.4,Bangladesh,Ireland,Fahima Khatun,Nigar Sultana,L Delany,0,0,,,,,,,,,
1145894,2018,2018-06-28,YMCA Cricket Club,2,16.5,Bangladesh,Ireland,Fahima Khatun,Nigar Sultana,L Delany,1,0,,,,,,,,,
1145894,2018,2018-06-28,YMCA Cricket Club,2,16.6,Bangladesh,Ireland,Nigar Sultana,Fahima Khatun,L Delany,4,0,,,,,,,,,
1145894,2018,2018-06-28,YMCA Cricket Club,2,17.1,Bangladesh,Ireland,Fahima Khatun,Nigar Sultana,EAJ Richardson,0,2,2,,,,,,,,
1145894,2018,2018-06-28,YMCA Cricket Club,2,17.2,Bangladesh,Ireland,Nigar Sultana,Fahima Khatun,EAJ Richardson,4,0,,,,,,,,,
1145894,2018,2018-06-28,YMCA Cricket Club,2,17.3,Bangladesh,Ireland,Nigar Sultana,Fahima Khatun,EAJ Richardson,1,0,,,,,,,,,
1145894,2018,2018-06-28,YMCA Cricket Club,2,17.4,Bangladesh,Ireland,Fahima Khatun,Nigar Sultana,EAJ Richardson,1,0,,,,,,,,,
1145894,2018,2018-06-28,YMCA Cricket Club,2,17.5,Bangladesh,Ireland,Nigar Sultana,Fahima Khatun,EAJ Richardson,0,0,,,,,,caught,Nigar Sultana,,
1145894,2018,2018-06-28,YMCA Cricket Club,2,17.6,Bangladesh,Ireland,Fahima Khatun,Sanjida Islam,EAJ Richardson,1,0,,,,,,,,,
1145894,2018,2018-06-28,YMCA Cricket Club,2,17.7,Bangladesh,Ireland,Sanjida Islam,Fahima Khatun,EAJ Richardson,0,0,,,,,,,,,
1145894,2018,2018-06-28,YMCA Cricket Club,2,18.1,Bangladesh,Ireland,Fahima Khatun,Sanjida Islam,IMHC Joyce,0,0,,,,,,,,,
1145894,2018,2018-06-28,YMCA Cricket Club,2,18.2,Bangladesh,Ireland,Fahima Khatun,Sanjida Islam,IMHC Joyce,2,0,,,,,,,,,
1145894,2018,2018-06-28,YMCA Cricket Club,2,18.3,Bangladesh,Ireland,Fahima Khatun,Sanjida Islam,IMHC Joyce,2,0,,,,,,,,,
1145894,2018,2018-06-28,YMCA Cricket Club,2,18.4,Bangladesh,Ireland,Fahima Khatun,Sanjida Islam,IMHC Joyce,0,1,1,,,,,,,,
1145894,2018,2018-06-28,YMCA Cricket Club,2,18.5,Bangladesh,Ireland,Fahima Khatun,Sanjida Islam,IMHC Joyce,4,0,,,,,,,,,
1145894,2018,2018-06-28,YMCA Cricket Club,2,18.6,Bangladesh,Ireland,Fahima Khatun,Sanjida Islam,IMHC Joyce,1,0,,,,,,,,,
1145894,2018,2018-06-28,YMCA Cricket Club,2,18.7,Bangladesh,Ireland,Sanjida Islam,Fahima Khatun,IMHC Joyce,4,0,,,,,,,,,
1145894,2018,2018-06-28,YMCA Cricket Club,2,19.1,Bangladesh,Ireland,Fahima Khatun,Sanjida Islam,EAJ Richardson,1,0,,,,,,,,,
1145894,2018,2018-06-28,YMCA Cricket Club,2,19.2,Bangladesh,Ireland,Sanjida Islam,Fahima Khatun,EAJ Richardson,1,0,,,,,,,,,
1145894,2018,2018-06-28,YMCA Cricket Club,2,19.3,Bangladesh,Ireland,Fahima Khatun,Sanjida Islam,EAJ Richardson,0,0,,,,,,,,,
1145894,2018,2018-06-28,YMCA Cricket Club,2,19.4,Bangladesh,Ireland,Fahima Khatun,Sanjida Islam,EAJ Richardson,1,0,,,,,,,,,
1145894,2018,2018-06-28,YMCA Cricket Club,2,19.5,Bangladesh,Ireland,Sanjida Islam,Fahima Khatun,EAJ Richardson,0,0,,,,,,run out,Sanjida Islam,,
1145894,2018,2018-06-28,YMCA Cricket Club,2,19.6,Bangladesh,Ireland,Fahima Khatun,Jahanara Alam,EAJ Richardson,1,0,,,,,,,,,
