version,2.1.0
info,balls_per_over,6
info,team,Ireland
info,team,New Zealand
info,gender,female
info,season,2018
info,date,2018/06/06
info,event,New Zealand Women tour of Ireland and England
info,venue,YMCA Cricket Club
info,city,Dublin
info,toss_winner,Ireland
info,toss_decision,bat
info,umpire,AA Baig
info,umpire,AJ Neill
info,reserve_umpire,Aidan Seaver
info,match_referee,K Gallagher
info,winner,New Zealand
info,winner_wickets,10
info,player,Ireland,CMA Shillington
info,player,Ireland,CNIM Joyce
info,player,Ireland,MV Waldron
info,player,Ireland,GH Lewis
info,player,Ireland,IMHC Joyce
info,player,Ireland,SM Kavanagh
info,player,Ireland,L Delany
info,player,Ireland,AJ Kenealy
info,player,Ireland,Rachel Delaney
info,player,Ireland,L Maritz
info,player,Ireland,C Murray
info,player,New Zealand,SW Bates
info,player,New Zealand,JM Watkin
info,player,New Zealand,LMM Tahuhu
info,player,New Zealand,ML Green
info,player,New Zealand,B Bezuidenhout
info,player,New Zealand,AE Satterthwaite
info,player,New Zealand,AC Kerr
info,player,New Zealand,KE Ebrahim
info,player,New Zealand,AM Peterson
info,player,New Zealand,LM Kasperek
info,player,New Zealand,HM Rowe
info,registry,people,AA Baig,5c67c7a6
info,registry,people,AC Kerr,7673c908
info,registry,people,AE Satterthwaite,72b7ed1e
info,registry,people,AJ Kenealy,ca753f5d
info,registry,people,AJ Neill,7ffe0ce3
info,registry,people,AM Peterson,ae2c396f
info,registry,people,Aidan Seaver,862c0b16
info,registry,people,B Bezuidenhout,564afdcf
info,registry,people,C Murray,5a50471c
info,registry,people,CMA Shillington,60e11a00
info,registry,people,CNIM Joyce,56418eae
info,registry,people,GH Lewis,1b9d1579
info,registry,people,HM Rowe,8ca1f93a
info,registry,people,IMHC Joyce,d3b4b8ed
info,registry,people,JM Watkin,7239a365
info,registry,people,K Gallagher,704afd47
info,registry,people,KE Ebrahim,7c0055c1
info,registry,people,L Delany,b4f73b44
info,registry,people,L Maritz,ac8bca8d
info,registry,people,LM Kasperek,9b73d523
info,registry,people,LMM Tahuhu,60471339
info,registry,people,ML Green,865eae1f
info,registry,people,MV Waldron,2e4f11e9
info,registry,people,Rachel Delaney,d284ef29
info,registry,people,SM Kavanagh,7e9b3b60
info,registry,people,SW Bates,89bbc67a
