match_id,season,start_date,venue,innings,ball,batting_team,bowling_team,striker,non_striker,bowler,runs_off_bat,extras,wides,noballs,byes,legbyes,penalty,wicket_type,player_dismissed,other_wicket_type,other_player_dismissed
1145895,2018,2018-06-29,"The Village, Malahide, Dublin",1,0.1,Ireland,Bangladesh,CMA Shillington,CNIM Joyce,Jahanara Alam,1,0,,,,,,,,,
1145895,2018,2018-06-29,"The Village, Malahide, Dublin",1,0.2,Ireland,Bangladesh,CNIM Joyce,CMA Shillington,Jahanara Alam,0,0,,,,,,,,,
1145895,2018,2018-06-29,"The Village, Malahide, Dublin",1,0.3,Ireland,Bangladesh,CNIM Joyce,CMA Shillington,Jahanara Alam,0,0,,,,,,,,,
1145895,2018,2018-06-29,"The Village, Malahide, Dublin",1,0.4,Ireland,Bangladesh,CNIM Joyce,CMA Shillington,Jahanara Alam,1,0,,,,,,,,,
1145895,2018,2018-06-29,"The Village, Malahide, Dublin",1,0.5,Ireland,Bangladesh,CMA Shillington,CNIM Joyce,Jahanara Alam,0,0,,,,,,,,,
1145895,2018,2018-06-29,"The Village, Malahide, Dublin",1,0.6,Ireland,Bangladesh,CMA Shillington,CNIM Joyce,Jahanara Alam,0,0,,,,,,,,,
1145895,2018,2018-06-29,"The Village, Malahide, Dublin",1,1.1,Ireland,Bangladesh,CNIM Joyce,CMA Shillington,Salma Khatun,1,0,,,,,,,,,
1145895,2018,2018-06-29,"The Village, Malahide, Dublin",1,1.2,Ireland,Bangladesh,CMA Shillington,CNIM Joyce,Salma Khatun,1,0,,,,,,,,,
1145895,2018,2018-06-29,"The Village, Malahide, Dublin",1,1.3,Ireland,Bangladesh,CNIM Joyce,CMA Shillington,Salma Khatun,0,1,1,,,,,,,,
1145895,2018,2018-06-29,"The Village, Malahide, Dublin",1,1.4,Ireland,Bangladesh,CNIM Joyce,CMA Shillington,Salma Khatun,1,0,,,,,,,,,
1145895,2018,2018-06-29,"The Village, Malahide, Dublin",1,1.5,Ireland,Bangladesh,CMA Shillington,CNIM Joyce,Salma Khatun,0,0,,,,,,,,,
1145895,2018,2018-06-29,"The Village, Malahide, Dublin",1,1.6,Ireland,Bangladesh,CMA Shillington,CNIM Joyce,Salma Khatun,0,0,,,,,,,,,
1145895,2018,2018-06-29,"The Village, Malahide, Dublin",1,1.7,Ireland,Bangladesh,CMA Shillington,CNIM Joyce,Salma Khatun,0,0,,,,,,,,,
1145895,2018,2018-06-29,"The Village, Malahide, Dublin",1,2.1,Ireland,Bangladesh,CNIM Joyce,CMA Shillington,Jahanara Alam,1,0,,,,,,,,,
1145895,2018,2018-06-29,"The Village, Malahide, Dublin",1,2.2,Ireland,Bangladesh,CMA Shillington,CNIM Joyce,Jahanara Alam,0,0,,,,,,,,,
1145895,2018,2018-06-29,"The Village, Malahide, Dublin",1,2.3,Ireland,Bangladesh,CMA Shillington,CNIM Joyce,Jahanara Alam,0,0,,,,,,,,,
1145895,2018,2018-06-29,"The Village, Malahide, Dublin",1,2.4,Ireland,Bangladesh,CMA Shillington,CNIM Joyce,Jahanara Alam,0,0,,,,,,bowled,CMA Shillington,,
1145895,2018,2018-06-29,"The Village, Malahide, Dublin",1,2.5,Ireland,Bangladesh,GH Lewis,CNIM Joyce,Jahanara Alam,0,0,,,,,,,,,
1145895,2018,2018-06-29,"The Village, Malahide, Dublin",1,2.6,Ireland,Bangladesh,GH Lewis,CNIM Joyce,Jahanara Alam,0,0,,,,,,,,,
1145895,2018,2018-06-29,"The Village, Malahide, Dublin",1,3.1,Ireland,Bangladesh,CNIM Joyce,GH Lewis,Salma Khatun,0,0,,,,,,,,,
1145895,2018,2018-06-29,"The Village, Malahide, Dublin",1,3.2,Ireland,Bangladesh,CNIM Joyce,GH Lewis,Salma Khatun,0,0,,,,,,,,,
1145895,2018,2018-06-29,"The Village, Malahide, Dublin",1,3.3,Ireland,Bangladesh,CNIM Joyce,GH Lewis,Salma Khatun,1,0,,,,,,,,,
1145895,2018,2018-06-29,"The Village, Malahide, Dublin",1,3.4,Ireland,Bangladesh,GH Lewis,CNIM Joyce,Salma Khatun,4,0,,,,,,,,,
1145895,2018,2018-06-29,"The Village, Malahide, Dublin",1,3.5,Ireland,Bangladesh,GH Lewis,CNIM Joyce,Salma Khatun,1,0,,,,,,,,,
1145895,2018,2018-06-29,"The Village, Malahide, Dublin",1,3.6,Ireland,Bangladesh,CNIM Joyce,GH Lewis,Salma Khatun,0,0,,,,,,,,,
1145895,2018,2018-06-29,"The Village, Malahide, Dublin",1,4.1,Ireland,Bangladesh,GH Lewis,CNIM Joyce,Jahanara Alam,0,0,,,,,,bowled,GH Lewis,,
1145895,2018,2018-06-29,"The Village, Malahide, Dublin",1,4.2,Ireland,Bangladesh,L Delany,CNIM Joyce,Jahanara Alam,0,0,,,,,,,,,
1145895,2018,2018-06-29,"The Village, Malahide, Dublin",1,4.3,Ireland,Bangladesh,L Delany,CNIM Joyce,Jahanara Alam,0,1,1,,,,,,,,
1145895,2018,2018-06-29,"The Village, Malahide, Dublin",1,4.4,Ireland,Bangladesh,L Delany,CNIM Joyce,Jahanara Alam,0,1,1,,,,,,,,
1145895,2018,2018-06-29,"The Village, Malahide, Dublin",1,4.5,Ireland,Bangladesh,L Delany,CNIM Joyce,Jahanara Alam,0,1,1,,,,,,,,
1145895,2018,2018-06-29,"The Village, Malahide, Dublin",1,4.6,Ireland,Bangladesh,L Delany,CNIM Joyce,Jahanara Alam,0,0,,,,,,,,,
1145895,2018,2018-06-29,"The Village, Malahide, Dublin",1,4.7,Ireland,Bangladesh,L Delany,CNIM Joyce,Jahanara Alam,0,0,,,,,,,,,
1145895,2018,2018-06-29,"The Village, Malahide, Dublin",1,4.8,Ireland,Bangladesh,L Delany,CNIM Joyce,Jahanara Alam,0,0,,,,,,,,,
1145895,2018,2018-06-29,"The Village, Malahide, Dublin",1,4.9,Ireland,Bangladesh,L Delany,CNIM Joyce,Jahanara Alam,4,0,,,,,,,,,
1145895,2018,2018-06-29,"The Village, Malahide, Dublin",1,5.1,Ireland,Bangladesh,CNIM Joyce,L Delany,Khadija Tul Kubra,4,0,,,,,,,,,
1145895,2018,2018-06-29,"The Village, Malahide, Dublin",1,5.2,Ireland,Bangladesh,CNIM Joyce,L Delany,Khadija Tul Kubra,2,0,,,,,,,,,
1145895,2018,2018-06-29,"The Village, Malahide, Dublin",1,5.3,Ireland,Bangladesh,CNIM Joyce,L Delany,Khadija Tul Kubra,1,0,,,,,,,,,
1145895,2018,2018-06-29,"The Village, Malahide, Dublin",1,5.4,Ireland,Bangladesh,L Delany,CNIM Joyce,Khadija Tul Kubra,0,0,,,,,,,,,
1145895,2018,2018-06-29,"The Village, Malahide, Dublin",1,5.5,Ireland,Bangladesh,L Delany,CNIM Joyce,Khadija Tul Kubra,0,0,,,,,,,,,
1145895,2018,2018-06-29,"The Village, Malahide, Dublin",1,5.6,Ireland,Bangladesh,L Delany,CNIM Joyce,Khadija Tul Kubra,0,0,,,,,,,,,
1145895,2018,2018-06-29,"The Village, Malahide, Dublin",1,6.1,Ireland,Bangladesh,CNIM Joyce,L Delany,Nahida Akter,1,0,,,,,,,,,
1145895,2018,2018-06-29,"The Village, Malahide, Dublin",1,6.2,Ireland,Bangladesh,L Delany,CNIM Joyce,Nahida Akter,1,0,,,,,,,,,
1145895,2018,2018-06-29,"The Village, Malahide, Dublin",1,6.3,Ireland,Bangladesh,CNIM Joyce,L Delany,Nahida Akter,1,0,,,,,,,,,
1145895,2018,2018-06-29,"The Village, Malahide, Dublin",1,6.4,Ireland,Bangladesh,L Delany,CNIM Joyce,Nahida Akter,0,0,,,,,,,,,
1145895,2018,2018-06-29,"The Village, Malahide, Dublin",1,6.5,Ireland,Bangladesh,L Delany,CNIM Joyce,Nahida Akter,1,0,,,,,,,,,
1145895,2018,2018-06-29,"The Village, Malahide, Dublin",1,6.6,Ireland,Bangladesh,CNIM Joyce,L Delany,Nahida Akter,4,0,,,,,,,,,
1145895,2018,2018-06-29,"The Village, Malahide, Dublin",1,7.1,Ireland,Bangladesh,L Delany,CNIM Joyce,Khadija Tul Kubra,2,0,,,,,,,,,
1145895,2018,2018-06-29,"The Village, Malahide, Dublin",1,7.2,Ireland,Bangladesh,L Delany,CNIM Joyce,Khadija Tul Kubra,1,0,,,,,,,,,
1145895,2018,2018-06-29,"The Village, Malahide, Dublin",1,7.3,Ireland,Bangladesh,CNIM Joyce,L Delany,Khadija Tul Kubra,0,0,,,,,,,,,
1145895,2018,2018-06-29,"The Village, Malahide, Dublin",1,7.4,Ireland,Bangladesh,CNIM Joyce,L Delany,Khadija Tul Kubra,1,0,,,,,,,,,
1145895,2018,2018-06-29,"The Village, Malahide, Dublin",1,7.5,Ireland,Bangladesh,L Delany,CNIM Joyce,Khadija Tul Kubra,0,0,,,,,,,,,
1145895,2018,2018-06-29,"The Village, Malahide, Dublin",1,7.6,Ireland,Bangladesh,L Delany,CNIM Joyce,Khadija Tul Kubra,0,0,,,,,,,,,
1145895,2018,2018-06-29,"The Village, Malahide, Dublin",1,8.1,Ireland,Bangladesh,CNIM Joyce,L Delany,Nahida Akter,1,0,,,,,,,,,
1145895,2018,2018-06-29,"The Village, Malahide, Dublin",1,8.2,Ireland,Bangladesh,L Delany,CNIM Joyce,Nahida Akter,0,0,,,,,,,,,
1145895,2018,2018-06-29,"The Village, Malahide, Dublin",1,8.3,Ireland,Bangladesh,L Delany,CNIM Joyce,Nahida Akter,1,0,,,,,,,,,
1145895,2018,2018-06-29,"The Village, Malahide, Dublin",1,8.4,Ireland,Bangladesh,CNIM Joyce,L Delany,Nahida Akter,1,0,,,,,,,,,
1145895,2018,2018-06-29,"The Village, Malahide, Dublin",1,8.5,Ireland,Bangladesh,L Delany,CNIM Joyce,Nahida Akter,0,0,,,,,,,,,
1145895,2018,2018-06-29,"The Village, Malahide, Dublin",1,8.6,Ireland,Bangladesh,L Delany,CNIM Joyce,Nahida Akter,1,0,,,,,,,,,
1145895,2018,2018-06-29,"The Village, Malahide, Dublin",1,9.1,Ireland,Bangladesh,L Delany,CNIM Joyce,Khadija Tul Kubra,1,0,,,,,,,,,
1145895,2018,2018-06-29,"The Village, Malahide, Dublin",1,9.2,Ireland,Bangladesh,CNIM Joyce,L Delany,Khadija Tul Kubra,4,0,,,,,,,,,
1145895,2018,2018-06-29,"The Village, Malahide, Dublin",1,9.3,Ireland,Bangladesh,CNIM Joyce,L Delany,Khadija Tul Kubra,1,0,,,,,,,,,
1145895,2018,2018-06-29,"The Village, Malahide, Dublin",1,9.4,Ireland,Bangladesh,L Delany,CNIM Joyce,Khadija Tul Kubra,1,0,,,,,,,,,
1145895,2018,2018-06-29,"The Village, Malahide, Dublin",1,9.5,Ireland,Bangladesh,CNIM Joyce,L Delany,Khadija Tul Kubra,2,0,,,,,,,,,
1145895,2018,2018-06-29,"The Village, Malahide, Dublin",1,9.6,Ireland,Bangladesh,CNIM Joyce,L Delany,Khadija Tul Kubra,1,0,,,,,,,,,
1145895,2018,2018-06-29,"The Village, Malahide, Dublin",1,10.1,Ireland,Bangladesh,CNIM Joyce,L Delany,Rumana Ahmed,1,0,,,,,,,,,
1145895,2018,2018-06-29,"The Village, Malahide, Dublin",1,10.2,Ireland,Bangladesh,L Delany,CNIM Joyce,Rumana Ahmed,1,0,,,,,,,,,
1145895,2018,2018-06-29,"The Village, Malahide, Dublin",1,10.3,Ireland,Bangladesh,CNIM Joyce,L Delany,Rumana Ahmed,1,0,,,,,,,,,
1145895,2018,2018-06-29,"The Village, Malahide, Dublin",1,10.4,Ireland,Bangladesh,L Delany,CNIM Joyce,Rumana Ahmed,1,0,,,,,,,,,
1145895,2018,2018-06-29,"The Village, Malahide, Dublin",1,10.5,Ireland,Bangladesh,CNIM Joyce,L Delany,Rumana Ahmed,1,0,,,,,,,,,
1145895,2018,2018-06-29,"The Village, Malahide, Dublin",1,10.6,Ireland,Bangladesh,L Delany,CNIM Joyce,Rumana Ahmed,0,0,,,,,,,,,
1145895,2018,2018-06-29,"The Village, Malahide, Dublin",1,11.1,Ireland,Bangladesh,CNIM Joyce,L Delany,Fahima Khatun,1,0,,,,,,,,,
1145895,2018,2018-06-29,"The Village, Malahide, Dublin",1,11.2,Ireland,Bangladesh,L Delany,CNIM Joyce,Fahima Khatun,0,0,,,,,,,,,
1145895,2018,2018-06-29,"The Village, Malahide, Dublin",1,11.3,Ireland,Bangladesh,L Delany,CNIM Joyce,Fahima Khatun,4,0,,,,,,,,,
1145895,2018,2018-06-29,"The Village, Malahide, Dublin",1,11.4,Ireland,Bangladesh,L Delany,CNIM Joyce,Fahima Khatun,1,0,,,,,,,,,
1145895,2018,2018-06-29,"The Village, Malahide, Dublin",1,11.5,Ireland,Bangladesh,CNIM Joyce,L Delany,Fahima Khatun,4,0,,,,,,,,,
1145895,2018,2018-06-29,"The Village, Malahide, Dublin",1,11.6,Ireland,Bangladesh,CNIM Joyce,L Delany,Fahima Khatun,1,0,,,,,,,,,
1145895,2018,2018-06-29,"The Village, Malahide, Dublin",1,12.1,Ireland,Bangladesh,CNIM Joyce,L Delany,Rumana Ahmed,6,0,,,,,,,,,
1145895,2018,2018-06-29,"The Village, Malahide, Dublin",1,12.2,Ireland,Bangladesh,CNIM Joyce,L Delany,Rumana Ahmed,1,0,,,,,,,,,
1145895,2018,2018-06-29,"The Village, Malahide, Dublin",1,12.3,Ireland,Bangladesh,L Delany,CNIM Joyce,Rumana Ahmed,0,0,,,,,,caught,L Delany,,
1145895,2018,2018-06-29,"The Village, Malahide, Dublin",1,12.4,Ireland,Bangladesh,CNIM Joyce,IMHC Joyce,Rumana Ahmed,0,0,,,,,,,,,
1145895,2018,2018-06-29,"The Village, Malahide, Dublin",1,12.5,Ireland,Bangladesh,CNIM Joyce,IMHC Joyce,Rumana Ahmed,1,0,,,,,,,,,
1145895,2018,2018-06-29,"The Village, Malahide, Dublin",1,12.6,Ireland,Bangladesh,IMHC Joyce,CNIM Joyce,Rumana Ahmed,0,0,,,,,,,,,
1145895,2018,2018-06-29,"The Village, Malahide, Dublin",1,13.1,Ireland,Bangladesh,CNIM Joyce,IMHC Joyce,Nahida Akter,1,0,,,,,,,,,
1145895,2018,2018-06-29,"The Village, Malahide, Dublin",1,13.2,Ireland,Bangladesh,IMHC Joyce,CNIM Joyce,Nahida Akter,2,0,,,,,,,,,
1145895,2018,2018-06-29,"The Village, Malahide, Dublin",1,13.3,Ireland,Bangladesh,IMHC Joyce,CNIM Joyce,Nahida Akter,1,0,,,,,,,,,
1145895,2018,2018-06-29,"The Village, Malahide, Dublin",1,13.4,Ireland,Bangladesh,CNIM Joyce,IMHC Joyce,Nahida Akter,0,0,,,,,,,,,
1145895,2018,2018-06-29,"The Village, Malahide, Dublin",1,13.5,Ireland,Bangladesh,CNIM Joyce,IMHC Joyce,Nahida Akter,0,0,,,,,,run out,IMHC Joyce,,
1145895,2018,2018-06-29,"The Village, Malahide, Dublin",1,13.6,Ireland,Bangladesh,EAJ Richardson,CNIM Joyce,Nahida Akter,0,0,,,,,,,,,
1145895,2018,2018-06-29,"The Village, Malahide, Dublin",1,14.1,Ireland,Bangladesh,CNIM Joyce,EAJ Richardson,Rumana Ahmed,4,0,,,,,,,,,
1145895,2018,2018-06-29,"The Village, Malahide, Dublin",1,14.2,Ireland,Bangladesh,CNIM Joyce,EAJ Richardson,Rumana Ahmed,0,0,,,,,,,,,
1145895,2018,2018-06-29,"The Village, Malahide, Dublin",1,14.3,Ireland,Bangladesh,CNIM Joyce,EAJ Richardson,Rumana Ahmed,0,0,,,,,,,,,
1145895,2018,2018-06-29,"The Village, Malahide, Dublin",1,14.4,Ireland,Bangladesh,CNIM Joyce,EAJ Richardson,Rumana Ahmed,0,0,,,,,,,,,
1145895,2018,2018-06-29,"The Village, Malahide, Dublin",1,14.5,Ireland,Bangladesh,CNIM Joyce,EAJ Richardson,Rumana Ahmed,2,0,,,,,,,,,
1145895,2018,2018-06-29,"The Village, Malahide, Dublin",1,14.6,Ireland,Bangladesh,CNIM Joyce,EAJ Richardson,Rumana Ahmed,4,0,,,,,,,,,
1145895,2018,2018-06-29,"The Village, Malahide, Dublin",1,15.1,Ireland,Bangladesh,EAJ Richardson,CNIM Joyce,Nahida Akter,0,0,,,,,,,,,
1145895,2018,2018-06-29,"The Village, Malahide, Dublin",1,15.2,Ireland,Bangladesh,EAJ Richardson,CNIM Joyce,Nahida Akter,0,0,,,,,,lbw,EAJ Richardson,,
1145895,2018,2018-06-29,"The Village, Malahide, Dublin",1,15.3,Ireland,Bangladesh,KJ Garth,CNIM Joyce,Nahida Akter,1,0,,,,,,,,,
1145895,2018,2018-06-29,"The Village, Malahide, Dublin",1,15.4,Ireland,Bangladesh,CNIM Joyce,KJ Garth,Nahida Akter,1,0,,,,,,,,,
1145895,2018,2018-06-29,"The Village, Malahide, Dublin",1,15.5,Ireland,Bangladesh,KJ Garth,CNIM Joyce,Nahida Akter,0,0,,,,,,,,,
1145895,2018,2018-06-29,"The Village, Malahide, Dublin",1,15.6,Ireland,Bangladesh,KJ Garth,CNIM Joyce,Nahida Akter,0,0,,,,,,lbw,KJ Garth,,
1145895,2018,2018-06-29,"The Village, Malahide, Dublin",1,16.1,Ireland,Bangladesh,CNIM Joyce,SM Kavanagh,Salma Khatun,1,0,,,,,,,,,
1145895,2018,2018-06-29,"The Village, Malahide, Dublin",1,16.2,Ireland,Bangladesh,SM Kavanagh,CNIM Joyce,Salma Khatun,1,0,,,,,,,,,
1145895,2018,2018-06-29,"The Village, Malahide, Dublin",1,16.3,Ireland,Bangladesh,CNIM Joyce,SM Kavanagh,Salma Khatun,1,0,,,,,,,,,
1145895,2018,2018-06-29,"The Village, Malahide, Dublin",1,16.4,Ireland,Bangladesh,SM Kavanagh,CNIM Joyce,Salma Khatun,4,0,,,,,,,,,
1145895,2018,2018-06-29,"The Village, Malahide, Dublin",1,16.5,Ireland,Bangladesh,SM Kavanagh,CNIM Joyce,Salma Khatun,0,4,,,4,,,,,,
1145895,2018,2018-06-29,"The Village, Malahide, Dublin",1,16.6,Ireland,Bangladesh,SM Kavanagh,CNIM Joyce,Salma Khatun,0,0,,,,,,,,,
1145895,2018,2018-06-29,"The Village, Malahide, Dublin",1,17.1,Ireland,Bangladesh,CNIM Joyce,SM Kavanagh,Fahima Khatun,0,0,,,,,,caught and bowled,CNIM Joyce,,
1145895,2018,2018-06-29,"The Village, Malahide, Dublin",1,17.2,Ireland,Bangladesh,MV Waldron,SM Kavanagh,Fahima Khatun,0,0,,,,,,,,,
1145895,2018,2018-06-29,"The Village, Malahide, Dublin",1,17.3,Ireland,Bangladesh,MV Waldron,SM Kavanagh,Fahima Khatun,0,0,,,,,,,,,
1145895,2018,2018-06-29,"The Village, Malahide, Dublin",1,17.4,Ireland,Bangladesh,MV Waldron,SM Kavanagh,Fahima Khatun,2,0,,,,,,,,,
1145895,2018,2018-06-29,"The Village, Malahide, Dublin",1,17.5,Ireland,Bangladesh,MV Waldron,SM Kavanagh,Fahima Khatun,0,0,,,,,,,,,
1145895,2018,2018-06-29,"The Village, Malahide, Dublin",1,17.6,Ireland,Bangladesh,MV Waldron,SM Kavanagh,Fahima Khatun,0,0,,,,,,,,,
1145895,2018,2018-06-29,"The Village, Malahide, Dublin",1,18.1,Ireland,Bangladesh,SM Kavanagh,MV Waldron,Jahanara Alam,4,0,,,,,,,,,
1145895,2018,2018-06-29,"The Village, Malahide, Dublin",1,18.2,Ireland,Bangladesh,SM Kavanagh,MV Waldron,Jahanara Alam,0,0,,,,,,run out,MV Waldron,,
1145895,2018,2018-06-29,"The Village, Malahide, Dublin",1,18.3,Ireland,Bangladesh,SM Kavanagh,L Maritz,Jahanara Alam,1,0,,,,,,,,,
1145895,2018,2018-06-29,"The Village, Malahide, Dublin",1,18.4,Ireland,Bangladesh,L Maritz,SM Kavanagh,Jahanara Alam,0,0,,,,,,,,,
1145895,2018,2018-06-29,"The Village, Malahide, Dublin",1,18.5,Ireland,Bangladesh,L Maritz,SM Kavanagh,Jahanara Alam,0,0,,,,,,,,,
1145895,2018,2018-06-29,"The Village, Malahide, Dublin",1,18.6,Ireland,Bangladesh,L Maritz,SM Kavanagh,Jahanara Alam,0,0,,,,,,,,,
1145895,2018,2018-06-29,"The Village, Malahide, Dublin",1,19.1,Ireland,Bangladesh,SM Kavanagh,L Maritz,Fahima Khatun,0,0,,,,,,,,,
1145895,2018,2018-06-29,"The Village, Malahide, Dublin",1,19.2,Ireland,Bangladesh,SM Kavanagh,L Maritz,Fahima Khatun,0,1,1,,,,,,,,
1145895,2018,2018-06-29,"The Village, Malahide, Dublin",1,19.3,Ireland,Bangladesh,SM Kavanagh,L Maritz,Fahima Khatun,0,0,,,,,,,,,
1145895,2018,2018-06-29,"The Village, Malahide, Dublin",1,19.4,Ireland,Bangladesh,SM Kavanagh,L Maritz,Fahima Khatun,1,0,,,,,,,,,
1145895,2018,2018-06-29,"The Village, Malahide, Dublin",1,19.5,Ireland,Bangladesh,L Maritz,SM Kavanagh,Fahima Khatun,6,0,,,,,,,,,
1145895,2018,2018-06-29,"The Village, Malahide, Dublin",1,19.6,Ireland,Bangladesh,L Maritz,SM Kavanagh,Fahima Khatun,1,0,,,,,,,,,
1145895,2018,2018-06-29,"The Village, Malahide, Dublin",1,19.7,Ireland,Bangladesh,SM Kavanagh,L Maritz,Fahima Khatun,4,0,,,,,,,,,
1145895,2018,2018-06-29,"The Village, Malahide, Dublin",2,0.1,Bangladesh,Ireland,Shamima Sultana,Ayasha Rahman,IMHC Joyce,0,0,,,,,,,,,
1145895,2018,2018-06-29,"The Village, Malahide, Dublin",2,0.2,Bangladesh,Ireland,Shamima Sultana,Ayasha Rahman,IMHC Joyce,0,0,,,,,,,,,
1145895,2018,2018-06-29,"The Village, Malahide, Dublin",2,0.3,Bangladesh,Ireland,Shamima Sultana,Ayasha Rahman,IMHC Joyce,0,0,,,,,,,,,
1145895,2018,2018-06-29,"The Village, Malahide, Dublin",2,0.4,Bangladesh,Ireland,Shamima Sultana,Ayasha Rahman,IMHC Joyce,4,0,,,,,,,,,
1145895,2018,2018-06-29,"The Village, Malahide, Dublin",2,0.5,Bangladesh,Ireland,Shamima Sultana,Ayasha Rahman,IMHC Joyce,0,0,,,,,,,,,
1145895,2018,2018-06-29,"The Village, Malahide, Dublin",2,0.6,Bangladesh,Ireland,Shamima Sultana,Ayasha Rahman,IMHC Joyce,4,0,,,,,,,,,
1145895,2018,2018-06-29,"The Village, Malahide, Dublin",2,1.1,Bangladesh,Ireland,Ayasha Rahman,Shamima Sultana,EAJ Richardson,0,0,,,,,,,,,
1145895,2018,2018-06-29,"The Village, Malahide, Dublin",2,1.2,Bangladesh,Ireland,Ayasha Rahman,Shamima Sultana,EAJ Richardson,6,0,,,,,,,,,
1145895,2018,2018-06-29,"The Village, Malahide, Dublin",2,1.3,Bangladesh,Ireland,Ayasha Rahman,Shamima Sultana,EAJ Richardson,1,0,,,,,,,,,
1145895,2018,2018-06-29,"The Village, Malahide, Dublin",2,1.4,Bangladesh,Ireland,Shamima Sultana,Ayasha Rahman,EAJ Richardson,0,0,,,,,,,,,
1145895,2018,2018-06-29,"The Village, Malahide, Dublin",2,1.5,Bangladesh,Ireland,Shamima Sultana,Ayasha Rahman,EAJ Richardson,0,0,,,,,,,,,
1145895,2018,2018-06-29,"The Village, Malahide, Dublin",2,1.6,Bangladesh,Ireland,Shamima Sultana,Ayasha Rahman,EAJ Richardson,1,0,,,,,,,,,
1145895,2018,2018-06-29,"The Village, Malahide, Dublin",2,2.1,Bangladesh,Ireland,Shamima Sultana,Ayasha Rahman,CJ Metcalfe,0,0,,,,,,,,,
1145895,2018,2018-06-29,"The Village, Malahide, Dublin",2,2.2,Bangladesh,Ireland,Shamima Sultana,Ayasha Rahman,CJ Metcalfe,0,0,,,,,,,,,
1145895,2018,2018-06-29,"The Village, Malahide, Dublin",2,2.3,Bangladesh,Ireland,Shamima Sultana,Ayasha Rahman,CJ Metcalfe,0,0,,,,,,,,,
1145895,2018,2018-06-29,"The Village, Malahide, Dublin",2,2.4,Bangladesh,Ireland,Shamima Sultana,Ayasha Rahman,CJ Metcalfe,4,0,,,,,,,,,
1145895,2018,2018-06-29,"The Village, Malahide, Dublin",2,2.5,Bangladesh,Ireland,Shamima Sultana,Ayasha Rahman,CJ Metcalfe,1,0,,,,,,,,,
1145895,2018,2018-06-29,"The Village, Malahide, Dublin",2,2.6,Bangladesh,Ireland,Ayasha Rahman,Shamima Sultana,CJ Metcalfe,0,0,,,,,,bowled,Ayasha Rahman,,
1145895,2018,2018-06-29,"The Village, Malahide, Dublin",2,3.1,Bangladesh,Ireland,Shamima Sultana,Fargana Hoque,L Maritz,0,0,,,,,,,,,
1145895,2018,2018-06-29,"The Village, Malahide, Dublin",2,3.2,Bangladesh,Ireland,Shamima Sultana,Fargana Hoque,L Maritz,4,0,,,,,,,,,
1145895,2018,2018-06-29,"The Village, Malahide, Dublin",2,3.3,Bangladesh,Ireland,Shamima Sultana,Fargana Hoque,L Maritz,0,0,,,,,,,,,
1145895,2018,2018-06-29,"The Village, Malahide, Dublin",2,3.4,Bangladesh,Ireland,Shamima Sultana,Fargana Hoque,L Maritz,0,0,,,,,,,,,
1145895,2018,2018-06-29,"The Village, Malahide, Dublin",2,3.5,Bangladesh,Ireland,Shamima Sultana,Fargana Hoque,L Maritz,0,4,,,4,,,,,,
1145895,2018,2018-06-29,"The Village, Malahide, Dublin",2,3.6,Bangladesh,Ireland,Shamima Sultana,Fargana Hoque,L Maritz,1,0,,,,,,,,,
1145895,2018,2018-06-29,"The Village, Malahide, Dublin",2,4.1,Bangladesh,Ireland,Shamima Sultana,Fargana Hoque,IMHC Joyce,0,0,,,,,,,,,
1145895,2018,2018-06-29,"The Village, Malahide, Dublin",2,4.2,Bangladesh,Ireland,Shamima Sultana,Fargana Hoque,IMHC Joyce,0,0,,,,,,,,,
1145895,2018,2018-06-29,"The Village, Malahide, Dublin",2,4.3,Bangladesh,Ireland,Shamima Sultana,Fargana Hoque,IMHC Joyce,0,0,,,,,,,,,
1145895,2018,2018-06-29,"The Village, Malahide, Dublin",2,4.4,Bangladesh,Ireland,Shamima Sultana,Fargana Hoque,IMHC Joyce,0,0,,,,,,,,,
1145895,2018,2018-06-29,"The Village, Malahide, Dublin",2,4.5,Bangladesh,Ireland,Shamima Sultana,Fargana Hoque,IMHC Joyce,0,0,,,,,,,,,
1145895,2018,2018-06-29,"The Village, Malahide, Dublin",2,4.6,Bangladesh,Ireland,Shamima Sultana,Fargana Hoque,IMHC Joyce,1,0,,,,,,,,,
1145895,2018,2018-06-29,"The Village, Malahide, Dublin",2,5.1,Bangladesh,Ireland,Shamima Sultana,Fargana Hoque,CJ Metcalfe,4,0,,,,,,,,,
1145895,2018,2018-06-29,"The Village, Malahide, Dublin",2,5.2,Bangladesh,Ireland,Shamima Sultana,Fargana Hoque,CJ Metcalfe,1,0,,,,,,,,,
1145895,2018,2018-06-29,"The Village, Malahide, Dublin",2,5.3,Bangladesh,Ireland,Fargana Hoque,Shamima Sultana,CJ Metcalfe,0,0,,,,,,,,,
1145895,2018,2018-06-29,"The Village, Malahide, Dublin",2,5.4,Bangladesh,Ireland,Fargana Hoque,Shamima Sultana,CJ Metcalfe,1,0,,,,,,,,,
1145895,2018,2018-06-29,"The Village, Malahide, Dublin",2,5.5,Bangladesh,Ireland,Shamima Sultana,Fargana Hoque,CJ Metcalfe,4,0,,,,,,,,,
1145895,2018,2018-06-29,"The Village, Malahide, Dublin",2,5.6,Bangladesh,Ireland,Shamima Sultana,Fargana Hoque,CJ Metcalfe,4,0,,,,,,,,,
1145895,2018,2018-06-29,"The Village, Malahide, Dublin",2,6.1,Bangladesh,Ireland,Fargana Hoque,Shamima Sultana,EAJ Richardson,1,0,,,,,,,,,
1145895,2018,2018-06-29,"The Village, Malahide, Dublin",2,6.2,Bangladesh,Ireland,Shamima Sultana,Fargana Hoque,EAJ Richardson,0,0,,,,,,,,,
1145895,2018,2018-06-29,"The Village, Malahide, Dublin",2,6.3,Bangladesh,Ireland,Shamima Sultana,Fargana Hoque,EAJ Richardson,1,0,,,,,,,,,
1145895,2018,2018-06-29,"The Village, Malahide, Dublin",2,6.4,Bangladesh,Ireland,Fargana Hoque,Shamima Sultana,EAJ Richardson,2,0,,,,,,,,,
1145895,2018,2018-06-29,"The Village, Malahide, Dublin",2,6.5,Bangladesh,Ireland,Fargana Hoque,Shamima Sultana,EAJ Richardson,0,0,,,,,,,,,
1145895,2018,2018-06-29,"The Village, Malahide, Dublin",2,6.6,Bangladesh,Ireland,Fargana Hoque,Shamima Sultana,EAJ Richardson,0,0,,,,,,,,,
1145895,2018,2018-06-29,"The Village, Malahide, Dublin",2,7.1,Bangladesh,Ireland,Shamima Sultana,Fargana Hoque,L Delany,0,0,,,,,,,,,
1145895,2018,2018-06-29,"The Village, Malahide, Dublin",2,7.2,Bangladesh,Ireland,Shamima Sultana,Fargana Hoque,L Delany,1,0,,,,,,,,,
1145895,2018,2018-06-29,"The Village, Malahide, Dublin",2,7.3,Bangladesh,Ireland,Fargana Hoque,Shamima Sultana,L Delany,1,0,,,,,,,,,
1145895,2018,2018-06-29,"The Village, Malahide, Dublin",2,7.4,Bangladesh,Ireland,Shamima Sultana,Fargana Hoque,L Delany,1,0,,,,,,,,,
1145895,2018,2018-06-29,"The Village, Malahide, Dublin",2,7.5,Bangladesh,Ireland,Fargana Hoque,Shamima Sultana,L Delany,0,0,,,,,,,,,
1145895,2018,2018-06-29,"The Village, Malahide, Dublin",2,7.6,Bangladesh,Ireland,Fargana Hoque,Shamima Sultana,L Delany,1,0,,,,,,,,,
1145895,2018,2018-06-29,"The Village, Malahide, Dublin",2,8.1,Bangladesh,Ireland,Fargana Hoque,Shamima Sultana,GH Lewis,1,0,,,,,,,,,
1145895,2018,2018-06-29,"The Village, Malahide, Dublin",2,8.2,Bangladesh,Ireland,Shamima Sultana,Fargana Hoque,GH Lewis,1,0,,,,,,,,,
1145895,2018,2018-06-29,"The Village, Malahide, Dublin",2,8.3,Bangladesh,Ireland,Fargana Hoque,Shamima Sultana,GH Lewis,0,0,,,,,,,,,
1145895,2018,2018-06-29,"The Village, Malahide, Dublin",2,8.4,Bangladesh,Ireland,Fargana Hoque,Shamima Sultana,GH Lewis,1,0,,,,,,,,,
1145895,2018,2018-06-29,"The Village, Malahide, Dublin",2,8.5,Bangladesh,Ireland,Shamima Sultana,Fargana Hoque,GH Lewis,0,0,,,,,,,,,
1145895,2018,2018-06-29,"The Village, Malahide, Dublin",2,8.6,Bangladesh,Ireland,Shamima Sultana,Fargana Hoque,GH Lewis,1,0,,,,,,,,,
1145895,2018,2018-06-29,"The Village, Malahide, Dublin",2,9.1,Bangladesh,Ireland,Shamima Sultana,Fargana Hoque,L Delany,1,0,,,,,,,,,
1145895,2018,2018-06-29,"The Village, Malahide, Dublin",2,9.2,Bangladesh,Ireland,Fargana Hoque,Shamima Sultana,L Delany,0,0,,,,,,,,,
1145895,2018,2018-06-29,"The Village, Malahide, Dublin",2,9.3,Bangladesh,Ireland,Fargana Hoque,Shamima Sultana,L Delany,0,0,,,,,,,,,
1145895,2018,2018-06-29,"The Village, Malahide, Dublin",2,9.4,Bangladesh,Ireland,Fargana Hoque,Shamima Sultana,L Delany,0,0,,,,,,,,,
1145895,2018,2018-06-29,"The Village, Malahide, Dublin",2,9.5,Bangladesh,Ireland,Fargana Hoque,Shamima Sultana,L Delany,1,0,,,,,,,,,
1145895,2018,2018-06-29,"The Village, Malahide, Dublin",2,9.6,Bangladesh,Ireland,Shamima Sultana,Fargana Hoque,L Delany,4,0,,,,,,,,,
1145895,2018,2018-06-29,"The Village, Malahide, Dublin",2,10.1,Bangladesh,Ireland,Fargana Hoque,Shamima Sultana,GH Lewis,0,0,,,,,,,,,
1145895,2018,2018-06-29,"The Village, Malahide, Dublin",2,10.2,Bangladesh,Ireland,Fargana Hoque,Shamima Sultana,GH Lewis,0,0,,,,,,,,,
1145895,2018,2018-06-29,"The Village, Malahide, Dublin",2,10.3,Bangladesh,Ireland,Fargana Hoque,Shamima Sultana,GH Lewis,4,0,,,,,,,,,
1145895,2018,2018-06-29,"The Village, Malahide, Dublin",2,10.4,Bangladesh,Ireland,Fargana Hoque,Shamima Sultana,GH Lewis,1,0,,,,,,,,,
1145895,2018,2018-06-29,"The Village, Malahide, Dublin",2,10.5,Bangladesh,Ireland,Shamima Sultana,Fargana Hoque,GH Lewis,0,0,,,,,,,,,
1145895,2018,2018-06-29,"The Village, Malahide, Dublin",2,10.6,Bangladesh,Ireland,Shamima Sultana,Fargana Hoque,GH Lewis,0,1,,1,,,,,,,
1145895,2018,2018-06-29,"The Village, Malahide, Dublin",2,10.7,Bangladesh,Ireland,Shamima Sultana,Fargana Hoque,GH Lewis,2,0,,,,,,,,,
1145895,2018,2018-06-29,"The Village, Malahide, Dublin",2,11.1,Bangladesh,Ireland,Fargana Hoque,Shamima Sultana,L Maritz,0,0,,,,,,,,,
1145895,2018,2018-06-29,"The Village, Malahide, Dublin",2,11.2,Bangladesh,Ireland,Fargana Hoque,Shamima Sultana,L Maritz,1,0,,,,,,,,,
1145895,2018,2018-06-29,"The Village, Malahide, Dublin",2,11.3,Bangladesh,Ireland,Shamima Sultana,Fargana Hoque,L Maritz,0,1,1,,,,,,,,
1145895,2018,2018-06-29,"The Village, Malahide, Dublin",2,11.4,Bangladesh,Ireland,Shamima Sultana,Fargana Hoque,L Maritz,0,1,1,,,,,,,,
1145895,2018,2018-06-29,"The Village, Malahide, Dublin",2,11.5,Bangladesh,Ireland,Shamima Sultana,Fargana Hoque,L Maritz,4,0,,,,,,,,,
1145895,2018,2018-06-29,"The Village, Malahide, Dublin",2,11.6,Bangladesh,Ireland,Shamima Sultana,Fargana Hoque,L Maritz,1,0,,,,,,,,,
1145895,2018,2018-06-29,"The Village, Malahide, Dublin",2,11.7,Bangladesh,Ireland,Fargana Hoque,Shamima Sultana,L Maritz,1,0,,,,,,,,,
1145895,2018,2018-06-29,"The Village, Malahide, Dublin",2,11.8,Bangladesh,Ireland,Shamima Sultana,Fargana Hoque,L Maritz,0,0,,,,,,,,,
1145895,2018,2018-06-29,"The Village, Malahide, Dublin",2,12.1,Bangladesh,Ireland,Fargana Hoque,Shamima Sultana,CJ Metcalfe,0,0,,,,,,,,,
1145895,2018,2018-06-29,"The Village, Malahide, Dublin",2,12.2,Bangladesh,Ireland,Fargana Hoque,Shamima Sultana,CJ Metcalfe,1,0,,,,,,,,,
1145895,2018,2018-06-29,"The Village, Malahide, Dublin",2,12.3,Bangladesh,Ireland,Shamima Sultana,Fargana Hoque,CJ Metcalfe,0,0,,,,,,,,,
1145895,2018,2018-06-29,"The Village, Malahide, Dublin",2,12.4,Bangladesh,Ireland,Shamima Sultana,Fargana Hoque,CJ Metcalfe,1,0,,,,,,,,,
1145895,2018,2018-06-29,"The Village, Malahide, Dublin",2,12.5,Bangladesh,Ireland,Fargana Hoque,Shamima Sultana,CJ Metcalfe,2,0,,,,,,,,,
1145895,2018,2018-06-29,"The Village, Malahide, Dublin",2,12.6,Bangladesh,Ireland,Fargana Hoque,Shamima Sultana,CJ Metcalfe,1,0,,,,,,,,,
1145895,2018,2018-06-29,"The Village, Malahide, Dublin",2,13.1,Bangladesh,Ireland,Fargana Hoque,Shamima Sultana,EAJ Richardson,6,0,,,,,,,,,
1145895,2018,2018-06-29,"The Village, Malahide, Dublin",2,13.2,Bangladesh,Ireland,Fargana Hoque,Shamima Sultana,EAJ Richardson,4,0,,,,,,,,,
1145895,2018,2018-06-29,"The Village, Malahide, Dublin",2,13.3,Bangladesh,Ireland,Fargana Hoque,Shamima Sultana,EAJ Richardson,1,0,,,,,,,,,
1145895,2018,2018-06-29,"The Village, Malahide, Dublin",2,13.4,Bangladesh,Ireland,Shamima Sultana,Fargana Hoque,EAJ Richardson,0,0,,,,,,caught,Shamima Sultana,,
1145895,2018,2018-06-29,"The Village, Malahide, Dublin",2,13.5,Bangladesh,Ireland,Nigar Sultana,Fargana Hoque,EAJ Richardson,0,0,,,,,,,,,
1145895,2018,2018-06-29,"The Village, Malahide, Dublin",2,13.6,Bangladesh,Ireland,Nigar Sultana,Fargana Hoque,EAJ Richardson,0,0,,,,,,,,,
1145895,2018,2018-06-29,"The Village, Malahide, Dublin",2,14.1,Bangladesh,Ireland,Fargana Hoque,Nigar Sultana,IMHC Joyce,0,0,,,,,,,,,
1145895,2018,2018-06-29,"The Village, Malahide, Dublin",2,14.2,Bangladesh,Ireland,Fargana Hoque,Nigar Sultana,IMHC Joyce,0,1,1,,,,,,,,
1145895,2018,2018-06-29,"The Village, Malahide, Dublin",2,14.3,Bangladesh,Ireland,Fargana Hoque,Nigar Sultana,IMHC Joyce,1,0,,,,,,,,,
1145895,2018,2018-06-29,"The Village, Malahide, Dublin",2,14.4,Bangladesh,Ireland,Nigar Sultana,Fargana Hoque,IMHC Joyce,0,0,,,,,,,,,
1145895,2018,2018-06-29,"The Village, Malahide, Dublin",2,14.5,Bangladesh,Ireland,Nigar Sultana,Fargana Hoque,IMHC Joyce,0,0,,,,,,,,,
1145895,2018,2018-06-29,"The Village, Malahide, Dublin",2,14.6,Bangladesh,Ireland,Nigar Sultana,Fargana Hoque,IMHC Joyce,0,0,,,,,,,,,
1145895,2018,2018-06-29,"The Village, Malahide, Dublin",2,14.7,Bangladesh,Ireland,Nigar Sultana,Fargana Hoque,IMHC Joyce,1,0,,,,,,,,,
1145895,2018,2018-06-29,"The Village, Malahide, Dublin",2,15.1,Bangladesh,Ireland,Nigar Sultana,Fargana Hoque,L Delany,1,0,,,,,,,,,
1145895,2018,2018-06-29,"The Village, Malahide, Dublin",2,15.2,Bangladesh,Ireland,Fargana Hoque,Nigar Sultana,L Delany,4,0,,,,,,,,,
1145895,2018,2018-06-29,"The Village, Malahide, Dublin",2,15.3,Bangladesh,Ireland,Fargana Hoque,Nigar Sultana,L Delany,0,0,,,,,,caught,Fargana Hoque,,
1145895,2018,2018-06-29,"The Village, Malahide, Dublin",2,15.4,Bangladesh,Ireland,Nigar Sultana,Rumana Ahmed,L Delany,0,0,,,,,,,,,
1145895,2018,2018-06-29,"The Village, Malahide, Dublin",2,15.5,Bangladesh,Ireland,Nigar Sultana,Rumana Ahmed,L Delany,1,0,,,,,,,,,
1145895,2018,2018-06-29,"The Village, Malahide, Dublin",2,15.6,Bangladesh,Ireland,Rumana Ahmed,Nigar Sultana,L Delany,1,0,,,,,,,,,
1145895,2018,2018-06-29,"The Village, Malahide, Dublin",2,16.1,Bangladesh,Ireland,Rumana Ahmed,Nigar Sultana,CJ Metcalfe,0,0,,,,,,,,,
1145895,2018,2018-06-29,"The Village, Malahide, Dublin",2,16.2,Bangladesh,Ireland,Rumana Ahmed,Nigar Sultana,CJ Metcalfe,1,0,,,,,,,,,
1145895,2018,2018-06-29,"The Village, Malahide, Dublin",2,16.3,Bangladesh,Ireland,Nigar Sultana,Rumana Ahmed,CJ Metcalfe,1,0,,,,,,,,,
1145895,2018,2018-06-29,"The Village, Malahide, Dublin",2,16.4,Bangladesh,Ireland,Rumana Ahmed,Nigar Sultana,CJ Metcalfe,0,0,,,,,,caught,Rumana Ahmed,,
1145895,2018,2018-06-29,"The Village, Malahide, Dublin",2,16.5,Bangladesh,Ireland,Sanjida Islam,Nigar Sultana,CJ Metcalfe,0,0,,,,,,,,,
1145895,2018,2018-06-29,"The Village, Malahide, Dublin",2,16.6,Bangladesh,Ireland,Sanjida Islam,Nigar Sultana,CJ Metcalfe,0,0,,,,,,,,,
1145895,2018,2018-06-29,"The Village, Malahide, Dublin",2,17.1,Bangladesh,Ireland,Nigar Sultana,Sanjida Islam,L Delany,1,0,,,,,,,,,
1145895,2018,2018-06-29,"The Village, Malahide, Dublin",2,17.2,Bangladesh,Ireland,Sanjida Islam,Nigar Sultana,L Delany,0,0,,,,,,,,,
1145895,2018,2018-06-29,"The Village, Malahide, Dublin",2,17.3,Bangladesh,Ireland,Sanjida Islam,Nigar Sultana,L Delany,1,0,,,,,,,,,
1145895,2018,2018-06-29,"The Village, Malahide, Dublin",2,17.4,Bangladesh,Ireland,Nigar Sultana,Sanjida Islam,L Delany,0,0,,,,,,stumped,Nigar Sultana,,
1145895,2018,2018-06-29,"The Village, Malahide, Dublin",2,17.5,Bangladesh,Ireland,Fahima Khatun,Sanjida Islam,L Delany,1,0,,,,,,,,,
1145895,2018,2018-06-29,"The Village, Malahide, Dublin",2,17.6,Bangladesh,Ireland,Sanjida Islam,Fahima Khatun,L Delany,1,0,,,,,,,,,
1145895,2018,2018-06-29,"The Village, Malahide, Dublin",2,18.1,Bangladesh,Ireland,Sanjida Islam,Fahima Khatun,IMHC Joyce,0,1,1,,,,,,,,
1145895,2018,2018-06-29,"The Village, Malahide, Dublin",2,18.2,Bangladesh,Ireland,Sanjida Islam,Fahima Khatun,IMHC Joyce,1,0,,,,,,,,,
1145895,2018,2018-06-29,"The Village, Malahide, Dublin",2,18.3,Bangladesh,Ireland,Fahima Khatun,Sanjida Islam,IMHC Joyce,1,0,,,,,,,,,
1145895,2018,2018-06-29,"The Village, Malahide, Dublin",2,18.4,Bangladesh,Ireland,Sanjida Islam,Fahima Khatun,IMHC Joyce,0,1,1,,,,,,,,
1145895,2018,2018-06-29,"The Village, Malahide, Dublin",2,18.5,Bangladesh,Ireland,Sanjida Islam,Fahima Khatun,IMHC Joyce,1,0,,,,,,,,,
1145895,2018,2018-06-29,"The Village, Malahide, Dublin",2,18.6,Bangladesh,Ireland,Fahima Khatun,Sanjida Islam,IMHC Joyce,0,0,,,,,,bowled,Fahima Khatun,,
1145895,2018,2018-06-29,"The Village, Malahide, Dublin",2,18.7,Bangladesh,Ireland,Jahanara Alam,Sanjida Islam,IMHC Joyce,1,0,,,,,,,,,
1145895,2018,2018-06-29,"The Village, Malahide, Dublin",2,18.8,Bangladesh,Ireland,Sanjida Islam,Jahanara Alam,IMHC Joyce,1,0,,,,,,,,,
1145895,2018,2018-06-29,"The Village, Malahide, Dublin",2,19.1,Bangladesh,Ireland,Sanjida Islam,Jahanara Alam,EAJ Richardson,6,0,,,,,,,,,
