match_id,season,start_date,venue,innings,ball,batting_team,bowling_team,striker,non_striker,bowler,runs_off_bat,extras,wides,noballs,byes,legbyes,penalty,wicket_type,player_dismissed,other_wicket_type,other_player_dismissed
1147718,2018,2018-07-07,VRA Ground,1,0.1,Uganda,Scotland,R Ntono,S Kemigisha,KE Bryce,0,0,,,,,,,,,
1147718,2018,2018-07-07,VRA Ground,1,0.2,Uganda,Scotland,R Ntono,S Kemigisha,KE Bryce,0,0,,,,,,,,,
1147718,2018,2018-07-07,VRA Ground,1,0.3,Uganda,Scotland,R Ntono,S Kemigisha,KE Bryce,0,0,,,,,,,,,
1147718,2018,2018-07-07,VRA Ground,1,0.4,Uganda,Scotland,R Ntono,S Kemigisha,KE Bryce,0,0,,,,,,bowled,R Ntono,,
1147718,2018,2018-07-07,VRA Ground,1,0.5,Uganda,Scotland,R Musamali,S Kemigisha,KE Bryce,0,0,,,,,,,,,
1147718,2018,2018-07-07,VRA Ground,1,0.6,Uganda,Scotland,R Musamali,S Kemigisha,KE Bryce,0,0,,,,,,,,,
1147718,2018,2018-07-07,VRA Ground,1,1.1,Uganda,Scotland,S Kemigisha,R Musamali,RV Scholes,0,1,1,,,,,,,,
1147718,2018,2018-07-07,VRA Ground,1,1.2,Uganda,Scotland,S Kemigisha,R Musamali,RV Scholes,0,0,,,,,,,,,
1147718,2018,2018-07-07,VRA Ground,1,1.3,Uganda,Scotland,S Kemigisha,R Musamali,RV Scholes,0,0,,,,,,caught,S Kemigisha,,
1147718,2018,2018-07-07,VRA Ground,1,1.4,Uganda,Scotland,J Mbabazi,R Musamali,RV Scholes,0,0,,,,,,,,,
1147718,2018,2018-07-07,VRA Ground,1,1.5,Uganda,Scotland,J Mbabazi,R Musamali,RV Scholes,0,0,,,,,,,,,
1147718,2018,2018-07-07,VRA Ground,1,1.6,Uganda,Scotland,J Mbabazi,R Musamali,RV Scholes,0,0,,,,,,,,,
1147718,2018,2018-07-07,VRA Ground,1,1.7,Uganda,Scotland,J Mbabazi,R Musamali,RV Scholes,0,0,,,,,,,,,
1147718,2018,2018-07-07,VRA Ground,1,2.1,Uganda,Scotland,R Musamali,J Mbabazi,KE Bryce,2,0,,,,,,,,,
1147718,2018,2018-07-07,VRA Ground,1,2.2,Uganda,Scotland,R Musamali,J Mbabazi,KE Bryce,1,0,,,,,,,,,
1147718,2018,2018-07-07,VRA Ground,1,2.3,Uganda,Scotland,J Mbabazi,R Musamali,KE Bryce,0,0,,,,,,,,,
1147718,2018,2018-07-07,VRA Ground,1,2.4,Uganda,Scotland,J Mbabazi,R Musamali,KE Bryce,0,0,,,,,,,,,
1147718,2018,2018-07-07,VRA Ground,1,2.5,Uganda,Scotland,J Mbabazi,R Musamali,KE Bryce,0,0,,,,,,,,,
1147718,2018,2018-07-07,VRA Ground,1,2.6,Uganda,Scotland,J Mbabazi,R Musamali,KE Bryce,1,0,,,,,,,,,
1147718,2018,2018-07-07,VRA Ground,1,3.1,Uganda,Scotland,J Mbabazi,R Musamali,RV Scholes,0,0,,,,,,,,,
1147718,2018,2018-07-07,VRA Ground,1,3.2,Uganda,Scotland,J Mbabazi,R Musamali,RV Scholes,1,0,,,,,,,,,
1147718,2018,2018-07-07,VRA Ground,1,3.3,Uganda,Scotland,R Musamali,J Mbabazi,RV Scholes,1,0,,,,,,,,,
1147718,2018,2018-07-07,VRA Ground,1,3.4,Uganda,Scotland,J Mbabazi,R Musamali,RV Scholes,0,0,,,,,,,,,
1147718,2018,2018-07-07,VRA Ground,1,3.5,Uganda,Scotland,J Mbabazi,R Musamali,RV Scholes,0,0,,,,,,,,,
1147718,2018,2018-07-07,VRA Ground,1,3.6,Uganda,Scotland,J Mbabazi,R Musamali,RV Scholes,0,0,,,,,,bowled,J Mbabazi,,
1147718,2018,2018-07-07,VRA Ground,1,4.1,Uganda,Scotland,R Musamali,I Nakisuuyi,PA Chatterji,2,0,,,,,,,,,
1147718,2018,2018-07-07,VRA Ground,1,4.2,Uganda,Scotland,R Musamali,I Nakisuuyi,PA Chatterji,0,0,,,,,,,,,
1147718,2018,2018-07-07,VRA Ground,1,4.3,Uganda,Scotland,R Musamali,I Nakisuuyi,PA Chatterji,1,0,,,,,,,,,
1147718,2018,2018-07-07,VRA Ground,1,4.4,Uganda,Scotland,I Nakisuuyi,R Musamali,PA Chatterji,0,0,,,,,,,,,
1147718,2018,2018-07-07,VRA Ground,1,4.5,Uganda,Scotland,I Nakisuuyi,R Musamali,PA Chatterji,0,0,,,,,,,,,
1147718,2018,2018-07-07,VRA Ground,1,4.6,Uganda,Scotland,I Nakisuuyi,R Musamali,PA Chatterji,1,0,,,,,,,,,
1147718,2018,2018-07-07,VRA Ground,1,5.1,Uganda,Scotland,I Nakisuuyi,R Musamali,RV Scholes,0,0,,,,,,,,,
1147718,2018,2018-07-07,VRA Ground,1,5.2,Uganda,Scotland,I Nakisuuyi,R Musamali,RV Scholes,0,0,,,,,,caught,I Nakisuuyi,,
1147718,2018,2018-07-07,VRA Ground,1,5.3,Uganda,Scotland,R Musamali,G Candiru,RV Scholes,0,0,,,,,,,,,
1147718,2018,2018-07-07,VRA Ground,1,5.4,Uganda,Scotland,R Musamali,G Candiru,RV Scholes,0,0,,,,,,,,,
1147718,2018,2018-07-07,VRA Ground,1,5.5,Uganda,Scotland,R Musamali,G Candiru,RV Scholes,0,0,,,,,,,,,
1147718,2018,2018-07-07,VRA Ground,1,5.6,Uganda,Scotland,R Musamali,G Candiru,RV Scholes,0,0,,,,,,,,,
1147718,2018,2018-07-07,VRA Ground,1,6.1,Uganda,Scotland,G Candiru,R Musamali,PA Chatterji,0,1,1,,,,,,,,
1147718,2018,2018-07-07,VRA Ground,1,6.2,Uganda,Scotland,G Candiru,R Musamali,PA Chatterji,0,0,,,,,,,,,
1147718,2018,2018-07-07,VRA Ground,1,6.3,Uganda,Scotland,G Candiru,R Musamali,PA Chatterji,0,0,,,,,,,,,
1147718,2018,2018-07-07,VRA Ground,1,6.4,Uganda,Scotland,G Candiru,R Musamali,PA Chatterji,1,0,,,,,,,,,
1147718,2018,2018-07-07,VRA Ground,1,6.5,Uganda,Scotland,R Musamali,G Candiru,PA Chatterji,1,0,,,,,,,,,
1147718,2018,2018-07-07,VRA Ground,1,6.6,Uganda,Scotland,G Candiru,R Musamali,PA Chatterji,0,0,,,,,,,,,
1147718,2018,2018-07-07,VRA Ground,1,6.7,Uganda,Scotland,G Candiru,R Musamali,PA Chatterji,0,0,,,,,,,,,
1147718,2018,2018-07-07,VRA Ground,1,7.1,Uganda,Scotland,R Musamali,G Candiru,K McGill,0,1,1,,,,,,,,
1147718,2018,2018-07-07,VRA Ground,1,7.2,Uganda,Scotland,R Musamali,G Candiru,K McGill,0,0,,,,,,caught,R Musamali,,
1147718,2018,2018-07-07,VRA Ground,1,7.3,Uganda,Scotland,F Najjumba,G Candiru,K McGill,0,0,,,,,,caught,F Najjumba,,
1147718,2018,2018-07-07,VRA Ground,1,7.4,Uganda,Scotland,G Candiru,K Awino,K McGill,0,1,,,1,,,,,,
1147718,2018,2018-07-07,VRA Ground,1,7.5,Uganda,Scotland,K Awino,G Candiru,K McGill,4,0,,,,,,,,,
1147718,2018,2018-07-07,VRA Ground,1,7.6,Uganda,Scotland,K Awino,G Candiru,K McGill,0,1,1,,,,,,,,
1147718,2018,2018-07-07,VRA Ground,1,7.7,Uganda,Scotland,K Awino,G Candiru,K McGill,0,0,,,,,,,,,
1147718,2018,2018-07-07,VRA Ground,1,7.8,Uganda,Scotland,K Awino,G Candiru,K McGill,0,0,,,,,,,,,
1147718,2018,2018-07-07,VRA Ground,1,8.1,Uganda,Scotland,G Candiru,K Awino,PA Chatterji,0,0,,,,,,,,,
1147718,2018,2018-07-07,VRA Ground,1,8.2,Uganda,Scotland,G Candiru,K Awino,PA Chatterji,0,0,,,,,,,,,
1147718,2018,2018-07-07,VRA Ground,1,8.3,Uganda,Scotland,G Candiru,K Awino,PA Chatterji,0,0,,,,,,,,,
1147718,2018,2018-07-07,VRA Ground,1,8.4,Uganda,Scotland,G Candiru,K Awino,PA Chatterji,1,0,,,,,,,,,
1147718,2018,2018-07-07,VRA Ground,1,8.5,Uganda,Scotland,K Awino,G Candiru,PA Chatterji,0,0,,,,,,,,,
1147718,2018,2018-07-07,VRA Ground,1,8.6,Uganda,Scotland,K Awino,G Candiru,PA Chatterji,1,0,,,,,,,,,
1147718,2018,2018-07-07,VRA Ground,1,9.1,Uganda,Scotland,K Awino,G Candiru,K McGill,1,0,,,,,,,,,
1147718,2018,2018-07-07,VRA Ground,1,9.2,Uganda,Scotland,G Candiru,K Awino,K McGill,0,0,,,,,,,,,
1147718,2018,2018-07-07,VRA Ground,1,9.3,Uganda,Scotland,G Candiru,K Awino,K McGill,0,0,,,,,,,,,
1147718,2018,2018-07-07,VRA Ground,1,9.4,Uganda,Scotland,G Candiru,K Awino,K McGill,0,0,,,,,,,,,
1147718,2018,2018-07-07,VRA Ground,1,9.5,Uganda,Scotland,G Candiru,K Awino,K McGill,2,0,,,,,,,,,
1147718,2018,2018-07-07,VRA Ground,1,9.6,Uganda,Scotland,G Candiru,K Awino,K McGill,0,0,,,,,,,,,
1147718,2018,2018-07-07,VRA Ground,1,10.1,Uganda,Scotland,K Awino,G Candiru,HRA Rainey,0,1,1,,,,,,,,
1147718,2018,2018-07-07,VRA Ground,1,10.2,Uganda,Scotland,K Awino,G Candiru,HRA Rainey,1,0,,,,,,,,,
1147718,2018,2018-07-07,VRA Ground,1,10.3,Uganda,Scotland,G Candiru,K Awino,HRA Rainey,0,0,,,,,,,,,
1147718,2018,2018-07-07,VRA Ground,1,10.4,Uganda,Scotland,G Candiru,K Awino,HRA Rainey,0,0,,,,,,,,,
1147718,2018,2018-07-07,VRA Ground,1,10.5,Uganda,Scotland,G Candiru,K Awino,HRA Rainey,1,0,,,,,,,,,
1147718,2018,2018-07-07,VRA Ground,1,10.6,Uganda,Scotland,K Awino,G Candiru,HRA Rainey,0,0,,,,,,,,,
1147718,2018,2018-07-07,VRA Ground,1,10.7,Uganda,Scotland,K Awino,G Candiru,HRA Rainey,0,0,,,,,,,,,
1147718,2018,2018-07-07,VRA Ground,1,11.1,Uganda,Scotland,G Candiru,K Awino,AH Maqsood,0,0,,,,,,,,,
1147718,2018,2018-07-07,VRA Ground,1,11.2,Uganda,Scotland,G Candiru,K Awino,AH Maqsood,0,0,,,,,,,,,
1147718,2018,2018-07-07,VRA Ground,1,11.3,Uganda,Scotland,G Candiru,K Awino,AH Maqsood,1,0,,,,,,,,,
1147718,2018,2018-07-07,VRA Ground,1,11.4,Uganda,Scotland,K Awino,G Candiru,AH Maqsood,0,0,,,,,,,,,
1147718,2018,2018-07-07,VRA Ground,1,11.5,Uganda,Scotland,K Awino,G Candiru,AH Maqsood,2,0,,,,,,,,,
1147718,2018,2018-07-07,VRA Ground,1,11.6,Uganda,Scotland,K Awino,G Candiru,AH Maqsood,2,0,,,,,,,,,
1147718,2018,2018-07-07,VRA Ground,1,12.1,Uganda,Scotland,G Candiru,K Awino,HRA Rainey,0,0,,,,,,,,,
1147718,2018,2018-07-07,VRA Ground,1,12.2,Uganda,Scotland,G Candiru,K Awino,HRA Rainey,0,0,,,,,,,,,
1147718,2018,2018-07-07,VRA Ground,1,12.3,Uganda,Scotland,G Candiru,K Awino,HRA Rainey,1,0,,,,,,,,,
1147718,2018,2018-07-07,VRA Ground,1,12.4,Uganda,Scotland,K Awino,G Candiru,HRA Rainey,1,0,,,,,,,,,
1147718,2018,2018-07-07,VRA Ground,1,12.5,Uganda,Scotland,G Candiru,K Awino,HRA Rainey,1,0,,,,,,,,,
1147718,2018,2018-07-07,VRA Ground,1,12.6,Uganda,Scotland,K Awino,G Candiru,HRA Rainey,0,0,,,,,,,,,
1147718,2018,2018-07-07,VRA Ground,1,13.1,Uganda,Scotland,G Candiru,K Awino,AH Maqsood,2,0,,,,,,,,,
1147718,2018,2018-07-07,VRA Ground,1,13.2,Uganda,Scotland,G Candiru,K Awino,AH Maqsood,0,0,,,,,,stumped,G Candiru,,
1147718,2018,2018-07-07,VRA Ground,1,13.3,Uganda,Scotland,JM Apio,K Awino,AH Maqsood,1,0,,,,,,,,,
1147718,2018,2018-07-07,VRA Ground,1,13.4,Uganda,Scotland,K Awino,JM Apio,AH Maqsood,0,0,,,,,,,,,
1147718,2018,2018-07-07,VRA Ground,1,13.5,Uganda,Scotland,K Awino,JM Apio,AH Maqsood,0,0,,,,,,,,,
1147718,2018,2018-07-07,VRA Ground,1,13.6,Uganda,Scotland,K Awino,JM Apio,AH Maqsood,0,0,,,,,,,,,
1147718,2018,2018-07-07,VRA Ground,1,14.1,Uganda,Scotland,JM Apio,K Awino,HRA Rainey,0,0,,,,,,,,,
1147718,2018,2018-07-07,VRA Ground,1,14.2,Uganda,Scotland,JM Apio,K Awino,HRA Rainey,0,0,,,,,,,,,
1147718,2018,2018-07-07,VRA Ground,1,14.3,Uganda,Scotland,JM Apio,K Awino,HRA Rainey,0,0,,,,,,caught,JM Apio,,
1147718,2018,2018-07-07,VRA Ground,1,14.4,Uganda,Scotland,K Awino,C Namugenyi,HRA Rainey,0,0,,,,,,,,,
1147718,2018,2018-07-07,VRA Ground,1,14.5,Uganda,Scotland,K Awino,C Namugenyi,HRA Rainey,1,0,,,,,,,,,
1147718,2018,2018-07-07,VRA Ground,1,14.6,Uganda,Scotland,C Namugenyi,K Awino,HRA Rainey,2,0,,,,,,,,,
1147718,2018,2018-07-07,VRA Ground,1,15.1,Uganda,Scotland,K Awino,C Namugenyi,AH Maqsood,0,0,,,,,,,,,
1147718,2018,2018-07-07,VRA Ground,1,15.2,Uganda,Scotland,K Awino,C Namugenyi,AH Maqsood,0,0,,,,,,bowled,K Awino,,
1147718,2018,2018-07-07,VRA Ground,1,15.3,Uganda,Scotland,C Aweko,C Namugenyi,AH Maqsood,0,0,,,,,,caught,C Aweko,,
1147718,2018,2018-07-07,VRA Ground,2,0.1,Scotland,Uganda,SJ Bryce,L Jack,C Namugenyi,0,0,,,,,,,,,
1147718,2018,2018-07-07,VRA Ground,2,0.2,Scotland,Uganda,SJ Bryce,L Jack,C Namugenyi,4,0,,,,,,,,,
1147718,2018,2018-07-07,VRA Ground,2,0.3,Scotland,Uganda,SJ Bryce,L Jack,C Namugenyi,4,0,,,,,,,,,
1147718,2018,2018-07-07,VRA Ground,2,0.4,Scotland,Uganda,SJ Bryce,L Jack,C Namugenyi,1,0,,,,,,,,,
1147718,2018,2018-07-07,VRA Ground,2,0.5,Scotland,Uganda,L Jack,SJ Bryce,C Namugenyi,0,0,,,,,,,,,
1147718,2018,2018-07-07,VRA Ground,2,0.6,Scotland,Uganda,L Jack,SJ Bryce,C Namugenyi,0,0,,,,,,,,,
1147718,2018,2018-07-07,VRA Ground,2,1.1,Scotland,Uganda,SJ Bryce,L Jack,C Aweko,1,0,,,,,,,,,
1147718,2018,2018-07-07,VRA Ground,2,1.2,Scotland,Uganda,L Jack,SJ Bryce,C Aweko,2,0,,,,,,,,,
1147718,2018,2018-07-07,VRA Ground,2,1.3,Scotland,Uganda,L Jack,SJ Bryce,C Aweko,0,0,,,,,,,,,
1147718,2018,2018-07-07,VRA Ground,2,1.4,Scotland,Uganda,L Jack,SJ Bryce,C Aweko,0,0,,,,,,,,,
1147718,2018,2018-07-07,VRA Ground,2,1.5,Scotland,Uganda,L Jack,SJ Bryce,C Aweko,0,0,,,,,,,,,
1147718,2018,2018-07-07,VRA Ground,2,1.6,Scotland,Uganda,L Jack,SJ Bryce,C Aweko,0,0,,,,,,,,,
1147718,2018,2018-07-07,VRA Ground,2,2.1,Scotland,Uganda,SJ Bryce,L Jack,JM Apio,4,0,,,,,,,,,
1147718,2018,2018-07-07,VRA Ground,2,2.2,Scotland,Uganda,SJ Bryce,L Jack,JM Apio,3,0,,,,,,,,,
1147718,2018,2018-07-07,VRA Ground,2,2.3,Scotland,Uganda,L Jack,SJ Bryce,JM Apio,0,0,,,,,,,,,
1147718,2018,2018-07-07,VRA Ground,2,2.4,Scotland,Uganda,L Jack,SJ Bryce,JM Apio,0,0,,,,,,caught,L Jack,,
1147718,2018,2018-07-07,VRA Ground,2,2.5,Scotland,Uganda,SJ Bryce,KE Bryce,JM Apio,0,1,,,,1,,,,,
1147718,2018,2018-07-07,VRA Ground,2,2.6,Scotland,Uganda,KE Bryce,SJ Bryce,JM Apio,0,0,,,,,,,,,
1147718,2018,2018-07-07,VRA Ground,2,3.1,Scotland,Uganda,SJ Bryce,KE Bryce,C Aweko,2,0,,,,,,,,,
1147718,2018,2018-07-07,VRA Ground,2,3.2,Scotland,Uganda,SJ Bryce,KE Bryce,C Aweko,0,0,,,,,,,,,
1147718,2018,2018-07-07,VRA Ground,2,3.3,Scotland,Uganda,SJ Bryce,KE Bryce,C Aweko,0,0,,,,,,,,,
1147718,2018,2018-07-07,VRA Ground,2,3.4,Scotland,Uganda,SJ Bryce,KE Bryce,C Aweko,0,0,,,,,,,,,
1147718,2018,2018-07-07,VRA Ground,2,3.5,Scotland,Uganda,SJ Bryce,KE Bryce,C Aweko,0,2,2,,,,,,,,
1147718,2018,2018-07-07,VRA Ground,2,3.6,Scotland,Uganda,KE Bryce,SJ Bryce,C Aweko,0,0,,,,,,,,,
1147718,2018,2018-07-07,VRA Ground,2,3.7,Scotland,Uganda,KE Bryce,SJ Bryce,C Aweko,0,0,,,,,,,,,
1147718,2018,2018-07-07,VRA Ground,2,4.1,Scotland,Uganda,SJ Bryce,KE Bryce,I Nakisuuyi,0,0,,,,,,,,,
1147718,2018,2018-07-07,VRA Ground,2,4.2,Scotland,Uganda,SJ Bryce,KE Bryce,I Nakisuuyi,0,0,,,,,,,,,
1147718,2018,2018-07-07,VRA Ground,2,4.3,Scotland,Uganda,SJ Bryce,KE Bryce,I Nakisuuyi,0,0,,,,,,,,,
1147718,2018,2018-07-07,VRA Ground,2,4.4,Scotland,Uganda,SJ Bryce,KE Bryce,I Nakisuuyi,4,0,,,,,,,,,
1147718,2018,2018-07-07,VRA Ground,2,4.5,Scotland,Uganda,SJ Bryce,KE Bryce,I Nakisuuyi,4,0,,,,,,,,,
1147718,2018,2018-07-07,VRA Ground,2,4.6,Scotland,Uganda,SJ Bryce,KE Bryce,I Nakisuuyi,1,0,,,,,,,,,
1147718,2018,2018-07-07,VRA Ground,2,5.1,Scotland,Uganda,SJ Bryce,KE Bryce,C Aweko,1,0,,,,,,,,,
1147718,2018,2018-07-07,VRA Ground,2,5.2,Scotland,Uganda,KE Bryce,SJ Bryce,C Aweko,0,0,,,,,,,,,
1147718,2018,2018-07-07,VRA Ground,2,5.3,Scotland,Uganda,KE Bryce,SJ Bryce,C Aweko,1,0,,,,,,,,,
1147718,2018,2018-07-07,VRA Ground,2,5.4,Scotland,Uganda,SJ Bryce,KE Bryce,C Aweko,1,0,,,,,,,,,
1147718,2018,2018-07-07,VRA Ground,2,5.5,Scotland,Uganda,KE Bryce,SJ Bryce,C Aweko,0,0,,,,,,,,,
1147718,2018,2018-07-07,VRA Ground,2,5.6,Scotland,Uganda,KE Bryce,SJ Bryce,C Aweko,0,0,,,,,,,,,
1147718,2018,2018-07-07,VRA Ground,2,6.1,Scotland,Uganda,SJ Bryce,KE Bryce,I Nakisuuyi,4,0,,,,,,,,,
1147718,2018,2018-07-07,VRA Ground,2,6.2,Scotland,Uganda,SJ Bryce,KE Bryce,I Nakisuuyi,1,0,,,,,,,,,
1147718,2018,2018-07-07,VRA Ground,2,6.3,Scotland,Uganda,KE Bryce,SJ Bryce,I Nakisuuyi,1,0,,,,,,,,,
1147718,2018,2018-07-07,VRA Ground,2,6.4,Scotland,Uganda,SJ Bryce,KE Bryce,I Nakisuuyi,1,0,,,,,,,,,
1147718,2018,2018-07-07,VRA Ground,2,6.5,Scotland,Uganda,KE Bryce,SJ Bryce,I Nakisuuyi,4,0,,,,,,,,,
