match_id,season,start_date,venue,innings,ball,batting_team,bowling_team,striker,non_striker,bowler,runs_off_bat,extras,wides,noballs,byes,legbyes,penalty,wicket_type,player_dismissed,other_wicket_type,other_player_dismissed
1147717,2018,2018-07-07,Sportpark Maarschalkerweerd,1,0.1,Thailand,Ireland,N Chantam,N Chaiwai,IMHC Joyce,0,0,,,,,,caught,N Chantam,,
1147717,2018,2018-07-07,Sportpark Maarschalkerweerd,1,0.2,Thailand,Ireland,N Boochatham,N Chaiwai,IMHC Joyce,0,0,,,,,,,,,
1147717,2018,2018-07-07,Sportpark Maarschalkerweerd,1,0.3,Thailand,Ireland,N Boochatham,N Chaiwai,IMHC Joyce,0,0,,,,,,,,,
1147717,2018,2018-07-07,Sportpark Maarschalkerweerd,1,0.4,Thailand,Ireland,N Boochatham,N Chaiwai,IMHC Joyce,0,0,,,,,,,,,
1147717,2018,2018-07-07,Sportpark Maarschalkerweerd,1,0.5,Thailand,Ireland,N Boochatham,N Chaiwai,IMHC Joyce,0,0,,,,,,,,,
1147717,2018,2018-07-07,Sportpark Maarschalkerweerd,1,0.6,Thailand,Ireland,N Boochatham,N Chaiwai,IMHC Joyce,0,0,,,,,,,,,
1147717,2018,2018-07-07,Sportpark Maarschalkerweerd,1,1.1,Thailand,Ireland,N Chaiwai,N Boochatham,EAJ Richardson,2,0,,,,,,,,,
1147717,2018,2018-07-07,Sportpark Maarschalkerweerd,1,1.2,Thailand,Ireland,N Chaiwai,N Boochatham,EAJ Richardson,0,0,,,,,,,,,
1147717,2018,2018-07-07,Sportpark Maarschalkerweerd,1,1.3,Thailand,Ireland,N Chaiwai,N Boochatham,EAJ Richardson,1,0,,,,,,,,,
1147717,2018,2018-07-07,Sportpark Maarschalkerweerd,1,1.4,Thailand,Ireland,N Boochatham,N Chaiwai,EAJ Richardson,0,0,,,,,,,,,
1147717,2018,2018-07-07,Sportpark Maarschalkerweerd,1,1.5,Thailand,Ireland,N Boochatham,N Chaiwai,EAJ Richardson,0,0,,,,,,,,,
1147717,2018,2018-07-07,Sportpark Maarschalkerweerd,1,1.6,Thailand,Ireland,N Boochatham,N Chaiwai,EAJ Richardson,0,1,,,,1,,,,,
1147717,2018,2018-07-07,Sportpark Maarschalkerweerd,1,2.1,Thailand,Ireland,N Boochatham,N Chaiwai,IMHC Joyce,4,0,,,,,,,,,
1147717,2018,2018-07-07,Sportpark Maarschalkerweerd,1,2.2,Thailand,Ireland,N Boochatham,N Chaiwai,IMHC Joyce,0,1,1,,,,,,,,
1147717,2018,2018-07-07,Sportpark Maarschalkerweerd,1,2.3,Thailand,Ireland,N Boochatham,N Chaiwai,IMHC Joyce,0,0,,,,,,,,,
1147717,2018,2018-07-07,Sportpark Maarschalkerweerd,1,2.4,Thailand,Ireland,N Boochatham,N Chaiwai,IMHC Joyce,0,0,,,,,,,,,
1147717,2018,2018-07-07,Sportpark Maarschalkerweerd,1,2.5,Thailand,Ireland,N Boochatham,N Chaiwai,IMHC Joyce,0,0,,,,,,,,,
1147717,2018,2018-07-07,Sportpark Maarschalkerweerd,1,2.6,Thailand,Ireland,N Boochatham,N Chaiwai,IMHC Joyce,0,0,,,,,,,,,
1147717,2018,2018-07-07,Sportpark Maarschalkerweerd,1,2.7,Thailand,Ireland,N Boochatham,N Chaiwai,IMHC Joyce,1,0,,,,,,,,,
1147717,2018,2018-07-07,Sportpark Maarschalkerweerd,1,3.1,Thailand,Ireland,N Boochatham,N Chaiwai,EAJ Richardson,0,0,,,,,,,,,
1147717,2018,2018-07-07,Sportpark Maarschalkerweerd,1,3.2,Thailand,Ireland,N Boochatham,N Chaiwai,EAJ Richardson,0,0,,,,,,,,,
1147717,2018,2018-07-07,Sportpark Maarschalkerweerd,1,3.3,Thailand,Ireland,N Boochatham,N Chaiwai,EAJ Richardson,2,0,,,,,,,,,
1147717,2018,2018-07-07,Sportpark Maarschalkerweerd,1,3.4,Thailand,Ireland,N Boochatham,N Chaiwai,EAJ Richardson,0,0,,,,,,,,,
1147717,2018,2018-07-07,Sportpark Maarschalkerweerd,1,3.5,Thailand,Ireland,N Boochatham,N Chaiwai,EAJ Richardson,1,0,,,,,,,,,
1147717,2018,2018-07-07,Sportpark Maarschalkerweerd,1,3.6,Thailand,Ireland,N Chaiwai,N Boochatham,EAJ Richardson,0,0,,,,,,,,,
1147717,2018,2018-07-07,Sportpark Maarschalkerweerd,1,4.1,Thailand,Ireland,N Boochatham,N Chaiwai,CJ Metcalfe,0,0,,,,,,,,,
1147717,2018,2018-07-07,Sportpark Maarschalkerweerd,1,4.2,Thailand,Ireland,N Boochatham,N Chaiwai,CJ Metcalfe,0,0,,,,,,,,,
1147717,2018,2018-07-07,Sportpark Maarschalkerweerd,1,4.3,Thailand,Ireland,N Boochatham,N Chaiwai,CJ Metcalfe,0,0,,,,,,,,,
1147717,2018,2018-07-07,Sportpark Maarschalkerweerd,1,4.4,Thailand,Ireland,N Boochatham,N Chaiwai,CJ Metcalfe,1,0,,,,,,,,,
1147717,2018,2018-07-07,Sportpark Maarschalkerweerd,1,4.5,Thailand,Ireland,N Chaiwai,N Boochatham,CJ Metcalfe,0,0,,,,,,,,,
1147717,2018,2018-07-07,Sportpark Maarschalkerweerd,1,4.6,Thailand,Ireland,N Chaiwai,N Boochatham,CJ Metcalfe,0,0,,,,,,,,,
1147717,2018,2018-07-07,Sportpark Maarschalkerweerd,1,5.1,Thailand,Ireland,N Boochatham,N Chaiwai,LK O'Reilly,0,1,1,,,,,,,,
1147717,2018,2018-07-07,Sportpark Maarschalkerweerd,1,5.2,Thailand,Ireland,N Boochatham,N Chaiwai,LK O'Reilly,4,0,,,,,,,,,
1147717,2018,2018-07-07,Sportpark Maarschalkerweerd,1,5.3,Thailand,Ireland,N Boochatham,N Chaiwai,LK O'Reilly,4,0,,,,,,,,,
1147717,2018,2018-07-07,Sportpark Maarschalkerweerd,1,5.4,Thailand,Ireland,N Boochatham,N Chaiwai,LK O'Reilly,0,0,,,,,,,,,
1147717,2018,2018-07-07,Sportpark Maarschalkerweerd,1,5.5,Thailand,Ireland,N Boochatham,N Chaiwai,LK O'Reilly,0,0,,,,,,,,,
1147717,2018,2018-07-07,Sportpark Maarschalkerweerd,1,5.6,Thailand,Ireland,N Boochatham,N Chaiwai,LK O'Reilly,0,0,,,,,,,,,
1147717,2018,2018-07-07,Sportpark Maarschalkerweerd,1,5.7,Thailand,Ireland,N Boochatham,N Chaiwai,LK O'Reilly,1,0,,,,,,,,,
1147717,2018,2018-07-07,Sportpark Maarschalkerweerd,1,6.1,Thailand,Ireland,N Boochatham,N Chaiwai,CJ Metcalfe,0,0,,,,,,,,,
1147717,2018,2018-07-07,Sportpark Maarschalkerweerd,1,6.2,Thailand,Ireland,N Boochatham,N Chaiwai,CJ Metcalfe,4,0,,,,,,,,,
1147717,2018,2018-07-07,Sportpark Maarschalkerweerd,1,6.3,Thailand,Ireland,N Boochatham,N Chaiwai,CJ Metcalfe,1,0,,,,,,,,,
1147717,2018,2018-07-07,Sportpark Maarschalkerweerd,1,6.4,Thailand,Ireland,N Chaiwai,N Boochatham,CJ Metcalfe,1,0,,,,,,,,,
1147717,2018,2018-07-07,Sportpark Maarschalkerweerd,1,6.5,Thailand,Ireland,N Boochatham,N Chaiwai,CJ Metcalfe,0,0,,,,,,,,,
1147717,2018,2018-07-07,Sportpark Maarschalkerweerd,1,6.6,Thailand,Ireland,N Boochatham,N Chaiwai,CJ Metcalfe,4,0,,,,,,,,,
1147717,2018,2018-07-07,Sportpark Maarschalkerweerd,1,7.1,Thailand,Ireland,N Chaiwai,N Boochatham,L Delany,0,0,,,,,,,,,
1147717,2018,2018-07-07,Sportpark Maarschalkerweerd,1,7.2,Thailand,Ireland,N Chaiwai,N Boochatham,L Delany,0,0,,,,,,,,,
1147717,2018,2018-07-07,Sportpark Maarschalkerweerd,1,7.3,Thailand,Ireland,N Chaiwai,N Boochatham,L Delany,1,0,,,,,,,,,
1147717,2018,2018-07-07,Sportpark Maarschalkerweerd,1,7.4,Thailand,Ireland,N Boochatham,N Chaiwai,L Delany,0,0,,,,,,,,,
1147717,2018,2018-07-07,Sportpark Maarschalkerweerd,1,7.5,Thailand,Ireland,N Boochatham,N Chaiwai,L Delany,2,0,,,,,,,,,
1147717,2018,2018-07-07,Sportpark Maarschalkerweerd,1,7.6,Thailand,Ireland,N Boochatham,N Chaiwai,L Delany,1,0,,,,,,,,,
1147717,2018,2018-07-07,Sportpark Maarschalkerweerd,1,8.1,Thailand,Ireland,N Boochatham,N Chaiwai,IMHC Joyce,1,0,,,,,,,,,
1147717,2018,2018-07-07,Sportpark Maarschalkerweerd,1,8.2,Thailand,Ireland,N Chaiwai,N Boochatham,IMHC Joyce,0,0,,,,,,,,,
1147717,2018,2018-07-07,Sportpark Maarschalkerweerd,1,8.3,Thailand,Ireland,N Chaiwai,N Boochatham,IMHC Joyce,0,0,,,,,,,,,
1147717,2018,2018-07-07,Sportpark Maarschalkerweerd,1,8.4,Thailand,Ireland,N Chaiwai,N Boochatham,IMHC Joyce,1,0,,,,,,,,,
1147717,2018,2018-07-07,Sportpark Maarschalkerweerd,1,8.5,Thailand,Ireland,N Boochatham,N Chaiwai,IMHC Joyce,0,0,,,,,,,,,
1147717,2018,2018-07-07,Sportpark Maarschalkerweerd,1,8.6,Thailand,Ireland,N Boochatham,N Chaiwai,IMHC Joyce,1,0,,,,,,,,,
1147717,2018,2018-07-07,Sportpark Maarschalkerweerd,1,9.1,Thailand,Ireland,N Boochatham,N Chaiwai,L Delany,0,0,,,,,,,,,
1147717,2018,2018-07-07,Sportpark Maarschalkerweerd,1,9.2,Thailand,Ireland,N Boochatham,N Chaiwai,L Delany,1,0,,,,,,,,,
1147717,2018,2018-07-07,Sportpark Maarschalkerweerd,1,9.3,Thailand,Ireland,N Chaiwai,N Boochatham,L Delany,1,0,,,,,,,,,
1147717,2018,2018-07-07,Sportpark Maarschalkerweerd,1,9.4,Thailand,Ireland,N Boochatham,N Chaiwai,L Delany,0,0,,,,,,,,,
1147717,2018,2018-07-07,Sportpark Maarschalkerweerd,1,9.5,Thailand,Ireland,N Boochatham,N Chaiwai,L Delany,4,0,,,,,,,,,
1147717,2018,2018-07-07,Sportpark Maarschalkerweerd,1,9.6,Thailand,Ireland,N Boochatham,N Chaiwai,L Delany,1,0,,,,,,,,,
1147717,2018,2018-07-07,Sportpark Maarschalkerweerd,1,10.1,Thailand,Ireland,N Boochatham,N Chaiwai,EAJ Richardson,0,0,,,,,,,,,
1147717,2018,2018-07-07,Sportpark Maarschalkerweerd,1,10.2,Thailand,Ireland,N Boochatham,N Chaiwai,EAJ Richardson,1,0,,,,,,,,,
1147717,2018,2018-07-07,Sportpark Maarschalkerweerd,1,10.3,Thailand,Ireland,N Chaiwai,N Boochatham,EAJ Richardson,1,0,,,,,,,,,
1147717,2018,2018-07-07,Sportpark Maarschalkerweerd,1,10.4,Thailand,Ireland,N Boochatham,N Chaiwai,EAJ Richardson,1,0,,,,,,,,,
1147717,2018,2018-07-07,Sportpark Maarschalkerweerd,1,10.5,Thailand,Ireland,N Chaiwai,N Boochatham,EAJ Richardson,1,0,,,,,,,,,
1147717,2018,2018-07-07,Sportpark Maarschalkerweerd,1,10.6,Thailand,Ireland,N Boochatham,N Chaiwai,EAJ Richardson,1,0,,,,,,,,,
1147717,2018,2018-07-07,Sportpark Maarschalkerweerd,1,11.1,Thailand,Ireland,N Boochatham,N Chaiwai,LK O'Reilly,0,1,1,,,,,,,,
1147717,2018,2018-07-07,Sportpark Maarschalkerweerd,1,11.2,Thailand,Ireland,N Boochatham,N Chaiwai,LK O'Reilly,0,0,,,,,,bowled,N Boochatham,,
1147717,2018,2018-07-07,Sportpark Maarschalkerweerd,1,11.3,Thailand,Ireland,S Tippoch,N Chaiwai,LK O'Reilly,0,0,,,,,,,,,
1147717,2018,2018-07-07,Sportpark Maarschalkerweerd,1,11.4,Thailand,Ireland,S Tippoch,N Chaiwai,LK O'Reilly,0,1,1,,,,,,,,
1147717,2018,2018-07-07,Sportpark Maarschalkerweerd,1,11.5,Thailand,Ireland,S Tippoch,N Chaiwai,LK O'Reilly,0,0,,,,,,,,,
1147717,2018,2018-07-07,Sportpark Maarschalkerweerd,1,11.6,Thailand,Ireland,S Tippoch,N Chaiwai,LK O'Reilly,1,0,,,,,,,,,
1147717,2018,2018-07-07,Sportpark Maarschalkerweerd,1,11.7,Thailand,Ireland,N Chaiwai,S Tippoch,LK O'Reilly,0,1,1,,,,,,,,
1147717,2018,2018-07-07,Sportpark Maarschalkerweerd,1,11.8,Thailand,Ireland,N Chaiwai,S Tippoch,LK O'Reilly,1,0,,,,,,,,,
1147717,2018,2018-07-07,Sportpark Maarschalkerweerd,1,11.9,Thailand,Ireland,S Tippoch,N Chaiwai,LK O'Reilly,0,0,,,,,,,,,
1147717,2018,2018-07-07,Sportpark Maarschalkerweerd,1,12.1,Thailand,Ireland,N Chaiwai,S Tippoch,CJ Metcalfe,1,0,,,,,,,,,
1147717,2018,2018-07-07,Sportpark Maarschalkerweerd,1,12.2,Thailand,Ireland,S Tippoch,N Chaiwai,CJ Metcalfe,0,0,,,,,,,,,
1147717,2018,2018-07-07,Sportpark Maarschalkerweerd,1,12.3,Thailand,Ireland,S Tippoch,N Chaiwai,CJ Metcalfe,1,0,,,,,,,,,
1147717,2018,2018-07-07,Sportpark Maarschalkerweerd,1,12.4,Thailand,Ireland,N Chaiwai,S Tippoch,CJ Metcalfe,1,0,,,,,,,,,
1147717,2018,2018-07-07,Sportpark Maarschalkerweerd,1,12.5,Thailand,Ireland,S Tippoch,N Chaiwai,CJ Metcalfe,1,0,,,,,,,,,
1147717,2018,2018-07-07,Sportpark Maarschalkerweerd,1,12.6,Thailand,Ireland,N Chaiwai,S Tippoch,CJ Metcalfe,1,0,,,,,,,,,
1147717,2018,2018-07-07,Sportpark Maarschalkerweerd,1,13.1,Thailand,Ireland,N Chaiwai,S Tippoch,EAJ Richardson,0,0,,,,,,lbw,N Chaiwai,,
1147717,2018,2018-07-07,Sportpark Maarschalkerweerd,1,13.2,Thailand,Ireland,N Koncharoenkai,S Tippoch,EAJ Richardson,0,0,,,,,,,,,
1147717,2018,2018-07-07,Sportpark Maarschalkerweerd,1,13.3,Thailand,Ireland,N Koncharoenkai,S Tippoch,EAJ Richardson,0,0,,,,,,,,,
1147717,2018,2018-07-07,Sportpark Maarschalkerweerd,1,13.4,Thailand,Ireland,N Koncharoenkai,S Tippoch,EAJ Richardson,1,0,,,,,,,,,
1147717,2018,2018-07-07,Sportpark Maarschalkerweerd,1,13.5,Thailand,Ireland,S Tippoch,N Koncharoenkai,EAJ Richardson,1,0,,,,,,,,,
1147717,2018,2018-07-07,Sportpark Maarschalkerweerd,1,13.6,Thailand,Ireland,N Koncharoenkai,S Tippoch,EAJ Richardson,1,0,,,,,,,,,
1147717,2018,2018-07-07,Sportpark Maarschalkerweerd,1,14.1,Thailand,Ireland,N Koncharoenkai,S Tippoch,L Delany,0,0,,,,,,,,,
1147717,2018,2018-07-07,Sportpark Maarschalkerweerd,1,14.2,Thailand,Ireland,N Koncharoenkai,S Tippoch,L Delany,0,0,,,,,,,,,
1147717,2018,2018-07-07,Sportpark Maarschalkerweerd,1,14.3,Thailand,Ireland,N Koncharoenkai,S Tippoch,L Delany,0,0,,,,,,,,,
1147717,2018,2018-07-07,Sportpark Maarschalkerweerd,1,14.4,Thailand,Ireland,N Koncharoenkai,S Tippoch,L Delany,1,0,,,,,,,,,
1147717,2018,2018-07-07,Sportpark Maarschalkerweerd,1,14.5,Thailand,Ireland,S Tippoch,N Koncharoenkai,L Delany,1,0,,,,,,,,,
1147717,2018,2018-07-07,Sportpark Maarschalkerweerd,1,14.6,Thailand,Ireland,N Koncharoenkai,S Tippoch,L Delany,1,0,,,,,,,,,
1147717,2018,2018-07-07,Sportpark Maarschalkerweerd,1,15.1,Thailand,Ireland,N Koncharoenkai,S Tippoch,LK O'Reilly,0,0,,,,,,,,,
1147717,2018,2018-07-07,Sportpark Maarschalkerweerd,1,15.2,Thailand,Ireland,N Koncharoenkai,S Tippoch,LK O'Reilly,0,0,,,,,,,,,
1147717,2018,2018-07-07,Sportpark Maarschalkerweerd,1,15.3,Thailand,Ireland,N Koncharoenkai,S Tippoch,LK O'Reilly,1,0,,,,,,,,,
1147717,2018,2018-07-07,Sportpark Maarschalkerweerd,1,15.4,Thailand,Ireland,S Tippoch,N Koncharoenkai,LK O'Reilly,0,0,,,,,,,,,
1147717,2018,2018-07-07,Sportpark Maarschalkerweerd,1,15.5,Thailand,Ireland,S Tippoch,N Koncharoenkai,LK O'Reilly,4,0,,,,,,,,,
1147717,2018,2018-07-07,Sportpark Maarschalkerweerd,1,15.6,Thailand,Ireland,S Tippoch,N Koncharoenkai,LK O'Reilly,0,0,,,,,,bowled,S Tippoch,,
1147717,2018,2018-07-07,Sportpark Maarschalkerweerd,1,16.1,Thailand,Ireland,N Koncharoenkai,C Sutthiruang,IMHC Joyce,0,0,,,,,,,,,
1147717,2018,2018-07-07,Sportpark Maarschalkerweerd,1,16.2,Thailand,Ireland,N Koncharoenkai,C Sutthiruang,IMHC Joyce,1,0,,,,,,,,,
1147717,2018,2018-07-07,Sportpark Maarschalkerweerd,1,16.3,Thailand,Ireland,C Sutthiruang,N Koncharoenkai,IMHC Joyce,1,0,,,,,,,,,
1147717,2018,2018-07-07,Sportpark Maarschalkerweerd,1,16.4,Thailand,Ireland,N Koncharoenkai,C Sutthiruang,IMHC Joyce,0,1,1,,,,,,,,
1147717,2018,2018-07-07,Sportpark Maarschalkerweerd,1,16.5,Thailand,Ireland,N Koncharoenkai,C Sutthiruang,IMHC Joyce,0,0,,,,,,,,,
1147717,2018,2018-07-07,Sportpark Maarschalkerweerd,1,16.6,Thailand,Ireland,N Koncharoenkai,C Sutthiruang,IMHC Joyce,0,0,,,,,,caught,N Koncharoenkai,,
1147717,2018,2018-07-07,Sportpark Maarschalkerweerd,1,16.7,Thailand,Ireland,R Padunglerd,C Sutthiruang,IMHC Joyce,0,0,,,,,,,,,
1147717,2018,2018-07-07,Sportpark Maarschalkerweerd,1,17.1,Thailand,Ireland,C Sutthiruang,R Padunglerd,CJ Metcalfe,1,0,,,,,,,,,
1147717,2018,2018-07-07,Sportpark Maarschalkerweerd,1,17.2,Thailand,Ireland,R Padunglerd,C Sutthiruang,CJ Metcalfe,0,0,,,,,,,,,
1147717,2018,2018-07-07,Sportpark Maarschalkerweerd,1,17.3,Thailand,Ireland,R Padunglerd,C Sutthiruang,CJ Metcalfe,0,0,,,,,,,,,
1147717,2018,2018-07-07,Sportpark Maarschalkerweerd,1,17.4,Thailand,Ireland,R Padunglerd,C Sutthiruang,CJ Metcalfe,0,0,,,,,,,,,
1147717,2018,2018-07-07,Sportpark Maarschalkerweerd,1,17.5,Thailand,Ireland,R Padunglerd,C Sutthiruang,CJ Metcalfe,0,1,1,,,,,,,,
1147717,2018,2018-07-07,Sportpark Maarschalkerweerd,1,17.6,Thailand,Ireland,R Padunglerd,C Sutthiruang,CJ Metcalfe,1,0,,,,,,,,,
1147717,2018,2018-07-07,Sportpark Maarschalkerweerd,1,17.7,Thailand,Ireland,C Sutthiruang,R Padunglerd,CJ Metcalfe,0,0,,,,,,bowled,C Sutthiruang,,
1147717,2018,2018-07-07,Sportpark Maarschalkerweerd,1,18.1,Thailand,Ireland,R Padunglerd,W Liengprasert,L Delany,1,0,,,,,,,,,
1147717,2018,2018-07-07,Sportpark Maarschalkerweerd,1,18.2,Thailand,Ireland,W Liengprasert,R Padunglerd,L Delany,1,0,,,,,,,,,
1147717,2018,2018-07-07,Sportpark Maarschalkerweerd,1,18.3,Thailand,Ireland,R Padunglerd,W Liengprasert,L Delany,1,0,,,,,,,,,
1147717,2018,2018-07-07,Sportpark Maarschalkerweerd,1,18.4,Thailand,Ireland,W Liengprasert,R Padunglerd,L Delany,1,0,,,,,,,,,
1147717,2018,2018-07-07,Sportpark Maarschalkerweerd,1,18.5,Thailand,Ireland,R Padunglerd,W Liengprasert,L Delany,1,0,,,,,,,,,
1147717,2018,2018-07-07,Sportpark Maarschalkerweerd,1,18.6,Thailand,Ireland,W Liengprasert,R Padunglerd,L Delany,1,0,,,,,,,,,
1147717,2018,2018-07-07,Sportpark Maarschalkerweerd,1,19.1,Thailand,Ireland,W Liengprasert,R Padunglerd,LK O'Reilly,0,1,,,1,,,,,,
1147717,2018,2018-07-07,Sportpark Maarschalkerweerd,1,19.2,Thailand,Ireland,R Padunglerd,W Liengprasert,LK O'Reilly,0,0,,,,,,stumped,R Padunglerd,,
1147717,2018,2018-07-07,Sportpark Maarschalkerweerd,1,19.3,Thailand,Ireland,S Laomi,W Liengprasert,LK O'Reilly,1,0,,,,,,,,,
1147717,2018,2018-07-07,Sportpark Maarschalkerweerd,1,19.4,Thailand,Ireland,W Liengprasert,S Laomi,LK O'Reilly,2,0,,,,,,,,,
1147717,2018,2018-07-07,Sportpark Maarschalkerweerd,1,19.5,Thailand,Ireland,W Liengprasert,S Laomi,LK O'Reilly,0,2,,,2,,,,,,
1147717,2018,2018-07-07,Sportpark Maarschalkerweerd,2,0.1,Ireland,Thailand,CMA Shillington,CNIM Joyce,C Sutthiruang,1,0,,,,,,,,,
1147717,2018,2018-07-07,Sportpark Maarschalkerweerd,2,0.2,Ireland,Thailand,CNIM Joyce,CMA Shillington,C Sutthiruang,0,0,,,,,,,,,
1147717,2018,2018-07-07,Sportpark Maarschalkerweerd,2,0.3,Ireland,Thailand,CNIM Joyce,CMA Shillington,C Sutthiruang,0,0,,,,,,,,,
1147717,2018,2018-07-07,Sportpark Maarschalkerweerd,2,0.4,Ireland,Thailand,CNIM Joyce,CMA Shillington,C Sutthiruang,0,0,,,,,,,,,
1147717,2018,2018-07-07,Sportpark Maarschalkerweerd,2,0.5,Ireland,Thailand,CNIM Joyce,CMA Shillington,C Sutthiruang,1,0,,,,,,,,,
1147717,2018,2018-07-07,Sportpark Maarschalkerweerd,2,0.6,Ireland,Thailand,CMA Shillington,CNIM Joyce,C Sutthiruang,0,0,,,,,,,,,
1147717,2018,2018-07-07,Sportpark Maarschalkerweerd,2,1.1,Ireland,Thailand,CNIM Joyce,CMA Shillington,R Padunglerd,1,0,,,,,,,,,
1147717,2018,2018-07-07,Sportpark Maarschalkerweerd,2,1.2,Ireland,Thailand,CMA Shillington,CNIM Joyce,R Padunglerd,2,0,,,,,,,,,
1147717,2018,2018-07-07,Sportpark Maarschalkerweerd,2,1.3,Ireland,Thailand,CMA Shillington,CNIM Joyce,R Padunglerd,4,0,,,,,,,,,
1147717,2018,2018-07-07,Sportpark Maarschalkerweerd,2,1.4,Ireland,Thailand,CMA Shillington,CNIM Joyce,R Padunglerd,0,0,,,,,,,,,
1147717,2018,2018-07-07,Sportpark Maarschalkerweerd,2,1.5,Ireland,Thailand,CMA Shillington,CNIM Joyce,R Padunglerd,0,0,,,,,,,,,
1147717,2018,2018-07-07,Sportpark Maarschalkerweerd,2,1.6,Ireland,Thailand,CMA Shillington,CNIM Joyce,R Padunglerd,0,1,,,,1,,,,,
1147717,2018,2018-07-07,Sportpark Maarschalkerweerd,2,2.1,Ireland,Thailand,CMA Shillington,CNIM Joyce,C Sutthiruang,1,0,,,,,,,,,
1147717,2018,2018-07-07,Sportpark Maarschalkerweerd,2,2.2,Ireland,Thailand,CNIM Joyce,CMA Shillington,C Sutthiruang,0,0,,,,,,,,,
1147717,2018,2018-07-07,Sportpark Maarschalkerweerd,2,2.3,Ireland,Thailand,CNIM Joyce,CMA Shillington,C Sutthiruang,2,0,,,,,,,,,
1147717,2018,2018-07-07,Sportpark Maarschalkerweerd,2,2.4,Ireland,Thailand,CNIM Joyce,CMA Shillington,C Sutthiruang,0,0,,,,,,,,,
1147717,2018,2018-07-07,Sportpark Maarschalkerweerd,2,2.5,Ireland,Thailand,CNIM Joyce,CMA Shillington,C Sutthiruang,1,0,,,,,,,,,
1147717,2018,2018-07-07,Sportpark Maarschalkerweerd,2,2.6,Ireland,Thailand,CMA Shillington,CNIM Joyce,C Sutthiruang,0,0,,,,,,,,,
1147717,2018,2018-07-07,Sportpark Maarschalkerweerd,2,3.1,Ireland,Thailand,CNIM Joyce,CMA Shillington,R Padunglerd,0,1,1,,,,,,,,
1147717,2018,2018-07-07,Sportpark Maarschalkerweerd,2,3.2,Ireland,Thailand,CNIM Joyce,CMA Shillington,R Padunglerd,4,0,,,,,,,,,
1147717,2018,2018-07-07,Sportpark Maarschalkerweerd,2,3.3,Ireland,Thailand,CNIM Joyce,CMA Shillington,R Padunglerd,2,0,,,,,,,,,
1147717,2018,2018-07-07,Sportpark Maarschalkerweerd,2,3.4,Ireland,Thailand,CNIM Joyce,CMA Shillington,R Padunglerd,0,0,,,,,,,,,
1147717,2018,2018-07-07,Sportpark Maarschalkerweerd,2,3.5,Ireland,Thailand,CNIM Joyce,CMA Shillington,R Padunglerd,0,1,1,,,,,,,,
1147717,2018,2018-07-07,Sportpark Maarschalkerweerd,2,3.6,Ireland,Thailand,CNIM Joyce,CMA Shillington,R Padunglerd,1,0,,,,,,,,,
1147717,2018,2018-07-07,Sportpark Maarschalkerweerd,2,3.7,Ireland,Thailand,CMA Shillington,CNIM Joyce,R Padunglerd,6,0,,,,,,,,,
1147717,2018,2018-07-07,Sportpark Maarschalkerweerd,2,3.8,Ireland,Thailand,CMA Shillington,CNIM Joyce,R Padunglerd,0,1,1,,,,,,,,
1147717,2018,2018-07-07,Sportpark Maarschalkerweerd,2,3.9,Ireland,Thailand,CMA Shillington,CNIM Joyce,R Padunglerd,0,2,,,2,,,,,,
1147717,2018,2018-07-07,Sportpark Maarschalkerweerd,2,4.1,Ireland,Thailand,CNIM Joyce,CMA Shillington,N Boochatham,0,0,,,,,,,,,
1147717,2018,2018-07-07,Sportpark Maarschalkerweerd,2,4.2,Ireland,Thailand,CNIM Joyce,CMA Shillington,N Boochatham,0,0,,,,,,,,,
1147717,2018,2018-07-07,Sportpark Maarschalkerweerd,2,4.3,Ireland,Thailand,CNIM Joyce,CMA Shillington,N Boochatham,1,0,,,,,,,,,
1147717,2018,2018-07-07,Sportpark Maarschalkerweerd,2,4.4,Ireland,Thailand,CMA Shillington,CNIM Joyce,N Boochatham,1,0,,,,,,,,,
1147717,2018,2018-07-07,Sportpark Maarschalkerweerd,2,4.5,Ireland,Thailand,CNIM Joyce,CMA Shillington,N Boochatham,0,0,,,,,,,,,
1147717,2018,2018-07-07,Sportpark Maarschalkerweerd,2,4.6,Ireland,Thailand,CNIM Joyce,CMA Shillington,N Boochatham,0,0,,,,,,,,,
1147717,2018,2018-07-07,Sportpark Maarschalkerweerd,2,5.1,Ireland,Thailand,CMA Shillington,CNIM Joyce,S Tippoch,0,0,,,,,,,,,
1147717,2018,2018-07-07,Sportpark Maarschalkerweerd,2,5.2,Ireland,Thailand,CMA Shillington,CNIM Joyce,S Tippoch,1,0,,,,,,,,,
1147717,2018,2018-07-07,Sportpark Maarschalkerweerd,2,5.3,Ireland,Thailand,CNIM Joyce,CMA Shillington,S Tippoch,0,0,,,,,,,,,
1147717,2018,2018-07-07,Sportpark Maarschalkerweerd,2,5.4,Ireland,Thailand,CNIM Joyce,CMA Shillington,S Tippoch,0,0,,,,,,bowled,CNIM Joyce,,
1147717,2018,2018-07-07,Sportpark Maarschalkerweerd,2,5.5,Ireland,Thailand,GH Lewis,CMA Shillington,S Tippoch,1,0,,,,,,,,,
1147717,2018,2018-07-07,Sportpark Maarschalkerweerd,2,5.6,Ireland,Thailand,CMA Shillington,GH Lewis,S Tippoch,1,0,,,,,,,,,
1147717,2018,2018-07-07,Sportpark Maarschalkerweerd,2,6.1,Ireland,Thailand,CMA Shillington,GH Lewis,N Boochatham,0,0,,,,,,,,,
1147717,2018,2018-07-07,Sportpark Maarschalkerweerd,2,6.2,Ireland,Thailand,CMA Shillington,GH Lewis,N Boochatham,1,0,,,,,,,,,
1147717,2018,2018-07-07,Sportpark Maarschalkerweerd,2,6.3,Ireland,Thailand,GH Lewis,CMA Shillington,N Boochatham,1,0,,,,,,,,,
1147717,2018,2018-07-07,Sportpark Maarschalkerweerd,2,6.4,Ireland,Thailand,CMA Shillington,GH Lewis,N Boochatham,0,0,,,,,,,,,
1147717,2018,2018-07-07,Sportpark Maarschalkerweerd,2,6.5,Ireland,Thailand,CMA Shillington,GH Lewis,N Boochatham,4,0,,,,,,,,,
1147717,2018,2018-07-07,Sportpark Maarschalkerweerd,2,6.6,Ireland,Thailand,CMA Shillington,GH Lewis,N Boochatham,2,0,,,,,,,,,
1147717,2018,2018-07-07,Sportpark Maarschalkerweerd,2,7.1,Ireland,Thailand,GH Lewis,CMA Shillington,S Tippoch,0,0,,,,,,,,,
1147717,2018,2018-07-07,Sportpark Maarschalkerweerd,2,7.2,Ireland,Thailand,GH Lewis,CMA Shillington,S Tippoch,0,0,,,,,,,,,
1147717,2018,2018-07-07,Sportpark Maarschalkerweerd,2,7.3,Ireland,Thailand,GH Lewis,CMA Shillington,S Tippoch,0,0,,,,,,,,,
1147717,2018,2018-07-07,Sportpark Maarschalkerweerd,2,7.4,Ireland,Thailand,GH Lewis,CMA Shillington,S Tippoch,1,0,,,,,,,,,
1147717,2018,2018-07-07,Sportpark Maarschalkerweerd,2,7.5,Ireland,Thailand,CMA Shillington,GH Lewis,S Tippoch,1,0,,,,,,,,,
1147717,2018,2018-07-07,Sportpark Maarschalkerweerd,2,7.6,Ireland,Thailand,GH Lewis,CMA Shillington,S Tippoch,0,0,,,,,,,,,
1147717,2018,2018-07-07,Sportpark Maarschalkerweerd,2,8.1,Ireland,Thailand,CMA Shillington,GH Lewis,N Boochatham,4,0,,,,,,,,,
1147717,2018,2018-07-07,Sportpark Maarschalkerweerd,2,8.2,Ireland,Thailand,CMA Shillington,GH Lewis,N Boochatham,4,0,,,,,,,,,
1147717,2018,2018-07-07,Sportpark Maarschalkerweerd,2,8.3,Ireland,Thailand,CMA Shillington,GH Lewis,N Boochatham,0,0,,,,,,,,,
1147717,2018,2018-07-07,Sportpark Maarschalkerweerd,2,8.4,Ireland,Thailand,CMA Shillington,GH Lewis,N Boochatham,1,0,,,,,,,,,
1147717,2018,2018-07-07,Sportpark Maarschalkerweerd,2,8.5,Ireland,Thailand,GH Lewis,CMA Shillington,N Boochatham,1,0,,,,,,,,,
1147717,2018,2018-07-07,Sportpark Maarschalkerweerd,2,8.6,Ireland,Thailand,CMA Shillington,GH Lewis,N Boochatham,1,0,,,,,,,,,
1147717,2018,2018-07-07,Sportpark Maarschalkerweerd,2,9.1,Ireland,Thailand,CMA Shillington,GH Lewis,S Tippoch,1,0,,,,,,,,,
1147717,2018,2018-07-07,Sportpark Maarschalkerweerd,2,9.2,Ireland,Thailand,GH Lewis,CMA Shillington,S Tippoch,1,0,,,,,,,,,
1147717,2018,2018-07-07,Sportpark Maarschalkerweerd,2,9.3,Ireland,Thailand,CMA Shillington,GH Lewis,S Tippoch,0,0,,,,,,,,,
1147717,2018,2018-07-07,Sportpark Maarschalkerweerd,2,9.4,Ireland,Thailand,CMA Shillington,GH Lewis,S Tippoch,0,0,,,,,,,,,
1147717,2018,2018-07-07,Sportpark Maarschalkerweerd,2,9.5,Ireland,Thailand,CMA Shillington,GH Lewis,S Tippoch,1,0,,,,,,,,,
1147717,2018,2018-07-07,Sportpark Maarschalkerweerd,2,9.6,Ireland,Thailand,GH Lewis,CMA Shillington,S Tippoch,1,0,,,,,,,,,
1147717,2018,2018-07-07,Sportpark Maarschalkerweerd,2,10.1,Ireland,Thailand,GH Lewis,CMA Shillington,S Laomi,0,0,,,,,,,,,
1147717,2018,2018-07-07,Sportpark Maarschalkerweerd,2,10.2,Ireland,Thailand,GH Lewis,CMA Shillington,S Laomi,1,0,,,,,,,,,
1147717,2018,2018-07-07,Sportpark Maarschalkerweerd,2,10.3,Ireland,Thailand,CMA Shillington,GH Lewis,S Laomi,1,0,,,,,,,,,
1147717,2018,2018-07-07,Sportpark Maarschalkerweerd,2,10.4,Ireland,Thailand,GH Lewis,CMA Shillington,S Laomi,0,0,,,,,,,,,
1147717,2018,2018-07-07,Sportpark Maarschalkerweerd,2,10.5,Ireland,Thailand,GH Lewis,CMA Shillington,S Laomi,0,0,,,,,,,,,
1147717,2018,2018-07-07,Sportpark Maarschalkerweerd,2,10.6,Ireland,Thailand,GH Lewis,CMA Shillington,S Laomi,0,0,,,,,,,,,
1147717,2018,2018-07-07,Sportpark Maarschalkerweerd,2,11.1,Ireland,Thailand,CMA Shillington,GH Lewis,S Tippoch,0,0,,,,,,caught,CMA Shillington,,
1147717,2018,2018-07-07,Sportpark Maarschalkerweerd,2,11.2,Ireland,Thailand,GH Lewis,L Delany,S Tippoch,0,0,,,,,,caught,GH Lewis,,
1147717,2018,2018-07-07,Sportpark Maarschalkerweerd,2,11.3,Ireland,Thailand,IMHC Joyce,L Delany,S Tippoch,0,0,,,,,,,,,
1147717,2018,2018-07-07,Sportpark Maarschalkerweerd,2,11.4,Ireland,Thailand,IMHC Joyce,L Delany,S Tippoch,1,0,,,,,,,,,
1147717,2018,2018-07-07,Sportpark Maarschalkerweerd,2,11.5,Ireland,Thailand,L Delany,IMHC Joyce,S Tippoch,0,1,1,,,,,,,,
1147717,2018,2018-07-07,Sportpark Maarschalkerweerd,2,11.6,Ireland,Thailand,L Delany,IMHC Joyce,S Tippoch,1,0,,,,,,,,,
1147717,2018,2018-07-07,Sportpark Maarschalkerweerd,2,11.7,Ireland,Thailand,IMHC Joyce,L Delany,S Tippoch,0,0,,,,,,,,,
1147717,2018,2018-07-07,Sportpark Maarschalkerweerd,2,12.1,Ireland,Thailand,L Delany,IMHC Joyce,S Laomi,0,0,,,,,,,,,
1147717,2018,2018-07-07,Sportpark Maarschalkerweerd,2,12.2,Ireland,Thailand,L Delany,IMHC Joyce,S Laomi,0,0,,,,,,,,,
1147717,2018,2018-07-07,Sportpark Maarschalkerweerd,2,12.3,Ireland,Thailand,L Delany,IMHC Joyce,S Laomi,1,0,,,,,,,,,
1147717,2018,2018-07-07,Sportpark Maarschalkerweerd,2,12.4,Ireland,Thailand,IMHC Joyce,L Delany,S Laomi,0,0,,,,,,,,,
1147717,2018,2018-07-07,Sportpark Maarschalkerweerd,2,12.5,Ireland,Thailand,IMHC Joyce,L Delany,S Laomi,4,0,,,,,,,,,
1147717,2018,2018-07-07,Sportpark Maarschalkerweerd,2,12.6,Ireland,Thailand,IMHC Joyce,L Delany,S Laomi,4,0,,,,,,,,,
1147717,2018,2018-07-07,Sportpark Maarschalkerweerd,2,13.1,Ireland,Thailand,L Delany,IMHC Joyce,W Liengprasert,1,0,,,,,,,,,
1147717,2018,2018-07-07,Sportpark Maarschalkerweerd,2,13.2,Ireland,Thailand,IMHC Joyce,L Delany,W Liengprasert,0,0,,,,,,,,,
1147717,2018,2018-07-07,Sportpark Maarschalkerweerd,2,13.3,Ireland,Thailand,IMHC Joyce,L Delany,W Liengprasert,1,0,,,,,,,,,
1147717,2018,2018-07-07,Sportpark Maarschalkerweerd,2,13.4,Ireland,Thailand,L Delany,IMHC Joyce,W Liengprasert,0,0,,,,,,,,,
1147717,2018,2018-07-07,Sportpark Maarschalkerweerd,2,13.5,Ireland,Thailand,L Delany,IMHC Joyce,W Liengprasert,1,0,,,,,,,,,
1147717,2018,2018-07-07,Sportpark Maarschalkerweerd,2,13.6,Ireland,Thailand,IMHC Joyce,L Delany,W Liengprasert,0,1,1,,,,,,,,
1147717,2018,2018-07-07,Sportpark Maarschalkerweerd,2,13.7,Ireland,Thailand,IMHC Joyce,L Delany,W Liengprasert,1,0,,,,,,,,,
1147717,2018,2018-07-07,Sportpark Maarschalkerweerd,2,14.1,Ireland,Thailand,IMHC Joyce,L Delany,N Boochatham,0,0,,,,,,,,,
1147717,2018,2018-07-07,Sportpark Maarschalkerweerd,2,14.2,Ireland,Thailand,IMHC Joyce,L Delany,N Boochatham,2,0,,,,,,,,,
1147717,2018,2018-07-07,Sportpark Maarschalkerweerd,2,14.3,Ireland,Thailand,IMHC Joyce,L Delany,N Boochatham,0,0,,,,,,,,,
1147717,2018,2018-07-07,Sportpark Maarschalkerweerd,2,14.4,Ireland,Thailand,IMHC Joyce,L Delany,N Boochatham,1,0,,,,,,,,,
1147717,2018,2018-07-07,Sportpark Maarschalkerweerd,2,14.5,Ireland,Thailand,L Delany,IMHC Joyce,N Boochatham,4,0,,,,,,,,,
1147717,2018,2018-07-07,Sportpark Maarschalkerweerd,2,14.6,Ireland,Thailand,L Delany,IMHC Joyce,N Boochatham,1,0,,,,,,,,,
1147717,2018,2018-07-07,Sportpark Maarschalkerweerd,2,15.1,Ireland,Thailand,L Delany,IMHC Joyce,S Laomi,1,0,,,,,,,,,
1147717,2018,2018-07-07,Sportpark Maarschalkerweerd,2,15.2,Ireland,Thailand,IMHC Joyce,L Delany,S Laomi,0,0,,,,,,,,,
1147717,2018,2018-07-07,Sportpark Maarschalkerweerd,2,15.3,Ireland,Thailand,IMHC Joyce,L Delany,S Laomi,0,0,,,,,,,,,
1147717,2018,2018-07-07,Sportpark Maarschalkerweerd,2,15.4,Ireland,Thailand,IMHC Joyce,L Delany,S Laomi,0,0,,,,,,,,,
1147717,2018,2018-07-07,Sportpark Maarschalkerweerd,2,15.5,Ireland,Thailand,IMHC Joyce,L Delany,S Laomi,1,0,,,,,,,,,
1147717,2018,2018-07-07,Sportpark Maarschalkerweerd,2,15.6,Ireland,Thailand,L Delany,IMHC Joyce,S Laomi,1,0,,,,,,,,,
1147717,2018,2018-07-07,Sportpark Maarschalkerweerd,2,16.1,Ireland,Thailand,L Delany,IMHC Joyce,C Sutthiruang,0,0,,,,,,,,,
1147717,2018,2018-07-07,Sportpark Maarschalkerweerd,2,16.2,Ireland,Thailand,L Delany,IMHC Joyce,C Sutthiruang,1,0,,,,,,,,,
