match_id,season,start_date,venue,innings,ball,batting_team,bowling_team,striker,non_striker,bowler,runs_off_bat,extras,wides,noballs,byes,legbyes,penalty,wicket_type,player_dismissed,other_wicket_type,other_player_dismissed
1147725,2018,2018-07-10,Sportpark Maarschalkerweerd,1,0.1,Scotland,Thailand,SJ Bryce,L Jack,C Sutthiruang,0,0,,,,,,,,,
1147725,2018,2018-07-10,Sportpark Maarschalkerweerd,1,0.2,Scotland,Thailand,SJ Bryce,L Jack,C Sutthiruang,0,0,,,,,,,,,
1147725,2018,2018-07-10,Sportpark Maarschalkerweerd,1,0.3,Scotland,Thailand,SJ Bryce,L Jack,C Sutthiruang,0,0,,,,,,,,,
1147725,2018,2018-07-10,Sportpark Maarschalkerweerd,1,0.4,Scotland,Thailand,SJ Bryce,L Jack,C Sutthiruang,0,0,,,,,,,,,
1147725,2018,2018-07-10,Sportpark Maarschalkerweerd,1,0.5,Scotland,Thailand,SJ Bryce,L Jack,C Sutthiruang,0,0,,,,,,,,,
1147725,2018,2018-07-10,Sportpark Maarschalkerweerd,1,0.6,Scotland,Thailand,SJ Bryce,L Jack,C Sutthiruang,0,0,,,,,,,,,
1147725,2018,2018-07-10,Sportpark Maarschalkerweerd,1,1.1,Scotland,Thailand,L Jack,SJ Bryce,S Tippoch,2,0,,,,,,,,,
1147725,2018,2018-07-10,Sportpark Maarschalkerweerd,1,1.2,Scotland,Thailand,L Jack,SJ Bryce,S Tippoch,0,0,,,,,,,,,
1147725,2018,2018-07-10,Sportpark Maarschalkerweerd,1,1.3,Scotland,Thailand,L Jack,SJ Bryce,S Tippoch,0,0,,,,,,,,,
1147725,2018,2018-07-10,Sportpark Maarschalkerweerd,1,1.4,Scotland,Thailand,L Jack,SJ Bryce,S Tippoch,0,0,,,,,,,,,
1147725,2018,2018-07-10,Sportpark Maarschalkerweerd,1,1.5,Scotland,Thailand,L Jack,SJ Bryce,S Tippoch,0,0,,,,,,,,,
1147725,2018,2018-07-10,Sportpark Maarschalkerweerd,1,1.6,Scotland,Thailand,L Jack,SJ Bryce,S Tippoch,0,0,,,,,,,,,
1147725,2018,2018-07-10,Sportpark Maarschalkerweerd,1,2.1,Scotland,Thailand,SJ Bryce,L Jack,C Sutthiruang,1,0,,,,,,,,,
1147725,2018,2018-07-10,Sportpark Maarschalkerweerd,1,2.2,Scotland,Thailand,L Jack,SJ Bryce,C Sutthiruang,0,1,1,,,,,,,,
1147725,2018,2018-07-10,Sportpark Maarschalkerweerd,1,2.3,Scotland,Thailand,L Jack,SJ Bryce,C Sutthiruang,0,0,,,,,,,,,
1147725,2018,2018-07-10,Sportpark Maarschalkerweerd,1,2.4,Scotland,Thailand,L Jack,SJ Bryce,C Sutthiruang,0,0,,,,,,,,,
1147725,2018,2018-07-10,Sportpark Maarschalkerweerd,1,2.5,Scotland,Thailand,L Jack,SJ Bryce,C Sutthiruang,0,0,,,,,,,,,
1147725,2018,2018-07-10,Sportpark Maarschalkerweerd,1,2.6,Scotland,Thailand,L Jack,SJ Bryce,C Sutthiruang,0,0,,,,,,,,,
1147725,2018,2018-07-10,Sportpark Maarschalkerweerd,1,2.7,Scotland,Thailand,L Jack,SJ Bryce,C Sutthiruang,1,0,,,,,,,,,
1147725,2018,2018-07-10,Sportpark Maarschalkerweerd,1,3.1,Scotland,Thailand,L Jack,SJ Bryce,S Tippoch,1,0,,,,,,,,,
1147725,2018,2018-07-10,Sportpark Maarschalkerweerd,1,3.2,Scotland,Thailand,SJ Bryce,L Jack,S Tippoch,0,0,,,,,,,,,
1147725,2018,2018-07-10,Sportpark Maarschalkerweerd,1,3.3,Scotland,Thailand,SJ Bryce,L Jack,S Tippoch,3,0,,,,,,,,,
1147725,2018,2018-07-10,Sportpark Maarschalkerweerd,1,3.4,Scotland,Thailand,L Jack,SJ Bryce,S Tippoch,0,0,,,,,,,,,
1147725,2018,2018-07-10,Sportpark Maarschalkerweerd,1,3.5,Scotland,Thailand,L Jack,SJ Bryce,S Tippoch,0,0,,,,,,,,,
1147725,2018,2018-07-10,Sportpark Maarschalkerweerd,1,3.6,Scotland,Thailand,L Jack,SJ Bryce,S Tippoch,1,0,,,,,,,,,
1147725,2018,2018-07-10,Sportpark Maarschalkerweerd,1,4.1,Scotland,Thailand,L Jack,SJ Bryce,C Sutthiruang,0,1,,,,1,,,,,
1147725,2018,2018-07-10,Sportpark Maarschalkerweerd,1,4.2,Scotland,Thailand,SJ Bryce,L Jack,C Sutthiruang,1,0,,,,,,,,,
1147725,2018,2018-07-10,Sportpark Maarschalkerweerd,1,4.3,Scotland,Thailand,L Jack,SJ Bryce,C Sutthiruang,0,0,,,,,,,,,
1147725,2018,2018-07-10,Sportpark Maarschalkerweerd,1,4.4,Scotland,Thailand,L Jack,SJ Bryce,C Sutthiruang,0,0,,,,,,,,,
1147725,2018,2018-07-10,Sportpark Maarschalkerweerd,1,4.5,Scotland,Thailand,L Jack,SJ Bryce,C Sutthiruang,0,0,,,,,,,,,
1147725,2018,2018-07-10,Sportpark Maarschalkerweerd,1,4.6,Scotland,Thailand,L Jack,SJ Bryce,C Sutthiruang,1,0,,,,,,,,,
1147725,2018,2018-07-10,Sportpark Maarschalkerweerd,1,5.1,Scotland,Thailand,L Jack,SJ Bryce,N Boochatham,0,0,,,,,,caught,L Jack,,
1147725,2018,2018-07-10,Sportpark Maarschalkerweerd,1,5.2,Scotland,Thailand,RV Scholes,SJ Bryce,N Boochatham,0,0,,,,,,,,,
1147725,2018,2018-07-10,Sportpark Maarschalkerweerd,1,5.3,Scotland,Thailand,RV Scholes,SJ Bryce,N Boochatham,1,0,,,,,,,,,
1147725,2018,2018-07-10,Sportpark Maarschalkerweerd,1,5.4,Scotland,Thailand,SJ Bryce,RV Scholes,N Boochatham,0,0,,,,,,,,,
1147725,2018,2018-07-10,Sportpark Maarschalkerweerd,1,5.5,Scotland,Thailand,SJ Bryce,RV Scholes,N Boochatham,0,0,,,,,,lbw,SJ Bryce,,
1147725,2018,2018-07-10,Sportpark Maarschalkerweerd,1,5.6,Scotland,Thailand,KE Bryce,RV Scholes,N Boochatham,0,0,,,,,,,,,
1147725,2018,2018-07-10,Sportpark Maarschalkerweerd,1,6.1,Scotland,Thailand,RV Scholes,KE Bryce,R Padunglerd,0,1,,,,1,,,,,
1147725,2018,2018-07-10,Sportpark Maarschalkerweerd,1,6.2,Scotland,Thailand,KE Bryce,RV Scholes,R Padunglerd,0,0,,,,,,,,,
1147725,2018,2018-07-10,Sportpark Maarschalkerweerd,1,6.3,Scotland,Thailand,KE Bryce,RV Scholes,R Padunglerd,2,0,,,,,,,,,
1147725,2018,2018-07-10,Sportpark Maarschalkerweerd,1,6.4,Scotland,Thailand,KE Bryce,RV Scholes,R Padunglerd,0,0,,,,,,,,,
1147725,2018,2018-07-10,Sportpark Maarschalkerweerd,1,6.5,Scotland,Thailand,KE Bryce,RV Scholes,R Padunglerd,0,0,,,,,,,,,
1147725,2018,2018-07-10,Sportpark Maarschalkerweerd,1,6.6,Scotland,Thailand,KE Bryce,RV Scholes,R Padunglerd,0,0,,,,,,,,,
1147725,2018,2018-07-10,Sportpark Maarschalkerweerd,1,7.1,Scotland,Thailand,RV Scholes,KE Bryce,N Boochatham,2,0,,,,,,,,,
1147725,2018,2018-07-10,Sportpark Maarschalkerweerd,1,7.2,Scotland,Thailand,RV Scholes,KE Bryce,N Boochatham,1,0,,,,,,,,,
1147725,2018,2018-07-10,Sportpark Maarschalkerweerd,1,7.3,Scotland,Thailand,KE Bryce,RV Scholes,N Boochatham,0,0,,,,,,,,,
1147725,2018,2018-07-10,Sportpark Maarschalkerweerd,1,7.4,Scotland,Thailand,KE Bryce,RV Scholes,N Boochatham,0,0,,,,,,,,,
1147725,2018,2018-07-10,Sportpark Maarschalkerweerd,1,7.5,Scotland,Thailand,KE Bryce,RV Scholes,N Boochatham,1,0,,,,,,,,,
1147725,2018,2018-07-10,Sportpark Maarschalkerweerd,1,7.6,Scotland,Thailand,RV Scholes,KE Bryce,N Boochatham,1,0,,,,,,,,,
1147725,2018,2018-07-10,Sportpark Maarschalkerweerd,1,8.1,Scotland,Thailand,RV Scholes,KE Bryce,R Padunglerd,0,0,,,,,,,,,
1147725,2018,2018-07-10,Sportpark Maarschalkerweerd,1,8.2,Scotland,Thailand,RV Scholes,KE Bryce,R Padunglerd,1,0,,,,,,,,,
1147725,2018,2018-07-10,Sportpark Maarschalkerweerd,1,8.3,Scotland,Thailand,KE Bryce,RV Scholes,R Padunglerd,0,0,,,,,,,,,
1147725,2018,2018-07-10,Sportpark Maarschalkerweerd,1,8.4,Scotland,Thailand,KE Bryce,RV Scholes,R Padunglerd,1,0,,,,,,,,,
1147725,2018,2018-07-10,Sportpark Maarschalkerweerd,1,8.5,Scotland,Thailand,RV Scholes,KE Bryce,R Padunglerd,0,0,,,,,,,,,
1147725,2018,2018-07-10,Sportpark Maarschalkerweerd,1,8.6,Scotland,Thailand,RV Scholes,KE Bryce,R Padunglerd,0,0,,,,,,caught,RV Scholes,,
1147725,2018,2018-07-10,Sportpark Maarschalkerweerd,1,9.1,Scotland,Thailand,RS Glen,KE Bryce,S Tippoch,0,0,,,,,,,,,
1147725,2018,2018-07-10,Sportpark Maarschalkerweerd,1,9.2,Scotland,Thailand,RS Glen,KE Bryce,S Tippoch,0,1,,,,1,,,,,
1147725,2018,2018-07-10,Sportpark Maarschalkerweerd,1,9.3,Scotland,Thailand,KE Bryce,RS Glen,S Tippoch,0,0,,,,,,,,,
1147725,2018,2018-07-10,Sportpark Maarschalkerweerd,1,9.4,Scotland,Thailand,KE Bryce,RS Glen,S Tippoch,1,0,,,,,,,,,
1147725,2018,2018-07-10,Sportpark Maarschalkerweerd,1,9.5,Scotland,Thailand,RS Glen,KE Bryce,S Tippoch,2,0,,,,,,,,,
1147725,2018,2018-07-10,Sportpark Maarschalkerweerd,1,9.6,Scotland,Thailand,RS Glen,KE Bryce,S Tippoch,4,0,,,,,,,,,
1147725,2018,2018-07-10,Sportpark Maarschalkerweerd,1,10.1,Scotland,Thailand,KE Bryce,RS Glen,R Padunglerd,1,0,,,,,,,,,
1147725,2018,2018-07-10,Sportpark Maarschalkerweerd,1,10.2,Scotland,Thailand,RS Glen,KE Bryce,R Padunglerd,0,0,,,,,,,,,
1147725,2018,2018-07-10,Sportpark Maarschalkerweerd,1,10.3,Scotland,Thailand,RS Glen,KE Bryce,R Padunglerd,2,0,,,,,,,,,
1147725,2018,2018-07-10,Sportpark Maarschalkerweerd,1,10.4,Scotland,Thailand,RS Glen,KE Bryce,R Padunglerd,2,0,,,,,,,,,
1147725,2018,2018-07-10,Sportpark Maarschalkerweerd,1,10.5,Scotland,Thailand,RS Glen,KE Bryce,R Padunglerd,1,0,,,,,,,,,
1147725,2018,2018-07-10,Sportpark Maarschalkerweerd,1,10.6,Scotland,Thailand,KE Bryce,RS Glen,R Padunglerd,1,0,,,,,,,,,
1147725,2018,2018-07-10,Sportpark Maarschalkerweerd,1,11.1,Scotland,Thailand,KE Bryce,RS Glen,S Laomi,0,0,,,,,,,,,
1147725,2018,2018-07-10,Sportpark Maarschalkerweerd,1,11.2,Scotland,Thailand,KE Bryce,RS Glen,S Laomi,4,0,,,,,,,,,
1147725,2018,2018-07-10,Sportpark Maarschalkerweerd,1,11.3,Scotland,Thailand,KE Bryce,RS Glen,S Laomi,0,0,,,,,,,,,
1147725,2018,2018-07-10,Sportpark Maarschalkerweerd,1,11.4,Scotland,Thailand,KE Bryce,RS Glen,S Laomi,0,0,,,,,,,,,
1147725,2018,2018-07-10,Sportpark Maarschalkerweerd,1,11.5,Scotland,Thailand,KE Bryce,RS Glen,S Laomi,1,0,,,,,,,,,
1147725,2018,2018-07-10,Sportpark Maarschalkerweerd,1,11.6,Scotland,Thailand,RS Glen,KE Bryce,S Laomi,0,0,,,,,,,,,
1147725,2018,2018-07-10,Sportpark Maarschalkerweerd,1,12.1,Scotland,Thailand,KE Bryce,RS Glen,W Liengprasert,0,0,,,,,,,,,
1147725,2018,2018-07-10,Sportpark Maarschalkerweerd,1,12.2,Scotland,Thailand,KE Bryce,RS Glen,W Liengprasert,1,0,,,,,,,,,
1147725,2018,2018-07-10,Sportpark Maarschalkerweerd,1,12.3,Scotland,Thailand,RS Glen,KE Bryce,W Liengprasert,1,0,,,,,,,,,
1147725,2018,2018-07-10,Sportpark Maarschalkerweerd,1,12.4,Scotland,Thailand,KE Bryce,RS Glen,W Liengprasert,0,0,,,,,,,,,
1147725,2018,2018-07-10,Sportpark Maarschalkerweerd,1,12.5,Scotland,Thailand,KE Bryce,RS Glen,W Liengprasert,1,0,,,,,,,,,
1147725,2018,2018-07-10,Sportpark Maarschalkerweerd,1,12.6,Scotland,Thailand,RS Glen,KE Bryce,W Liengprasert,4,1,,1,,,,,,,
1147725,2018,2018-07-10,Sportpark Maarschalkerweerd,1,12.7,Scotland,Thailand,RS Glen,KE Bryce,W Liengprasert,1,0,,,,,,,,,
1147725,2018,2018-07-10,Sportpark Maarschalkerweerd,1,13.1,Scotland,Thailand,RS Glen,KE Bryce,S Laomi,4,0,,,,,,,,,
1147725,2018,2018-07-10,Sportpark Maarschalkerweerd,1,13.2,Scotland,Thailand,RS Glen,KE Bryce,S Laomi,0,0,,,,,,,,,
1147725,2018,2018-07-10,Sportpark Maarschalkerweerd,1,13.3,Scotland,Thailand,RS Glen,KE Bryce,S Laomi,0,0,,,,,,,,,
1147725,2018,2018-07-10,Sportpark Maarschalkerweerd,1,13.4,Scotland,Thailand,RS Glen,KE Bryce,S Laomi,0,0,,,,,,,,,
1147725,2018,2018-07-10,Sportpark Maarschalkerweerd,1,13.5,Scotland,Thailand,RS Glen,KE Bryce,S Laomi,4,0,,,,,,,,,
1147725,2018,2018-07-10,Sportpark Maarschalkerweerd,1,13.6,Scotland,Thailand,RS Glen,KE Bryce,S Laomi,0,0,,,,,,,,,
1147725,2018,2018-07-10,Sportpark Maarschalkerweerd,1,14.1,Scotland,Thailand,KE Bryce,RS Glen,N Boochatham,1,0,,,,,,,,,
1147725,2018,2018-07-10,Sportpark Maarschalkerweerd,1,14.2,Scotland,Thailand,RS Glen,KE Bryce,N Boochatham,1,0,,,,,,,,,
1147725,2018,2018-07-10,Sportpark Maarschalkerweerd,1,14.3,Scotland,Thailand,KE Bryce,RS Glen,N Boochatham,1,0,,,,,,,,,
1147725,2018,2018-07-10,Sportpark Maarschalkerweerd,1,14.4,Scotland,Thailand,RS Glen,KE Bryce,N Boochatham,1,0,,,,,,,,,
1147725,2018,2018-07-10,Sportpark Maarschalkerweerd,1,14.5,Scotland,Thailand,KE Bryce,RS Glen,N Boochatham,0,0,,,,,,,,,
1147725,2018,2018-07-10,Sportpark Maarschalkerweerd,1,14.6,Scotland,Thailand,KE Bryce,RS Glen,N Boochatham,1,0,,,,,,,,,
1147725,2018,2018-07-10,Sportpark Maarschalkerweerd,1,15.1,Scotland,Thailand,KE Bryce,RS Glen,W Liengprasert,1,0,,,,,,,,,
1147725,2018,2018-07-10,Sportpark Maarschalkerweerd,1,15.2,Scotland,Thailand,RS Glen,KE Bryce,W Liengprasert,1,0,,,,,,,,,
1147725,2018,2018-07-10,Sportpark Maarschalkerweerd,1,15.3,Scotland,Thailand,KE Bryce,RS Glen,W Liengprasert,1,0,,,,,,,,,
1147725,2018,2018-07-10,Sportpark Maarschalkerweerd,1,15.4,Scotland,Thailand,RS Glen,KE Bryce,W Liengprasert,0,0,,,,,,caught,RS Glen,,
1147725,2018,2018-07-10,Sportpark Maarschalkerweerd,1,15.5,Scotland,Thailand,KE Bryce,PA Chatterji,W Liengprasert,0,0,,,,,,,,,
1147725,2018,2018-07-10,Sportpark Maarschalkerweerd,1,15.6,Scotland,Thailand,KE Bryce,PA Chatterji,W Liengprasert,1,0,,,,,,,,,
1147725,2018,2018-07-10,Sportpark Maarschalkerweerd,1,16.1,Scotland,Thailand,KE Bryce,PA Chatterji,N Boochatham,0,0,,,,,,,,,
1147725,2018,2018-07-10,Sportpark Maarschalkerweerd,1,16.2,Scotland,Thailand,KE Bryce,PA Chatterji,N Boochatham,0,0,,,,,,,,,
1147725,2018,2018-07-10,Sportpark Maarschalkerweerd,1,16.3,Scotland,Thailand,KE Bryce,PA Chatterji,N Boochatham,4,0,,,,,,,,,
1147725,2018,2018-07-10,Sportpark Maarschalkerweerd,1,16.4,Scotland,Thailand,KE Bryce,PA Chatterji,N Boochatham,1,0,,,,,,,,,
1147725,2018,2018-07-10,Sportpark Maarschalkerweerd,1,16.5,Scotland,Thailand,PA Chatterji,KE Bryce,N Boochatham,0,0,,,,,,bowled,PA Chatterji,,
1147725,2018,2018-07-10,Sportpark Maarschalkerweerd,1,16.6,Scotland,Thailand,K McGill,KE Bryce,N Boochatham,0,0,,,,,,,,,
1147725,2018,2018-07-10,Sportpark Maarschalkerweerd,1,17.1,Scotland,Thailand,KE Bryce,K McGill,S Tippoch,2,0,,,,,,,,,
1147725,2018,2018-07-10,Sportpark Maarschalkerweerd,1,17.2,Scotland,Thailand,KE Bryce,K McGill,S Tippoch,1,0,,,,,,,,,
1147725,2018,2018-07-10,Sportpark Maarschalkerweerd,1,17.3,Scotland,Thailand,K McGill,KE Bryce,S Tippoch,0,0,,,,,,run out,K McGill,,
1147725,2018,2018-07-10,Sportpark Maarschalkerweerd,1,17.4,Scotland,Thailand,KE Bryce,RK Willis,S Tippoch,1,0,,,,,,,,,
1147725,2018,2018-07-10,Sportpark Maarschalkerweerd,1,17.5,Scotland,Thailand,RK Willis,KE Bryce,S Tippoch,0,0,,,,,,,,,
1147725,2018,2018-07-10,Sportpark Maarschalkerweerd,1,17.6,Scotland,Thailand,RK Willis,KE Bryce,S Tippoch,1,0,,,,,,,,,
1147725,2018,2018-07-10,Sportpark Maarschalkerweerd,1,18.1,Scotland,Thailand,RK Willis,KE Bryce,R Padunglerd,2,0,,,,,,,,,
1147725,2018,2018-07-10,Sportpark Maarschalkerweerd,1,18.2,Scotland,Thailand,RK Willis,KE Bryce,R Padunglerd,0,0,,,,,,,,,
1147725,2018,2018-07-10,Sportpark Maarschalkerweerd,1,18.3,Scotland,Thailand,RK Willis,KE Bryce,R Padunglerd,0,1,,,1,,,,,,
1147725,2018,2018-07-10,Sportpark Maarschalkerweerd,1,18.4,Scotland,Thailand,KE Bryce,RK Willis,R Padunglerd,4,0,,,,,,,,,
1147725,2018,2018-07-10,Sportpark Maarschalkerweerd,1,18.5,Scotland,Thailand,KE Bryce,RK Willis,R Padunglerd,4,0,,,,,,,,,
1147725,2018,2018-07-10,Sportpark Maarschalkerweerd,1,18.6,Scotland,Thailand,KE Bryce,RK Willis,R Padunglerd,2,0,,,,,,,,,
1147725,2018,2018-07-10,Sportpark Maarschalkerweerd,1,19.1,Scotland,Thailand,RK Willis,KE Bryce,C Sutthiruang,0,0,,,,,,,,,
1147725,2018,2018-07-10,Sportpark Maarschalkerweerd,1,19.2,Scotland,Thailand,RK Willis,KE Bryce,C Sutthiruang,0,0,,,,,,,,,
1147725,2018,2018-07-10,Sportpark Maarschalkerweerd,1,19.3,Scotland,Thailand,RK Willis,KE Bryce,C Sutthiruang,4,0,,,,,,,,,
1147725,2018,2018-07-10,Sportpark Maarschalkerweerd,1,19.4,Scotland,Thailand,RK Willis,KE Bryce,C Sutthiruang,0,0,,,,,,,,,
1147725,2018,2018-07-10,Sportpark Maarschalkerweerd,1,19.5,Scotland,Thailand,RK Willis,KE Bryce,C Sutthiruang,0,0,,,,,,,,,
1147725,2018,2018-07-10,Sportpark Maarschalkerweerd,1,19.6,Scotland,Thailand,RK Willis,KE Bryce,C Sutthiruang,0,0,,,,,,run out,RK Willis,,
1147725,2018,2018-07-10,Sportpark Maarschalkerweerd,2,0.1,Thailand,Scotland,N Chantam,N Chaiwai,KE Bryce,0,0,,,,,,,,,
1147725,2018,2018-07-10,Sportpark Maarschalkerweerd,2,0.2,Thailand,Scotland,N Chantam,N Chaiwai,KE Bryce,0,0,,,,,,,,,
1147725,2018,2018-07-10,Sportpark Maarschalkerweerd,2,0.3,Thailand,Scotland,N Chantam,N Chaiwai,KE Bryce,1,0,,,,,,,,,
1147725,2018,2018-07-10,Sportpark Maarschalkerweerd,2,0.4,Thailand,Scotland,N Chaiwai,N Chantam,KE Bryce,2,0,,,,,,,,,
1147725,2018,2018-07-10,Sportpark Maarschalkerweerd,2,0.5,Thailand,Scotland,N Chaiwai,N Chantam,KE Bryce,1,0,,,,,,,,,
1147725,2018,2018-07-10,Sportpark Maarschalkerweerd,2,0.6,Thailand,Scotland,N Chantam,N Chaiwai,KE Bryce,2,0,,,,,,,,,
1147725,2018,2018-07-10,Sportpark Maarschalkerweerd,2,1.1,Thailand,Scotland,N Chaiwai,N Chantam,RV Scholes,0,0,,,,,,,,,
1147725,2018,2018-07-10,Sportpark Maarschalkerweerd,2,1.2,Thailand,Scotland,N Chaiwai,N Chantam,RV Scholes,0,0,,,,,,,,,
1147725,2018,2018-07-10,Sportpark Maarschalkerweerd,2,1.3,Thailand,Scotland,N Chaiwai,N Chantam,RV Scholes,1,0,,,,,,run out,N Chaiwai,,
1147725,2018,2018-07-10,Sportpark Maarschalkerweerd,2,1.4,Thailand,Scotland,N Boochatham,N Chantam,RV Scholes,0,0,,,,,,,,,
1147725,2018,2018-07-10,Sportpark Maarschalkerweerd,2,1.5,Thailand,Scotland,N Boochatham,N Chantam,RV Scholes,0,0,,,,,,,,,
1147725,2018,2018-07-10,Sportpark Maarschalkerweerd,2,1.6,Thailand,Scotland,N Boochatham,N Chantam,RV Scholes,0,0,,,,,,,,,
1147725,2018,2018-07-10,Sportpark Maarschalkerweerd,2,2.1,Thailand,Scotland,N Chantam,N Boochatham,KE Bryce,1,0,,,,,,,,,
1147725,2018,2018-07-10,Sportpark Maarschalkerweerd,2,2.2,Thailand,Scotland,N Boochatham,N Chantam,KE Bryce,0,0,,,,,,,,,
1147725,2018,2018-07-10,Sportpark Maarschalkerweerd,2,2.3,Thailand,Scotland,N Boochatham,N Chantam,KE Bryce,2,0,,,,,,,,,
1147725,2018,2018-07-10,Sportpark Maarschalkerweerd,2,2.4,Thailand,Scotland,N Boochatham,N Chantam,KE Bryce,1,0,,,,,,,,,
1147725,2018,2018-07-10,Sportpark Maarschalkerweerd,2,2.5,Thailand,Scotland,N Chantam,N Boochatham,KE Bryce,0,0,,,,,,,,,
1147725,2018,2018-07-10,Sportpark Maarschalkerweerd,2,2.6,Thailand,Scotland,N Chantam,N Boochatham,KE Bryce,0,0,,,,,,,,,
1147725,2018,2018-07-10,Sportpark Maarschalkerweerd,2,3.1,Thailand,Scotland,N Boochatham,N Chantam,RV Scholes,0,0,,,,,,caught,N Boochatham,,
1147725,2018,2018-07-10,Sportpark Maarschalkerweerd,2,3.2,Thailand,Scotland,S Tippoch,N Chantam,RV Scholes,0,0,,,,,,bowled,S Tippoch,,
1147725,2018,2018-07-10,Sportpark Maarschalkerweerd,2,3.3,Thailand,Scotland,N Koncharoenkai,N Chantam,RV Scholes,0,0,,,,,,,,,
1147725,2018,2018-07-10,Sportpark Maarschalkerweerd,2,3.4,Thailand,Scotland,N Koncharoenkai,N Chantam,RV Scholes,0,0,,,,,,,,,
1147725,2018,2018-07-10,Sportpark Maarschalkerweerd,2,3.5,Thailand,Scotland,N Koncharoenkai,N Chantam,RV Scholes,0,0,,,,,,,,,
1147725,2018,2018-07-10,Sportpark Maarschalkerweerd,2,3.6,Thailand,Scotland,N Koncharoenkai,N Chantam,RV Scholes,0,0,,,,,,,,,
1147725,2018,2018-07-10,Sportpark Maarschalkerweerd,2,4.1,Thailand,Scotland,N Chantam,N Koncharoenkai,PA Chatterji,0,0,,,,,,,,,
1147725,2018,2018-07-10,Sportpark Maarschalkerweerd,2,4.2,Thailand,Scotland,N Chantam,N Koncharoenkai,PA Chatterji,1,0,,,,,,,,,
1147725,2018,2018-07-10,Sportpark Maarschalkerweerd,2,4.3,Thailand,Scotland,N Koncharoenkai,N Chantam,PA Chatterji,1,0,,,,,,,,,
1147725,2018,2018-07-10,Sportpark Maarschalkerweerd,2,4.4,Thailand,Scotland,N Chantam,N Koncharoenkai,PA Chatterji,6,0,,,,,,,,,
1147725,2018,2018-07-10,Sportpark Maarschalkerweerd,2,4.5,Thailand,Scotland,N Chantam,N Koncharoenkai,PA Chatterji,4,0,,,,,,,,,
1147725,2018,2018-07-10,Sportpark Maarschalkerweerd,2,4.6,Thailand,Scotland,N Chantam,N Koncharoenkai,PA Chatterji,0,0,,,,,,,,,
1147725,2018,2018-07-10,Sportpark Maarschalkerweerd,2,5.1,Thailand,Scotland,N Koncharoenkai,N Chantam,RV Scholes,0,0,,,,,,,,,
1147725,2018,2018-07-10,Sportpark Maarschalkerweerd,2,5.2,Thailand,Scotland,N Koncharoenkai,N Chantam,RV Scholes,2,0,,,,,,,,,
1147725,2018,2018-07-10,Sportpark Maarschalkerweerd,2,5.3,Thailand,Scotland,N Koncharoenkai,N Chantam,RV Scholes,1,0,,,,,,,,,
1147725,2018,2018-07-10,Sportpark Maarschalkerweerd,2,5.4,Thailand,Scotland,N Chantam,N Koncharoenkai,RV Scholes,1,0,,,,,,,,,
1147725,2018,2018-07-10,Sportpark Maarschalkerweerd,2,5.5,Thailand,Scotland,N Koncharoenkai,N Chantam,RV Scholes,1,0,,,,,,,,,
1147725,2018,2018-07-10,Sportpark Maarschalkerweerd,2,5.6,Thailand,Scotland,N Chantam,N Koncharoenkai,RV Scholes,0,0,,,,,,caught,N Chantam,,
1147725,2018,2018-07-10,Sportpark Maarschalkerweerd,2,6.1,Thailand,Scotland,N Koncharoenkai,C Sutthiruang,A Aitken,2,0,,,,,,,,,
1147725,2018,2018-07-10,Sportpark Maarschalkerweerd,2,6.2,Thailand,Scotland,N Koncharoenkai,C Sutthiruang,A Aitken,1,0,,,,,,,,,
1147725,2018,2018-07-10,Sportpark Maarschalkerweerd,2,6.3,Thailand,Scotland,C Sutthiruang,N Koncharoenkai,A Aitken,2,0,,,,,,,,,
1147725,2018,2018-07-10,Sportpark Maarschalkerweerd,2,6.4,Thailand,Scotland,C Sutthiruang,N Koncharoenkai,A Aitken,1,0,,,,,,,,,
1147725,2018,2018-07-10,Sportpark Maarschalkerweerd,2,6.5,Thailand,Scotland,N Koncharoenkai,C Sutthiruang,A Aitken,0,0,,,,,,,,,
1147725,2018,2018-07-10,Sportpark Maarschalkerweerd,2,6.6,Thailand,Scotland,N Koncharoenkai,C Sutthiruang,A Aitken,1,0,,,,,,,,,
1147725,2018,2018-07-10,Sportpark Maarschalkerweerd,2,7.1,Thailand,Scotland,N Koncharoenkai,C Sutthiruang,K McGill,0,0,,,,,,,,,
1147725,2018,2018-07-10,Sportpark Maarschalkerweerd,2,7.2,Thailand,Scotland,N Koncharoenkai,C Sutthiruang,K McGill,0,0,,,,,,,,,
1147725,2018,2018-07-10,Sportpark Maarschalkerweerd,2,7.3,Thailand,Scotland,N Koncharoenkai,C Sutthiruang,K McGill,0,0,,,,,,,,,
1147725,2018,2018-07-10,Sportpark Maarschalkerweerd,2,7.4,Thailand,Scotland,N Koncharoenkai,C Sutthiruang,K McGill,0,0,,,,,,,,,
1147725,2018,2018-07-10,Sportpark Maarschalkerweerd,2,7.5,Thailand,Scotland,N Koncharoenkai,C Sutthiruang,K McGill,1,0,,,,,,,,,
1147725,2018,2018-07-10,Sportpark Maarschalkerweerd,2,7.6,Thailand,Scotland,C Sutthiruang,N Koncharoenkai,K McGill,0,0,,,,,,,,,
1147725,2018,2018-07-10,Sportpark Maarschalkerweerd,2,8.1,Thailand,Scotland,N Koncharoenkai,C Sutthiruang,A Aitken,1,0,,,,,,,,,
1147725,2018,2018-07-10,Sportpark Maarschalkerweerd,2,8.2,Thailand,Scotland,C Sutthiruang,N Koncharoenkai,A Aitken,0,0,,,,,,,,,
1147725,2018,2018-07-10,Sportpark Maarschalkerweerd,2,8.3,Thailand,Scotland,C Sutthiruang,N Koncharoenkai,A Aitken,0,0,,,,,,,,,
1147725,2018,2018-07-10,Sportpark Maarschalkerweerd,2,8.4,Thailand,Scotland,C Sutthiruang,N Koncharoenkai,A Aitken,0,0,,,,,,,,,
1147725,2018,2018-07-10,Sportpark Maarschalkerweerd,2,8.5,Thailand,Scotland,C Sutthiruang,N Koncharoenkai,A Aitken,1,0,,,,,,,,,
1147725,2018,2018-07-10,Sportpark Maarschalkerweerd,2,8.6,Thailand,Scotland,N Koncharoenkai,C Sutthiruang,A Aitken,1,0,,,,,,,,,
1147725,2018,2018-07-10,Sportpark Maarschalkerweerd,2,9.1,Thailand,Scotland,N Koncharoenkai,C Sutthiruang,K McGill,1,0,,,,,,,,,
1147725,2018,2018-07-10,Sportpark Maarschalkerweerd,2,9.2,Thailand,Scotland,C Sutthiruang,N Koncharoenkai,K McGill,0,0,,,,,,caught,C Sutthiruang,,
1147725,2018,2018-07-10,Sportpark Maarschalkerweerd,2,9.3,Thailand,Scotland,R Padunglerd,N Koncharoenkai,K McGill,1,0,,,,,,,,,
1147725,2018,2018-07-10,Sportpark Maarschalkerweerd,2,9.4,Thailand,Scotland,N Koncharoenkai,R Padunglerd,K McGill,0,0,,,,,,,,,
1147725,2018,2018-07-10,Sportpark Maarschalkerweerd,2,9.5,Thailand,Scotland,N Koncharoenkai,R Padunglerd,K McGill,1,0,,,,,,,,,
1147725,2018,2018-07-10,Sportpark Maarschalkerweerd,2,9.6,Thailand,Scotland,R Padunglerd,N Koncharoenkai,K McGill,0,0,,,,,,,,,
1147725,2018,2018-07-10,Sportpark Maarschalkerweerd,2,10.1,Thailand,Scotland,N Koncharoenkai,R Padunglerd,A Aitken,0,0,,,,,,,,,
1147725,2018,2018-07-10,Sportpark Maarschalkerweerd,2,10.2,Thailand,Scotland,N Koncharoenkai,R Padunglerd,A Aitken,1,0,,,,,,,,,
1147725,2018,2018-07-10,Sportpark Maarschalkerweerd,2,10.3,Thailand,Scotland,R Padunglerd,N Koncharoenkai,A Aitken,1,0,,,,,,,,,
1147725,2018,2018-07-10,Sportpark Maarschalkerweerd,2,10.4,Thailand,Scotland,N Koncharoenkai,R Padunglerd,A Aitken,1,0,,,,,,,,,
1147725,2018,2018-07-10,Sportpark Maarschalkerweerd,2,10.5,Thailand,Scotland,R Padunglerd,N Koncharoenkai,A Aitken,1,0,,,,,,,,,
1147725,2018,2018-07-10,Sportpark Maarschalkerweerd,2,10.6,Thailand,Scotland,N Koncharoenkai,R Padunglerd,A Aitken,1,0,,,,,,,,,
1147725,2018,2018-07-10,Sportpark Maarschalkerweerd,2,11.1,Thailand,Scotland,N Koncharoenkai,R Padunglerd,AH Maqsood,1,0,,,,,,,,,
1147725,2018,2018-07-10,Sportpark Maarschalkerweerd,2,11.2,Thailand,Scotland,R Padunglerd,N Koncharoenkai,AH Maqsood,1,0,,,,,,,,,
1147725,2018,2018-07-10,Sportpark Maarschalkerweerd,2,11.3,Thailand,Scotland,N Koncharoenkai,R Padunglerd,AH Maqsood,1,0,,,,,,,,,
1147725,2018,2018-07-10,Sportpark Maarschalkerweerd,2,11.4,Thailand,Scotland,R Padunglerd,N Koncharoenkai,AH Maqsood,0,0,,,,,,,,,
1147725,2018,2018-07-10,Sportpark Maarschalkerweerd,2,11.5,Thailand,Scotland,R Padunglerd,N Koncharoenkai,AH Maqsood,0,0,,,,,,caught and bowled,R Padunglerd,,
1147725,2018,2018-07-10,Sportpark Maarschalkerweerd,2,11.6,Thailand,Scotland,S Saengsakaorat,N Koncharoenkai,AH Maqsood,1,0,,,,,,,,,
1147725,2018,2018-07-10,Sportpark Maarschalkerweerd,2,12.1,Thailand,Scotland,S Saengsakaorat,N Koncharoenkai,KE Bryce,0,0,,,,,,,,,
1147725,2018,2018-07-10,Sportpark Maarschalkerweerd,2,12.2,Thailand,Scotland,S Saengsakaorat,N Koncharoenkai,KE Bryce,0,0,,,,,,,,,
1147725,2018,2018-07-10,Sportpark Maarschalkerweerd,2,12.3,Thailand,Scotland,S Saengsakaorat,N Koncharoenkai,KE Bryce,2,0,,,,,,,,,
1147725,2018,2018-07-10,Sportpark Maarschalkerweerd,2,12.4,Thailand,Scotland,S Saengsakaorat,N Koncharoenkai,KE Bryce,0,1,1,,,,,,,,
1147725,2018,2018-07-10,Sportpark Maarschalkerweerd,2,12.5,Thailand,Scotland,S Saengsakaorat,N Koncharoenkai,KE Bryce,0,0,,,,,,caught and bowled,S Saengsakaorat,,
1147725,2018,2018-07-10,Sportpark Maarschalkerweerd,2,12.6,Thailand,Scotland,N Koncharoenkai,W Liengprasert,KE Bryce,1,0,,,,,,,,,
1147725,2018,2018-07-10,Sportpark Maarschalkerweerd,2,12.7,Thailand,Scotland,W Liengprasert,N Koncharoenkai,KE Bryce,0,0,,,,,,,,,
1147725,2018,2018-07-10,Sportpark Maarschalkerweerd,2,13.1,Thailand,Scotland,N Koncharoenkai,W Liengprasert,AH Maqsood,0,0,,,,,,,,,
1147725,2018,2018-07-10,Sportpark Maarschalkerweerd,2,13.2,Thailand,Scotland,N Koncharoenkai,W Liengprasert,AH Maqsood,1,0,,,,,,,,,
1147725,2018,2018-07-10,Sportpark Maarschalkerweerd,2,13.3,Thailand,Scotland,W Liengprasert,N Koncharoenkai,AH Maqsood,0,0,,,,,,,,,
1147725,2018,2018-07-10,Sportpark Maarschalkerweerd,2,13.4,Thailand,Scotland,W Liengprasert,N Koncharoenkai,AH Maqsood,0,0,,,,,,,,,
1147725,2018,2018-07-10,Sportpark Maarschalkerweerd,2,13.5,Thailand,Scotland,W Liengprasert,N Koncharoenkai,AH Maqsood,1,0,,,,,,,,,
1147725,2018,2018-07-10,Sportpark Maarschalkerweerd,2,13.6,Thailand,Scotland,N Koncharoenkai,W Liengprasert,AH Maqsood,1,0,,,,,,,,,
1147725,2018,2018-07-10,Sportpark Maarschalkerweerd,2,14.1,Thailand,Scotland,N Koncharoenkai,W Liengprasert,RV Scholes,0,0,,,,,,bowled,N Koncharoenkai,,
1147725,2018,2018-07-10,Sportpark Maarschalkerweerd,2,14.2,Thailand,Scotland,S Laomi,W Liengprasert,RV Scholes,0,0,,,,,,,,,
1147725,2018,2018-07-10,Sportpark Maarschalkerweerd,2,14.3,Thailand,Scotland,S Laomi,W Liengprasert,RV Scholes,0,0,,,,,,,,,
1147725,2018,2018-07-10,Sportpark Maarschalkerweerd,2,14.4,Thailand,Scotland,S Laomi,W Liengprasert,RV Scholes,4,0,,,,,,,,,
1147725,2018,2018-07-10,Sportpark Maarschalkerweerd,2,14.5,Thailand,Scotland,S Laomi,W Liengprasert,RV Scholes,0,0,,,,,,,,,
1147725,2018,2018-07-10,Sportpark Maarschalkerweerd,2,14.6,Thailand,Scotland,S Laomi,W Liengprasert,RV Scholes,0,0,,,,,,,,,
1147725,2018,2018-07-10,Sportpark Maarschalkerweerd,2,15.1,Thailand,Scotland,W Liengprasert,S Laomi,PA Chatterji,1,0,,,,,,,,,
1147725,2018,2018-07-10,Sportpark Maarschalkerweerd,2,15.2,Thailand,Scotland,S Laomi,W Liengprasert,PA Chatterji,1,0,,,,,,,,,
1147725,2018,2018-07-10,Sportpark Maarschalkerweerd,2,15.3,Thailand,Scotland,W Liengprasert,S Laomi,PA Chatterji,0,0,,,,,,,,,
1147725,2018,2018-07-10,Sportpark Maarschalkerweerd,2,15.4,Thailand,Scotland,W Liengprasert,S Laomi,PA Chatterji,1,0,,,,,,,,,
1147725,2018,2018-07-10,Sportpark Maarschalkerweerd,2,15.5,Thailand,Scotland,S Laomi,W Liengprasert,PA Chatterji,1,0,,,,,,,,,
1147725,2018,2018-07-10,Sportpark Maarschalkerweerd,2,15.6,Thailand,Scotland,W Liengprasert,S Laomi,PA Chatterji,0,0,,,,,,caught,W Liengprasert,,
1147725,2018,2018-07-10,Sportpark Maarschalkerweerd,2,16.1,Thailand,Scotland,S Laomi,O Kamchomphu,A Aitken,1,0,,,,,,,,,
1147725,2018,2018-07-10,Sportpark Maarschalkerweerd,2,16.2,Thailand,Scotland,O Kamchomphu,S Laomi,A Aitken,1,0,,,,,,,,,
1147725,2018,2018-07-10,Sportpark Maarschalkerweerd,2,16.3,Thailand,Scotland,S Laomi,O Kamchomphu,A Aitken,0,0,,,,,,,,,
1147725,2018,2018-07-10,Sportpark Maarschalkerweerd,2,16.4,Thailand,Scotland,S Laomi,O Kamchomphu,A Aitken,0,0,,,,,,,,,
1147725,2018,2018-07-10,Sportpark Maarschalkerweerd,2,16.5,Thailand,Scotland,S Laomi,O Kamchomphu,A Aitken,1,0,,,,,,,,,
1147725,2018,2018-07-10,Sportpark Maarschalkerweerd,2,16.6,Thailand,Scotland,O Kamchomphu,S Laomi,A Aitken,1,0,,,,,,,,,
1147725,2018,2018-07-10,Sportpark Maarschalkerweerd,2,17.1,Thailand,Scotland,O Kamchomphu,S Laomi,K McGill,0,0,,,,,,,,,
1147725,2018,2018-07-10,Sportpark Maarschalkerweerd,2,17.2,Thailand,Scotland,O Kamchomphu,S Laomi,K McGill,0,0,,,,,,bowled,O Kamchomphu,,
