match_id,season,start_date,venue,innings,ball,batting_team,bowling_team,striker,non_striker,bowler,runs_off_bat,extras,wides,noballs,byes,legbyes,penalty,wicket_type,player_dismissed,other_wicket_type,other_player_dismissed
1147726,2018,2018-07-10,VRA Ground,1,0.1,Uganda,Ireland,R Ntono,P Nakitende,IMHC Joyce,0,0,,,,,,,,,
1147726,2018,2018-07-10,VRA Ground,1,0.2,Uganda,Ireland,R Ntono,P Nakitende,IMHC Joyce,2,0,,,,,,,,,
1147726,2018,2018-07-10,VRA Ground,1,0.3,Uganda,Ireland,R Ntono,P Nakitende,IMHC Joyce,0,0,,,,,,,,,
1147726,2018,2018-07-10,VRA Ground,1,0.4,Uganda,Ireland,R Ntono,P Nakitende,IMHC Joyce,0,0,,,,,,,,,
1147726,2018,2018-07-10,VRA Ground,1,0.5,Uganda,Ireland,R Ntono,P Nakitende,IMHC Joyce,0,2,2,,,,,,,,
1147726,2018,2018-07-10,VRA Ground,1,0.6,Uganda,Ireland,P Nakitende,R Ntono,IMHC Joyce,0,0,,,,,,,,,
1147726,2018,2018-07-10,VRA Ground,1,0.7,Uganda,Ireland,P Nakitende,R Ntono,IMHC Joyce,1,0,,,,,,,,,
1147726,2018,2018-07-10,VRA Ground,1,1.1,Uganda,Ireland,P Nakitende,R Ntono,EAJ Richardson,0,0,,,,,,caught,P Nakitende,,
1147726,2018,2018-07-10,VRA Ground,1,1.2,Uganda,Ireland,R Musamali,R Ntono,EAJ Richardson,0,0,,,,,,,,,
1147726,2018,2018-07-10,VRA Ground,1,1.3,Uganda,Ireland,R Musamali,R Ntono,EAJ Richardson,1,0,,,,,,,,,
1147726,2018,2018-07-10,VRA Ground,1,1.4,Uganda,Ireland,R Ntono,R Musamali,EAJ Richardson,0,1,1,,,,,,,,
1147726,2018,2018-07-10,VRA Ground,1,1.5,Uganda,Ireland,R Ntono,R Musamali,EAJ Richardson,0,0,,,,,,,,,
1147726,2018,2018-07-10,VRA Ground,1,1.6,Uganda,Ireland,R Ntono,R Musamali,EAJ Richardson,2,0,,,,,,,,,
1147726,2018,2018-07-10,VRA Ground,1,1.7,Uganda,Ireland,R Ntono,R Musamali,EAJ Richardson,1,0,,,,,,,,,
1147726,2018,2018-07-10,VRA Ground,1,2.1,Uganda,Ireland,R Ntono,R Musamali,IMHC Joyce,0,0,,,,,,,,,
1147726,2018,2018-07-10,VRA Ground,1,2.2,Uganda,Ireland,R Ntono,R Musamali,IMHC Joyce,0,0,,,,,,bowled,R Ntono,,
1147726,2018,2018-07-10,VRA Ground,1,2.3,Uganda,Ireland,G Candiru,R Musamali,IMHC Joyce,0,0,,,,,,,,,
1147726,2018,2018-07-10,VRA Ground,1,2.4,Uganda,Ireland,G Candiru,R Musamali,IMHC Joyce,0,1,,,1,,,,,,
1147726,2018,2018-07-10,VRA Ground,1,2.5,Uganda,Ireland,R Musamali,G Candiru,IMHC Joyce,0,1,1,,,,,,,,
1147726,2018,2018-07-10,VRA Ground,1,2.6,Uganda,Ireland,R Musamali,G Candiru,IMHC Joyce,0,0,,,,,,,,,
1147726,2018,2018-07-10,VRA Ground,1,2.7,Uganda,Ireland,R Musamali,G Candiru,IMHC Joyce,0,1,1,,,,,,,,
1147726,2018,2018-07-10,VRA Ground,1,2.8,Uganda,Ireland,R Musamali,G Candiru,IMHC Joyce,0,0,,,,,,,,,
1147726,2018,2018-07-10,VRA Ground,1,3.1,Uganda,Ireland,G Candiru,R Musamali,EAJ Richardson,0,0,,,,,,,,,
1147726,2018,2018-07-10,VRA Ground,1,3.2,Uganda,Ireland,G Candiru,R Musamali,EAJ Richardson,0,0,,,,,,,,,
1147726,2018,2018-07-10,VRA Ground,1,3.3,Uganda,Ireland,G Candiru,R Musamali,EAJ Richardson,0,0,,,,,,,,,
1147726,2018,2018-07-10,VRA Ground,1,3.4,Uganda,Ireland,G Candiru,R Musamali,EAJ Richardson,0,0,,,,,,,,,
1147726,2018,2018-07-10,VRA Ground,1,3.5,Uganda,Ireland,G Candiru,R Musamali,EAJ Richardson,1,0,,,,,,,,,
1147726,2018,2018-07-10,VRA Ground,1,3.6,Uganda,Ireland,R Musamali,G Candiru,EAJ Richardson,0,0,,,,,,,,,
1147726,2018,2018-07-10,VRA Ground,1,4.1,Uganda,Ireland,G Candiru,R Musamali,CJ Metcalfe,0,0,,,,,,,,,
1147726,2018,2018-07-10,VRA Ground,1,4.2,Uganda,Ireland,G Candiru,R Musamali,CJ Metcalfe,0,0,,,,,,bowled,G Candiru,,
1147726,2018,2018-07-10,VRA Ground,1,4.3,Uganda,Ireland,K Awino,R Musamali,CJ Metcalfe,0,0,,,,,,,,,
1147726,2018,2018-07-10,VRA Ground,1,4.4,Uganda,Ireland,K Awino,R Musamali,CJ Metcalfe,0,0,,,,,,,,,
1147726,2018,2018-07-10,VRA Ground,1,4.5,Uganda,Ireland,K Awino,R Musamali,CJ Metcalfe,0,0,,,,,,,,,
1147726,2018,2018-07-10,VRA Ground,1,4.6,Uganda,Ireland,K Awino,R Musamali,CJ Metcalfe,0,0,,,,,,,,,
1147726,2018,2018-07-10,VRA Ground,1,5.1,Uganda,Ireland,R Musamali,K Awino,L Maritz,0,0,,,,,,,,,
1147726,2018,2018-07-10,VRA Ground,1,5.2,Uganda,Ireland,R Musamali,K Awino,L Maritz,1,0,,,,,,,,,
1147726,2018,2018-07-10,VRA Ground,1,5.3,Uganda,Ireland,K Awino,R Musamali,L Maritz,0,0,,,,,,,,,
1147726,2018,2018-07-10,VRA Ground,1,5.4,Uganda,Ireland,K Awino,R Musamali,L Maritz,0,1,1,,,,,,,,
1147726,2018,2018-07-10,VRA Ground,1,5.5,Uganda,Ireland,K Awino,R Musamali,L Maritz,0,1,1,,,,,,,,
1147726,2018,2018-07-10,VRA Ground,1,5.6,Uganda,Ireland,K Awino,R Musamali,L Maritz,0,0,,,,,,,,,
1147726,2018,2018-07-10,VRA Ground,1,5.7,Uganda,Ireland,K Awino,R Musamali,L Maritz,0,0,,,,,,,,,
1147726,2018,2018-07-10,VRA Ground,1,5.8,Uganda,Ireland,K Awino,R Musamali,L Maritz,1,0,,,,,,,,,
1147726,2018,2018-07-10,VRA Ground,1,6.1,Uganda,Ireland,K Awino,R Musamali,CJ Metcalfe,0,0,,,,,,,,,
1147726,2018,2018-07-10,VRA Ground,1,6.2,Uganda,Ireland,K Awino,R Musamali,CJ Metcalfe,0,0,,,,,,,,,
1147726,2018,2018-07-10,VRA Ground,1,6.3,Uganda,Ireland,K Awino,R Musamali,CJ Metcalfe,0,0,,,,,,,,,
1147726,2018,2018-07-10,VRA Ground,1,6.4,Uganda,Ireland,K Awino,R Musamali,CJ Metcalfe,2,0,,,,,,,,,
1147726,2018,2018-07-10,VRA Ground,1,6.5,Uganda,Ireland,K Awino,R Musamali,CJ Metcalfe,0,0,,,,,,,,,
1147726,2018,2018-07-10,VRA Ground,1,6.6,Uganda,Ireland,K Awino,R Musamali,CJ Metcalfe,0,0,,,,,,,,,
1147726,2018,2018-07-10,VRA Ground,1,7.1,Uganda,Ireland,R Musamali,K Awino,L Delany,0,0,,,,,,,,,
1147726,2018,2018-07-10,VRA Ground,1,7.2,Uganda,Ireland,R Musamali,K Awino,L Delany,0,0,,,,,,,,,
1147726,2018,2018-07-10,VRA Ground,1,7.3,Uganda,Ireland,R Musamali,K Awino,L Delany,1,0,,,,,,,,,
1147726,2018,2018-07-10,VRA Ground,1,7.4,Uganda,Ireland,K Awino,R Musamali,L Delany,0,0,,,,,,,,,
1147726,2018,2018-07-10,VRA Ground,1,7.5,Uganda,Ireland,K Awino,R Musamali,L Delany,1,0,,,,,,,,,
1147726,2018,2018-07-10,VRA Ground,1,7.6,Uganda,Ireland,R Musamali,K Awino,L Delany,1,0,,,,,,,,,
1147726,2018,2018-07-10,VRA Ground,1,8.1,Uganda,Ireland,R Musamali,K Awino,CJ Metcalfe,0,0,,,,,,,,,
1147726,2018,2018-07-10,VRA Ground,1,8.2,Uganda,Ireland,R Musamali,K Awino,CJ Metcalfe,1,0,,,,,,,,,
1147726,2018,2018-07-10,VRA Ground,1,8.3,Uganda,Ireland,K Awino,R Musamali,CJ Metcalfe,0,0,,,,,,,,,
1147726,2018,2018-07-10,VRA Ground,1,8.4,Uganda,Ireland,K Awino,R Musamali,CJ Metcalfe,0,0,,,,,,stumped,K Awino,,
1147726,2018,2018-07-10,VRA Ground,1,8.5,Uganda,Ireland,I Nakisuuyi,R Musamali,CJ Metcalfe,0,0,,,,,,,,,
1147726,2018,2018-07-10,VRA Ground,1,8.6,Uganda,Ireland,I Nakisuuyi,R Musamali,CJ Metcalfe,0,0,,,,,,,,,
1147726,2018,2018-07-10,VRA Ground,1,9.1,Uganda,Ireland,R Musamali,I Nakisuuyi,L Delany,0,0,,,,,,,,,
1147726,2018,2018-07-10,VRA Ground,1,9.2,Uganda,Ireland,R Musamali,I Nakisuuyi,L Delany,0,0,,,,,,,,,
1147726,2018,2018-07-10,VRA Ground,1,9.3,Uganda,Ireland,R Musamali,I Nakisuuyi,L Delany,0,0,,,,,,,,,
1147726,2018,2018-07-10,VRA Ground,1,9.4,Uganda,Ireland,R Musamali,I Nakisuuyi,L Delany,1,0,,,,,,,,,
1147726,2018,2018-07-10,VRA Ground,1,9.5,Uganda,Ireland,I Nakisuuyi,R Musamali,L Delany,0,0,,,,,,,,,
1147726,2018,2018-07-10,VRA Ground,1,9.6,Uganda,Ireland,I Nakisuuyi,R Musamali,L Delany,1,0,,,,,,,,,
1147726,2018,2018-07-10,VRA Ground,1,10.1,Uganda,Ireland,I Nakisuuyi,R Musamali,CJ Metcalfe,4,0,,,,,,,,,
1147726,2018,2018-07-10,VRA Ground,1,10.2,Uganda,Ireland,I Nakisuuyi,R Musamali,CJ Metcalfe,1,0,,,,,,,,,
1147726,2018,2018-07-10,VRA Ground,1,10.3,Uganda,Ireland,R Musamali,I Nakisuuyi,CJ Metcalfe,0,0,,,,,,,,,
1147726,2018,2018-07-10,VRA Ground,1,10.4,Uganda,Ireland,R Musamali,I Nakisuuyi,CJ Metcalfe,0,0,,,,,,caught,R Musamali,,
1147726,2018,2018-07-10,VRA Ground,1,10.5,Uganda,Ireland,S Nampiina,I Nakisuuyi,CJ Metcalfe,0,0,,,,,,,,,
1147726,2018,2018-07-10,VRA Ground,1,10.6,Uganda,Ireland,S Nampiina,I Nakisuuyi,CJ Metcalfe,0,0,,,,,,,,,
1147726,2018,2018-07-10,VRA Ground,1,11.1,Uganda,Ireland,I Nakisuuyi,S Nampiina,KJ Garth,1,0,,,,,,,,,
1147726,2018,2018-07-10,VRA Ground,1,11.2,Uganda,Ireland,S Nampiina,I Nakisuuyi,KJ Garth,0,0,,,,,,,,,
1147726,2018,2018-07-10,VRA Ground,1,11.3,Uganda,Ireland,S Nampiina,I Nakisuuyi,KJ Garth,0,0,,,,,,,,,
1147726,2018,2018-07-10,VRA Ground,1,11.4,Uganda,Ireland,S Nampiina,I Nakisuuyi,KJ Garth,2,0,,,,,,,,,
1147726,2018,2018-07-10,VRA Ground,1,11.5,Uganda,Ireland,S Nampiina,I Nakisuuyi,KJ Garth,2,0,,,,,,,,,
1147726,2018,2018-07-10,VRA Ground,1,11.6,Uganda,Ireland,S Nampiina,I Nakisuuyi,KJ Garth,1,0,,,,,,,,,
1147726,2018,2018-07-10,VRA Ground,1,12.1,Uganda,Ireland,S Nampiina,I Nakisuuyi,EAJ Richardson,1,0,,,,,,,,,
1147726,2018,2018-07-10,VRA Ground,1,12.2,Uganda,Ireland,I Nakisuuyi,S Nampiina,EAJ Richardson,1,0,,,,,,,,,
1147726,2018,2018-07-10,VRA Ground,1,12.3,Uganda,Ireland,S Nampiina,I Nakisuuyi,EAJ Richardson,0,0,,,,,,,,,
1147726,2018,2018-07-10,VRA Ground,1,12.4,Uganda,Ireland,S Nampiina,I Nakisuuyi,EAJ Richardson,0,0,,,,,,,,,
1147726,2018,2018-07-10,VRA Ground,1,12.5,Uganda,Ireland,S Nampiina,I Nakisuuyi,EAJ Richardson,1,0,,,,,,,,,
1147726,2018,2018-07-10,VRA Ground,1,12.6,Uganda,Ireland,I Nakisuuyi,S Nampiina,EAJ Richardson,4,0,,,,,,,,,
1147726,2018,2018-07-10,VRA Ground,1,13.1,Uganda,Ireland,S Nampiina,I Nakisuuyi,KJ Garth,2,0,,,,,,,,,
1147726,2018,2018-07-10,VRA Ground,1,13.2,Uganda,Ireland,S Nampiina,I Nakisuuyi,KJ Garth,0,1,1,,,,,,,,
1147726,2018,2018-07-10,VRA Ground,1,13.3,Uganda,Ireland,S Nampiina,I Nakisuuyi,KJ Garth,1,0,,,,,,,,,
1147726,2018,2018-07-10,VRA Ground,1,13.4,Uganda,Ireland,I Nakisuuyi,S Nampiina,KJ Garth,0,0,,,,,,bowled,I Nakisuuyi,,
1147726,2018,2018-07-10,VRA Ground,1,13.5,Uganda,Ireland,F Najjumba,S Nampiina,KJ Garth,0,0,,,,,,,,,
1147726,2018,2018-07-10,VRA Ground,1,13.6,Uganda,Ireland,F Najjumba,S Nampiina,KJ Garth,0,0,,,,,,,,,
1147726,2018,2018-07-10,VRA Ground,1,13.7,Uganda,Ireland,F Najjumba,S Nampiina,KJ Garth,0,0,,,,,,,,,
1147726,2018,2018-07-10,VRA Ground,1,14.1,Uganda,Ireland,S Nampiina,F Najjumba,IMHC Joyce,0,0,,,,,,,,,
1147726,2018,2018-07-10,VRA Ground,1,14.2,Uganda,Ireland,S Nampiina,F Najjumba,IMHC Joyce,0,0,,,,,,,,,
1147726,2018,2018-07-10,VRA Ground,1,14.3,Uganda,Ireland,S Nampiina,F Najjumba,IMHC Joyce,1,0,,,,,,,,,
1147726,2018,2018-07-10,VRA Ground,1,14.4,Uganda,Ireland,F Najjumba,S Nampiina,IMHC Joyce,4,0,,,,,,,,,
1147726,2018,2018-07-10,VRA Ground,1,14.5,Uganda,Ireland,F Najjumba,S Nampiina,IMHC Joyce,0,0,,,,,,,,,
1147726,2018,2018-07-10,VRA Ground,1,14.6,Uganda,Ireland,F Najjumba,S Nampiina,IMHC Joyce,0,0,,,,,,,,,
1147726,2018,2018-07-10,VRA Ground,1,15.1,Uganda,Ireland,S Nampiina,F Najjumba,L Delany,1,0,,,,,,,,,
1147726,2018,2018-07-10,VRA Ground,1,15.2,Uganda,Ireland,F Najjumba,S Nampiina,L Delany,1,0,,,,,,,,,
1147726,2018,2018-07-10,VRA Ground,1,15.3,Uganda,Ireland,S Nampiina,F Najjumba,L Delany,1,0,,,,,,,,,
1147726,2018,2018-07-10,VRA Ground,1,15.4,Uganda,Ireland,F Najjumba,S Nampiina,L Delany,1,0,,,,,,,,,
1147726,2018,2018-07-10,VRA Ground,1,15.5,Uganda,Ireland,S Nampiina,F Najjumba,L Delany,0,0,,,,,,,,,
1147726,2018,2018-07-10,VRA Ground,1,15.6,Uganda,Ireland,S Nampiina,F Najjumba,L Delany,0,0,,,,,,,,,
1147726,2018,2018-07-10,VRA Ground,1,16.1,Uganda,Ireland,F Najjumba,S Nampiina,EAJ Richardson,1,0,,,,,,,,,
1147726,2018,2018-07-10,VRA Ground,1,16.2,Uganda,Ireland,S Nampiina,F Najjumba,EAJ Richardson,3,0,,,,,,,,,
1147726,2018,2018-07-10,VRA Ground,1,16.3,Uganda,Ireland,F Najjumba,S Nampiina,EAJ Richardson,1,0,,,,,,,,,
1147726,2018,2018-07-10,VRA Ground,1,16.4,Uganda,Ireland,S Nampiina,F Najjumba,EAJ Richardson,0,0,,,,,,caught,S Nampiina,,
1147726,2018,2018-07-10,VRA Ground,1,16.5,Uganda,Ireland,F Najjumba,C Namugenyi,EAJ Richardson,1,0,,,,,,,,,
1147726,2018,2018-07-10,VRA Ground,1,16.6,Uganda,Ireland,C Namugenyi,F Najjumba,EAJ Richardson,0,0,,,,,,,,,
1147726,2018,2018-07-10,VRA Ground,1,17.1,Uganda,Ireland,F Najjumba,C Namugenyi,L Maritz,0,0,,,,,,,,,
1147726,2018,2018-07-10,VRA Ground,1,17.2,Uganda,Ireland,F Najjumba,C Namugenyi,L Maritz,0,0,,,,,,,,,
1147726,2018,2018-07-10,VRA Ground,1,17.3,Uganda,Ireland,F Najjumba,C Namugenyi,L Maritz,1,0,,,,,,,,,
1147726,2018,2018-07-10,VRA Ground,1,17.4,Uganda,Ireland,C Namugenyi,F Najjumba,L Maritz,0,0,,,,,,bowled,C Namugenyi,,
1147726,2018,2018-07-10,VRA Ground,1,17.5,Uganda,Ireland,JM Apio,F Najjumba,L Maritz,2,0,,,,,,,,,
1147726,2018,2018-07-10,VRA Ground,1,17.6,Uganda,Ireland,JM Apio,F Najjumba,L Maritz,1,0,,,,,,,,,
1147726,2018,2018-07-10,VRA Ground,1,18.1,Uganda,Ireland,JM Apio,F Najjumba,IMHC Joyce,1,0,,,,,,,,,
1147726,2018,2018-07-10,VRA Ground,1,18.2,Uganda,Ireland,F Najjumba,JM Apio,IMHC Joyce,1,0,,,,,,,,,
1147726,2018,2018-07-10,VRA Ground,1,18.3,Uganda,Ireland,JM Apio,F Najjumba,IMHC Joyce,2,0,,,,,,,,,
1147726,2018,2018-07-10,VRA Ground,1,18.4,Uganda,Ireland,JM Apio,F Najjumba,IMHC Joyce,0,0,,,,,,,,,
1147726,2018,2018-07-10,VRA Ground,1,18.5,Uganda,Ireland,JM Apio,F Najjumba,IMHC Joyce,1,0,,,,,,,,,
1147726,2018,2018-07-10,VRA Ground,1,18.6,Uganda,Ireland,F Najjumba,JM Apio,IMHC Joyce,1,0,,,,,,,,,
1147726,2018,2018-07-10,VRA Ground,1,19.1,Uganda,Ireland,F Najjumba,JM Apio,L Delany,1,0,,,,,,,,,
1147726,2018,2018-07-10,VRA Ground,1,19.2,Uganda,Ireland,JM Apio,F Najjumba,L Delany,1,0,,,,,,,,,
1147726,2018,2018-07-10,VRA Ground,1,19.3,Uganda,Ireland,F Najjumba,JM Apio,L Delany,1,0,,,,,,,,,
1147726,2018,2018-07-10,VRA Ground,1,19.4,Uganda,Ireland,JM Apio,F Najjumba,L Delany,0,0,,,,,,,,,
1147726,2018,2018-07-10,VRA Ground,1,19.5,Uganda,Ireland,JM Apio,F Najjumba,L Delany,1,0,,,,,,,,,
1147726,2018,2018-07-10,VRA Ground,1,19.6,Uganda,Ireland,F Najjumba,JM Apio,L Delany,1,0,,,,,,,,,
1147726,2018,2018-07-10,VRA Ground,2,0.1,Ireland,Uganda,CMA Shillington,CNIM Joyce,C Namugenyi,1,0,,,,,,,,,
1147726,2018,2018-07-10,VRA Ground,2,0.2,Ireland,Uganda,CNIM Joyce,CMA Shillington,C Namugenyi,0,0,,,,,,,,,
1147726,2018,2018-07-10,VRA Ground,2,0.3,Ireland,Uganda,CNIM Joyce,CMA Shillington,C Namugenyi,0,0,,,,,,,,,
1147726,2018,2018-07-10,VRA Ground,2,0.4,Ireland,Uganda,CNIM Joyce,CMA Shillington,C Namugenyi,4,0,,,,,,,,,
1147726,2018,2018-07-10,VRA Ground,2,0.5,Ireland,Uganda,CNIM Joyce,CMA Shillington,C Namugenyi,0,0,,,,,,,,,
1147726,2018,2018-07-10,VRA Ground,2,0.6,Ireland,Uganda,CNIM Joyce,CMA Shillington,C Namugenyi,0,0,,,,,,,,,
1147726,2018,2018-07-10,VRA Ground,2,1.1,Ireland,Uganda,CMA Shillington,CNIM Joyce,C Aweko,0,0,,,,,,,,,
1147726,2018,2018-07-10,VRA Ground,2,1.2,Ireland,Uganda,CMA Shillington,CNIM Joyce,C Aweko,0,0,,,,,,,,,
1147726,2018,2018-07-10,VRA Ground,2,1.3,Ireland,Uganda,CMA Shillington,CNIM Joyce,C Aweko,4,0,,,,,,,,,
1147726,2018,2018-07-10,VRA Ground,2,1.4,Ireland,Uganda,CMA Shillington,CNIM Joyce,C Aweko,1,0,,,,,,,,,
1147726,2018,2018-07-10,VRA Ground,2,1.5,Ireland,Uganda,CNIM Joyce,CMA Shillington,C Aweko,0,0,,,,,,,,,
1147726,2018,2018-07-10,VRA Ground,2,1.6,Ireland,Uganda,CNIM Joyce,CMA Shillington,C Aweko,1,0,,,,,,,,,
1147726,2018,2018-07-10,VRA Ground,2,2.1,Ireland,Uganda,CNIM Joyce,CMA Shillington,C Namugenyi,0,1,1,,,,,,,,
1147726,2018,2018-07-10,VRA Ground,2,2.2,Ireland,Uganda,CNIM Joyce,CMA Shillington,C Namugenyi,0,0,,,,,,,,,
1147726,2018,2018-07-10,VRA Ground,2,2.3,Ireland,Uganda,CNIM Joyce,CMA Shillington,C Namugenyi,4,0,,,,,,,,,
1147726,2018,2018-07-10,VRA Ground,2,2.4,Ireland,Uganda,CNIM Joyce,CMA Shillington,C Namugenyi,0,1,1,,,,,,,,
1147726,2018,2018-07-10,VRA Ground,2,2.5,Ireland,Uganda,CNIM Joyce,CMA Shillington,C Namugenyi,0,0,,,,,,,,,
1147726,2018,2018-07-10,VRA Ground,2,2.6,Ireland,Uganda,CNIM Joyce,CMA Shillington,C Namugenyi,1,0,,,,,,,,,
1147726,2018,2018-07-10,VRA Ground,2,2.7,Ireland,Uganda,CMA Shillington,CNIM Joyce,C Namugenyi,1,0,,,,,,,,,
1147726,2018,2018-07-10,VRA Ground,2,2.8,Ireland,Uganda,CNIM Joyce,CMA Shillington,C Namugenyi,4,0,,,,,,,,,
1147726,2018,2018-07-10,VRA Ground,2,3.1,Ireland,Uganda,CMA Shillington,CNIM Joyce,C Aweko,0,0,,,,,,,,,
1147726,2018,2018-07-10,VRA Ground,2,3.2,Ireland,Uganda,CMA Shillington,CNIM Joyce,C Aweko,3,0,,,,,,,,,
1147726,2018,2018-07-10,VRA Ground,2,3.3,Ireland,Uganda,CNIM Joyce,CMA Shillington,C Aweko,1,0,,,,,,,,,
1147726,2018,2018-07-10,VRA Ground,2,3.4,Ireland,Uganda,CMA Shillington,CNIM Joyce,C Aweko,0,0,,,,,,,,,
1147726,2018,2018-07-10,VRA Ground,2,3.5,Ireland,Uganda,CMA Shillington,CNIM Joyce,C Aweko,4,0,,,,,,,,,
1147726,2018,2018-07-10,VRA Ground,2,3.6,Ireland,Uganda,CMA Shillington,CNIM Joyce,C Aweko,0,0,,,,,,,,,
1147726,2018,2018-07-10,VRA Ground,2,4.1,Ireland,Uganda,CNIM Joyce,CMA Shillington,G Candiru,0,0,,,,,,,,,
1147726,2018,2018-07-10,VRA Ground,2,4.2,Ireland,Uganda,CNIM Joyce,CMA Shillington,G Candiru,0,0,,,,,,lbw,CNIM Joyce,,
1147726,2018,2018-07-10,VRA Ground,2,4.3,Ireland,Uganda,GH Lewis,CMA Shillington,G Candiru,1,0,,,,,,,,,
1147726,2018,2018-07-10,VRA Ground,2,4.4,Ireland,Uganda,CMA Shillington,GH Lewis,G Candiru,1,0,,,,,,,,,
1147726,2018,2018-07-10,VRA Ground,2,4.5,Ireland,Uganda,GH Lewis,CMA Shillington,G Candiru,0,0,,,,,,,,,
1147726,2018,2018-07-10,VRA Ground,2,4.6,Ireland,Uganda,GH Lewis,CMA Shillington,G Candiru,0,0,,,,,,,,,
1147726,2018,2018-07-10,VRA Ground,2,5.1,Ireland,Uganda,CMA Shillington,GH Lewis,S Nampiina,1,0,,,,,,,,,
1147726,2018,2018-07-10,VRA Ground,2,5.2,Ireland,Uganda,GH Lewis,CMA Shillington,S Nampiina,0,0,,,,,,,,,
1147726,2018,2018-07-10,VRA Ground,2,5.3,Ireland,Uganda,GH Lewis,CMA Shillington,S Nampiina,1,0,,,,,,,,,
1147726,2018,2018-07-10,VRA Ground,2,5.4,Ireland,Uganda,CMA Shillington,GH Lewis,S Nampiina,2,0,,,,,,,,,
1147726,2018,2018-07-10,VRA Ground,2,5.5,Ireland,Uganda,CMA Shillington,GH Lewis,S Nampiina,0,0,,,,,,,,,
1147726,2018,2018-07-10,VRA Ground,2,5.6,Ireland,Uganda,CMA Shillington,GH Lewis,S Nampiina,4,0,,,,,,,,,
1147726,2018,2018-07-10,VRA Ground,2,6.1,Ireland,Uganda,GH Lewis,CMA Shillington,G Candiru,1,0,,,,,,,,,
1147726,2018,2018-07-10,VRA Ground,2,6.2,Ireland,Uganda,CMA Shillington,GH Lewis,G Candiru,1,0,,,,,,,,,
1147726,2018,2018-07-10,VRA Ground,2,6.3,Ireland,Uganda,GH Lewis,CMA Shillington,G Candiru,0,0,,,,,,,,,
1147726,2018,2018-07-10,VRA Ground,2,6.4,Ireland,Uganda,GH Lewis,CMA Shillington,G Candiru,1,0,,,,,,,,,
1147726,2018,2018-07-10,VRA Ground,2,6.5,Ireland,Uganda,CMA Shillington,GH Lewis,G Candiru,2,0,,,,,,,,,
1147726,2018,2018-07-10,VRA Ground,2,6.6,Ireland,Uganda,CMA Shillington,GH Lewis,G Candiru,2,0,,,,,,,,,
1147726,2018,2018-07-10,VRA Ground,2,7.1,Ireland,Uganda,GH Lewis,CMA Shillington,R Musamali,4,0,,,,,,,,,
1147726,2018,2018-07-10,VRA Ground,2,7.2,Ireland,Uganda,GH Lewis,CMA Shillington,R Musamali,1,0,,,,,,,,,
1147726,2018,2018-07-10,VRA Ground,2,7.3,Ireland,Uganda,CMA Shillington,GH Lewis,R Musamali,0,0,,,,,,,,,
1147726,2018,2018-07-10,VRA Ground,2,7.4,Ireland,Uganda,CMA Shillington,GH Lewis,R Musamali,0,0,,,,,,bowled,CMA Shillington,,
1147726,2018,2018-07-10,VRA Ground,2,7.5,Ireland,Uganda,L Delany,GH Lewis,R Musamali,0,0,,,,,,,,,
1147726,2018,2018-07-10,VRA Ground,2,7.6,Ireland,Uganda,L Delany,GH Lewis,R Musamali,0,0,,,,,,,,,
1147726,2018,2018-07-10,VRA Ground,2,8.1,Ireland,Uganda,GH Lewis,L Delany,G Candiru,2,0,,,,,,,,,
1147726,2018,2018-07-10,VRA Ground,2,8.2,Ireland,Uganda,GH Lewis,L Delany,G Candiru,0,0,,,,,,,,,
1147726,2018,2018-07-10,VRA Ground,2,8.3,Ireland,Uganda,GH Lewis,L Delany,G Candiru,0,0,,,,,,,,,
1147726,2018,2018-07-10,VRA Ground,2,8.4,Ireland,Uganda,GH Lewis,L Delany,G Candiru,0,0,,,,,,,,,
1147726,2018,2018-07-10,VRA Ground,2,8.5,Ireland,Uganda,GH Lewis,L Delany,G Candiru,1,0,,,,,,,,,
1147726,2018,2018-07-10,VRA Ground,2,8.6,Ireland,Uganda,L Delany,GH Lewis,G Candiru,1,0,,,,,,,,,
1147726,2018,2018-07-10,VRA Ground,2,9.1,Ireland,Uganda,L Delany,GH Lewis,R Musamali,1,0,,,,,,,,,
1147726,2018,2018-07-10,VRA Ground,2,9.2,Ireland,Uganda,GH Lewis,L Delany,R Musamali,2,0,,,,,,,,,
1147726,2018,2018-07-10,VRA Ground,2,9.3,Ireland,Uganda,GH Lewis,L Delany,R Musamali,0,0,,,,,,,,,
1147726,2018,2018-07-10,VRA Ground,2,9.4,Ireland,Uganda,GH Lewis,L Delany,R Musamali,1,0,,,,,,,,,
1147726,2018,2018-07-10,VRA Ground,2,9.5,Ireland,Uganda,L Delany,GH Lewis,R Musamali,2,0,,,,,,,,,
1147726,2018,2018-07-10,VRA Ground,2,9.6,Ireland,Uganda,L Delany,GH Lewis,R Musamali,1,0,,,,,,,,,
1147726,2018,2018-07-10,VRA Ground,2,10.1,Ireland,Uganda,L Delany,GH Lewis,G Candiru,0,0,,,,,,,,,
1147726,2018,2018-07-10,VRA Ground,2,10.2,Ireland,Uganda,L Delany,GH Lewis,G Candiru,0,0,,,,,,,,,
1147726,2018,2018-07-10,VRA Ground,2,10.3,Ireland,Uganda,L Delany,GH Lewis,G Candiru,1,0,,,,,,,,,
1147726,2018,2018-07-10,VRA Ground,2,10.4,Ireland,Uganda,GH Lewis,L Delany,G Candiru,2,1,,1,,,,,,,
1147726,2018,2018-07-10,VRA Ground,2,10.5,Ireland,Uganda,GH Lewis,L Delany,G Candiru,0,0,,,,,,,,,
1147726,2018,2018-07-10,VRA Ground,2,10.6,Ireland,Uganda,GH Lewis,L Delany,G Candiru,1,0,,,,,,,,,
1147726,2018,2018-07-10,VRA Ground,2,10.7,Ireland,Uganda,L Delany,GH Lewis,G Candiru,1,0,,,,,,,,,
1147726,2018,2018-07-10,VRA Ground,2,11.1,Ireland,Uganda,L Delany,GH Lewis,JM Apio,2,0,,,,,,,,,
1147726,2018,2018-07-10,VRA Ground,2,11.2,Ireland,Uganda,L Delany,GH Lewis,JM Apio,2,0,,,,,,,,,
1147726,2018,2018-07-10,VRA Ground,2,11.3,Ireland,Uganda,L Delany,GH Lewis,JM Apio,0,2,,,,2,,,,,
1147726,2018,2018-07-10,VRA Ground,2,11.4,Ireland,Uganda,L Delany,GH Lewis,JM Apio,0,0,,,,,,,,,
1147726,2018,2018-07-10,VRA Ground,2,11.5,Ireland,Uganda,L Delany,GH Lewis,JM Apio,1,0,,,,,,,,,
1147726,2018,2018-07-10,VRA Ground,2,11.6,Ireland,Uganda,GH Lewis,L Delany,JM Apio,0,1,1,,,,,,,,
1147726,2018,2018-07-10,VRA Ground,2,11.7,Ireland,Uganda,GH Lewis,L Delany,JM Apio,0,0,,,,,,,,,
1147726,2018,2018-07-10,VRA Ground,2,12.1,Ireland,Uganda,L Delany,GH Lewis,I Nakisuuyi,1,0,,,,,,,,,
