version,2.1.0
info,balls_per_over,6
info,team,Scotland
info,team,Ireland
info,gender,female
info,season,2018
info,date,2018/07/08
info,event,ICC Women's T20 Qualifier
info,match_number,6
info,venue,VRA Ground
info,city,Amstelveen
info,toss_winner,Ireland
info,toss_decision,field
info,player_of_match,CMA Shillington
info,umpire,S Redfern
info,umpire,WPM van Liemt
info,reserve_umpire,JM Williams
info,match_referee,DT Jukes
info,winner,Ireland
info,winner_wickets,9
info,player,Scotland,SJ Bryce
info,player,Scotland,L Jack
info,player,Scotland,KE Bryce
info,player,Scotland,RV Scholes
info,player,Scotland,RS Glen
info,player,Scotland,L Grant
info,player,Scotland,A Aitken
info,player,Scotland,AH Maqsood
info,player,Scotland,K McGill
info,player,Scotland,HRA Rainey
info,player,Scotland,PA Chatterji
info,player,Ireland,CMA Shillington
info,player,Ireland,CNIM Joyce
info,player,Ireland,GH Lewis
info,player,Ireland,L Delany
info,player,Ireland,IMHC Joyce
info,player,Ireland,EAJ Richardson
info,player,Ireland,KJ Garth
info,player,Ireland,SM Kavanagh
info,player,Ireland,MV Waldron
info,player,Ireland,LK O'Reilly
info,player,Ireland,CJ Metcalfe
info,registry,people,A Aitken,25c73eb6
info,registry,people,AH Maqsood,f61e2829
info,registry,people,CJ Metcalfe,d58fdb42
info,registry,people,CMA Shillington,60e11a00
info,registry,people,CNIM Joyce,56418eae
info,registry,people,DT Jukes,7c215d14
info,registry,people,EAJ Richardson,50ee0500
info,registry,people,GH Lewis,1b9d1579
info,registry,people,HRA Rainey,7027d12f
info,registry,people,IMHC Joyce,d3b4b8ed
info,registry,people,JM Williams,b61d9d70
info,registry,people,K McGill,bba7558e
info,registry,people,KE Bryce,f13d3eba
info,registry,people,KJ Garth,0b69a844
info,registry,people,L Delany,b4f73b44
info,registry,people,L Grant,49923603
info,registry,people,L Jack,e565ceb7
info,registry,people,LK O'Reilly,69a9bb78
info,registry,people,MV Waldron,2e4f11e9
info,registry,people,PA Chatterji,8e7be59c
info,registry,people,RS Glen,45c2db15
info,registry,people,RV Scholes,2dc78362
info,registry,people,S Redfern,5b038989
info,registry,people,SJ Bryce,2ca65aee
info,registry,people,SM Kavanagh,7e9b3b60
info,registry,people,WPM van Liemt,2bd48588
