match_id,season,start_date,venue,innings,ball,batting_team,bowling_team,striker,non_striker,bowler,runs_off_bat,extras,wides,noballs,byes,legbyes,penalty,wicket_type,player_dismissed,other_wicket_type,other_player_dismissed
1147730,2018,2018-07-12,Sportpark Maarschalkerweerd,1,0.1,Netherlands,Uganda,SL Kalis,HDJ Siegers,C Namugenyi,0,0,,,,,,,,,
1147730,2018,2018-07-12,Sportpark Maarschalkerweerd,1,0.2,Netherlands,Uganda,SL Kalis,HDJ Siegers,C Namugenyi,1,0,,,,,,,,,
1147730,2018,2018-07-12,Sportpark Maarschalkerweerd,1,0.3,Netherlands,Uganda,HDJ Siegers,SL Kalis,C Namugenyi,0,0,,,,,,,,,
1147730,2018,2018-07-12,Sportpark Maarschalkerweerd,1,0.4,Netherlands,Uganda,HDJ Siegers,SL Kalis,C Namugenyi,0,1,1,,,,,,,,
1147730,2018,2018-07-12,Sportpark Maarschalkerweerd,1,0.5,Netherlands,Uganda,HDJ Siegers,SL Kalis,C Namugenyi,0,0,,,,,,,,,
1147730,2018,2018-07-12,Sportpark Maarschalkerweerd,1,0.6,Netherlands,Uganda,HDJ Siegers,SL Kalis,C Namugenyi,1,0,,,,,,,,,
1147730,2018,2018-07-12,Sportpark Maarschalkerweerd,1,0.7,Netherlands,Uganda,SL Kalis,HDJ Siegers,C Namugenyi,0,0,,,,,,,,,
1147730,2018,2018-07-12,Sportpark Maarschalkerweerd,1,1.1,Netherlands,Uganda,HDJ Siegers,SL Kalis,C Aweko,0,0,,,,,,,,,
1147730,2018,2018-07-12,Sportpark Maarschalkerweerd,1,1.2,Netherlands,Uganda,HDJ Siegers,SL Kalis,C Aweko,2,0,,,,,,,,,
1147730,2018,2018-07-12,Sportpark Maarschalkerweerd,1,1.3,Netherlands,Uganda,HDJ Siegers,SL Kalis,C Aweko,0,0,,,,,,,,,
1147730,2018,2018-07-12,Sportpark Maarschalkerweerd,1,1.4,Netherlands,Uganda,HDJ Siegers,SL Kalis,C Aweko,1,0,,,,,,,,,
1147730,2018,2018-07-12,Sportpark Maarschalkerweerd,1,1.5,Netherlands,Uganda,SL Kalis,HDJ Siegers,C Aweko,0,0,,,,,,,,,
1147730,2018,2018-07-12,Sportpark Maarschalkerweerd,1,1.6,Netherlands,Uganda,SL Kalis,HDJ Siegers,C Aweko,1,0,,,,,,,,,
1147730,2018,2018-07-12,Sportpark Maarschalkerweerd,1,2.1,Netherlands,Uganda,SL Kalis,HDJ Siegers,C Namugenyi,1,0,,,,,,,,,
1147730,2018,2018-07-12,Sportpark Maarschalkerweerd,1,2.2,Netherlands,Uganda,HDJ Siegers,SL Kalis,C Namugenyi,1,0,,,,,,,,,
1147730,2018,2018-07-12,Sportpark Maarschalkerweerd,1,2.3,Netherlands,Uganda,SL Kalis,HDJ Siegers,C Namugenyi,0,0,,,,,,,,,
1147730,2018,2018-07-12,Sportpark Maarschalkerweerd,1,2.4,Netherlands,Uganda,SL Kalis,HDJ Siegers,C Namugenyi,2,0,,,,,,,,,
1147730,2018,2018-07-12,Sportpark Maarschalkerweerd,1,2.5,Netherlands,Uganda,SL Kalis,HDJ Siegers,C Namugenyi,0,0,,,,,,,,,
1147730,2018,2018-07-12,Sportpark Maarschalkerweerd,1,2.6,Netherlands,Uganda,SL Kalis,HDJ Siegers,C Namugenyi,0,0,,,,,,,,,
1147730,2018,2018-07-12,Sportpark Maarschalkerweerd,1,3.1,Netherlands,Uganda,HDJ Siegers,SL Kalis,C Aweko,1,0,,,,,,,,,
1147730,2018,2018-07-12,Sportpark Maarschalkerweerd,1,3.2,Netherlands,Uganda,SL Kalis,HDJ Siegers,C Aweko,1,0,,,,,,,,,
1147730,2018,2018-07-12,Sportpark Maarschalkerweerd,1,3.3,Netherlands,Uganda,HDJ Siegers,SL Kalis,C Aweko,1,0,,,,,,,,,
1147730,2018,2018-07-12,Sportpark Maarschalkerweerd,1,3.4,Netherlands,Uganda,SL Kalis,HDJ Siegers,C Aweko,4,0,,,,,,,,,
1147730,2018,2018-07-12,Sportpark Maarschalkerweerd,1,3.5,Netherlands,Uganda,SL Kalis,HDJ Siegers,C Aweko,0,0,,,,,,,,,
1147730,2018,2018-07-12,Sportpark Maarschalkerweerd,1,3.6,Netherlands,Uganda,SL Kalis,HDJ Siegers,C Aweko,0,0,,,,,,,,,
1147730,2018,2018-07-12,Sportpark Maarschalkerweerd,1,4.1,Netherlands,Uganda,HDJ Siegers,SL Kalis,C Namugenyi,0,0,,,,,,,,,
1147730,2018,2018-07-12,Sportpark Maarschalkerweerd,1,4.2,Netherlands,Uganda,HDJ Siegers,SL Kalis,C Namugenyi,4,0,,,,,,,,,
1147730,2018,2018-07-12,Sportpark Maarschalkerweerd,1,4.3,Netherlands,Uganda,HDJ Siegers,SL Kalis,C Namugenyi,0,0,,,,,,,,,
1147730,2018,2018-07-12,Sportpark Maarschalkerweerd,1,4.4,Netherlands,Uganda,HDJ Siegers,SL Kalis,C Namugenyi,0,0,,,,,,,,,
1147730,2018,2018-07-12,Sportpark Maarschalkerweerd,1,4.5,Netherlands,Uganda,HDJ Siegers,SL Kalis,C Namugenyi,4,0,,,,,,,,,
1147730,2018,2018-07-12,Sportpark Maarschalkerweerd,1,4.6,Netherlands,Uganda,HDJ Siegers,SL Kalis,C Namugenyi,1,0,,,,,,,,,
1147730,2018,2018-07-12,Sportpark Maarschalkerweerd,1,5.1,Netherlands,Uganda,HDJ Siegers,SL Kalis,C Aweko,0,0,,,,,,,,,
1147730,2018,2018-07-12,Sportpark Maarschalkerweerd,1,5.2,Netherlands,Uganda,HDJ Siegers,SL Kalis,C Aweko,1,0,,,,,,,,,
1147730,2018,2018-07-12,Sportpark Maarschalkerweerd,1,5.3,Netherlands,Uganda,SL Kalis,HDJ Siegers,C Aweko,0,0,,,,,,,,,
1147730,2018,2018-07-12,Sportpark Maarschalkerweerd,1,5.4,Netherlands,Uganda,SL Kalis,HDJ Siegers,C Aweko,0,0,,,,,,,,,
1147730,2018,2018-07-12,Sportpark Maarschalkerweerd,1,5.5,Netherlands,Uganda,SL Kalis,HDJ Siegers,C Aweko,0,0,,,,,,,,,
1147730,2018,2018-07-12,Sportpark Maarschalkerweerd,1,5.6,Netherlands,Uganda,SL Kalis,HDJ Siegers,C Aweko,1,0,,,,,,,,,
1147730,2018,2018-07-12,Sportpark Maarschalkerweerd,1,6.1,Netherlands,Uganda,SL Kalis,HDJ Siegers,G Candiru,1,0,,,,,,,,,
1147730,2018,2018-07-12,Sportpark Maarschalkerweerd,1,6.2,Netherlands,Uganda,HDJ Siegers,SL Kalis,G Candiru,1,0,,,,,,,,,
1147730,2018,2018-07-12,Sportpark Maarschalkerweerd,1,6.3,Netherlands,Uganda,SL Kalis,HDJ Siegers,G Candiru,0,0,,,,,,,,,
1147730,2018,2018-07-12,Sportpark Maarschalkerweerd,1,6.4,Netherlands,Uganda,SL Kalis,HDJ Siegers,G Candiru,0,0,,,,,,,,,
1147730,2018,2018-07-12,Sportpark Maarschalkerweerd,1,6.5,Netherlands,Uganda,SL Kalis,HDJ Siegers,G Candiru,1,0,,,,,,,,,
1147730,2018,2018-07-12,Sportpark Maarschalkerweerd,1,6.6,Netherlands,Uganda,HDJ Siegers,SL Kalis,G Candiru,1,0,,,,,,,,,
1147730,2018,2018-07-12,Sportpark Maarschalkerweerd,1,7.1,Netherlands,Uganda,HDJ Siegers,SL Kalis,C Aweko,0,0,,,,,,,,,
1147730,2018,2018-07-12,Sportpark Maarschalkerweerd,1,7.2,Netherlands,Uganda,HDJ Siegers,SL Kalis,C Aweko,1,0,,,,,,,,,
1147730,2018,2018-07-12,Sportpark Maarschalkerweerd,1,7.3,Netherlands,Uganda,SL Kalis,HDJ Siegers,C Aweko,1,0,,,,,,,,,
1147730,2018,2018-07-12,Sportpark Maarschalkerweerd,1,7.4,Netherlands,Uganda,HDJ Siegers,SL Kalis,C Aweko,1,0,,,,,,,,,
1147730,2018,2018-07-12,Sportpark Maarschalkerweerd,1,7.5,Netherlands,Uganda,SL Kalis,HDJ Siegers,C Aweko,1,0,,,,,,,,,
1147730,2018,2018-07-12,Sportpark Maarschalkerweerd,1,7.6,Netherlands,Uganda,HDJ Siegers,SL Kalis,C Aweko,0,0,,,,,,,,,
1147730,2018,2018-07-12,Sportpark Maarschalkerweerd,1,8.1,Netherlands,Uganda,SL Kalis,HDJ Siegers,G Candiru,0,0,,,,,,,,,
1147730,2018,2018-07-12,Sportpark Maarschalkerweerd,1,8.2,Netherlands,Uganda,SL Kalis,HDJ Siegers,G Candiru,1,0,,,,,,,,,
1147730,2018,2018-07-12,Sportpark Maarschalkerweerd,1,8.3,Netherlands,Uganda,HDJ Siegers,SL Kalis,G Candiru,0,0,,,,,,,,,
1147730,2018,2018-07-12,Sportpark Maarschalkerweerd,1,8.4,Netherlands,Uganda,HDJ Siegers,SL Kalis,G Candiru,1,0,,,,,,,,,
1147730,2018,2018-07-12,Sportpark Maarschalkerweerd,1,8.5,Netherlands,Uganda,SL Kalis,HDJ Siegers,G Candiru,1,0,,,,,,,,,
1147730,2018,2018-07-12,Sportpark Maarschalkerweerd,1,8.6,Netherlands,Uganda,HDJ Siegers,SL Kalis,G Candiru,1,0,,,,,,,,,
1147730,2018,2018-07-12,Sportpark Maarschalkerweerd,1,9.1,Netherlands,Uganda,HDJ Siegers,SL Kalis,S Nampiina,1,0,,,,,,,,,
1147730,2018,2018-07-12,Sportpark Maarschalkerweerd,1,9.2,Netherlands,Uganda,SL Kalis,HDJ Siegers,S Nampiina,1,0,,,,,,,,,
1147730,2018,2018-07-12,Sportpark Maarschalkerweerd,1,9.3,Netherlands,Uganda,HDJ Siegers,SL Kalis,S Nampiina,1,0,,,,,,,,,
1147730,2018,2018-07-12,Sportpark Maarschalkerweerd,1,9.4,Netherlands,Uganda,SL Kalis,HDJ Siegers,S Nampiina,1,0,,,,,,,,,
1147730,2018,2018-07-12,Sportpark Maarschalkerweerd,1,9.5,Netherlands,Uganda,HDJ Siegers,SL Kalis,S Nampiina,2,0,,,,,,,,,
1147730,2018,2018-07-12,Sportpark Maarschalkerweerd,1,9.6,Netherlands,Uganda,HDJ Siegers,SL Kalis,S Nampiina,4,0,,,,,,,,,
1147730,2018,2018-07-12,Sportpark Maarschalkerweerd,1,10.1,Netherlands,Uganda,SL Kalis,HDJ Siegers,G Candiru,4,0,,,,,,,,,
1147730,2018,2018-07-12,Sportpark Maarschalkerweerd,1,10.2,Netherlands,Uganda,SL Kalis,HDJ Siegers,G Candiru,1,0,,,,,,,,,
1147730,2018,2018-07-12,Sportpark Maarschalkerweerd,1,10.3,Netherlands,Uganda,HDJ Siegers,SL Kalis,G Candiru,0,0,,,,,,,,,
1147730,2018,2018-07-12,Sportpark Maarschalkerweerd,1,10.4,Netherlands,Uganda,HDJ Siegers,SL Kalis,G Candiru,0,0,,,,,,,,,
1147730,2018,2018-07-12,Sportpark Maarschalkerweerd,1,10.5,Netherlands,Uganda,HDJ Siegers,SL Kalis,G Candiru,1,0,,,,,,,,,
1147730,2018,2018-07-12,Sportpark Maarschalkerweerd,1,10.6,Netherlands,Uganda,SL Kalis,HDJ Siegers,G Candiru,1,0,,,,,,,,,
1147730,2018,2018-07-12,Sportpark Maarschalkerweerd,1,11.1,Netherlands,Uganda,SL Kalis,HDJ Siegers,R Musamali,1,0,,,,,,,,,
1147730,2018,2018-07-12,Sportpark Maarschalkerweerd,1,11.2,Netherlands,Uganda,HDJ Siegers,SL Kalis,R Musamali,4,0,,,,,,,,,
1147730,2018,2018-07-12,Sportpark Maarschalkerweerd,1,11.3,Netherlands,Uganda,HDJ Siegers,SL Kalis,R Musamali,1,0,,,,,,,,,
1147730,2018,2018-07-12,Sportpark Maarschalkerweerd,1,11.4,Netherlands,Uganda,SL Kalis,HDJ Siegers,R Musamali,4,0,,,,,,,,,
1147730,2018,2018-07-12,Sportpark Maarschalkerweerd,1,11.5,Netherlands,Uganda,SL Kalis,HDJ Siegers,R Musamali,1,0,,,,,,,,,
1147730,2018,2018-07-12,Sportpark Maarschalkerweerd,1,11.6,Netherlands,Uganda,HDJ Siegers,SL Kalis,R Musamali,1,0,,,,,,,,,
1147730,2018,2018-07-12,Sportpark Maarschalkerweerd,1,12.1,Netherlands,Uganda,HDJ Siegers,SL Kalis,G Candiru,1,0,,,,,,,,,
1147730,2018,2018-07-12,Sportpark Maarschalkerweerd,1,12.2,Netherlands,Uganda,SL Kalis,HDJ Siegers,G Candiru,1,0,,,,,,,,,
1147730,2018,2018-07-12,Sportpark Maarschalkerweerd,1,12.3,Netherlands,Uganda,HDJ Siegers,SL Kalis,G Candiru,1,0,,,,,,,,,
1147730,2018,2018-07-12,Sportpark Maarschalkerweerd,1,12.4,Netherlands,Uganda,SL Kalis,HDJ Siegers,G Candiru,1,0,,,,,,,,,
1147730,2018,2018-07-12,Sportpark Maarschalkerweerd,1,12.5,Netherlands,Uganda,HDJ Siegers,SL Kalis,G Candiru,1,0,,,,,,,,,
1147730,2018,2018-07-12,Sportpark Maarschalkerweerd,1,12.6,Netherlands,Uganda,SL Kalis,HDJ Siegers,G Candiru,4,0,,,,,,,,,
1147730,2018,2018-07-12,Sportpark Maarschalkerweerd,1,13.1,Netherlands,Uganda,HDJ Siegers,SL Kalis,R Musamali,1,0,,,,,,,,,
1147730,2018,2018-07-12,Sportpark Maarschalkerweerd,1,13.2,Netherlands,Uganda,SL Kalis,HDJ Siegers,R Musamali,1,0,,,,,,,,,
1147730,2018,2018-07-12,Sportpark Maarschalkerweerd,1,13.3,Netherlands,Uganda,HDJ Siegers,SL Kalis,R Musamali,4,0,,,,,,,,,
1147730,2018,2018-07-12,Sportpark Maarschalkerweerd,1,13.4,Netherlands,Uganda,HDJ Siegers,SL Kalis,R Musamali,0,0,,,,,,bowled,HDJ Siegers,,
1147730,2018,2018-07-12,Sportpark Maarschalkerweerd,1,13.5,Netherlands,Uganda,D Hannema,SL Kalis,R Musamali,0,0,,,,,,,,,
1147730,2018,2018-07-12,Sportpark Maarschalkerweerd,1,13.6,Netherlands,Uganda,D Hannema,SL Kalis,R Musamali,1,0,,,,,,,,,
1147730,2018,2018-07-12,Sportpark Maarschalkerweerd,1,14.1,Netherlands,Uganda,D Hannema,SL Kalis,I Nakisuuyi,0,0,,,,,,,,,
1147730,2018,2018-07-12,Sportpark Maarschalkerweerd,1,14.2,Netherlands,Uganda,D Hannema,SL Kalis,I Nakisuuyi,1,0,,,,,,,,,
1147730,2018,2018-07-12,Sportpark Maarschalkerweerd,1,14.3,Netherlands,Uganda,SL Kalis,D Hannema,I Nakisuuyi,0,1,1,,,,,,,,
1147730,2018,2018-07-12,Sportpark Maarschalkerweerd,1,14.4,Netherlands,Uganda,SL Kalis,D Hannema,I Nakisuuyi,1,0,,,,,,,,,
1147730,2018,2018-07-12,Sportpark Maarschalkerweerd,1,14.5,Netherlands,Uganda,D Hannema,SL Kalis,I Nakisuuyi,1,0,,,,,,,,,
1147730,2018,2018-07-12,Sportpark Maarschalkerweerd,1,14.6,Netherlands,Uganda,SL Kalis,D Hannema,I Nakisuuyi,1,0,,,,,,,,,
1147730,2018,2018-07-12,Sportpark Maarschalkerweerd,1,14.7,Netherlands,Uganda,D Hannema,SL Kalis,I Nakisuuyi,1,0,,,,,,,,,
1147730,2018,2018-07-12,Sportpark Maarschalkerweerd,1,15.1,Netherlands,Uganda,D Hannema,SL Kalis,R Musamali,1,0,,,,,,,,,
1147730,2018,2018-07-12,Sportpark Maarschalkerweerd,1,15.2,Netherlands,Uganda,SL Kalis,D Hannema,R Musamali,0,0,,,,,,,,,
1147730,2018,2018-07-12,Sportpark Maarschalkerweerd,1,15.3,Netherlands,Uganda,SL Kalis,D Hannema,R Musamali,1,0,,,,,,,,,
1147730,2018,2018-07-12,Sportpark Maarschalkerweerd,1,15.4,Netherlands,Uganda,D Hannema,SL Kalis,R Musamali,1,0,,,,,,,,,
1147730,2018,2018-07-12,Sportpark Maarschalkerweerd,1,15.5,Netherlands,Uganda,SL Kalis,D Hannema,R Musamali,1,0,,,,,,,,,
1147730,2018,2018-07-12,Sportpark Maarschalkerweerd,1,15.6,Netherlands,Uganda,D Hannema,SL Kalis,R Musamali,2,0,,,,,,,,,
1147730,2018,2018-07-12,Sportpark Maarschalkerweerd,1,16.1,Netherlands,Uganda,SL Kalis,D Hannema,I Nakisuuyi,1,0,,,,,,,,,
1147730,2018,2018-07-12,Sportpark Maarschalkerweerd,1,16.2,Netherlands,Uganda,D Hannema,SL Kalis,I Nakisuuyi,0,0,,,,,,,,,
1147730,2018,2018-07-12,Sportpark Maarschalkerweerd,1,16.3,Netherlands,Uganda,D Hannema,SL Kalis,I Nakisuuyi,2,0,,,,,,,,,
1147730,2018,2018-07-12,Sportpark Maarschalkerweerd,1,16.4,Netherlands,Uganda,D Hannema,SL Kalis,I Nakisuuyi,0,0,,,,,,,,,
1147730,2018,2018-07-12,Sportpark Maarschalkerweerd,1,16.5,Netherlands,Uganda,D Hannema,SL Kalis,I Nakisuuyi,1,0,,,,,,,,,
1147730,2018,2018-07-12,Sportpark Maarschalkerweerd,1,16.6,Netherlands,Uganda,SL Kalis,D Hannema,I Nakisuuyi,0,0,,,,,,,,,
1147730,2018,2018-07-12,Sportpark Maarschalkerweerd,1,17.1,Netherlands,Uganda,D Hannema,SL Kalis,C Namugenyi,1,0,,,,,,,,,
1147730,2018,2018-07-12,Sportpark Maarschalkerweerd,1,17.2,Netherlands,Uganda,SL Kalis,D Hannema,C Namugenyi,0,0,,,,,,,,,
1147730,2018,2018-07-12,Sportpark Maarschalkerweerd,1,17.3,Netherlands,Uganda,SL Kalis,D Hannema,C Namugenyi,0,0,,,,,,run out,SL Kalis,,
1147730,2018,2018-07-12,Sportpark Maarschalkerweerd,1,17.4,Netherlands,Uganda,R Rijke,D Hannema,C Namugenyi,0,0,,,,,,,,,
1147730,2018,2018-07-12,Sportpark Maarschalkerweerd,1,17.5,Netherlands,Uganda,R Rijke,D Hannema,C Namugenyi,0,1,1,,,,,,,,
1147730,2018,2018-07-12,Sportpark Maarschalkerweerd,1,17.6,Netherlands,Uganda,R Rijke,D Hannema,C Namugenyi,1,0,,,,,,,,,
1147730,2018,2018-07-12,Sportpark Maarschalkerweerd,1,17.7,Netherlands,Uganda,D Hannema,R Rijke,C Namugenyi,1,0,,,,,,,,,
1147730,2018,2018-07-12,Sportpark Maarschalkerweerd,1,18.1,Netherlands,Uganda,D Hannema,R Rijke,I Nakisuuyi,0,0,,,,,,stumped,D Hannema,,
1147730,2018,2018-07-12,Sportpark Maarschalkerweerd,1,18.2,Netherlands,Uganda,CC van Slobbe,R Rijke,I Nakisuuyi,0,0,,,,,,,,,
1147730,2018,2018-07-12,Sportpark Maarschalkerweerd,1,18.3,Netherlands,Uganda,CC van Slobbe,R Rijke,I Nakisuuyi,1,0,,,,,,,,,
1147730,2018,2018-07-12,Sportpark Maarschalkerweerd,1,18.4,Netherlands,Uganda,R Rijke,CC van Slobbe,I Nakisuuyi,0,0,,,,,,,,,
1147730,2018,2018-07-12,Sportpark Maarschalkerweerd,1,18.5,Netherlands,Uganda,R Rijke,CC van Slobbe,I Nakisuuyi,1,0,,,,,,,,,
1147730,2018,2018-07-12,Sportpark Maarschalkerweerd,1,18.6,Netherlands,Uganda,CC van Slobbe,R Rijke,I Nakisuuyi,1,0,,,,,,,,,
1147730,2018,2018-07-12,Sportpark Maarschalkerweerd,1,19.1,Netherlands,Uganda,CC van Slobbe,R Rijke,R Musamali,1,0,,,,,,,,,
1147730,2018,2018-07-12,Sportpark Maarschalkerweerd,1,19.2,Netherlands,Uganda,R Rijke,CC van Slobbe,R Musamali,4,0,,,,,,,,,
1147730,2018,2018-07-12,Sportpark Maarschalkerweerd,1,19.3,Netherlands,Uganda,R Rijke,CC van Slobbe,R Musamali,1,0,,,,,,,,,
1147730,2018,2018-07-12,Sportpark Maarschalkerweerd,1,19.4,Netherlands,Uganda,CC van Slobbe,R Rijke,R Musamali,1,0,,,,,,,,,
1147730,2018,2018-07-12,Sportpark Maarschalkerweerd,1,19.5,Netherlands,Uganda,R Rijke,CC van Slobbe,R Musamali,1,0,,,,,,,,,
1147730,2018,2018-07-12,Sportpark Maarschalkerweerd,1,19.6,Netherlands,Uganda,CC van Slobbe,R Rijke,R Musamali,1,0,,,,,,,,,
1147730,2018,2018-07-12,Sportpark Maarschalkerweerd,2,0.1,Uganda,Netherlands,R Ntono,J Mbabazi,Mariska Kornet,0,0,,,,,,,,,
1147730,2018,2018-07-12,Sportpark Maarschalkerweerd,2,0.2,Uganda,Netherlands,R Ntono,J Mbabazi,Mariska Kornet,4,0,,,,,,,,,
1147730,2018,2018-07-12,Sportpark Maarschalkerweerd,2,0.3,Uganda,Netherlands,R Ntono,J Mbabazi,Mariska Kornet,1,0,,,,,,,,,
1147730,2018,2018-07-12,Sportpark Maarschalkerweerd,2,0.4,Uganda,Netherlands,J Mbabazi,R Ntono,Mariska Kornet,0,0,,,,,,,,,
1147730,2018,2018-07-12,Sportpark Maarschalkerweerd,2,0.5,Uganda,Netherlands,J Mbabazi,R Ntono,Mariska Kornet,4,0,,,,,,,,,
1147730,2018,2018-07-12,Sportpark Maarschalkerweerd,2,0.6,Uganda,Netherlands,J Mbabazi,R Ntono,Mariska Kornet,0,0,,,,,,,,,
1147730,2018,2018-07-12,Sportpark Maarschalkerweerd,2,1.1,Uganda,Netherlands,R Ntono,J Mbabazi,HDJ Siegers,0,0,,,,,,,,,
1147730,2018,2018-07-12,Sportpark Maarschalkerweerd,2,1.2,Uganda,Netherlands,R Ntono,J Mbabazi,HDJ Siegers,0,0,,,,,,,,,
1147730,2018,2018-07-12,Sportpark Maarschalkerweerd,2,1.3,Uganda,Netherlands,R Ntono,J Mbabazi,HDJ Siegers,0,0,,,,,,,,,
1147730,2018,2018-07-12,Sportpark Maarschalkerweerd,2,1.4,Uganda,Netherlands,R Ntono,J Mbabazi,HDJ Siegers,0,0,,,,,,,,,
1147730,2018,2018-07-12,Sportpark Maarschalkerweerd,2,1.5,Uganda,Netherlands,R Ntono,J Mbabazi,HDJ Siegers,0,0,,,,,,,,,
1147730,2018,2018-07-12,Sportpark Maarschalkerweerd,2,1.6,Uganda,Netherlands,R Ntono,J Mbabazi,HDJ Siegers,0,0,,,,,,,,,
1147730,2018,2018-07-12,Sportpark Maarschalkerweerd,2,2.1,Uganda,Netherlands,J Mbabazi,R Ntono,Mariska Kornet,0,0,,,,,,,,,
1147730,2018,2018-07-12,Sportpark Maarschalkerweerd,2,2.2,Uganda,Netherlands,J Mbabazi,R Ntono,Mariska Kornet,1,0,,,,,,,,,
1147730,2018,2018-07-12,Sportpark Maarschalkerweerd,2,2.3,Uganda,Netherlands,R Ntono,J Mbabazi,Mariska Kornet,0,0,,,,,,,,,
1147730,2018,2018-07-12,Sportpark Maarschalkerweerd,2,2.4,Uganda,Netherlands,R Ntono,J Mbabazi,Mariska Kornet,1,0,,,,,,,,,
1147730,2018,2018-07-12,Sportpark Maarschalkerweerd,2,2.5,Uganda,Netherlands,J Mbabazi,R Ntono,Mariska Kornet,0,0,,,,,,run out,J Mbabazi,,
1147730,2018,2018-07-12,Sportpark Maarschalkerweerd,2,2.6,Uganda,Netherlands,R Ntono,G Candiru,Mariska Kornet,2,0,,,,,,,,,
1147730,2018,2018-07-12,Sportpark Maarschalkerweerd,2,3.1,Uganda,Netherlands,G Candiru,R Ntono,HDJ Siegers,1,0,,,,,,,,,
1147730,2018,2018-07-12,Sportpark Maarschalkerweerd,2,3.2,Uganda,Netherlands,R Ntono,G Candiru,HDJ Siegers,0,0,,,,,,,,,
1147730,2018,2018-07-12,Sportpark Maarschalkerweerd,2,3.3,Uganda,Netherlands,R Ntono,G Candiru,HDJ Siegers,0,0,,,,,,,,,
1147730,2018,2018-07-12,Sportpark Maarschalkerweerd,2,3.4,Uganda,Netherlands,R Ntono,G Candiru,HDJ Siegers,3,0,,,,,,,,,
1147730,2018,2018-07-12,Sportpark Maarschalkerweerd,2,3.5,Uganda,Netherlands,G Candiru,R Ntono,HDJ Siegers,0,0,,,,,,,,,
1147730,2018,2018-07-12,Sportpark Maarschalkerweerd,2,3.6,Uganda,Netherlands,G Candiru,R Ntono,HDJ Siegers,1,0,,,,,,,,,
1147730,2018,2018-07-12,Sportpark Maarschalkerweerd,2,4.1,Uganda,Netherlands,G Candiru,R Ntono,Mariska Kornet,0,0,,,,,,,,,
1147730,2018,2018-07-12,Sportpark Maarschalkerweerd,2,4.2,Uganda,Netherlands,G Candiru,R Ntono,Mariska Kornet,1,0,,,,,,,,,
1147730,2018,2018-07-12,Sportpark Maarschalkerweerd,2,4.3,Uganda,Netherlands,R Ntono,G Candiru,Mariska Kornet,1,0,,,,,,,,,
1147730,2018,2018-07-12,Sportpark Maarschalkerweerd,2,4.4,Uganda,Netherlands,G Candiru,R Ntono,Mariska Kornet,0,0,,,,,,,,,
1147730,2018,2018-07-12,Sportpark Maarschalkerweerd,2,4.5,Uganda,Netherlands,G Candiru,R Ntono,Mariska Kornet,0,0,,,,,,,,,
1147730,2018,2018-07-12,Sportpark Maarschalkerweerd,2,4.6,Uganda,Netherlands,G Candiru,R Ntono,Mariska Kornet,0,0,,,,,,,,,
1147730,2018,2018-07-12,Sportpark Maarschalkerweerd,2,5.1,Uganda,Netherlands,R Ntono,G Candiru,HDJ Siegers,0,0,,,,,,,,,
1147730,2018,2018-07-12,Sportpark Maarschalkerweerd,2,5.2,Uganda,Netherlands,R Ntono,G Candiru,HDJ Siegers,0,0,,,,,,,,,
1147730,2018,2018-07-12,Sportpark Maarschalkerweerd,2,5.3,Uganda,Netherlands,R Ntono,G Candiru,HDJ Siegers,0,0,,,,,,,,,
1147730,2018,2018-07-12,Sportpark Maarschalkerweerd,2,5.4,Uganda,Netherlands,R Ntono,G Candiru,HDJ Siegers,1,0,,,,,,,,,
1147730,2018,2018-07-12,Sportpark Maarschalkerweerd,2,5.5,Uganda,Netherlands,G Candiru,R Ntono,HDJ Siegers,1,0,,,,,,,,,
1147730,2018,2018-07-12,Sportpark Maarschalkerweerd,2,5.6,Uganda,Netherlands,R Ntono,G Candiru,HDJ Siegers,0,0,,,,,,,,,
1147730,2018,2018-07-12,Sportpark Maarschalkerweerd,2,6.1,Uganda,Netherlands,G Candiru,R Ntono,MEC de Fouw,0,0,,,,,,,,,
1147730,2018,2018-07-12,Sportpark Maarschalkerweerd,2,6.2,Uganda,Netherlands,G Candiru,R Ntono,MEC de Fouw,0,0,,,,,,,,,
1147730,2018,2018-07-12,Sportpark Maarschalkerweerd,2,6.3,Uganda,Netherlands,G Candiru,R Ntono,MEC de Fouw,1,0,,,,,,,,,
1147730,2018,2018-07-12,Sportpark Maarschalkerweerd,2,6.4,Uganda,Netherlands,R Ntono,G Candiru,MEC de Fouw,6,0,,,,,,,,,
1147730,2018,2018-07-12,Sportpark Maarschalkerweerd,2,6.5,Uganda,Netherlands,R Ntono,G Candiru,MEC de Fouw,0,0,,,,,,,,,
1147730,2018,2018-07-12,Sportpark Maarschalkerweerd,2,6.6,Uganda,Netherlands,R Ntono,G Candiru,MEC de Fouw,0,0,,,,,,lbw,R Ntono,,
1147730,2018,2018-07-12,Sportpark Maarschalkerweerd,2,7.1,Uganda,Netherlands,G Candiru,I Nakisuuyi,CC van Slobbe,0,2,2,,,,,,,,
1147730,2018,2018-07-12,Sportpark Maarschalkerweerd,2,7.2,Uganda,Netherlands,I Nakisuuyi,G Candiru,CC van Slobbe,0,0,,,,,,,,,
1147730,2018,2018-07-12,Sportpark Maarschalkerweerd,2,7.3,Uganda,Netherlands,I Nakisuuyi,G Candiru,CC van Slobbe,0,0,,,,,,,,,
1147730,2018,2018-07-12,Sportpark Maarschalkerweerd,2,7.4,Uganda,Netherlands,I Nakisuuyi,G Candiru,CC van Slobbe,0,1,1,,,,,,,,
1147730,2018,2018-07-12,Sportpark Maarschalkerweerd,2,7.5,Uganda,Netherlands,I Nakisuuyi,G Candiru,CC van Slobbe,0,0,,,,,,,,,
1147730,2018,2018-07-12,Sportpark Maarschalkerweerd,2,7.6,Uganda,Netherlands,I Nakisuuyi,G Candiru,CC van Slobbe,0,0,,,,,,,,,
1147730,2018,2018-07-12,Sportpark Maarschalkerweerd,2,7.7,Uganda,Netherlands,I Nakisuuyi,G Candiru,CC van Slobbe,0,0,,,,,,,,,
1147730,2018,2018-07-12,Sportpark Maarschalkerweerd,2,7.8,Uganda,Netherlands,I Nakisuuyi,G Candiru,CC van Slobbe,0,0,,,,,,,,,
1147730,2018,2018-07-12,Sportpark Maarschalkerweerd,2,8.1,Uganda,Netherlands,G Candiru,I Nakisuuyi,MEC de Fouw,1,0,,,,,,,,,
1147730,2018,2018-07-12,Sportpark Maarschalkerweerd,2,8.2,Uganda,Netherlands,I Nakisuuyi,G Candiru,MEC de Fouw,1,0,,,,,,,,,
1147730,2018,2018-07-12,Sportpark Maarschalkerweerd,2,8.3,Uganda,Netherlands,G Candiru,I Nakisuuyi,MEC de Fouw,0,0,,,,,,,,,
1147730,2018,2018-07-12,Sportpark Maarschalkerweerd,2,8.4,Uganda,Netherlands,G Candiru,I Nakisuuyi,MEC de Fouw,1,0,,,,,,,,,
1147730,2018,2018-07-12,Sportpark Maarschalkerweerd,2,8.5,Uganda,Netherlands,I Nakisuuyi,G Candiru,MEC de Fouw,0,0,,,,,,,,,
1147730,2018,2018-07-12,Sportpark Maarschalkerweerd,2,8.6,Uganda,Netherlands,I Nakisuuyi,G Candiru,MEC de Fouw,1,0,,,,,,,,,
1147730,2018,2018-07-12,Sportpark Maarschalkerweerd,2,9.1,Uganda,Netherlands,I Nakisuuyi,G Candiru,CC van Slobbe,2,0,,,,,,,,,
1147730,2018,2018-07-12,Sportpark Maarschalkerweerd,2,9.2,Uganda,Netherlands,I Nakisuuyi,G Candiru,CC van Slobbe,1,0,,,,,,,,,
1147730,2018,2018-07-12,Sportpark Maarschalkerweerd,2,9.3,Uganda,Netherlands,G Candiru,I Nakisuuyi,CC van Slobbe,1,0,,,,,,,,,
1147730,2018,2018-07-12,Sportpark Maarschalkerweerd,2,9.4,Uganda,Netherlands,I Nakisuuyi,G Candiru,CC van Slobbe,0,1,1,,,,,,,,
1147730,2018,2018-07-12,Sportpark Maarschalkerweerd,2,9.5,Uganda,Netherlands,I Nakisuuyi,G Candiru,CC van Slobbe,4,0,,,,,,,,,
1147730,2018,2018-07-12,Sportpark Maarschalkerweerd,2,9.6,Uganda,Netherlands,I Nakisuuyi,G Candiru,CC van Slobbe,0,0,,,,,,,,,
1147730,2018,2018-07-12,Sportpark Maarschalkerweerd,2,9.7,Uganda,Netherlands,I Nakisuuyi,G Candiru,CC van Slobbe,0,0,,,,,,,,,
1147730,2018,2018-07-12,Sportpark Maarschalkerweerd,2,10.1,Uganda,Netherlands,G Candiru,I Nakisuuyi,MEC de Fouw,0,0,,,,,,,,,
1147730,2018,2018-07-12,Sportpark Maarschalkerweerd,2,10.2,Uganda,Netherlands,G Candiru,I Nakisuuyi,MEC de Fouw,0,0,,,,,,,,,
1147730,2018,2018-07-12,Sportpark Maarschalkerweerd,2,10.3,Uganda,Netherlands,G Candiru,I Nakisuuyi,MEC de Fouw,1,0,,,,,,,,,
1147730,2018,2018-07-12,Sportpark Maarschalkerweerd,2,10.4,Uganda,Netherlands,I Nakisuuyi,G Candiru,MEC de Fouw,1,0,,,,,,,,,
1147730,2018,2018-07-12,Sportpark Maarschalkerweerd,2,10.5,Uganda,Netherlands,G Candiru,I Nakisuuyi,MEC de Fouw,1,0,,,,,,,,,
1147730,2018,2018-07-12,Sportpark Maarschalkerweerd,2,10.6,Uganda,Netherlands,I Nakisuuyi,G Candiru,MEC de Fouw,0,0,,,,,,,,,
1147730,2018,2018-07-12,Sportpark Maarschalkerweerd,2,11.1,Uganda,Netherlands,G Candiru,I Nakisuuyi,S Siegers,0,0,,,,,,,,,
1147730,2018,2018-07-12,Sportpark Maarschalkerweerd,2,11.2,Uganda,Netherlands,G Candiru,I Nakisuuyi,S Siegers,1,0,,,,,,,,,
1147730,2018,2018-07-12,Sportpark Maarschalkerweerd,2,11.3,Uganda,Netherlands,I Nakisuuyi,G Candiru,S Siegers,1,0,,,,,,,,,
1147730,2018,2018-07-12,Sportpark Maarschalkerweerd,2,11.4,Uganda,Netherlands,G Candiru,I Nakisuuyi,S Siegers,1,0,,,,,,,,,
1147730,2018,2018-07-12,Sportpark Maarschalkerweerd,2,11.5,Uganda,Netherlands,I Nakisuuyi,G Candiru,S Siegers,4,0,,,,,,,,,
1147730,2018,2018-07-12,Sportpark Maarschalkerweerd,2,11.6,Uganda,Netherlands,I Nakisuuyi,G Candiru,S Siegers,0,3,3,,,,,,,,
1147730,2018,2018-07-12,Sportpark Maarschalkerweerd,2,11.7,Uganda,Netherlands,I Nakisuuyi,G Candiru,S Siegers,1,0,,,,,,,,,
1147730,2018,2018-07-12,Sportpark Maarschalkerweerd,2,12.1,Uganda,Netherlands,I Nakisuuyi,G Candiru,MEC de Fouw,4,0,,,,,,,,,
1147730,2018,2018-07-12,Sportpark Maarschalkerweerd,2,12.2,Uganda,Netherlands,I Nakisuuyi,G Candiru,MEC de Fouw,4,0,,,,,,,,,
1147730,2018,2018-07-12,Sportpark Maarschalkerweerd,2,12.3,Uganda,Netherlands,I Nakisuuyi,G Candiru,MEC de Fouw,0,1,1,,,,,,,,
1147730,2018,2018-07-12,Sportpark Maarschalkerweerd,2,12.4,Uganda,Netherlands,I Nakisuuyi,G Candiru,MEC de Fouw,1,0,,,,,,,,,
1147730,2018,2018-07-12,Sportpark Maarschalkerweerd,2,12.5,Uganda,Netherlands,G Candiru,I Nakisuuyi,MEC de Fouw,1,0,,,,,,,,,
1147730,2018,2018-07-12,Sportpark Maarschalkerweerd,2,12.6,Uganda,Netherlands,I Nakisuuyi,G Candiru,MEC de Fouw,0,0,,,,,,,,,
1147730,2018,2018-07-12,Sportpark Maarschalkerweerd,2,12.7,Uganda,Netherlands,I Nakisuuyi,G Candiru,MEC de Fouw,0,0,,,,,,,,,
1147730,2018,2018-07-12,Sportpark Maarschalkerweerd,2,13.1,Uganda,Netherlands,G Candiru,I Nakisuuyi,EE Corder,1,0,,,,,,,,,
1147730,2018,2018-07-12,Sportpark Maarschalkerweerd,2,13.2,Uganda,Netherlands,I Nakisuuyi,G Candiru,EE Corder,1,0,,,,,,,,,
1147730,2018,2018-07-12,Sportpark Maarschalkerweerd,2,13.3,Uganda,Netherlands,G Candiru,I Nakisuuyi,EE Corder,1,0,,,,,,,,,
1147730,2018,2018-07-12,Sportpark Maarschalkerweerd,2,13.4,Uganda,Netherlands,I Nakisuuyi,G Candiru,EE Corder,0,0,,,,,,,,,
1147730,2018,2018-07-12,Sportpark Maarschalkerweerd,2,13.5,Uganda,Netherlands,I Nakisuuyi,G Candiru,EE Corder,1,0,,,,,,,,,
1147730,2018,2018-07-12,Sportpark Maarschalkerweerd,2,13.6,Uganda,Netherlands,G Candiru,I Nakisuuyi,EE Corder,1,0,,,,,,,,,
1147730,2018,2018-07-12,Sportpark Maarschalkerweerd,2,14.1,Uganda,Netherlands,G Candiru,I Nakisuuyi,CC van Slobbe,4,0,,,,,,,,,
1147730,2018,2018-07-12,Sportpark Maarschalkerweerd,2,14.2,Uganda,Netherlands,G Candiru,I Nakisuuyi,CC van Slobbe,1,0,,,,,,,,,
1147730,2018,2018-07-12,Sportpark Maarschalkerweerd,2,14.3,Uganda,Netherlands,I Nakisuuyi,G Candiru,CC van Slobbe,0,0,,,,,,caught,I Nakisuuyi,,
1147730,2018,2018-07-12,Sportpark Maarschalkerweerd,2,14.4,Uganda,Netherlands,G Candiru,F Najjumba,CC van Slobbe,2,0,,,,,,,,,
1147730,2018,2018-07-12,Sportpark Maarschalkerweerd,2,14.5,Uganda,Netherlands,G Candiru,F Najjumba,CC van Slobbe,1,0,,,,,,,,,
1147730,2018,2018-07-12,Sportpark Maarschalkerweerd,2,14.6,Uganda,Netherlands,F Najjumba,G Candiru,CC van Slobbe,4,0,,,,,,,,,
1147730,2018,2018-07-12,Sportpark Maarschalkerweerd,2,15.1,Uganda,Netherlands,G Candiru,F Najjumba,EE Corder,2,0,,,,,,,,,
1147730,2018,2018-07-12,Sportpark Maarschalkerweerd,2,15.2,Uganda,Netherlands,G Candiru,F Najjumba,EE Corder,0,0,,,,,,,,,
1147730,2018,2018-07-12,Sportpark Maarschalkerweerd,2,15.3,Uganda,Netherlands,G Candiru,F Najjumba,EE Corder,0,0,,,,,,,,,
1147730,2018,2018-07-12,Sportpark Maarschalkerweerd,2,15.4,Uganda,Netherlands,G Candiru,F Najjumba,EE Corder,4,0,,,,,,,,,
1147730,2018,2018-07-12,Sportpark Maarschalkerweerd,2,15.5,Uganda,Netherlands,G Candiru,F Najjumba,EE Corder,1,0,,,,,,,,,
1147730,2018,2018-07-12,Sportpark Maarschalkerweerd,2,15.6,Uganda,Netherlands,F Najjumba,G Candiru,EE Corder,1,0,,,,,,,,,
1147730,2018,2018-07-12,Sportpark Maarschalkerweerd,2,16.1,Uganda,Netherlands,F Najjumba,G Candiru,Mariska Kornet,1,0,,,,,,,,,
1147730,2018,2018-07-12,Sportpark Maarschalkerweerd,2,16.2,Uganda,Netherlands,G Candiru,F Najjumba,Mariska Kornet,4,0,,,,,,,,,
1147730,2018,2018-07-12,Sportpark Maarschalkerweerd,2,16.3,Uganda,Netherlands,G Candiru,F Najjumba,Mariska Kornet,0,1,1,,,,,,,,
1147730,2018,2018-07-12,Sportpark Maarschalkerweerd,2,16.4,Uganda,Netherlands,G Candiru,F Najjumba,Mariska Kornet,3,0,,,,,,,,,
1147730,2018,2018-07-12,Sportpark Maarschalkerweerd,2,16.5,Uganda,Netherlands,F Najjumba,G Candiru,Mariska Kornet,0,0,,,,,,,,,
1147730,2018,2018-07-12,Sportpark Maarschalkerweerd,2,16.6,Uganda,Netherlands,F Najjumba,G Candiru,Mariska Kornet,1,0,,,,,,,,,
1147730,2018,2018-07-12,Sportpark Maarschalkerweerd,2,16.7,Uganda,Netherlands,G Candiru,F Najjumba,Mariska Kornet,0,0,,,,,,,,,
1147730,2018,2018-07-12,Sportpark Maarschalkerweerd,2,17.1,Uganda,Netherlands,F Najjumba,G Candiru,EE Corder,0,0,,,,,,,,,
1147730,2018,2018-07-12,Sportpark Maarschalkerweerd,2,17.2,Uganda,Netherlands,F Najjumba,G Candiru,EE Corder,1,0,,,,,,,,,
1147730,2018,2018-07-12,Sportpark Maarschalkerweerd,2,17.3,Uganda,Netherlands,G Candiru,F Najjumba,EE Corder,2,0,,,,,,,,,
1147730,2018,2018-07-12,Sportpark Maarschalkerweerd,2,17.4,Uganda,Netherlands,G Candiru,F Najjumba,EE Corder,2,0,,,,,,run out,F Najjumba,,
1147730,2018,2018-07-12,Sportpark Maarschalkerweerd,2,17.5,Uganda,Netherlands,G Candiru,R Musamali,EE Corder,1,0,,,,,,,,,
1147730,2018,2018-07-12,Sportpark Maarschalkerweerd,2,17.6,Uganda,Netherlands,R Musamali,G Candiru,EE Corder,1,0,,,,,,,,,
1147730,2018,2018-07-12,Sportpark Maarschalkerweerd,2,18.1,Uganda,Netherlands,R Musamali,G Candiru,CC van Slobbe,2,0,,,,,,,,,
1147730,2018,2018-07-12,Sportpark Maarschalkerweerd,2,18.2,Uganda,Netherlands,R Musamali,G Candiru,CC van Slobbe,0,0,,,,,,,,,
1147730,2018,2018-07-12,Sportpark Maarschalkerweerd,2,18.3,Uganda,Netherlands,R Musamali,G Candiru,CC van Slobbe,4,0,,,,,,,,,
1147730,2018,2018-07-12,Sportpark Maarschalkerweerd,2,18.4,Uganda,Netherlands,R Musamali,G Candiru,CC van Slobbe,0,1,1,,,,,,,,
