match_id,season,start_date,venue,innings,ball,batting_team,bowling_team,striker,non_striker,bowler,runs_off_bat,extras,wides,noballs,byes,legbyes,penalty,wicket_type,player_dismissed,other_wicket_type,other_player_dismissed
1147729,2018,2018-07-12,VRA Ground,1,0.1,Ireland,Papua New Guinea,CMA Shillington,CNIM Joyce,M Tom,0,0,,,,,,,,,
1147729,2018,2018-07-12,VRA Ground,1,0.2,Ireland,Papua New Guinea,CMA Shillington,CNIM Joyce,M Tom,0,0,,,,,,caught,CMA Shillington,,
1147729,2018,2018-07-12,VRA Ground,1,0.3,Ireland,Papua New Guinea,GH Lewis,CNIM Joyce,M Tom,0,0,,,,,,,,,
1147729,2018,2018-07-12,VRA Ground,1,0.4,Ireland,Papua New Guinea,GH Lewis,CNIM Joyce,M Tom,0,0,,,,,,,,,
1147729,2018,2018-07-12,VRA Ground,1,0.5,Ireland,Papua New Guinea,GH Lewis,CNIM Joyce,M Tom,4,0,,,,,,,,,
1147729,2018,2018-07-12,VRA Ground,1,0.6,Ireland,Papua New Guinea,GH Lewis,CNIM Joyce,M Tom,0,0,,,,,,,,,
1147729,2018,2018-07-12,VRA Ground,1,1.1,Ireland,Papua New Guinea,CNIM Joyce,GH Lewis,R Oa,0,0,,,,,,,,,
1147729,2018,2018-07-12,VRA Ground,1,1.2,Ireland,Papua New Guinea,CNIM Joyce,GH Lewis,R Oa,0,0,,,,,,,,,
1147729,2018,2018-07-12,VRA Ground,1,1.3,Ireland,Papua New Guinea,CNIM Joyce,GH Lewis,R Oa,0,0,,,,,,,,,
1147729,2018,2018-07-12,VRA Ground,1,1.4,Ireland,Papua New Guinea,CNIM Joyce,GH Lewis,R Oa,0,0,,,,,,,,,
1147729,2018,2018-07-12,VRA Ground,1,1.5,Ireland,Papua New Guinea,CNIM Joyce,GH Lewis,R Oa,1,0,,,,,,,,,
1147729,2018,2018-07-12,VRA Ground,1,1.6,Ireland,Papua New Guinea,GH Lewis,CNIM Joyce,R Oa,0,0,,,,,,,,,
1147729,2018,2018-07-12,VRA Ground,1,2.1,Ireland,Papua New Guinea,CNIM Joyce,GH Lewis,M Tom,4,0,,,,,,,,,
1147729,2018,2018-07-12,VRA Ground,1,2.2,Ireland,Papua New Guinea,CNIM Joyce,GH Lewis,M Tom,0,0,,,,,,,,,
1147729,2018,2018-07-12,VRA Ground,1,2.3,Ireland,Papua New Guinea,CNIM Joyce,GH Lewis,M Tom,1,0,,,,,,,,,
1147729,2018,2018-07-12,VRA Ground,1,2.4,Ireland,Papua New Guinea,GH Lewis,CNIM Joyce,M Tom,0,1,1,,,,,,,,
1147729,2018,2018-07-12,VRA Ground,1,2.5,Ireland,Papua New Guinea,GH Lewis,CNIM Joyce,M Tom,0,0,,,,,,,,,
1147729,2018,2018-07-12,VRA Ground,1,2.6,Ireland,Papua New Guinea,GH Lewis,CNIM Joyce,M Tom,0,0,,,,,,,,,
1147729,2018,2018-07-12,VRA Ground,1,2.7,Ireland,Papua New Guinea,GH Lewis,CNIM Joyce,M Tom,0,0,,,,,,,,,
1147729,2018,2018-07-12,VRA Ground,1,3.1,Ireland,Papua New Guinea,CNIM Joyce,GH Lewis,R Oa,0,0,,,,,,,,,
1147729,2018,2018-07-12,VRA Ground,1,3.2,Ireland,Papua New Guinea,CNIM Joyce,GH Lewis,R Oa,0,0,,,,,,,,,
1147729,2018,2018-07-12,VRA Ground,1,3.3,Ireland,Papua New Guinea,CNIM Joyce,GH Lewis,R Oa,0,0,,,,,,,,,
1147729,2018,2018-07-12,VRA Ground,1,3.4,Ireland,Papua New Guinea,CNIM Joyce,GH Lewis,R Oa,0,0,,,,,,,,,
1147729,2018,2018-07-12,VRA Ground,1,3.5,Ireland,Papua New Guinea,CNIM Joyce,GH Lewis,R Oa,2,0,,,,,,,,,
1147729,2018,2018-07-12,VRA Ground,1,3.6,Ireland,Papua New Guinea,CNIM Joyce,GH Lewis,R Oa,0,0,,,,,,,,,
1147729,2018,2018-07-12,VRA Ground,1,4.1,Ireland,Papua New Guinea,GH Lewis,CNIM Joyce,M Tom,2,0,,,,,,,,,
1147729,2018,2018-07-12,VRA Ground,1,4.2,Ireland,Papua New Guinea,GH Lewis,CNIM Joyce,M Tom,0,0,,,,,,,,,
1147729,2018,2018-07-12,VRA Ground,1,4.3,Ireland,Papua New Guinea,GH Lewis,CNIM Joyce,M Tom,4,0,,,,,,,,,
1147729,2018,2018-07-12,VRA Ground,1,4.4,Ireland,Papua New Guinea,GH Lewis,CNIM Joyce,M Tom,4,0,,,,,,,,,
1147729,2018,2018-07-12,VRA Ground,1,4.5,Ireland,Papua New Guinea,GH Lewis,CNIM Joyce,M Tom,0,0,,,,,,,,,
1147729,2018,2018-07-12,VRA Ground,1,4.6,Ireland,Papua New Guinea,GH Lewis,CNIM Joyce,M Tom,1,0,,,,,,,,,
1147729,2018,2018-07-12,VRA Ground,1,5.1,Ireland,Papua New Guinea,GH Lewis,CNIM Joyce,S Jimmy,0,3,3,,,,,,,,
1147729,2018,2018-07-12,VRA Ground,1,5.2,Ireland,Papua New Guinea,GH Lewis,CNIM Joyce,S Jimmy,1,0,,,,,,,,,
1147729,2018,2018-07-12,VRA Ground,1,5.3,Ireland,Papua New Guinea,CNIM Joyce,GH Lewis,S Jimmy,0,0,,,,,,,,,
1147729,2018,2018-07-12,VRA Ground,1,5.4,Ireland,Papua New Guinea,CNIM Joyce,GH Lewis,S Jimmy,0,0,,,,,,,,,
1147729,2018,2018-07-12,VRA Ground,1,5.5,Ireland,Papua New Guinea,CNIM Joyce,GH Lewis,S Jimmy,0,0,,,,,,,,,
1147729,2018,2018-07-12,VRA Ground,1,5.6,Ireland,Papua New Guinea,CNIM Joyce,GH Lewis,S Jimmy,4,0,,,,,,,,,
1147729,2018,2018-07-12,VRA Ground,1,5.7,Ireland,Papua New Guinea,CNIM Joyce,GH Lewis,S Jimmy,0,0,,,,,,,,,
1147729,2018,2018-07-12,VRA Ground,1,6.1,Ireland,Papua New Guinea,GH Lewis,CNIM Joyce,K Arua,1,0,,,,,,,,,
1147729,2018,2018-07-12,VRA Ground,1,6.2,Ireland,Papua New Guinea,CNIM Joyce,GH Lewis,K Arua,0,0,,,,,,,,,
1147729,2018,2018-07-12,VRA Ground,1,6.3,Ireland,Papua New Guinea,CNIM Joyce,GH Lewis,K Arua,4,0,,,,,,,,,
1147729,2018,2018-07-12,VRA Ground,1,6.4,Ireland,Papua New Guinea,CNIM Joyce,GH Lewis,K Arua,1,0,,,,,,,,,
1147729,2018,2018-07-12,VRA Ground,1,6.5,Ireland,Papua New Guinea,GH Lewis,CNIM Joyce,K Arua,4,0,,,,,,,,,
1147729,2018,2018-07-12,VRA Ground,1,6.6,Ireland,Papua New Guinea,GH Lewis,CNIM Joyce,K Arua,1,0,,,,,,,,,
1147729,2018,2018-07-12,VRA Ground,1,7.1,Ireland,Papua New Guinea,GH Lewis,CNIM Joyce,S Jimmy,0,0,,,,,,,,,
1147729,2018,2018-07-12,VRA Ground,1,7.2,Ireland,Papua New Guinea,GH Lewis,CNIM Joyce,S Jimmy,0,0,,,,,,,,,
1147729,2018,2018-07-12,VRA Ground,1,7.3,Ireland,Papua New Guinea,GH Lewis,CNIM Joyce,S Jimmy,0,0,,,,,,,,,
1147729,2018,2018-07-12,VRA Ground,1,7.4,Ireland,Papua New Guinea,GH Lewis,CNIM Joyce,S Jimmy,2,0,,,,,,,,,
1147729,2018,2018-07-12,VRA Ground,1,7.5,Ireland,Papua New Guinea,GH Lewis,CNIM Joyce,S Jimmy,0,1,,,,1,,,,,
1147729,2018,2018-07-12,VRA Ground,1,7.6,Ireland,Papua New Guinea,CNIM Joyce,GH Lewis,S Jimmy,1,0,,,,,,,,,
1147729,2018,2018-07-12,VRA Ground,1,8.1,Ireland,Papua New Guinea,CNIM Joyce,GH Lewis,K Arua,0,0,,,,,,,,,
1147729,2018,2018-07-12,VRA Ground,1,8.2,Ireland,Papua New Guinea,CNIM Joyce,GH Lewis,K Arua,0,0,,,,,,bowled,CNIM Joyce,,
1147729,2018,2018-07-12,VRA Ground,1,8.3,Ireland,Papua New Guinea,L Delany,GH Lewis,K Arua,0,0,,,,,,,,,
1147729,2018,2018-07-12,VRA Ground,1,8.4,Ireland,Papua New Guinea,L Delany,GH Lewis,K Arua,0,0,,,,,,,,,
1147729,2018,2018-07-12,VRA Ground,1,8.5,Ireland,Papua New Guinea,L Delany,GH Lewis,K Arua,0,0,,,,,,,,,
1147729,2018,2018-07-12,VRA Ground,1,8.6,Ireland,Papua New Guinea,L Delany,GH Lewis,K Arua,0,0,,,,,,,,,
1147729,2018,2018-07-12,VRA Ground,1,9.1,Ireland,Papua New Guinea,GH Lewis,L Delany,S Jimmy,2,0,,,,,,,,,
1147729,2018,2018-07-12,VRA Ground,1,9.2,Ireland,Papua New Guinea,GH Lewis,L Delany,S Jimmy,1,0,,,,,,,,,
1147729,2018,2018-07-12,VRA Ground,1,9.3,Ireland,Papua New Guinea,L Delany,GH Lewis,S Jimmy,1,0,,,,,,,,,
1147729,2018,2018-07-12,VRA Ground,1,9.4,Ireland,Papua New Guinea,GH Lewis,L Delany,S Jimmy,0,0,,,,,,,,,
1147729,2018,2018-07-12,VRA Ground,1,9.5,Ireland,Papua New Guinea,GH Lewis,L Delany,S Jimmy,1,0,,,,,,,,,
1147729,2018,2018-07-12,VRA Ground,1,9.6,Ireland,Papua New Guinea,L Delany,GH Lewis,S Jimmy,0,0,,,,,,,,,
1147729,2018,2018-07-12,VRA Ground,1,10.1,Ireland,Papua New Guinea,GH Lewis,L Delany,K Arua,0,0,,,,,,,,,
1147729,2018,2018-07-12,VRA Ground,1,10.2,Ireland,Papua New Guinea,GH Lewis,L Delany,K Arua,4,0,,,,,,,,,
1147729,2018,2018-07-12,VRA Ground,1,10.3,Ireland,Papua New Guinea,GH Lewis,L Delany,K Arua,1,0,,,,,,,,,
1147729,2018,2018-07-12,VRA Ground,1,10.4,Ireland,Papua New Guinea,L Delany,GH Lewis,K Arua,0,0,,,,,,,,,
1147729,2018,2018-07-12,VRA Ground,1,10.5,Ireland,Papua New Guinea,L Delany,GH Lewis,K Arua,1,0,,,,,,,,,
1147729,2018,2018-07-12,VRA Ground,1,10.6,Ireland,Papua New Guinea,GH Lewis,L Delany,K Arua,1,0,,,,,,,,,
1147729,2018,2018-07-12,VRA Ground,1,11.1,Ireland,Papua New Guinea,GH Lewis,L Delany,S Jimmy,1,0,,,,,,,,,
1147729,2018,2018-07-12,VRA Ground,1,11.2,Ireland,Papua New Guinea,L Delany,GH Lewis,S Jimmy,1,0,,,,,,,,,
1147729,2018,2018-07-12,VRA Ground,1,11.3,Ireland,Papua New Guinea,GH Lewis,L Delany,S Jimmy,1,0,,,,,,,,,
1147729,2018,2018-07-12,VRA Ground,1,11.4,Ireland,Papua New Guinea,L Delany,GH Lewis,S Jimmy,0,0,,,,,,run out,GH Lewis,,
1147729,2018,2018-07-12,VRA Ground,1,11.5,Ireland,Papua New Guinea,L Delany,IMHC Joyce,S Jimmy,0,0,,,,,,,,,
1147729,2018,2018-07-12,VRA Ground,1,11.6,Ireland,Papua New Guinea,L Delany,IMHC Joyce,S Jimmy,0,0,,,,,,,,,
1147729,2018,2018-07-12,VRA Ground,1,12.1,Ireland,Papua New Guinea,IMHC Joyce,L Delany,K Arua,2,0,,,,,,,,,
1147729,2018,2018-07-12,VRA Ground,1,12.2,Ireland,Papua New Guinea,IMHC Joyce,L Delany,K Arua,1,0,,,,,,,,,
1147729,2018,2018-07-12,VRA Ground,1,12.3,Ireland,Papua New Guinea,L Delany,IMHC Joyce,K Arua,1,0,,,,,,,,,
1147729,2018,2018-07-12,VRA Ground,1,12.4,Ireland,Papua New Guinea,IMHC Joyce,L Delany,K Arua,1,0,,,,,,,,,
1147729,2018,2018-07-12,VRA Ground,1,12.5,Ireland,Papua New Guinea,L Delany,IMHC Joyce,K Arua,0,0,,,,,,,,,
1147729,2018,2018-07-12,VRA Ground,1,12.6,Ireland,Papua New Guinea,L Delany,IMHC Joyce,K Arua,0,0,,,,,,,,,
1147729,2018,2018-07-12,VRA Ground,1,13.1,Ireland,Papua New Guinea,IMHC Joyce,L Delany,V Araa,2,0,,,,,,,,,
1147729,2018,2018-07-12,VRA Ground,1,13.2,Ireland,Papua New Guinea,IMHC Joyce,L Delany,V Araa,0,0,,,,,,,,,
1147729,2018,2018-07-12,VRA Ground,1,13.3,Ireland,Papua New Guinea,IMHC Joyce,L Delany,V Araa,4,0,,,,,,,,,
1147729,2018,2018-07-12,VRA Ground,1,13.4,Ireland,Papua New Guinea,IMHC Joyce,L Delany,V Araa,0,0,,,,,,caught,IMHC Joyce,,
1147729,2018,2018-07-12,VRA Ground,1,13.5,Ireland,Papua New Guinea,L Delany,EAJ Richardson,V Araa,0,0,,,,,,,,,
1147729,2018,2018-07-12,VRA Ground,1,13.6,Ireland,Papua New Guinea,L Delany,EAJ Richardson,V Araa,0,0,,,,,,,,,
1147729,2018,2018-07-12,VRA Ground,1,14.1,Ireland,Papua New Guinea,EAJ Richardson,L Delany,V Frank,1,0,,,,,,,,,
1147729,2018,2018-07-12,VRA Ground,1,14.2,Ireland,Papua New Guinea,L Delany,EAJ Richardson,V Frank,2,0,,,,,,,,,
1147729,2018,2018-07-12,VRA Ground,1,14.3,Ireland,Papua New Guinea,L Delany,EAJ Richardson,V Frank,1,0,,,,,,,,,
1147729,2018,2018-07-12,VRA Ground,1,14.4,Ireland,Papua New Guinea,EAJ Richardson,L Delany,V Frank,0,0,,,,,,,,,
1147729,2018,2018-07-12,VRA Ground,1,14.5,Ireland,Papua New Guinea,EAJ Richardson,L Delany,V Frank,0,0,,,,,,,,,
1147729,2018,2018-07-12,VRA Ground,1,14.6,Ireland,Papua New Guinea,EAJ Richardson,L Delany,V Frank,1,0,,,,,,,,,
1147729,2018,2018-07-12,VRA Ground,1,15.1,Ireland,Papua New Guinea,EAJ Richardson,L Delany,V Araa,0,0,,,,,,,,,
1147729,2018,2018-07-12,VRA Ground,1,15.2,Ireland,Papua New Guinea,EAJ Richardson,L Delany,V Araa,0,0,,,,,,caught,EAJ Richardson,,
1147729,2018,2018-07-12,VRA Ground,1,15.3,Ireland,Papua New Guinea,L Delany,KJ Garth,V Araa,4,0,,,,,,,,,
1147729,2018,2018-07-12,VRA Ground,1,15.4,Ireland,Papua New Guinea,L Delany,KJ Garth,V Araa,1,0,,,,,,,,,
1147729,2018,2018-07-12,VRA Ground,1,15.5,Ireland,Papua New Guinea,KJ Garth,L Delany,V Araa,1,0,,,,,,,,,
1147729,2018,2018-07-12,VRA Ground,1,15.6,Ireland,Papua New Guinea,L Delany,KJ Garth,V Araa,0,0,,,,,,,,,
1147729,2018,2018-07-12,VRA Ground,1,16.1,Ireland,Papua New Guinea,KJ Garth,L Delany,V Frank,2,0,,,,,,,,,
1147729,2018,2018-07-12,VRA Ground,1,16.2,Ireland,Papua New Guinea,KJ Garth,L Delany,V Frank,0,0,,,,,,,,,
1147729,2018,2018-07-12,VRA Ground,1,16.3,Ireland,Papua New Guinea,KJ Garth,L Delany,V Frank,1,0,,,,,,,,,
1147729,2018,2018-07-12,VRA Ground,1,16.4,Ireland,Papua New Guinea,L Delany,KJ Garth,V Frank,1,0,,,,,,,,,
1147729,2018,2018-07-12,VRA Ground,1,16.5,Ireland,Papua New Guinea,KJ Garth,L Delany,V Frank,4,1,,1,,,,,,,
1147729,2018,2018-07-12,VRA Ground,1,16.6,Ireland,Papua New Guinea,KJ Garth,L Delany,V Frank,2,0,,,,,,,,,
1147729,2018,2018-07-12,VRA Ground,1,16.7,Ireland,Papua New Guinea,KJ Garth,L Delany,V Frank,0,0,,,,,,,,,
1147729,2018,2018-07-12,VRA Ground,1,17.1,Ireland,Papua New Guinea,L Delany,KJ Garth,V Araa,1,0,,,,,,,,,
1147729,2018,2018-07-12,VRA Ground,1,17.2,Ireland,Papua New Guinea,KJ Garth,L Delany,V Araa,0,0,,,,,,,,,
1147729,2018,2018-07-12,VRA Ground,1,17.3,Ireland,Papua New Guinea,KJ Garth,L Delany,V Araa,0,0,,,,,,run out,KJ Garth,,
1147729,2018,2018-07-12,VRA Ground,1,17.4,Ireland,Papua New Guinea,L Delany,SM Kavanagh,V Araa,1,0,,,,,,,,,
1147729,2018,2018-07-12,VRA Ground,1,17.5,Ireland,Papua New Guinea,SM Kavanagh,L Delany,V Araa,0,0,,,,,,,,,
1147729,2018,2018-07-12,VRA Ground,1,17.6,Ireland,Papua New Guinea,SM Kavanagh,L Delany,V Araa,0,0,,,,,,,,,
1147729,2018,2018-07-12,VRA Ground,1,18.1,Ireland,Papua New Guinea,L Delany,SM Kavanagh,R Oa,1,0,,,,,,,,,
1147729,2018,2018-07-12,VRA Ground,1,18.2,Ireland,Papua New Guinea,SM Kavanagh,L Delany,R Oa,2,0,,,,,,,,,
1147729,2018,2018-07-12,VRA Ground,1,18.3,Ireland,Papua New Guinea,SM Kavanagh,L Delany,R Oa,1,0,,,,,,,,,
1147729,2018,2018-07-12,VRA Ground,1,18.4,Ireland,Papua New Guinea,L Delany,SM Kavanagh,R Oa,1,0,,,,,,,,,
1147729,2018,2018-07-12,VRA Ground,1,18.5,Ireland,Papua New Guinea,SM Kavanagh,L Delany,R Oa,0,0,,,,,,,,,
1147729,2018,2018-07-12,VRA Ground,1,18.6,Ireland,Papua New Guinea,SM Kavanagh,L Delany,R Oa,2,0,,,,,,,,,
1147729,2018,2018-07-12,VRA Ground,1,19.1,Ireland,Papua New Guinea,L Delany,SM Kavanagh,V Araa,1,0,,,,,,,,,
1147729,2018,2018-07-12,VRA Ground,1,19.2,Ireland,Papua New Guinea,SM Kavanagh,L Delany,V Araa,1,0,,,,,,,,,
1147729,2018,2018-07-12,VRA Ground,1,19.3,Ireland,Papua New Guinea,L Delany,SM Kavanagh,V Araa,2,0,,,,,,,,,
1147729,2018,2018-07-12,VRA Ground,1,19.4,Ireland,Papua New Guinea,L Delany,SM Kavanagh,V Araa,1,0,,,,,,,,,
1147729,2018,2018-07-12,VRA Ground,1,19.5,Ireland,Papua New Guinea,SM Kavanagh,L Delany,V Araa,2,0,,,,,,,,,
1147729,2018,2018-07-12,VRA Ground,1,19.6,Ireland,Papua New Guinea,SM Kavanagh,L Delany,V Araa,2,0,,,,,,,,,
1147729,2018,2018-07-12,VRA Ground,2,0.1,Papua New Guinea,Ireland,S Jimmy,K John,IMHC Joyce,1,0,,,,,,,,,
1147729,2018,2018-07-12,VRA Ground,2,0.2,Papua New Guinea,Ireland,K John,S Jimmy,IMHC Joyce,0,0,,,,,,,,,
1147729,2018,2018-07-12,VRA Ground,2,0.3,Papua New Guinea,Ireland,K John,S Jimmy,IMHC Joyce,1,0,,,,,,,,,
1147729,2018,2018-07-12,VRA Ground,2,0.4,Papua New Guinea,Ireland,S Jimmy,K John,IMHC Joyce,1,0,,,,,,,,,
1147729,2018,2018-07-12,VRA Ground,2,0.5,Papua New Guinea,Ireland,K John,S Jimmy,IMHC Joyce,0,0,,,,,,,,,
1147729,2018,2018-07-12,VRA Ground,2,0.6,Papua New Guinea,Ireland,K John,S Jimmy,IMHC Joyce,0,0,,,,,,,,,
1147729,2018,2018-07-12,VRA Ground,2,1.1,Papua New Guinea,Ireland,S Jimmy,K John,EAJ Richardson,0,0,,,,,,,,,
1147729,2018,2018-07-12,VRA Ground,2,1.2,Papua New Guinea,Ireland,S Jimmy,K John,EAJ Richardson,1,0,,,,,,,,,
1147729,2018,2018-07-12,VRA Ground,2,1.3,Papua New Guinea,Ireland,K John,S Jimmy,EAJ Richardson,0,0,,,,,,,,,
1147729,2018,2018-07-12,VRA Ground,2,1.4,Papua New Guinea,Ireland,K John,S Jimmy,EAJ Richardson,0,0,,,,,,stumped,K John,,
1147729,2018,2018-07-12,VRA Ground,2,1.5,Papua New Guinea,Ireland,B Tau,S Jimmy,EAJ Richardson,1,0,,,,,,,,,
1147729,2018,2018-07-12,VRA Ground,2,1.6,Papua New Guinea,Ireland,S Jimmy,B Tau,EAJ Richardson,0,0,,,,,,,,,
1147729,2018,2018-07-12,VRA Ground,2,2.1,Papua New Guinea,Ireland,B Tau,S Jimmy,IMHC Joyce,0,0,,,,,,,,,
1147729,2018,2018-07-12,VRA Ground,2,2.2,Papua New Guinea,Ireland,B Tau,S Jimmy,IMHC Joyce,0,0,,,,,,,,,
1147729,2018,2018-07-12,VRA Ground,2,2.3,Papua New Guinea,Ireland,B Tau,S Jimmy,IMHC Joyce,0,0,,,,,,,,,
1147729,2018,2018-07-12,VRA Ground,2,2.4,Papua New Guinea,Ireland,B Tau,S Jimmy,IMHC Joyce,0,1,1,,,,,,,,
1147729,2018,2018-07-12,VRA Ground,2,2.5,Papua New Guinea,Ireland,B Tau,S Jimmy,IMHC Joyce,1,0,,,,,,,,,
1147729,2018,2018-07-12,VRA Ground,2,2.6,Papua New Guinea,Ireland,S Jimmy,B Tau,IMHC Joyce,0,0,,,,,,,,,
1147729,2018,2018-07-12,VRA Ground,2,2.7,Papua New Guinea,Ireland,S Jimmy,B Tau,IMHC Joyce,0,0,,,,,,caught,S Jimmy,,
1147729,2018,2018-07-12,VRA Ground,2,3.1,Papua New Guinea,Ireland,B Tau,T Ruma,EAJ Richardson,2,0,,,,,,,,,
1147729,2018,2018-07-12,VRA Ground,2,3.2,Papua New Guinea,Ireland,B Tau,T Ruma,EAJ Richardson,0,0,,,,,,,,,
1147729,2018,2018-07-12,VRA Ground,2,3.3,Papua New Guinea,Ireland,B Tau,T Ruma,EAJ Richardson,0,0,,,,,,,,,
1147729,2018,2018-07-12,VRA Ground,2,3.4,Papua New Guinea,Ireland,B Tau,T Ruma,EAJ Richardson,0,0,,,,,,,,,
1147729,2018,2018-07-12,VRA Ground,2,3.5,Papua New Guinea,Ireland,B Tau,T Ruma,EAJ Richardson,1,0,,,,,,,,,
1147729,2018,2018-07-12,VRA Ground,2,3.6,Papua New Guinea,Ireland,T Ruma,B Tau,EAJ Richardson,2,0,,,,,,,,,
1147729,2018,2018-07-12,VRA Ground,2,4.1,Papua New Guinea,Ireland,B Tau,T Ruma,CJ Metcalfe,0,0,,,,,,,,,
1147729,2018,2018-07-12,VRA Ground,2,4.2,Papua New Guinea,Ireland,B Tau,T Ruma,CJ Metcalfe,1,0,,,,,,,,,
1147729,2018,2018-07-12,VRA Ground,2,4.3,Papua New Guinea,Ireland,T Ruma,B Tau,CJ Metcalfe,0,0,,,,,,,,,
1147729,2018,2018-07-12,VRA Ground,2,4.4,Papua New Guinea,Ireland,T Ruma,B Tau,CJ Metcalfe,0,0,,,,,,,,,
1147729,2018,2018-07-12,VRA Ground,2,4.5,Papua New Guinea,Ireland,T Ruma,B Tau,CJ Metcalfe,0,0,,,,,,,,,
1147729,2018,2018-07-12,VRA Ground,2,4.6,Papua New Guinea,Ireland,T Ruma,B Tau,CJ Metcalfe,0,1,,,,1,,,,,
1147729,2018,2018-07-12,VRA Ground,2,5.1,Papua New Guinea,Ireland,T Ruma,B Tau,LK O'Reilly,1,0,,,,,,,,,
1147729,2018,2018-07-12,VRA Ground,2,5.2,Papua New Guinea,Ireland,B Tau,T Ruma,LK O'Reilly,0,0,,,,,,,,,
1147729,2018,2018-07-12,VRA Ground,2,5.3,Papua New Guinea,Ireland,B Tau,T Ruma,LK O'Reilly,0,1,1,,,,,,,,
1147729,2018,2018-07-12,VRA Ground,2,5.4,Papua New Guinea,Ireland,B Tau,T Ruma,LK O'Reilly,0,0,,,,,,,,,
1147729,2018,2018-07-12,VRA Ground,2,5.5,Papua New Guinea,Ireland,B Tau,T Ruma,LK O'Reilly,0,0,,,,,,,,,
1147729,2018,2018-07-12,VRA Ground,2,5.6,Papua New Guinea,Ireland,B Tau,T Ruma,LK O'Reilly,1,0,,,,,,,,,
1147729,2018,2018-07-12,VRA Ground,2,5.7,Papua New Guinea,Ireland,T Ruma,B Tau,LK O'Reilly,0,0,,,,,,,,,
1147729,2018,2018-07-12,VRA Ground,2,6.1,Papua New Guinea,Ireland,B Tau,T Ruma,CJ Metcalfe,1,0,,,,,,,,,
1147729,2018,2018-07-12,VRA Ground,2,6.2,Papua New Guinea,Ireland,T Ruma,B Tau,CJ Metcalfe,0,0,,,,,,,,,
1147729,2018,2018-07-12,VRA Ground,2,6.3,Papua New Guinea,Ireland,T Ruma,B Tau,CJ Metcalfe,0,1,1,,,,,,,,
1147729,2018,2018-07-12,VRA Ground,2,6.4,Papua New Guinea,Ireland,T Ruma,B Tau,CJ Metcalfe,0,0,,,,,,,,,
1147729,2018,2018-07-12,VRA Ground,2,6.5,Papua New Guinea,Ireland,T Ruma,B Tau,CJ Metcalfe,0,1,1,,,,,,,,
1147729,2018,2018-07-12,VRA Ground,2,6.6,Papua New Guinea,Ireland,T Ruma,B Tau,CJ Metcalfe,0,0,,,,,,,,,
1147729,2018,2018-07-12,VRA Ground,2,6.7,Papua New Guinea,Ireland,T Ruma,B Tau,CJ Metcalfe,1,0,,,,,,,,,
1147729,2018,2018-07-12,VRA Ground,2,6.8,Papua New Guinea,Ireland,B Tau,T Ruma,CJ Metcalfe,0,0,,,,,,,,,
1147729,2018,2018-07-12,VRA Ground,2,7.1,Papua New Guinea,Ireland,T Ruma,B Tau,L Delany,1,0,,,,,,,,,
1147729,2018,2018-07-12,VRA Ground,2,7.2,Papua New Guinea,Ireland,B Tau,T Ruma,L Delany,0,0,,,,,,,,,
1147729,2018,2018-07-12,VRA Ground,2,7.3,Papua New Guinea,Ireland,B Tau,T Ruma,L Delany,0,0,,,,,,,,,
1147729,2018,2018-07-12,VRA Ground,2,7.4,Papua New Guinea,Ireland,B Tau,T Ruma,L Delany,0,0,,,,,,,,,
1147729,2018,2018-07-12,VRA Ground,2,7.5,Papua New Guinea,Ireland,B Tau,T Ruma,L Delany,0,0,,,,,,,,,
1147729,2018,2018-07-12,VRA Ground,2,7.6,Papua New Guinea,Ireland,B Tau,T Ruma,L Delany,0,0,,,,,,,,,
1147729,2018,2018-07-12,VRA Ground,2,8.1,Papua New Guinea,Ireland,T Ruma,B Tau,KJ Garth,0,0,,,,,,,,,
1147729,2018,2018-07-12,VRA Ground,2,8.2,Papua New Guinea,Ireland,T Ruma,B Tau,KJ Garth,1,0,,,,,,,,,
1147729,2018,2018-07-12,VRA Ground,2,8.3,Papua New Guinea,Ireland,B Tau,T Ruma,KJ Garth,4,0,,,,,,,,,
1147729,2018,2018-07-12,VRA Ground,2,8.4,Papua New Guinea,Ireland,B Tau,T Ruma,KJ Garth,0,1,1,,,,,,,,
1147729,2018,2018-07-12,VRA Ground,2,8.5,Papua New Guinea,Ireland,B Tau,T Ruma,KJ Garth,0,0,,,,,,,,,
1147729,2018,2018-07-12,VRA Ground,2,8.6,Papua New Guinea,Ireland,B Tau,T Ruma,KJ Garth,0,1,1,,,,,,,,
1147729,2018,2018-07-12,VRA Ground,2,8.7,Papua New Guinea,Ireland,B Tau,T Ruma,KJ Garth,0,0,,,,,,,,,
1147729,2018,2018-07-12,VRA Ground,2,8.8,Papua New Guinea,Ireland,B Tau,T Ruma,KJ Garth,0,0,,,,,,,,,
1147729,2018,2018-07-12,VRA Ground,2,9.1,Papua New Guinea,Ireland,T Ruma,B Tau,L Delany,1,0,,,,,,,,,
1147729,2018,2018-07-12,VRA Ground,2,9.2,Papua New Guinea,Ireland,B Tau,T Ruma,L Delany,1,0,,,,,,,,,
1147729,2018,2018-07-12,VRA Ground,2,9.3,Papua New Guinea,Ireland,T Ruma,B Tau,L Delany,1,0,,,,,,,,,
1147729,2018,2018-07-12,VRA Ground,2,9.4,Papua New Guinea,Ireland,B Tau,T Ruma,L Delany,0,0,,,,,,,,,
1147729,2018,2018-07-12,VRA Ground,2,9.5,Papua New Guinea,Ireland,B Tau,T Ruma,L Delany,1,0,,,,,,,,,
1147729,2018,2018-07-12,VRA Ground,2,9.6,Papua New Guinea,Ireland,T Ruma,B Tau,L Delany,0,0,,,,,,,,,
1147729,2018,2018-07-12,VRA Ground,2,10.1,Papua New Guinea,Ireland,B Tau,T Ruma,KJ Garth,1,0,,,,,,,,,
1147729,2018,2018-07-12,VRA Ground,2,10.2,Papua New Guinea,Ireland,T Ruma,B Tau,KJ Garth,1,0,,,,,,,,,
1147729,2018,2018-07-12,VRA Ground,2,10.3,Papua New Guinea,Ireland,B Tau,T Ruma,KJ Garth,0,0,,,,,,,,,
1147729,2018,2018-07-12,VRA Ground,2,10.4,Papua New Guinea,Ireland,B Tau,T Ruma,KJ Garth,1,0,,,,,,,,,
1147729,2018,2018-07-12,VRA Ground,2,10.5,Papua New Guinea,Ireland,T Ruma,B Tau,KJ Garth,0,0,,,,,,,,,
1147729,2018,2018-07-12,VRA Ground,2,10.6,Papua New Guinea,Ireland,T Ruma,B Tau,KJ Garth,0,0,,,,,,,,,
1147729,2018,2018-07-12,VRA Ground,2,11.1,Papua New Guinea,Ireland,B Tau,T Ruma,EAJ Richardson,1,0,,,,,,,,,
1147729,2018,2018-07-12,VRA Ground,2,11.2,Papua New Guinea,Ireland,T Ruma,B Tau,EAJ Richardson,1,0,,,,,,,,,
1147729,2018,2018-07-12,VRA Ground,2,11.3,Papua New Guinea,Ireland,B Tau,T Ruma,EAJ Richardson,1,0,,,,,,,,,
1147729,2018,2018-07-12,VRA Ground,2,11.4,Papua New Guinea,Ireland,T Ruma,B Tau,EAJ Richardson,0,0,,,,,,run out,T Ruma,,
1147729,2018,2018-07-12,VRA Ground,2,11.5,Papua New Guinea,Ireland,K Arua,B Tau,EAJ Richardson,1,0,,,,,,,,,
1147729,2018,2018-07-12,VRA Ground,2,11.6,Papua New Guinea,Ireland,B Tau,K Arua,EAJ Richardson,2,0,,,,,,,,,
1147729,2018,2018-07-12,VRA Ground,2,12.1,Papua New Guinea,Ireland,K Arua,B Tau,CJ Metcalfe,1,0,,,,,,,,,
1147729,2018,2018-07-12,VRA Ground,2,12.2,Papua New Guinea,Ireland,B Tau,K Arua,CJ Metcalfe,1,0,,,,,,,,,
1147729,2018,2018-07-12,VRA Ground,2,12.3,Papua New Guinea,Ireland,K Arua,B Tau,CJ Metcalfe,1,0,,,,,,,,,
1147729,2018,2018-07-12,VRA Ground,2,12.4,Papua New Guinea,Ireland,B Tau,K Arua,CJ Metcalfe,1,0,,,,,,,,,
1147729,2018,2018-07-12,VRA Ground,2,12.5,Papua New Guinea,Ireland,K Arua,B Tau,CJ Metcalfe,1,0,,,,,,,,,
1147729,2018,2018-07-12,VRA Ground,2,12.6,Papua New Guinea,Ireland,B Tau,K Arua,CJ Metcalfe,0,0,,,,,,stumped,B Tau,,
1147729,2018,2018-07-12,VRA Ground,2,13.1,Papua New Guinea,Ireland,K Arua,V Frank,LK O'Reilly,1,0,,,,,,,,,
1147729,2018,2018-07-12,VRA Ground,2,13.2,Papua New Guinea,Ireland,V Frank,K Arua,LK O'Reilly,0,0,,,,,,,,,
1147729,2018,2018-07-12,VRA Ground,2,13.3,Papua New Guinea,Ireland,V Frank,K Arua,LK O'Reilly,1,0,,,,,,,,,
1147729,2018,2018-07-12,VRA Ground,2,13.4,Papua New Guinea,Ireland,K Arua,V Frank,LK O'Reilly,2,0,,,,,,,,,
1147729,2018,2018-07-12,VRA Ground,2,13.5,Papua New Guinea,Ireland,K Arua,V Frank,LK O'Reilly,1,0,,,,,,,,,
1147729,2018,2018-07-12,VRA Ground,2,13.6,Papua New Guinea,Ireland,V Frank,K Arua,LK O'Reilly,2,0,,,,,,,,,
1147729,2018,2018-07-12,VRA Ground,2,14.1,Papua New Guinea,Ireland,K Arua,V Frank,IMHC Joyce,3,0,,,,,,,,,
1147729,2018,2018-07-12,VRA Ground,2,14.2,Papua New Guinea,Ireland,V Frank,K Arua,IMHC Joyce,1,0,,,,,,,,,
1147729,2018,2018-07-12,VRA Ground,2,14.3,Papua New Guinea,Ireland,K Arua,V Frank,IMHC Joyce,1,0,,,,,,,,,
1147729,2018,2018-07-12,VRA Ground,2,14.4,Papua New Guinea,Ireland,V Frank,K Arua,IMHC Joyce,0,1,1,,,,,,,,
1147729,2018,2018-07-12,VRA Ground,2,14.5,Papua New Guinea,Ireland,V Frank,K Arua,IMHC Joyce,1,0,,,,,,,,,
1147729,2018,2018-07-12,VRA Ground,2,14.6,Papua New Guinea,Ireland,K Arua,V Frank,IMHC Joyce,1,0,,,,,,,,,
1147729,2018,2018-07-12,VRA Ground,2,14.7,Papua New Guinea,Ireland,V Frank,K Arua,IMHC Joyce,1,0,,,,,,,,,
1147729,2018,2018-07-12,VRA Ground,2,15.1,Papua New Guinea,Ireland,V Frank,K Arua,L Delany,1,0,,,,,,,,,
1147729,2018,2018-07-12,VRA Ground,2,15.2,Papua New Guinea,Ireland,K Arua,V Frank,L Delany,0,0,,,,,,bowled,K Arua,,
1147729,2018,2018-07-12,VRA Ground,2,15.3,Papua New Guinea,Ireland,N Vare,V Frank,L Delany,0,0,,,,,,,,,
1147729,2018,2018-07-12,VRA Ground,2,15.4,Papua New Guinea,Ireland,N Vare,V Frank,L Delany,0,0,,,,,,caught,N Vare,,
1147729,2018,2018-07-12,VRA Ground,2,15.5,Papua New Guinea,Ireland,V Frank,I Toua,L Delany,1,0,,,,,,,,,
1147729,2018,2018-07-12,VRA Ground,2,15.6,Papua New Guinea,Ireland,I Toua,V Frank,L Delany,0,0,,,,,,,,,
1147729,2018,2018-07-12,VRA Ground,2,16.1,Papua New Guinea,Ireland,V Frank,I Toua,EAJ Richardson,4,0,,,,,,,,,
1147729,2018,2018-07-12,VRA Ground,2,16.2,Papua New Guinea,Ireland,V Frank,I Toua,EAJ Richardson,1,0,,,,,,,,,
1147729,2018,2018-07-12,VRA Ground,2,16.3,Papua New Guinea,Ireland,I Toua,V Frank,EAJ Richardson,0,0,,,,,,caught,I Toua,,
1147729,2018,2018-07-12,VRA Ground,2,16.4,Papua New Guinea,Ireland,R Oa,V Frank,EAJ Richardson,1,0,,,,,,,,,
1147729,2018,2018-07-12,VRA Ground,2,16.5,Papua New Guinea,Ireland,V Frank,R Oa,EAJ Richardson,0,0,,,,,,,,,
1147729,2018,2018-07-12,VRA Ground,2,16.6,Papua New Guinea,Ireland,V Frank,R Oa,EAJ Richardson,0,1,1,,,,,,,,
1147729,2018,2018-07-12,VRA Ground,2,16.7,Papua New Guinea,Ireland,V Frank,R Oa,EAJ Richardson,2,0,,,,,,,,,
1147729,2018,2018-07-12,VRA Ground,2,17.1,Papua New Guinea,Ireland,R Oa,V Frank,LK O'Reilly,0,0,,,,,,,,,
1147729,2018,2018-07-12,VRA Ground,2,17.2,Papua New Guinea,Ireland,R Oa,V Frank,LK O'Reilly,1,0,,,,,,,,,
1147729,2018,2018-07-12,VRA Ground,2,17.3,Papua New Guinea,Ireland,V Frank,R Oa,LK O'Reilly,1,0,,,,,,,,,
1147729,2018,2018-07-12,VRA Ground,2,17.4,Papua New Guinea,Ireland,R Oa,V Frank,LK O'Reilly,0,0,,,,,,caught,R Oa,,
1147729,2018,2018-07-12,VRA Ground,2,17.5,Papua New Guinea,Ireland,V Frank,V Araa,LK O'Reilly,0,0,,,,,,caught,V Frank,,
1147729,2018,2018-07-12,VRA Ground,2,17.6,Papua New Guinea,Ireland,M Tom,V Araa,LK O'Reilly,0,1,,,1,,,,,,
1147729,2018,2018-07-12,VRA Ground,2,18.1,Papua New Guinea,Ireland,M Tom,V Araa,L Delany,3,0,,,,,,,,,
1147729,2018,2018-07-12,VRA Ground,2,18.2,Papua New Guinea,Ireland,V Araa,M Tom,L Delany,1,0,,,,,,,,,
1147729,2018,2018-07-12,VRA Ground,2,18.3,Papua New Guinea,Ireland,M Tom,V Araa,L Delany,1,0,,,,,,,,,
1147729,2018,2018-07-12,VRA Ground,2,18.4,Papua New Guinea,Ireland,V Araa,M Tom,L Delany,1,0,,,,,,,,,
1147729,2018,2018-07-12,VRA Ground,2,18.5,Papua New Guinea,Ireland,M Tom,V Araa,L Delany,1,0,,,,,,,,,
1147729,2018,2018-07-12,VRA Ground,2,18.6,Papua New Guinea,Ireland,V Araa,M Tom,L Delany,1,0,,,,,,,,,
1147729,2018,2018-07-12,VRA Ground,2,19.1,Papua New Guinea,Ireland,V Araa,M Tom,LK O'Reilly,1,0,,,,,,,,,
1147729,2018,2018-07-12,VRA Ground,2,19.2,Papua New Guinea,Ireland,M Tom,V Araa,LK O'Reilly,0,0,,,,,,caught,M Tom,,
