match_id,season,start_date,venue,innings,ball,batting_team,bowling_team,striker,non_striker,bowler,runs_off_bat,extras,wides,noballs,byes,legbyes,penalty,wicket_type,player_dismissed,other_wicket_type,other_player_dismissed
1147732,2018,2018-07-12,Sportpark Maarschalkerweerd,1,0.1,United Arab Emirates,Thailand,ER Oza,Chaya Mughal,C Sutthiruang,1,0,,,,,,,,,
1147732,2018,2018-07-12,Sportpark Maarschalkerweerd,1,0.2,United Arab Emirates,Thailand,Chaya Mughal,ER Oza,C Sutthiruang,0,0,,,,,,bowled,Chaya Mughal,,
1147732,2018,2018-07-12,Sportpark Maarschalkerweerd,1,0.3,United Arab Emirates,Thailand,Nisha Ali,ER Oza,C Sutthiruang,0,0,,,,,,,,,
1147732,2018,2018-07-12,Sportpark Maarschalkerweerd,1,0.4,United Arab Emirates,Thailand,Nisha Ali,ER Oza,C Sutthiruang,0,0,,,,,,,,,
1147732,2018,2018-07-12,Sportpark Maarschalkerweerd,1,0.5,United Arab Emirates,Thailand,Nisha Ali,ER Oza,C Sutthiruang,0,0,,,,,,,,,
1147732,2018,2018-07-12,Sportpark Maarschalkerweerd,1,0.6,United Arab Emirates,Thailand,Nisha Ali,ER Oza,C Sutthiruang,0,0,,,,,,,,,
1147732,2018,2018-07-12,Sportpark Maarschalkerweerd,1,1.1,United Arab Emirates,Thailand,ER Oza,Nisha Ali,S Tippoch,0,0,,,,,,,,,
1147732,2018,2018-07-12,Sportpark Maarschalkerweerd,1,1.2,United Arab Emirates,Thailand,ER Oza,Nisha Ali,S Tippoch,0,0,,,,,,,,,
1147732,2018,2018-07-12,Sportpark Maarschalkerweerd,1,1.3,United Arab Emirates,Thailand,ER Oza,Nisha Ali,S Tippoch,0,0,,,,,,,,,
1147732,2018,2018-07-12,Sportpark Maarschalkerweerd,1,1.4,United Arab Emirates,Thailand,ER Oza,Nisha Ali,S Tippoch,1,0,,,,,,,,,
1147732,2018,2018-07-12,Sportpark Maarschalkerweerd,1,1.5,United Arab Emirates,Thailand,Nisha Ali,ER Oza,S Tippoch,1,0,,,,,,,,,
1147732,2018,2018-07-12,Sportpark Maarschalkerweerd,1,1.6,United Arab Emirates,Thailand,ER Oza,Nisha Ali,S Tippoch,0,0,,,,,,,,,
1147732,2018,2018-07-12,Sportpark Maarschalkerweerd,1,2.1,United Arab Emirates,Thailand,Nisha Ali,ER Oza,C Sutthiruang,1,0,,,,,,,,,
1147732,2018,2018-07-12,Sportpark Maarschalkerweerd,1,2.2,United Arab Emirates,Thailand,ER Oza,Nisha Ali,C Sutthiruang,0,0,,,,,,,,,
1147732,2018,2018-07-12,Sportpark Maarschalkerweerd,1,2.3,United Arab Emirates,Thailand,ER Oza,Nisha Ali,C Sutthiruang,1,0,,,,,,,,,
1147732,2018,2018-07-12,Sportpark Maarschalkerweerd,1,2.4,United Arab Emirates,Thailand,Nisha Ali,ER Oza,C Sutthiruang,0,0,,,,,,lbw,Nisha Ali,,
1147732,2018,2018-07-12,Sportpark Maarschalkerweerd,1,2.5,United Arab Emirates,Thailand,N D'souza,ER Oza,C Sutthiruang,0,0,,,,,,,,,
1147732,2018,2018-07-12,Sportpark Maarschalkerweerd,1,2.6,United Arab Emirates,Thailand,N D'souza,ER Oza,C Sutthiruang,0,0,,,,,,,,,
1147732,2018,2018-07-12,Sportpark Maarschalkerweerd,1,3.1,United Arab Emirates,Thailand,ER Oza,N D'souza,S Tippoch,0,0,,,,,,,,,
1147732,2018,2018-07-12,Sportpark Maarschalkerweerd,1,3.2,United Arab Emirates,Thailand,ER Oza,N D'souza,S Tippoch,1,0,,,,,,,,,
1147732,2018,2018-07-12,Sportpark Maarschalkerweerd,1,3.3,United Arab Emirates,Thailand,N D'souza,ER Oza,S Tippoch,0,0,,,,,,,,,
1147732,2018,2018-07-12,Sportpark Maarschalkerweerd,1,3.4,United Arab Emirates,Thailand,N D'souza,ER Oza,S Tippoch,0,0,,,,,,,,,
1147732,2018,2018-07-12,Sportpark Maarschalkerweerd,1,3.5,United Arab Emirates,Thailand,N D'souza,ER Oza,S Tippoch,1,0,,,,,,,,,
1147732,2018,2018-07-12,Sportpark Maarschalkerweerd,1,3.6,United Arab Emirates,Thailand,ER Oza,N D'souza,S Tippoch,0,0,,,,,,,,,
1147732,2018,2018-07-12,Sportpark Maarschalkerweerd,1,4.1,United Arab Emirates,Thailand,N D'souza,ER Oza,C Sutthiruang,1,0,,,,,,,,,
1147732,2018,2018-07-12,Sportpark Maarschalkerweerd,1,4.2,United Arab Emirates,Thailand,ER Oza,N D'souza,C Sutthiruang,0,0,,,,,,,,,
1147732,2018,2018-07-12,Sportpark Maarschalkerweerd,1,4.3,United Arab Emirates,Thailand,ER Oza,N D'souza,C Sutthiruang,0,0,,,,,,,,,
1147732,2018,2018-07-12,Sportpark Maarschalkerweerd,1,4.4,United Arab Emirates,Thailand,ER Oza,N D'souza,C Sutthiruang,1,0,,,,,,,,,
1147732,2018,2018-07-12,Sportpark Maarschalkerweerd,1,4.5,United Arab Emirates,Thailand,ER Oza,N D'souza,C Sutthiruang,1,0,,,,,,,,,
1147732,2018,2018-07-12,Sportpark Maarschalkerweerd,1,4.6,United Arab Emirates,Thailand,N D'souza,ER Oza,C Sutthiruang,1,0,,,,,,,,,
1147732,2018,2018-07-12,Sportpark Maarschalkerweerd,1,5.1,United Arab Emirates,Thailand,N D'souza,ER Oza,S Tippoch,0,0,,,,,,,,,
1147732,2018,2018-07-12,Sportpark Maarschalkerweerd,1,5.2,United Arab Emirates,Thailand,N D'souza,ER Oza,S Tippoch,0,0,,,,,,,,,
1147732,2018,2018-07-12,Sportpark Maarschalkerweerd,1,5.3,United Arab Emirates,Thailand,N D'souza,ER Oza,S Tippoch,0,0,,,,,,,,,
1147732,2018,2018-07-12,Sportpark Maarschalkerweerd,1,5.4,United Arab Emirates,Thailand,N D'souza,ER Oza,S Tippoch,0,0,,,,,,,,,
1147732,2018,2018-07-12,Sportpark Maarschalkerweerd,1,5.5,United Arab Emirates,Thailand,N D'souza,ER Oza,S Tippoch,1,0,,,,,,,,,
1147732,2018,2018-07-12,Sportpark Maarschalkerweerd,1,5.6,United Arab Emirates,Thailand,ER Oza,N D'souza,S Tippoch,0,0,,,,,,,,,
1147732,2018,2018-07-12,Sportpark Maarschalkerweerd,1,6.1,United Arab Emirates,Thailand,N D'souza,ER Oza,N Boochatham,1,0,,,,,,,,,
1147732,2018,2018-07-12,Sportpark Maarschalkerweerd,1,6.2,United Arab Emirates,Thailand,ER Oza,N D'souza,N Boochatham,2,0,,,,,,,,,
1147732,2018,2018-07-12,Sportpark Maarschalkerweerd,1,6.3,United Arab Emirates,Thailand,ER Oza,N D'souza,N Boochatham,1,0,,,,,,,,,
1147732,2018,2018-07-12,Sportpark Maarschalkerweerd,1,6.4,United Arab Emirates,Thailand,N D'souza,ER Oza,N Boochatham,0,0,,,,,,,,,
1147732,2018,2018-07-12,Sportpark Maarschalkerweerd,1,6.5,United Arab Emirates,Thailand,N D'souza,ER Oza,N Boochatham,0,0,,,,,,caught,N D'souza,,
1147732,2018,2018-07-12,Sportpark Maarschalkerweerd,1,6.6,United Arab Emirates,Thailand,ER Oza,S Venkataraman,N Boochatham,0,1,,,1,,,,,,
1147732,2018,2018-07-12,Sportpark Maarschalkerweerd,1,7.1,United Arab Emirates,Thailand,ER Oza,S Venkataraman,R Padunglerd,2,0,,,,,,,,,
1147732,2018,2018-07-12,Sportpark Maarschalkerweerd,1,7.2,United Arab Emirates,Thailand,ER Oza,S Venkataraman,R Padunglerd,1,0,,,,,,,,,
1147732,2018,2018-07-12,Sportpark Maarschalkerweerd,1,7.3,United Arab Emirates,Thailand,S Venkataraman,ER Oza,R Padunglerd,0,0,,,,,,,,,
1147732,2018,2018-07-12,Sportpark Maarschalkerweerd,1,7.4,United Arab Emirates,Thailand,S Venkataraman,ER Oza,R Padunglerd,1,0,,,,,,,,,
1147732,2018,2018-07-12,Sportpark Maarschalkerweerd,1,7.5,United Arab Emirates,Thailand,ER Oza,S Venkataraman,R Padunglerd,2,0,,,,,,,,,
1147732,2018,2018-07-12,Sportpark Maarschalkerweerd,1,7.6,United Arab Emirates,Thailand,ER Oza,S Venkataraman,R Padunglerd,1,0,,,,,,,,,
1147732,2018,2018-07-12,Sportpark Maarschalkerweerd,1,8.1,United Arab Emirates,Thailand,ER Oza,S Venkataraman,N Boochatham,0,0,,,,,,,,,
1147732,2018,2018-07-12,Sportpark Maarschalkerweerd,1,8.2,United Arab Emirates,Thailand,ER Oza,S Venkataraman,N Boochatham,0,0,,,,,,,,,
1147732,2018,2018-07-12,Sportpark Maarschalkerweerd,1,8.3,United Arab Emirates,Thailand,ER Oza,S Venkataraman,N Boochatham,0,2,2,,,,,run out,ER Oza,,
1147732,2018,2018-07-12,Sportpark Maarschalkerweerd,1,8.4,United Arab Emirates,Thailand,CR Seneviratna,S Venkataraman,N Boochatham,1,0,,,,,,,,,
1147732,2018,2018-07-12,Sportpark Maarschalkerweerd,1,8.5,United Arab Emirates,Thailand,S Venkataraman,CR Seneviratna,N Boochatham,0,0,,,,,,run out,CR Seneviratna,,
1147732,2018,2018-07-12,Sportpark Maarschalkerweerd,1,8.6,United Arab Emirates,Thailand,S Venkataraman,UCKA Dona,N Boochatham,0,0,,,,,,,,,
1147732,2018,2018-07-12,Sportpark Maarschalkerweerd,1,8.7,United Arab Emirates,Thailand,S Venkataraman,UCKA Dona,N Boochatham,1,0,,,,,,,,,
1147732,2018,2018-07-12,Sportpark Maarschalkerweerd,1,9.1,United Arab Emirates,Thailand,S Venkataraman,UCKA Dona,S Laomi,0,0,,,,,,,,,
1147732,2018,2018-07-12,Sportpark Maarschalkerweerd,1,9.2,United Arab Emirates,Thailand,S Venkataraman,UCKA Dona,S Laomi,2,0,,,,,,,,,
1147732,2018,2018-07-12,Sportpark Maarschalkerweerd,1,9.3,United Arab Emirates,Thailand,S Venkataraman,UCKA Dona,S Laomi,1,0,,,,,,,,,
1147732,2018,2018-07-12,Sportpark Maarschalkerweerd,1,9.4,United Arab Emirates,Thailand,UCKA Dona,S Venkataraman,S Laomi,0,0,,,,,,,,,
1147732,2018,2018-07-12,Sportpark Maarschalkerweerd,1,9.5,United Arab Emirates,Thailand,UCKA Dona,S Venkataraman,S Laomi,0,0,,,,,,caught,UCKA Dona,,
1147732,2018,2018-07-12,Sportpark Maarschalkerweerd,1,9.6,United Arab Emirates,Thailand,H Hotchandani,S Venkataraman,S Laomi,0,0,,,,,,,,,
1147732,2018,2018-07-12,Sportpark Maarschalkerweerd,1,10.1,United Arab Emirates,Thailand,S Venkataraman,H Hotchandani,N Boochatham,0,0,,,,,,,,,
1147732,2018,2018-07-12,Sportpark Maarschalkerweerd,1,10.2,United Arab Emirates,Thailand,S Venkataraman,H Hotchandani,N Boochatham,1,0,,,,,,,,,
1147732,2018,2018-07-12,Sportpark Maarschalkerweerd,1,10.3,United Arab Emirates,Thailand,H Hotchandani,S Venkataraman,N Boochatham,1,0,,,,,,,,,
1147732,2018,2018-07-12,Sportpark Maarschalkerweerd,1,10.4,United Arab Emirates,Thailand,S Venkataraman,H Hotchandani,N Boochatham,1,0,,,,,,,,,
1147732,2018,2018-07-12,Sportpark Maarschalkerweerd,1,10.5,United Arab Emirates,Thailand,H Hotchandani,S Venkataraman,N Boochatham,0,0,,,,,,,,,
1147732,2018,2018-07-12,Sportpark Maarschalkerweerd,1,10.6,United Arab Emirates,Thailand,H Hotchandani,S Venkataraman,N Boochatham,0,0,,,,,,,,,
1147732,2018,2018-07-12,Sportpark Maarschalkerweerd,1,11.1,United Arab Emirates,Thailand,S Venkataraman,H Hotchandani,S Laomi,0,0,,,,,,,,,
1147732,2018,2018-07-12,Sportpark Maarschalkerweerd,1,11.2,United Arab Emirates,Thailand,S Venkataraman,H Hotchandani,S Laomi,0,0,,,,,,,,,
1147732,2018,2018-07-12,Sportpark Maarschalkerweerd,1,11.3,United Arab Emirates,Thailand,S Venkataraman,H Hotchandani,S Laomi,0,0,,,,,,lbw,S Venkataraman,,
1147732,2018,2018-07-12,Sportpark Maarschalkerweerd,1,11.4,United Arab Emirates,Thailand,IS Mananelage,H Hotchandani,S Laomi,1,0,,,,,,,,,
1147732,2018,2018-07-12,Sportpark Maarschalkerweerd,1,11.5,United Arab Emirates,Thailand,H Hotchandani,IS Mananelage,S Laomi,0,0,,,,,,,,,
1147732,2018,2018-07-12,Sportpark Maarschalkerweerd,1,11.6,United Arab Emirates,Thailand,H Hotchandani,IS Mananelage,S Laomi,1,0,,,,,,,,,
1147732,2018,2018-07-12,Sportpark Maarschalkerweerd,1,12.1,United Arab Emirates,Thailand,H Hotchandani,IS Mananelage,N Boochatham,0,0,,,,,,,,,
1147732,2018,2018-07-12,Sportpark Maarschalkerweerd,1,12.2,United Arab Emirates,Thailand,H Hotchandani,IS Mananelage,N Boochatham,1,0,,,,,,,,,
1147732,2018,2018-07-12,Sportpark Maarschalkerweerd,1,12.3,United Arab Emirates,Thailand,IS Mananelage,H Hotchandani,N Boochatham,1,0,,,,,,,,,
1147732,2018,2018-07-12,Sportpark Maarschalkerweerd,1,12.4,United Arab Emirates,Thailand,H Hotchandani,IS Mananelage,N Boochatham,0,0,,,,,,,,,
1147732,2018,2018-07-12,Sportpark Maarschalkerweerd,1,12.5,United Arab Emirates,Thailand,H Hotchandani,IS Mananelage,N Boochatham,1,0,,,,,,,,,
1147732,2018,2018-07-12,Sportpark Maarschalkerweerd,1,12.6,United Arab Emirates,Thailand,IS Mananelage,H Hotchandani,N Boochatham,1,0,,,,,,,,,
1147732,2018,2018-07-12,Sportpark Maarschalkerweerd,1,13.1,United Arab Emirates,Thailand,IS Mananelage,H Hotchandani,S Laomi,0,0,,,,,,,,,
1147732,2018,2018-07-12,Sportpark Maarschalkerweerd,1,13.2,United Arab Emirates,Thailand,IS Mananelage,H Hotchandani,S Laomi,1,0,,,,,,,,,
1147732,2018,2018-07-12,Sportpark Maarschalkerweerd,1,13.3,United Arab Emirates,Thailand,H Hotchandani,IS Mananelage,S Laomi,0,0,,,,,,,,,
1147732,2018,2018-07-12,Sportpark Maarschalkerweerd,1,13.4,United Arab Emirates,Thailand,H Hotchandani,IS Mananelage,S Laomi,1,0,,,,,,,,,
1147732,2018,2018-07-12,Sportpark Maarschalkerweerd,1,13.5,United Arab Emirates,Thailand,IS Mananelage,H Hotchandani,S Laomi,0,0,,,,,,,,,
1147732,2018,2018-07-12,Sportpark Maarschalkerweerd,1,13.6,United Arab Emirates,Thailand,IS Mananelage,H Hotchandani,S Laomi,0,0,,,,,,run out,H Hotchandani,,
1147732,2018,2018-07-12,Sportpark Maarschalkerweerd,1,14.1,United Arab Emirates,Thailand,IS Mananelage,Humaira Tasneem,W Liengprasert,0,0,,,,,,,,,
1147732,2018,2018-07-12,Sportpark Maarschalkerweerd,1,14.2,United Arab Emirates,Thailand,IS Mananelage,Humaira Tasneem,W Liengprasert,0,0,,,,,,,,,
1147732,2018,2018-07-12,Sportpark Maarschalkerweerd,1,14.3,United Arab Emirates,Thailand,IS Mananelage,Humaira Tasneem,W Liengprasert,1,0,,,,,,,,,
1147732,2018,2018-07-12,Sportpark Maarschalkerweerd,1,14.4,United Arab Emirates,Thailand,Humaira Tasneem,IS Mananelage,W Liengprasert,0,0,,,,,,,,,
1147732,2018,2018-07-12,Sportpark Maarschalkerweerd,1,14.5,United Arab Emirates,Thailand,Humaira Tasneem,IS Mananelage,W Liengprasert,1,0,,,,,,,,,
1147732,2018,2018-07-12,Sportpark Maarschalkerweerd,1,14.6,United Arab Emirates,Thailand,IS Mananelage,Humaira Tasneem,W Liengprasert,0,0,,,,,,,,,
1147732,2018,2018-07-12,Sportpark Maarschalkerweerd,1,15.1,United Arab Emirates,Thailand,Humaira Tasneem,IS Mananelage,S Laomi,2,0,,,,,,,,,
1147732,2018,2018-07-12,Sportpark Maarschalkerweerd,1,15.2,United Arab Emirates,Thailand,Humaira Tasneem,IS Mananelage,S Laomi,0,0,,,,,,,,,
1147732,2018,2018-07-12,Sportpark Maarschalkerweerd,1,15.3,United Arab Emirates,Thailand,Humaira Tasneem,IS Mananelage,S Laomi,0,0,,,,,,,,,
1147732,2018,2018-07-12,Sportpark Maarschalkerweerd,1,15.4,United Arab Emirates,Thailand,Humaira Tasneem,IS Mananelage,S Laomi,0,0,,,,,,,,,
1147732,2018,2018-07-12,Sportpark Maarschalkerweerd,1,15.5,United Arab Emirates,Thailand,Humaira Tasneem,IS Mananelage,S Laomi,0,0,,,,,,,,,
1147732,2018,2018-07-12,Sportpark Maarschalkerweerd,1,15.6,United Arab Emirates,Thailand,Humaira Tasneem,IS Mananelage,S Laomi,1,0,,,,,,,,,
1147732,2018,2018-07-12,Sportpark Maarschalkerweerd,1,16.1,United Arab Emirates,Thailand,Humaira Tasneem,IS Mananelage,W Liengprasert,0,0,,,,,,,,,
1147732,2018,2018-07-12,Sportpark Maarschalkerweerd,1,16.2,United Arab Emirates,Thailand,Humaira Tasneem,IS Mananelage,W Liengprasert,0,0,,,,,,,,,
1147732,2018,2018-07-12,Sportpark Maarschalkerweerd,1,16.3,United Arab Emirates,Thailand,Humaira Tasneem,IS Mananelage,W Liengprasert,0,0,,,,,,,,,
1147732,2018,2018-07-12,Sportpark Maarschalkerweerd,1,16.4,United Arab Emirates,Thailand,Humaira Tasneem,IS Mananelage,W Liengprasert,0,0,,,,,,,,,
1147732,2018,2018-07-12,Sportpark Maarschalkerweerd,1,16.5,United Arab Emirates,Thailand,Humaira Tasneem,IS Mananelage,W Liengprasert,1,0,,,,,,,,,
1147732,2018,2018-07-12,Sportpark Maarschalkerweerd,1,16.6,United Arab Emirates,Thailand,IS Mananelage,Humaira Tasneem,W Liengprasert,1,0,,,,,,,,,
1147732,2018,2018-07-12,Sportpark Maarschalkerweerd,1,17.1,United Arab Emirates,Thailand,IS Mananelage,Humaira Tasneem,O Kamchomphu,1,0,,,,,,,,,
1147732,2018,2018-07-12,Sportpark Maarschalkerweerd,1,17.2,United Arab Emirates,Thailand,Humaira Tasneem,IS Mananelage,O Kamchomphu,0,0,,,,,,bowled,Humaira Tasneem,,
1147732,2018,2018-07-12,Sportpark Maarschalkerweerd,1,17.3,United Arab Emirates,Thailand,J Cleetus,IS Mananelage,O Kamchomphu,0,0,,,,,,,,,
1147732,2018,2018-07-12,Sportpark Maarschalkerweerd,1,17.4,United Arab Emirates,Thailand,J Cleetus,IS Mananelage,O Kamchomphu,0,0,,,,,,,,,
1147732,2018,2018-07-12,Sportpark Maarschalkerweerd,1,17.5,United Arab Emirates,Thailand,J Cleetus,IS Mananelage,O Kamchomphu,0,0,,,,,,,,,
1147732,2018,2018-07-12,Sportpark Maarschalkerweerd,1,17.6,United Arab Emirates,Thailand,J Cleetus,IS Mananelage,O Kamchomphu,0,0,,,,,,,,,
1147732,2018,2018-07-12,Sportpark Maarschalkerweerd,1,18.1,United Arab Emirates,Thailand,IS Mananelage,J Cleetus,W Liengprasert,0,0,,,,,,caught,IS Mananelage,,
1147732,2018,2018-07-12,Sportpark Maarschalkerweerd,2,0.1,Thailand,United Arab Emirates,N Chantam,N Chaiwai,N D'souza,0,0,,,,,,,,,
1147732,2018,2018-07-12,Sportpark Maarschalkerweerd,2,0.2,Thailand,United Arab Emirates,N Chantam,N Chaiwai,N D'souza,0,0,,,,,,,,,
1147732,2018,2018-07-12,Sportpark Maarschalkerweerd,2,0.3,Thailand,United Arab Emirates,N Chantam,N Chaiwai,N D'souza,0,0,,,,,,,,,
1147732,2018,2018-07-12,Sportpark Maarschalkerweerd,2,0.4,Thailand,United Arab Emirates,N Chantam,N Chaiwai,N D'souza,1,0,,,,,,,,,
1147732,2018,2018-07-12,Sportpark Maarschalkerweerd,2,0.5,Thailand,United Arab Emirates,N Chaiwai,N Chantam,N D'souza,0,0,,,,,,,,,
1147732,2018,2018-07-12,Sportpark Maarschalkerweerd,2,0.6,Thailand,United Arab Emirates,N Chaiwai,N Chantam,N D'souza,0,0,,,,,,,,,
1147732,2018,2018-07-12,Sportpark Maarschalkerweerd,2,1.1,Thailand,United Arab Emirates,N Chantam,N Chaiwai,S Venkataraman,0,1,1,,,,,,,,
1147732,2018,2018-07-12,Sportpark Maarschalkerweerd,2,1.2,Thailand,United Arab Emirates,N Chantam,N Chaiwai,S Venkataraman,0,0,,,,,,bowled,N Chantam,,
1147732,2018,2018-07-12,Sportpark Maarschalkerweerd,2,1.3,Thailand,United Arab Emirates,N Boochatham,N Chaiwai,S Venkataraman,0,0,,,,,,,,,
1147732,2018,2018-07-12,Sportpark Maarschalkerweerd,2,1.4,Thailand,United Arab Emirates,N Boochatham,N Chaiwai,S Venkataraman,0,0,,,,,,,,,
1147732,2018,2018-07-12,Sportpark Maarschalkerweerd,2,1.5,Thailand,United Arab Emirates,N Boochatham,N Chaiwai,S Venkataraman,0,1,1,,,,,,,,
1147732,2018,2018-07-12,Sportpark Maarschalkerweerd,2,1.6,Thailand,United Arab Emirates,N Boochatham,N Chaiwai,S Venkataraman,0,0,,,,,,,,,
1147732,2018,2018-07-12,Sportpark Maarschalkerweerd,2,1.7,Thailand,United Arab Emirates,N Boochatham,N Chaiwai,S Venkataraman,0,0,,,,,,,,,
1147732,2018,2018-07-12,Sportpark Maarschalkerweerd,2,1.8,Thailand,United Arab Emirates,N Boochatham,N Chaiwai,S Venkataraman,0,0,,,,,,,,,
1147732,2018,2018-07-12,Sportpark Maarschalkerweerd,2,2.1,Thailand,United Arab Emirates,N Chaiwai,N Boochatham,N D'souza,0,0,,,,,,,,,
1147732,2018,2018-07-12,Sportpark Maarschalkerweerd,2,2.2,Thailand,United Arab Emirates,N Chaiwai,N Boochatham,N D'souza,1,0,,,,,,,,,
1147732,2018,2018-07-12,Sportpark Maarschalkerweerd,2,2.3,Thailand,United Arab Emirates,N Boochatham,N Chaiwai,N D'souza,0,0,,,,,,,,,
1147732,2018,2018-07-12,Sportpark Maarschalkerweerd,2,2.4,Thailand,United Arab Emirates,N Boochatham,N Chaiwai,N D'souza,1,0,,,,,,,,,
1147732,2018,2018-07-12,Sportpark Maarschalkerweerd,2,2.5,Thailand,United Arab Emirates,N Chaiwai,N Boochatham,N D'souza,0,0,,,,,,,,,
1147732,2018,2018-07-12,Sportpark Maarschalkerweerd,2,2.6,Thailand,United Arab Emirates,N Chaiwai,N Boochatham,N D'souza,1,0,,,,,,,,,
1147732,2018,2018-07-12,Sportpark Maarschalkerweerd,2,3.1,Thailand,United Arab Emirates,N Chaiwai,N Boochatham,S Venkataraman,0,1,1,,,,,,,,
1147732,2018,2018-07-12,Sportpark Maarschalkerweerd,2,3.2,Thailand,United Arab Emirates,N Chaiwai,N Boochatham,S Venkataraman,0,0,,,,,,,,,
1147732,2018,2018-07-12,Sportpark Maarschalkerweerd,2,3.3,Thailand,United Arab Emirates,N Chaiwai,N Boochatham,S Venkataraman,0,1,1,,,,,,,,
1147732,2018,2018-07-12,Sportpark Maarschalkerweerd,2,3.4,Thailand,United Arab Emirates,N Chaiwai,N Boochatham,S Venkataraman,0,0,,,,,,,,,
1147732,2018,2018-07-12,Sportpark Maarschalkerweerd,2,3.5,Thailand,United Arab Emirates,N Chaiwai,N Boochatham,S Venkataraman,1,0,,,,,,,,,
1147732,2018,2018-07-12,Sportpark Maarschalkerweerd,2,3.6,Thailand,United Arab Emirates,N Boochatham,N Chaiwai,S Venkataraman,1,0,,,,,,,,,
1147732,2018,2018-07-12,Sportpark Maarschalkerweerd,2,3.7,Thailand,United Arab Emirates,N Chaiwai,N Boochatham,S Venkataraman,1,0,,,,,,,,,
1147732,2018,2018-07-12,Sportpark Maarschalkerweerd,2,3.8,Thailand,United Arab Emirates,N Boochatham,N Chaiwai,S Venkataraman,1,0,,,,,,,,,
1147732,2018,2018-07-12,Sportpark Maarschalkerweerd,2,4.1,Thailand,United Arab Emirates,N Boochatham,N Chaiwai,CR Seneviratna,0,0,,,,,,,,,
1147732,2018,2018-07-12,Sportpark Maarschalkerweerd,2,4.2,Thailand,United Arab Emirates,N Boochatham,N Chaiwai,CR Seneviratna,0,0,,,,,,,,,
1147732,2018,2018-07-12,Sportpark Maarschalkerweerd,2,4.3,Thailand,United Arab Emirates,N Boochatham,N Chaiwai,CR Seneviratna,0,0,,,,,,,,,
1147732,2018,2018-07-12,Sportpark Maarschalkerweerd,2,4.4,Thailand,United Arab Emirates,N Boochatham,N Chaiwai,CR Seneviratna,0,0,,,,,,,,,
1147732,2018,2018-07-12,Sportpark Maarschalkerweerd,2,4.5,Thailand,United Arab Emirates,N Boochatham,N Chaiwai,CR Seneviratna,0,0,,,,,,,,,
1147732,2018,2018-07-12,Sportpark Maarschalkerweerd,2,4.6,Thailand,United Arab Emirates,N Boochatham,N Chaiwai,CR Seneviratna,0,0,,,,,,,,,
1147732,2018,2018-07-12,Sportpark Maarschalkerweerd,2,5.1,Thailand,United Arab Emirates,N Chaiwai,N Boochatham,Nisha Ali,0,0,,,,,,,,,
1147732,2018,2018-07-12,Sportpark Maarschalkerweerd,2,5.2,Thailand,United Arab Emirates,N Chaiwai,N Boochatham,Nisha Ali,1,0,,,,,,,,,
1147732,2018,2018-07-12,Sportpark Maarschalkerweerd,2,5.3,Thailand,United Arab Emirates,N Boochatham,N Chaiwai,Nisha Ali,0,0,,,,,,,,,
1147732,2018,2018-07-12,Sportpark Maarschalkerweerd,2,5.4,Thailand,United Arab Emirates,N Boochatham,N Chaiwai,Nisha Ali,1,0,,,,,,,,,
1147732,2018,2018-07-12,Sportpark Maarschalkerweerd,2,5.5,Thailand,United Arab Emirates,N Chaiwai,N Boochatham,Nisha Ali,0,0,,,,,,,,,
1147732,2018,2018-07-12,Sportpark Maarschalkerweerd,2,5.6,Thailand,United Arab Emirates,N Chaiwai,N Boochatham,Nisha Ali,1,0,,,,,,,,,
1147732,2018,2018-07-12,Sportpark Maarschalkerweerd,2,6.1,Thailand,United Arab Emirates,N Chaiwai,N Boochatham,CR Seneviratna,0,0,,,,,,,,,
1147732,2018,2018-07-12,Sportpark Maarschalkerweerd,2,6.2,Thailand,United Arab Emirates,N Chaiwai,N Boochatham,CR Seneviratna,2,0,,,,,,,,,
1147732,2018,2018-07-12,Sportpark Maarschalkerweerd,2,6.3,Thailand,United Arab Emirates,N Chaiwai,N Boochatham,CR Seneviratna,0,0,,,,,,,,,
1147732,2018,2018-07-12,Sportpark Maarschalkerweerd,2,6.4,Thailand,United Arab Emirates,N Chaiwai,N Boochatham,CR Seneviratna,1,0,,,,,,,,,
1147732,2018,2018-07-12,Sportpark Maarschalkerweerd,2,6.5,Thailand,United Arab Emirates,N Boochatham,N Chaiwai,CR Seneviratna,0,0,,,,,,bowled,N Boochatham,,
1147732,2018,2018-07-12,Sportpark Maarschalkerweerd,2,6.6,Thailand,United Arab Emirates,N Koncharoenkai,N Chaiwai,CR Seneviratna,0,0,,,,,,,,,
1147732,2018,2018-07-12,Sportpark Maarschalkerweerd,2,7.1,Thailand,United Arab Emirates,N Chaiwai,N Koncharoenkai,Nisha Ali,0,0,,,,,,,,,
1147732,2018,2018-07-12,Sportpark Maarschalkerweerd,2,7.2,Thailand,United Arab Emirates,N Chaiwai,N Koncharoenkai,Nisha Ali,1,0,,,,,,,,,
1147732,2018,2018-07-12,Sportpark Maarschalkerweerd,2,7.3,Thailand,United Arab Emirates,N Koncharoenkai,N Chaiwai,Nisha Ali,1,0,,,,,,,,,
1147732,2018,2018-07-12,Sportpark Maarschalkerweerd,2,7.4,Thailand,United Arab Emirates,N Chaiwai,N Koncharoenkai,Nisha Ali,0,0,,,,,,,,,
1147732,2018,2018-07-12,Sportpark Maarschalkerweerd,2,7.5,Thailand,United Arab Emirates,N Chaiwai,N Koncharoenkai,Nisha Ali,1,0,,,,,,,,,
1147732,2018,2018-07-12,Sportpark Maarschalkerweerd,2,7.6,Thailand,United Arab Emirates,N Koncharoenkai,N Chaiwai,Nisha Ali,0,0,,,,,,,,,
1147732,2018,2018-07-12,Sportpark Maarschalkerweerd,2,8.1,Thailand,United Arab Emirates,N Chaiwai,N Koncharoenkai,H Hotchandani,0,1,,,1,,,,,,
1147732,2018,2018-07-12,Sportpark Maarschalkerweerd,2,8.2,Thailand,United Arab Emirates,N Koncharoenkai,N Chaiwai,H Hotchandani,1,0,,,,,,,,,
1147732,2018,2018-07-12,Sportpark Maarschalkerweerd,2,8.3,Thailand,United Arab Emirates,N Chaiwai,N Koncharoenkai,H Hotchandani,1,0,,,,,,,,,
1147732,2018,2018-07-12,Sportpark Maarschalkerweerd,2,8.4,Thailand,United Arab Emirates,N Koncharoenkai,N Chaiwai,H Hotchandani,1,0,,,,,,,,,
1147732,2018,2018-07-12,Sportpark Maarschalkerweerd,2,8.5,Thailand,United Arab Emirates,N Chaiwai,N Koncharoenkai,H Hotchandani,1,0,,,,,,,,,
1147732,2018,2018-07-12,Sportpark Maarschalkerweerd,2,8.6,Thailand,United Arab Emirates,N Koncharoenkai,N Chaiwai,H Hotchandani,0,0,,,,,,,,,
1147732,2018,2018-07-12,Sportpark Maarschalkerweerd,2,9.1,Thailand,United Arab Emirates,N Chaiwai,N Koncharoenkai,S Venkataraman,0,0,,,,,,,,,
1147732,2018,2018-07-12,Sportpark Maarschalkerweerd,2,9.2,Thailand,United Arab Emirates,N Chaiwai,N Koncharoenkai,S Venkataraman,0,0,,,,,,,,,
1147732,2018,2018-07-12,Sportpark Maarschalkerweerd,2,9.3,Thailand,United Arab Emirates,N Chaiwai,N Koncharoenkai,S Venkataraman,1,0,,,,,,,,,
1147732,2018,2018-07-12,Sportpark Maarschalkerweerd,2,9.4,Thailand,United Arab Emirates,N Koncharoenkai,N Chaiwai,S Venkataraman,0,0,,,,,,,,,
1147732,2018,2018-07-12,Sportpark Maarschalkerweerd,2,9.5,Thailand,United Arab Emirates,N Koncharoenkai,N Chaiwai,S Venkataraman,1,0,,,,,,,,,
1147732,2018,2018-07-12,Sportpark Maarschalkerweerd,2,9.6,Thailand,United Arab Emirates,N Chaiwai,N Koncharoenkai,S Venkataraman,0,0,,,,,,caught,N Chaiwai,,
1147732,2018,2018-07-12,Sportpark Maarschalkerweerd,2,10.1,Thailand,United Arab Emirates,N Koncharoenkai,S Tippoch,H Hotchandani,1,0,,,,,,,,,
1147732,2018,2018-07-12,Sportpark Maarschalkerweerd,2,10.2,Thailand,United Arab Emirates,S Tippoch,N Koncharoenkai,H Hotchandani,0,0,,,,,,,,,
1147732,2018,2018-07-12,Sportpark Maarschalkerweerd,2,10.3,Thailand,United Arab Emirates,S Tippoch,N Koncharoenkai,H Hotchandani,0,0,,,,,,,,,
1147732,2018,2018-07-12,Sportpark Maarschalkerweerd,2,10.4,Thailand,United Arab Emirates,S Tippoch,N Koncharoenkai,H Hotchandani,2,0,,,,,,,,,
1147732,2018,2018-07-12,Sportpark Maarschalkerweerd,2,10.5,Thailand,United Arab Emirates,S Tippoch,N Koncharoenkai,H Hotchandani,0,0,,,,,,,,,
1147732,2018,2018-07-12,Sportpark Maarschalkerweerd,2,10.6,Thailand,United Arab Emirates,S Tippoch,N Koncharoenkai,H Hotchandani,1,0,,,,,,,,,
1147732,2018,2018-07-12,Sportpark Maarschalkerweerd,2,11.1,Thailand,United Arab Emirates,S Tippoch,N Koncharoenkai,ER Oza,2,0,,,,,,,,,
1147732,2018,2018-07-12,Sportpark Maarschalkerweerd,2,11.2,Thailand,United Arab Emirates,S Tippoch,N Koncharoenkai,ER Oza,0,0,,,,,,,,,
1147732,2018,2018-07-12,Sportpark Maarschalkerweerd,2,11.3,Thailand,United Arab Emirates,S Tippoch,N Koncharoenkai,ER Oza,0,0,,,,,,,,,
1147732,2018,2018-07-12,Sportpark Maarschalkerweerd,2,11.4,Thailand,United Arab Emirates,S Tippoch,N Koncharoenkai,ER Oza,2,0,,,,,,,,,
1147732,2018,2018-07-12,Sportpark Maarschalkerweerd,2,11.5,Thailand,United Arab Emirates,S Tippoch,N Koncharoenkai,ER Oza,1,0,,,,,,,,,
1147732,2018,2018-07-12,Sportpark Maarschalkerweerd,2,11.6,Thailand,United Arab Emirates,N Koncharoenkai,S Tippoch,ER Oza,1,0,,,,,,,,,
1147732,2018,2018-07-12,Sportpark Maarschalkerweerd,2,12.1,Thailand,United Arab Emirates,N Koncharoenkai,S Tippoch,CR Seneviratna,0,0,,,,,,,,,
1147732,2018,2018-07-12,Sportpark Maarschalkerweerd,2,12.2,Thailand,United Arab Emirates,N Koncharoenkai,S Tippoch,CR Seneviratna,0,0,,,,,,,,,
1147732,2018,2018-07-12,Sportpark Maarschalkerweerd,2,12.3,Thailand,United Arab Emirates,N Koncharoenkai,S Tippoch,CR Seneviratna,0,0,,,,,,,,,
1147732,2018,2018-07-12,Sportpark Maarschalkerweerd,2,12.4,Thailand,United Arab Emirates,N Koncharoenkai,S Tippoch,CR Seneviratna,0,0,,,,,,,,,
1147732,2018,2018-07-12,Sportpark Maarschalkerweerd,2,12.5,Thailand,United Arab Emirates,N Koncharoenkai,S Tippoch,CR Seneviratna,0,0,,,,,,,,,
1147732,2018,2018-07-12,Sportpark Maarschalkerweerd,2,12.6,Thailand,United Arab Emirates,N Koncharoenkai,S Tippoch,CR Seneviratna,0,0,,,,,,,,,
1147732,2018,2018-07-12,Sportpark Maarschalkerweerd,2,13.1,Thailand,United Arab Emirates,S Tippoch,N Koncharoenkai,S Venkataraman,1,0,,,,,,,,,
1147732,2018,2018-07-12,Sportpark Maarschalkerweerd,2,13.2,Thailand,United Arab Emirates,N Koncharoenkai,S Tippoch,S Venkataraman,0,0,,,,,,,,,
1147732,2018,2018-07-12,Sportpark Maarschalkerweerd,2,13.3,Thailand,United Arab Emirates,N Koncharoenkai,S Tippoch,S Venkataraman,1,0,,,,,,,,,
1147732,2018,2018-07-12,Sportpark Maarschalkerweerd,2,13.4,Thailand,United Arab Emirates,S Tippoch,N Koncharoenkai,S Venkataraman,1,0,,,,,,,,,
1147732,2018,2018-07-12,Sportpark Maarschalkerweerd,2,13.5,Thailand,United Arab Emirates,N Koncharoenkai,S Tippoch,S Venkataraman,1,0,,,,,,,,,
1147732,2018,2018-07-12,Sportpark Maarschalkerweerd,2,13.6,Thailand,United Arab Emirates,S Tippoch,N Koncharoenkai,S Venkataraman,1,0,,,,,,,,,
1147732,2018,2018-07-12,Sportpark Maarschalkerweerd,2,14.1,Thailand,United Arab Emirates,S Tippoch,N Koncharoenkai,CR Seneviratna,1,0,,,,,,,,,
1147732,2018,2018-07-12,Sportpark Maarschalkerweerd,2,14.2,Thailand,United Arab Emirates,N Koncharoenkai,S Tippoch,CR Seneviratna,0,0,,,,,,,,,
1147732,2018,2018-07-12,Sportpark Maarschalkerweerd,2,14.3,Thailand,United Arab Emirates,N Koncharoenkai,S Tippoch,CR Seneviratna,1,0,,,,,,,,,
1147732,2018,2018-07-12,Sportpark Maarschalkerweerd,2,14.4,Thailand,United Arab Emirates,S Tippoch,N Koncharoenkai,CR Seneviratna,1,0,,,,,,,,,
1147732,2018,2018-07-12,Sportpark Maarschalkerweerd,2,14.5,Thailand,United Arab Emirates,N Koncharoenkai,S Tippoch,CR Seneviratna,1,0,,,,,,,,,
1147732,2018,2018-07-12,Sportpark Maarschalkerweerd,2,14.6,Thailand,United Arab Emirates,S Tippoch,N Koncharoenkai,CR Seneviratna,0,1,,,,1,,,,,
1147732,2018,2018-07-12,Sportpark Maarschalkerweerd,2,15.1,Thailand,United Arab Emirates,S Tippoch,N Koncharoenkai,H Hotchandani,0,0,,,,,,,,,
1147732,2018,2018-07-12,Sportpark Maarschalkerweerd,2,15.2,Thailand,United Arab Emirates,S Tippoch,N Koncharoenkai,H Hotchandani,1,0,,,,,,,,,
1147732,2018,2018-07-12,Sportpark Maarschalkerweerd,2,15.3,Thailand,United Arab Emirates,N Koncharoenkai,S Tippoch,H Hotchandani,2,0,,,,,,,,,
