match_id,season,start_date,venue,innings,ball,batting_team,bowling_team,striker,non_striker,bowler,runs_off_bat,extras,wides,noballs,byes,legbyes,penalty,wicket_type,player_dismissed,other_wicket_type,other_player_dismissed
1148057,2018,2018-06-07,Kinrara Academy Oval,1,0.1,Thailand,Bangladesh,N Chantam,N Chaiwai,Jahanara Alam,0,0,,,,,,,,,
1148057,2018,2018-06-07,Kinrara Academy Oval,1,0.2,Thailand,Bangladesh,N Chantam,N Chaiwai,Jahanara Alam,0,0,,,,,,,,,
1148057,2018,2018-06-07,Kinrara Academy Oval,1,0.3,Thailand,Bangladesh,N Chantam,N Chaiwai,Jahanara Alam,1,0,,,,,,,,,
1148057,2018,2018-06-07,Kinrara Academy Oval,1,0.4,Thailand,Bangladesh,N Chaiwai,N Chantam,Jahanara Alam,0,0,,,,,,,,,
1148057,2018,2018-06-07,Kinrara Academy Oval,1,0.5,Thailand,Bangladesh,N Chaiwai,N Chantam,Jahanara Alam,1,0,,,,,,,,,
1148057,2018,2018-06-07,Kinrara Academy Oval,1,0.6,Thailand,Bangladesh,N Chantam,N Chaiwai,Jahanara Alam,0,0,,,,,,,,,
1148057,2018,2018-06-07,Kinrara Academy Oval,1,1.1,Thailand,Bangladesh,N Chaiwai,N Chantam,Salma Khatun,1,0,,,,,,,,,
1148057,2018,2018-06-07,Kinrara Academy Oval,1,1.2,Thailand,Bangladesh,N Chantam,N Chaiwai,Salma Khatun,0,0,,,,,,,,,
1148057,2018,2018-06-07,Kinrara Academy Oval,1,1.3,Thailand,Bangladesh,N Chantam,N Chaiwai,Salma Khatun,0,0,,,,,,caught,N Chantam,,
1148057,2018,2018-06-07,Kinrara Academy Oval,1,1.4,Thailand,Bangladesh,N Boochatham,N Chaiwai,Salma Khatun,0,0,,,,,,,,,
1148057,2018,2018-06-07,Kinrara Academy Oval,1,1.5,Thailand,Bangladesh,N Boochatham,N Chaiwai,Salma Khatun,0,0,,,,,,,,,
1148057,2018,2018-06-07,Kinrara Academy Oval,1,1.6,Thailand,Bangladesh,N Boochatham,N Chaiwai,Salma Khatun,2,0,,,,,,,,,
1148057,2018,2018-06-07,Kinrara Academy Oval,1,2.1,Thailand,Bangladesh,N Chaiwai,N Boochatham,Jahanara Alam,0,0,,,,,,,,,
1148057,2018,2018-06-07,Kinrara Academy Oval,1,2.2,Thailand,Bangladesh,N Chaiwai,N Boochatham,Jahanara Alam,0,0,,,,,,,,,
1148057,2018,2018-06-07,Kinrara Academy Oval,1,2.3,Thailand,Bangladesh,N Chaiwai,N Boochatham,Jahanara Alam,4,0,,,,,,,,,
1148057,2018,2018-06-07,Kinrara Academy Oval,1,2.4,Thailand,Bangladesh,N Chaiwai,N Boochatham,Jahanara Alam,0,0,,,,,,lbw,N Chaiwai,,
1148057,2018,2018-06-07,Kinrara Academy Oval,1,2.5,Thailand,Bangladesh,N Koncharoenkai,N Boochatham,Jahanara Alam,4,0,,,,,,,,,
1148057,2018,2018-06-07,Kinrara Academy Oval,1,2.6,Thailand,Bangladesh,N Koncharoenkai,N Boochatham,Jahanara Alam,0,0,,,,,,,,,
1148057,2018,2018-06-07,Kinrara Academy Oval,1,3.1,Thailand,Bangladesh,N Boochatham,N Koncharoenkai,Salma Khatun,0,0,,,,,,,,,
1148057,2018,2018-06-07,Kinrara Academy Oval,1,3.2,Thailand,Bangladesh,N Boochatham,N Koncharoenkai,Salma Khatun,0,0,,,,,,,,,
1148057,2018,2018-06-07,Kinrara Academy Oval,1,3.3,Thailand,Bangladesh,N Boochatham,N Koncharoenkai,Salma Khatun,1,0,,,,,,,,,
1148057,2018,2018-06-07,Kinrara Academy Oval,1,3.4,Thailand,Bangladesh,N Koncharoenkai,N Boochatham,Salma Khatun,0,0,,,,,,,,,
1148057,2018,2018-06-07,Kinrara Academy Oval,1,3.5,Thailand,Bangladesh,N Koncharoenkai,N Boochatham,Salma Khatun,0,0,,,,,,,,,
1148057,2018,2018-06-07,Kinrara Academy Oval,1,3.6,Thailand,Bangladesh,N Koncharoenkai,N Boochatham,Salma Khatun,0,0,,,,,,,,,
1148057,2018,2018-06-07,Kinrara Academy Oval,1,4.1,Thailand,Bangladesh,N Boochatham,N Koncharoenkai,Nahida Akter,0,0,,,,,,,,,
1148057,2018,2018-06-07,Kinrara Academy Oval,1,4.2,Thailand,Bangladesh,N Boochatham,N Koncharoenkai,Nahida Akter,0,0,,,,,,,,,
1148057,2018,2018-06-07,Kinrara Academy Oval,1,4.3,Thailand,Bangladesh,N Boochatham,N Koncharoenkai,Nahida Akter,2,0,,,,,,,,,
1148057,2018,2018-06-07,Kinrara Academy Oval,1,4.4,Thailand,Bangladesh,N Boochatham,N Koncharoenkai,Nahida Akter,0,0,,,,,,,,,
1148057,2018,2018-06-07,Kinrara Academy Oval,1,4.5,Thailand,Bangladesh,N Boochatham,N Koncharoenkai,Nahida Akter,1,0,,,,,,,,,
1148057,2018,2018-06-07,Kinrara Academy Oval,1,4.6,Thailand,Bangladesh,N Koncharoenkai,N Boochatham,Nahida Akter,0,0,,,,,,,,,
1148057,2018,2018-06-07,Kinrara Academy Oval,1,5.1,Thailand,Bangladesh,N Boochatham,N Koncharoenkai,Fahima Khatun,0,0,,,,,,,,,
1148057,2018,2018-06-07,Kinrara Academy Oval,1,5.2,Thailand,Bangladesh,N Boochatham,N Koncharoenkai,Fahima Khatun,0,0,,,,,,,,,
1148057,2018,2018-06-07,Kinrara Academy Oval,1,5.3,Thailand,Bangladesh,N Boochatham,N Koncharoenkai,Fahima Khatun,4,0,,,,,,,,,
1148057,2018,2018-06-07,Kinrara Academy Oval,1,5.4,Thailand,Bangladesh,N Boochatham,N Koncharoenkai,Fahima Khatun,0,0,,,,,,,,,
1148057,2018,2018-06-07,Kinrara Academy Oval,1,5.5,Thailand,Bangladesh,N Boochatham,N Koncharoenkai,Fahima Khatun,0,0,,,,,,,,,
1148057,2018,2018-06-07,Kinrara Academy Oval,1,5.6,Thailand,Bangladesh,N Boochatham,N Koncharoenkai,Fahima Khatun,0,0,,,,,,,,,
1148057,2018,2018-06-07,Kinrara Academy Oval,1,6.1,Thailand,Bangladesh,N Koncharoenkai,N Boochatham,Nahida Akter,0,0,,,,,,,,,
1148057,2018,2018-06-07,Kinrara Academy Oval,1,6.2,Thailand,Bangladesh,N Koncharoenkai,N Boochatham,Nahida Akter,0,0,,,,,,,,,
1148057,2018,2018-06-07,Kinrara Academy Oval,1,6.3,Thailand,Bangladesh,N Koncharoenkai,N Boochatham,Nahida Akter,0,0,,,,,,,,,
1148057,2018,2018-06-07,Kinrara Academy Oval,1,6.4,Thailand,Bangladesh,N Koncharoenkai,N Boochatham,Nahida Akter,0,0,,,,,,,,,
1148057,2018,2018-06-07,Kinrara Academy Oval,1,6.5,Thailand,Bangladesh,N Koncharoenkai,N Boochatham,Nahida Akter,0,0,,,,,,bowled,N Koncharoenkai,,
1148057,2018,2018-06-07,Kinrara Academy Oval,1,6.6,Thailand,Bangladesh,C Sutthiruang,N Boochatham,Nahida Akter,0,0,,,,,,,,,
1148057,2018,2018-06-07,Kinrara Academy Oval,1,7.1,Thailand,Bangladesh,N Boochatham,C Sutthiruang,Khadija Tul Kubra,0,0,,,,,,,,,
1148057,2018,2018-06-07,Kinrara Academy Oval,1,7.2,Thailand,Bangladesh,N Boochatham,C Sutthiruang,Khadija Tul Kubra,4,0,,,,,,,,,
1148057,2018,2018-06-07,Kinrara Academy Oval,1,7.3,Thailand,Bangladesh,N Boochatham,C Sutthiruang,Khadija Tul Kubra,1,0,,,,,,,,,
1148057,2018,2018-06-07,Kinrara Academy Oval,1,7.4,Thailand,Bangladesh,C Sutthiruang,N Boochatham,Khadija Tul Kubra,0,0,,,,,,,,,
1148057,2018,2018-06-07,Kinrara Academy Oval,1,7.5,Thailand,Bangladesh,C Sutthiruang,N Boochatham,Khadija Tul Kubra,0,0,,,,,,,,,
1148057,2018,2018-06-07,Kinrara Academy Oval,1,7.6,Thailand,Bangladesh,C Sutthiruang,N Boochatham,Khadija Tul Kubra,0,0,,,,,,,,,
1148057,2018,2018-06-07,Kinrara Academy Oval,1,8.1,Thailand,Bangladesh,N Boochatham,C Sutthiruang,Nahida Akter,0,0,,,,,,caught,N Boochatham,,
1148057,2018,2018-06-07,Kinrara Academy Oval,1,8.2,Thailand,Bangladesh,S Tippoch,C Sutthiruang,Nahida Akter,0,0,,,,,,,,,
1148057,2018,2018-06-07,Kinrara Academy Oval,1,8.3,Thailand,Bangladesh,S Tippoch,C Sutthiruang,Nahida Akter,0,0,,,,,,,,,
1148057,2018,2018-06-07,Kinrara Academy Oval,1,8.4,Thailand,Bangladesh,S Tippoch,C Sutthiruang,Nahida Akter,0,0,,,,,,,,,
1148057,2018,2018-06-07,Kinrara Academy Oval,1,8.5,Thailand,Bangladesh,S Tippoch,C Sutthiruang,Nahida Akter,0,0,,,,,,,,,
1148057,2018,2018-06-07,Kinrara Academy Oval,1,8.6,Thailand,Bangladesh,S Tippoch,C Sutthiruang,Nahida Akter,0,0,,,,,,,,,
1148057,2018,2018-06-07,Kinrara Academy Oval,1,9.1,Thailand,Bangladesh,C Sutthiruang,S Tippoch,Khadija Tul Kubra,0,0,,,,,,,,,
1148057,2018,2018-06-07,Kinrara Academy Oval,1,9.2,Thailand,Bangladesh,C Sutthiruang,S Tippoch,Khadija Tul Kubra,0,0,,,,,,,,,
1148057,2018,2018-06-07,Kinrara Academy Oval,1,9.3,Thailand,Bangladesh,C Sutthiruang,S Tippoch,Khadija Tul Kubra,0,0,,,,,,,,,
1148057,2018,2018-06-07,Kinrara Academy Oval,1,9.4,Thailand,Bangladesh,C Sutthiruang,S Tippoch,Khadija Tul Kubra,2,0,,,,,,,,,
1148057,2018,2018-06-07,Kinrara Academy Oval,1,9.5,Thailand,Bangladesh,C Sutthiruang,S Tippoch,Khadija Tul Kubra,0,0,,,,,,,,,
1148057,2018,2018-06-07,Kinrara Academy Oval,1,9.6,Thailand,Bangladesh,C Sutthiruang,S Tippoch,Khadija Tul Kubra,1,0,,,,,,,,,
1148057,2018,2018-06-07,Kinrara Academy Oval,1,10.1,Thailand,Bangladesh,C Sutthiruang,S Tippoch,Rumana Ahmed,0,0,,,,,,,,,
1148057,2018,2018-06-07,Kinrara Academy Oval,1,10.2,Thailand,Bangladesh,C Sutthiruang,S Tippoch,Rumana Ahmed,0,0,,,,,,,,,
1148057,2018,2018-06-07,Kinrara Academy Oval,1,10.3,Thailand,Bangladesh,C Sutthiruang,S Tippoch,Rumana Ahmed,1,0,,,,,,,,,
1148057,2018,2018-06-07,Kinrara Academy Oval,1,10.4,Thailand,Bangladesh,S Tippoch,C Sutthiruang,Rumana Ahmed,0,0,,,,,,,,,
1148057,2018,2018-06-07,Kinrara Academy Oval,1,10.5,Thailand,Bangladesh,S Tippoch,C Sutthiruang,Rumana Ahmed,1,0,,,,,,,,,
1148057,2018,2018-06-07,Kinrara Academy Oval,1,10.6,Thailand,Bangladesh,C Sutthiruang,S Tippoch,Rumana Ahmed,0,0,,,,,,caught,C Sutthiruang,,
1148057,2018,2018-06-07,Kinrara Academy Oval,1,11.1,Thailand,Bangladesh,R Padunglerd,S Tippoch,Fahima Khatun,0,0,,,,,,,,,
1148057,2018,2018-06-07,Kinrara Academy Oval,1,11.2,Thailand,Bangladesh,R Padunglerd,S Tippoch,Fahima Khatun,0,0,,,,,,,,,
1148057,2018,2018-06-07,Kinrara Academy Oval,1,11.3,Thailand,Bangladesh,R Padunglerd,S Tippoch,Fahima Khatun,0,0,,,,,,,,,
1148057,2018,2018-06-07,Kinrara Academy Oval,1,11.4,Thailand,Bangladesh,R Padunglerd,S Tippoch,Fahima Khatun,0,0,,,,,,,,,
1148057,2018,2018-06-07,Kinrara Academy Oval,1,11.5,Thailand,Bangladesh,R Padunglerd,S Tippoch,Fahima Khatun,0,0,,,,,,,,,
1148057,2018,2018-06-07,Kinrara Academy Oval,1,11.6,Thailand,Bangladesh,R Padunglerd,S Tippoch,Fahima Khatun,0,0,,,,,,,,,
1148057,2018,2018-06-07,Kinrara Academy Oval,1,12.1,Thailand,Bangladesh,S Tippoch,R Padunglerd,Rumana Ahmed,1,0,,,,,,,,,
1148057,2018,2018-06-07,Kinrara Academy Oval,1,12.2,Thailand,Bangladesh,R Padunglerd,S Tippoch,Rumana Ahmed,0,1,,,,1,,,,,
1148057,2018,2018-06-07,Kinrara Academy Oval,1,12.3,Thailand,Bangladesh,S Tippoch,R Padunglerd,Rumana Ahmed,0,0,,,,,,,,,
1148057,2018,2018-06-07,Kinrara Academy Oval,1,12.4,Thailand,Bangladesh,S Tippoch,R Padunglerd,Rumana Ahmed,0,0,,,,,,,,,
1148057,2018,2018-06-07,Kinrara Academy Oval,1,12.5,Thailand,Bangladesh,S Tippoch,R Padunglerd,Rumana Ahmed,1,0,,,,,,,,,
1148057,2018,2018-06-07,Kinrara Academy Oval,1,12.6,Thailand,Bangladesh,R Padunglerd,S Tippoch,Rumana Ahmed,0,0,,,,,,,,,
1148057,2018,2018-06-07,Kinrara Academy Oval,1,13.1,Thailand,Bangladesh,S Tippoch,R Padunglerd,Fahima Khatun,0,0,,,,,,,,,
1148057,2018,2018-06-07,Kinrara Academy Oval,1,13.2,Thailand,Bangladesh,S Tippoch,R Padunglerd,Fahima Khatun,0,0,,,,,,,,,
1148057,2018,2018-06-07,Kinrara Academy Oval,1,13.3,Thailand,Bangladesh,S Tippoch,R Padunglerd,Fahima Khatun,0,0,,,,,,,,,
1148057,2018,2018-06-07,Kinrara Academy Oval,1,13.4,Thailand,Bangladesh,S Tippoch,R Padunglerd,Fahima Khatun,1,0,,,,,,,,,
1148057,2018,2018-06-07,Kinrara Academy Oval,1,13.5,Thailand,Bangladesh,R Padunglerd,S Tippoch,Fahima Khatun,0,0,,,,,,,,,
1148057,2018,2018-06-07,Kinrara Academy Oval,1,13.6,Thailand,Bangladesh,R Padunglerd,S Tippoch,Fahima Khatun,0,0,,,,,,,,,
1148057,2018,2018-06-07,Kinrara Academy Oval,1,14.1,Thailand,Bangladesh,S Tippoch,R Padunglerd,Salma Khatun,0,0,,,,,,,,,
1148057,2018,2018-06-07,Kinrara Academy Oval,1,14.2,Thailand,Bangladesh,S Tippoch,R Padunglerd,Salma Khatun,0,0,,,,,,,,,
1148057,2018,2018-06-07,Kinrara Academy Oval,1,14.3,Thailand,Bangladesh,S Tippoch,R Padunglerd,Salma Khatun,0,0,,,,,,,,,
1148057,2018,2018-06-07,Kinrara Academy Oval,1,14.4,Thailand,Bangladesh,S Tippoch,R Padunglerd,Salma Khatun,1,0,,,,,,,,,
1148057,2018,2018-06-07,Kinrara Academy Oval,1,14.5,Thailand,Bangladesh,R Padunglerd,S Tippoch,Salma Khatun,0,0,,,,,,,,,
1148057,2018,2018-06-07,Kinrara Academy Oval,1,14.6,Thailand,Bangladesh,R Padunglerd,S Tippoch,Salma Khatun,0,0,,,,,,lbw,R Padunglerd,,
1148057,2018,2018-06-07,Kinrara Academy Oval,1,15.1,Thailand,Bangladesh,S Tippoch,W Liengprasert,Fahima Khatun,1,0,,,,,,,,,
1148057,2018,2018-06-07,Kinrara Academy Oval,1,15.2,Thailand,Bangladesh,W Liengprasert,S Tippoch,Fahima Khatun,1,0,,,,,,,,,
1148057,2018,2018-06-07,Kinrara Academy Oval,1,15.3,Thailand,Bangladesh,S Tippoch,W Liengprasert,Fahima Khatun,1,0,,,,,,,,,
1148057,2018,2018-06-07,Kinrara Academy Oval,1,15.4,Thailand,Bangladesh,W Liengprasert,S Tippoch,Fahima Khatun,0,0,,,,,,,,,
1148057,2018,2018-06-07,Kinrara Academy Oval,1,15.5,Thailand,Bangladesh,W Liengprasert,S Tippoch,Fahima Khatun,0,0,,,,,,caught,W Liengprasert,,
1148057,2018,2018-06-07,Kinrara Academy Oval,1,15.6,Thailand,Bangladesh,S Tippoch,S Saengsakaorat,Fahima Khatun,1,0,,,,,,,,,
1148057,2018,2018-06-07,Kinrara Academy Oval,1,16.1,Thailand,Bangladesh,S Tippoch,S Saengsakaorat,Salma Khatun,0,1,,,,1,,,,,
1148057,2018,2018-06-07,Kinrara Academy Oval,1,16.2,Thailand,Bangladesh,S Saengsakaorat,S Tippoch,Salma Khatun,0,0,,,,,,,,,
1148057,2018,2018-06-07,Kinrara Academy Oval,1,16.3,Thailand,Bangladesh,S Saengsakaorat,S Tippoch,Salma Khatun,0,0,,,,,,,,,
1148057,2018,2018-06-07,Kinrara Academy Oval,1,16.4,Thailand,Bangladesh,S Saengsakaorat,S Tippoch,Salma Khatun,1,0,,,,,,,,,
1148057,2018,2018-06-07,Kinrara Academy Oval,1,16.5,Thailand,Bangladesh,S Tippoch,S Saengsakaorat,Salma Khatun,0,0,,,,,,,,,
1148057,2018,2018-06-07,Kinrara Academy Oval,1,16.6,Thailand,Bangladesh,S Tippoch,S Saengsakaorat,Salma Khatun,0,0,,,,,,,,,
1148057,2018,2018-06-07,Kinrara Academy Oval,1,17.1,Thailand,Bangladesh,S Saengsakaorat,S Tippoch,Rumana Ahmed,0,0,,,,,,,,,
1148057,2018,2018-06-07,Kinrara Academy Oval,1,17.2,Thailand,Bangladesh,S Saengsakaorat,S Tippoch,Rumana Ahmed,1,0,,,,,,,,,
1148057,2018,2018-06-07,Kinrara Academy Oval,1,17.3,Thailand,Bangladesh,S Tippoch,S Saengsakaorat,Rumana Ahmed,1,0,,,,,,,,,
1148057,2018,2018-06-07,Kinrara Academy Oval,1,17.4,Thailand,Bangladesh,S Saengsakaorat,S Tippoch,Rumana Ahmed,1,0,,,,,,,,,
1148057,2018,2018-06-07,Kinrara Academy Oval,1,17.5,Thailand,Bangladesh,S Tippoch,S Saengsakaorat,Rumana Ahmed,1,0,,,,,,,,,
1148057,2018,2018-06-07,Kinrara Academy Oval,1,17.6,Thailand,Bangladesh,S Saengsakaorat,S Tippoch,Rumana Ahmed,1,0,,,,,,,,,
1148057,2018,2018-06-07,Kinrara Academy Oval,1,18.1,Thailand,Bangladesh,S Saengsakaorat,S Tippoch,Nahida Akter,0,0,,,,,,,,,
1148057,2018,2018-06-07,Kinrara Academy Oval,1,18.2,Thailand,Bangladesh,S Saengsakaorat,S Tippoch,Nahida Akter,0,0,,,,,,,,,
1148057,2018,2018-06-07,Kinrara Academy Oval,1,18.3,Thailand,Bangladesh,S Saengsakaorat,S Tippoch,Nahida Akter,4,0,,,,,,,,,
1148057,2018,2018-06-07,Kinrara Academy Oval,1,18.4,Thailand,Bangladesh,S Saengsakaorat,S Tippoch,Nahida Akter,0,0,,,,,,,,,
1148057,2018,2018-06-07,Kinrara Academy Oval,1,18.5,Thailand,Bangladesh,S Saengsakaorat,S Tippoch,Nahida Akter,1,0,,,,,,,,,
1148057,2018,2018-06-07,Kinrara Academy Oval,1,18.6,Thailand,Bangladesh,S Tippoch,S Saengsakaorat,Nahida Akter,2,0,,,,,,,,,
1148057,2018,2018-06-07,Kinrara Academy Oval,1,19.1,Thailand,Bangladesh,S Saengsakaorat,S Tippoch,Khadija Tul Kubra,0,0,,,,,,,,,
1148057,2018,2018-06-07,Kinrara Academy Oval,1,19.2,Thailand,Bangladesh,S Saengsakaorat,S Tippoch,Khadija Tul Kubra,2,0,,,,,,,,,
1148057,2018,2018-06-07,Kinrara Academy Oval,1,19.3,Thailand,Bangladesh,S Saengsakaorat,S Tippoch,Khadija Tul Kubra,0,0,,,,,,,,,
1148057,2018,2018-06-07,Kinrara Academy Oval,1,19.4,Thailand,Bangladesh,S Saengsakaorat,S Tippoch,Khadija Tul Kubra,3,0,,,,,,,,,
1148057,2018,2018-06-07,Kinrara Academy Oval,1,19.5,Thailand,Bangladesh,S Tippoch,S Saengsakaorat,Khadija Tul Kubra,1,0,,,,,,,,,
1148057,2018,2018-06-07,Kinrara Academy Oval,1,19.6,Thailand,Bangladesh,S Saengsakaorat,S Tippoch,Khadija Tul Kubra,0,0,,,,,,lbw,S Saengsakaorat,,
1148057,2018,2018-06-07,Kinrara Academy Oval,2,0.1,Bangladesh,Thailand,Shamima Sultana,Ayasha Rahman,C Sutthiruang,0,0,,,,,,,,,
1148057,2018,2018-06-07,Kinrara Academy Oval,2,0.2,Bangladesh,Thailand,Shamima Sultana,Ayasha Rahman,C Sutthiruang,0,0,,,,,,,,,
1148057,2018,2018-06-07,Kinrara Academy Oval,2,0.3,Bangladesh,Thailand,Shamima Sultana,Ayasha Rahman,C Sutthiruang,0,0,,,,,,,,,
1148057,2018,2018-06-07,Kinrara Academy Oval,2,0.4,Bangladesh,Thailand,Shamima Sultana,Ayasha Rahman,C Sutthiruang,0,0,,,,,,,,,
1148057,2018,2018-06-07,Kinrara Academy Oval,2,0.5,Bangladesh,Thailand,Shamima Sultana,Ayasha Rahman,C Sutthiruang,0,0,,,,,,,,,
1148057,2018,2018-06-07,Kinrara Academy Oval,2,0.6,Bangladesh,Thailand,Shamima Sultana,Ayasha Rahman,C Sutthiruang,1,0,,,,,,,,,
1148057,2018,2018-06-07,Kinrara Academy Oval,2,1.1,Bangladesh,Thailand,Shamima Sultana,Ayasha Rahman,R Padunglerd,0,0,,,,,,,,,
1148057,2018,2018-06-07,Kinrara Academy Oval,2,1.2,Bangladesh,Thailand,Shamima Sultana,Ayasha Rahman,R Padunglerd,0,0,,,,,,,,,
1148057,2018,2018-06-07,Kinrara Academy Oval,2,1.3,Bangladesh,Thailand,Shamima Sultana,Ayasha Rahman,R Padunglerd,4,0,,,,,,,,,
1148057,2018,2018-06-07,Kinrara Academy Oval,2,1.4,Bangladesh,Thailand,Shamima Sultana,Ayasha Rahman,R Padunglerd,0,0,,,,,,,,,
1148057,2018,2018-06-07,Kinrara Academy Oval,2,1.5,Bangladesh,Thailand,Shamima Sultana,Ayasha Rahman,R Padunglerd,2,0,,,,,,,,,
1148057,2018,2018-06-07,Kinrara Academy Oval,2,1.6,Bangladesh,Thailand,Shamima Sultana,Ayasha Rahman,R Padunglerd,1,0,,,,,,,,,
1148057,2018,2018-06-07,Kinrara Academy Oval,2,2.1,Bangladesh,Thailand,Shamima Sultana,Ayasha Rahman,C Sutthiruang,0,0,,,,,,caught,Shamima Sultana,,
1148057,2018,2018-06-07,Kinrara Academy Oval,2,2.2,Bangladesh,Thailand,Nigar Sultana,Ayasha Rahman,C Sutthiruang,0,0,,,,,,,,,
1148057,2018,2018-06-07,Kinrara Academy Oval,2,2.3,Bangladesh,Thailand,Nigar Sultana,Ayasha Rahman,C Sutthiruang,1,0,,,,,,,,,
1148057,2018,2018-06-07,Kinrara Academy Oval,2,2.4,Bangladesh,Thailand,Ayasha Rahman,Nigar Sultana,C Sutthiruang,0,0,,,,,,,,,
1148057,2018,2018-06-07,Kinrara Academy Oval,2,2.5,Bangladesh,Thailand,Ayasha Rahman,Nigar Sultana,C Sutthiruang,4,0,,,,,,,,,
1148057,2018,2018-06-07,Kinrara Academy Oval,2,2.6,Bangladesh,Thailand,Ayasha Rahman,Nigar Sultana,C Sutthiruang,0,1,,1,,,,,,,
1148057,2018,2018-06-07,Kinrara Academy Oval,2,2.7,Bangladesh,Thailand,Ayasha Rahman,Nigar Sultana,C Sutthiruang,1,0,,,,,,,,,
1148057,2018,2018-06-07,Kinrara Academy Oval,2,3.1,Bangladesh,Thailand,Ayasha Rahman,Nigar Sultana,R Padunglerd,0,1,1,,,,,,,,
1148057,2018,2018-06-07,Kinrara Academy Oval,2,3.2,Bangladesh,Thailand,Ayasha Rahman,Nigar Sultana,R Padunglerd,4,0,,,,,,,,,
1148057,2018,2018-06-07,Kinrara Academy Oval,2,3.3,Bangladesh,Thailand,Ayasha Rahman,Nigar Sultana,R Padunglerd,0,0,,,,,,,,,
1148057,2018,2018-06-07,Kinrara Academy Oval,2,3.4,Bangladesh,Thailand,Ayasha Rahman,Nigar Sultana,R Padunglerd,0,0,,,,,,,,,
1148057,2018,2018-06-07,Kinrara Academy Oval,2,3.5,Bangladesh,Thailand,Ayasha Rahman,Nigar Sultana,R Padunglerd,0,0,,,,,,,,,
1148057,2018,2018-06-07,Kinrara Academy Oval,2,3.6,Bangladesh,Thailand,Ayasha Rahman,Nigar Sultana,R Padunglerd,0,0,,,,,,,,,
1148057,2018,2018-06-07,Kinrara Academy Oval,2,3.7,Bangladesh,Thailand,Ayasha Rahman,Nigar Sultana,R Padunglerd,0,0,,,,,,,,,
1148057,2018,2018-06-07,Kinrara Academy Oval,2,4.1,Bangladesh,Thailand,Nigar Sultana,Ayasha Rahman,C Sutthiruang,0,0,,,,,,,,,
1148057,2018,2018-06-07,Kinrara Academy Oval,2,4.2,Bangladesh,Thailand,Nigar Sultana,Ayasha Rahman,C Sutthiruang,0,0,,,,,,,,,
1148057,2018,2018-06-07,Kinrara Academy Oval,2,4.3,Bangladesh,Thailand,Nigar Sultana,Ayasha Rahman,C Sutthiruang,0,0,,,,,,,,,
1148057,2018,2018-06-07,Kinrara Academy Oval,2,4.4,Bangladesh,Thailand,Nigar Sultana,Ayasha Rahman,C Sutthiruang,1,0,,,,,,,,,
1148057,2018,2018-06-07,Kinrara Academy Oval,2,4.5,Bangladesh,Thailand,Ayasha Rahman,Nigar Sultana,C Sutthiruang,1,0,,,,,,,,,
1148057,2018,2018-06-07,Kinrara Academy Oval,2,4.6,Bangladesh,Thailand,Nigar Sultana,Ayasha Rahman,C Sutthiruang,4,0,,,,,,,,,
1148057,2018,2018-06-07,Kinrara Academy Oval,2,5.1,Bangladesh,Thailand,Ayasha Rahman,Nigar Sultana,R Padunglerd,1,0,,,,,,,,,
1148057,2018,2018-06-07,Kinrara Academy Oval,2,5.2,Bangladesh,Thailand,Nigar Sultana,Ayasha Rahman,R Padunglerd,0,0,,,,,,,,,
1148057,2018,2018-06-07,Kinrara Academy Oval,2,5.3,Bangladesh,Thailand,Nigar Sultana,Ayasha Rahman,R Padunglerd,0,0,,,,,,,,,
1148057,2018,2018-06-07,Kinrara Academy Oval,2,5.4,Bangladesh,Thailand,Nigar Sultana,Ayasha Rahman,R Padunglerd,2,1,,1,,,,,,,
1148057,2018,2018-06-07,Kinrara Academy Oval,2,5.5,Bangladesh,Thailand,Nigar Sultana,Ayasha Rahman,R Padunglerd,4,0,,,,,,,,,
1148057,2018,2018-06-07,Kinrara Academy Oval,2,5.6,Bangladesh,Thailand,Nigar Sultana,Ayasha Rahman,R Padunglerd,0,1,1,,,,,,,,
1148057,2018,2018-06-07,Kinrara Academy Oval,2,5.7,Bangladesh,Thailand,Nigar Sultana,Ayasha Rahman,R Padunglerd,0,0,,,,,,,,,
1148057,2018,2018-06-07,Kinrara Academy Oval,2,5.8,Bangladesh,Thailand,Nigar Sultana,Ayasha Rahman,R Padunglerd,4,0,,,,,,,,,
1148057,2018,2018-06-07,Kinrara Academy Oval,2,6.1,Bangladesh,Thailand,Ayasha Rahman,Nigar Sultana,N Boochatham,0,0,,,,,,,,,
1148057,2018,2018-06-07,Kinrara Academy Oval,2,6.2,Bangladesh,Thailand,Ayasha Rahman,Nigar Sultana,N Boochatham,1,0,,,,,,,,,
1148057,2018,2018-06-07,Kinrara Academy Oval,2,6.3,Bangladesh,Thailand,Nigar Sultana,Ayasha Rahman,N Boochatham,0,0,,,,,,,,,
1148057,2018,2018-06-07,Kinrara Academy Oval,2,6.4,Bangladesh,Thailand,Nigar Sultana,Ayasha Rahman,N Boochatham,1,0,,,,,,,,,
1148057,2018,2018-06-07,Kinrara Academy Oval,2,6.5,Bangladesh,Thailand,Ayasha Rahman,Nigar Sultana,N Boochatham,1,0,,,,,,,,,
1148057,2018,2018-06-07,Kinrara Academy Oval,2,6.6,Bangladesh,Thailand,Nigar Sultana,Ayasha Rahman,N Boochatham,1,0,,,,,,,,,
1148057,2018,2018-06-07,Kinrara Academy Oval,2,7.1,Bangladesh,Thailand,Nigar Sultana,Ayasha Rahman,S Tippoch,0,0,,,,,,,,,
1148057,2018,2018-06-07,Kinrara Academy Oval,2,7.2,Bangladesh,Thailand,Nigar Sultana,Ayasha Rahman,S Tippoch,1,0,,,,,,,,,
1148057,2018,2018-06-07,Kinrara Academy Oval,2,7.3,Bangladesh,Thailand,Ayasha Rahman,Nigar Sultana,S Tippoch,0,0,,,,,,,,,
1148057,2018,2018-06-07,Kinrara Academy Oval,2,7.4,Bangladesh,Thailand,Ayasha Rahman,Nigar Sultana,S Tippoch,1,0,,,,,,,,,
1148057,2018,2018-06-07,Kinrara Academy Oval,2,7.5,Bangladesh,Thailand,Nigar Sultana,Ayasha Rahman,S Tippoch,1,0,,,,,,,,,
1148057,2018,2018-06-07,Kinrara Academy Oval,2,7.6,Bangladesh,Thailand,Ayasha Rahman,Nigar Sultana,S Tippoch,1,0,,,,,,,,,
1148057,2018,2018-06-07,Kinrara Academy Oval,2,8.1,Bangladesh,Thailand,Ayasha Rahman,Nigar Sultana,N Boochatham,0,0,,,,,,,,,
1148057,2018,2018-06-07,Kinrara Academy Oval,2,8.2,Bangladesh,Thailand,Ayasha Rahman,Nigar Sultana,N Boochatham,1,0,,,,,,,,,
1148057,2018,2018-06-07,Kinrara Academy Oval,2,8.3,Bangladesh,Thailand,Nigar Sultana,Ayasha Rahman,N Boochatham,1,0,,,,,,,,,
1148057,2018,2018-06-07,Kinrara Academy Oval,2,8.4,Bangladesh,Thailand,Ayasha Rahman,Nigar Sultana,N Boochatham,0,0,,,,,,,,,
1148057,2018,2018-06-07,Kinrara Academy Oval,2,8.5,Bangladesh,Thailand,Ayasha Rahman,Nigar Sultana,N Boochatham,1,0,,,,,,,,,
1148057,2018,2018-06-07,Kinrara Academy Oval,2,8.6,Bangladesh,Thailand,Nigar Sultana,Ayasha Rahman,N Boochatham,1,0,,,,,,,,,
1148057,2018,2018-06-07,Kinrara Academy Oval,2,9.1,Bangladesh,Thailand,Nigar Sultana,Ayasha Rahman,S Tippoch,1,0,,,,,,,,,
1148057,2018,2018-06-07,Kinrara Academy Oval,2,9.2,Bangladesh,Thailand,Ayasha Rahman,Nigar Sultana,S Tippoch,1,0,,,,,,,,,
1148057,2018,2018-06-07,Kinrara Academy Oval,2,9.3,Bangladesh,Thailand,Nigar Sultana,Ayasha Rahman,S Tippoch,0,0,,,,,,,,,
1148057,2018,2018-06-07,Kinrara Academy Oval,2,9.4,Bangladesh,Thailand,Nigar Sultana,Ayasha Rahman,S Tippoch,1,0,,,,,,,,,
1148057,2018,2018-06-07,Kinrara Academy Oval,2,9.5,Bangladesh,Thailand,Ayasha Rahman,Nigar Sultana,S Tippoch,0,0,,,,,,,,,
1148057,2018,2018-06-07,Kinrara Academy Oval,2,9.6,Bangladesh,Thailand,Ayasha Rahman,Nigar Sultana,S Tippoch,0,0,,,,,,,,,
1148057,2018,2018-06-07,Kinrara Academy Oval,2,10.1,Bangladesh,Thailand,Nigar Sultana,Ayasha Rahman,S Laomi,0,0,,,,,,,,,
1148057,2018,2018-06-07,Kinrara Academy Oval,2,10.2,Bangladesh,Thailand,Nigar Sultana,Ayasha Rahman,S Laomi,0,0,,,,,,,,,
1148057,2018,2018-06-07,Kinrara Academy Oval,2,10.3,Bangladesh,Thailand,Nigar Sultana,Ayasha Rahman,S Laomi,1,0,,,,,,,,,
1148057,2018,2018-06-07,Kinrara Academy Oval,2,10.4,Bangladesh,Thailand,Ayasha Rahman,Nigar Sultana,S Laomi,0,0,,,,,,,,,
1148057,2018,2018-06-07,Kinrara Academy Oval,2,10.5,Bangladesh,Thailand,Ayasha Rahman,Nigar Sultana,S Laomi,1,0,,,,,,,,,
1148057,2018,2018-06-07,Kinrara Academy Oval,2,10.6,Bangladesh,Thailand,Nigar Sultana,Ayasha Rahman,S Laomi,0,0,,,,,,,,,
1148057,2018,2018-06-07,Kinrara Academy Oval,2,11.1,Bangladesh,Thailand,Ayasha Rahman,Nigar Sultana,S Tippoch,6,0,,,,,,,,,
