match_id,season,start_date,venue,innings,ball,batting_team,bowling_team,striker,non_striker,bowler,runs_off_bat,extras,wides,noballs,byes,legbyes,penalty,wicket_type,player_dismissed,other_wicket_type,other_player_dismissed
1148054,2018,2018-06-06,Kinrara Academy Oval,1,0.1,Pakistan,Sri Lanka,Nahida Khan,Muneeba Ali,KDU Prabodhani,0,0,,,,,,,,,
1148054,2018,2018-06-06,Kinrara Academy Oval,1,0.2,Pakistan,Sri Lanka,Nahida Khan,Muneeba Ali,KDU Prabodhani,0,0,,,,,,,,,
1148054,2018,2018-06-06,Kinrara Academy Oval,1,0.3,Pakistan,Sri Lanka,Nahida Khan,Muneeba Ali,KDU Prabodhani,1,0,,,,,,,,,
1148054,2018,2018-06-06,Kinrara Academy Oval,1,0.4,Pakistan,Sri Lanka,Muneeba Ali,Nahida Khan,KDU Prabodhani,0,0,,,,,,,,,
1148054,2018,2018-06-06,Kinrara Academy Oval,1,0.5,Pakistan,Sri Lanka,Muneeba Ali,Nahida Khan,KDU Prabodhani,1,0,,,,,,,,,
1148054,2018,2018-06-06,Kinrara Academy Oval,1,0.6,Pakistan,Sri Lanka,Nahida Khan,Muneeba Ali,KDU Prabodhani,0,0,,,,,,,,,
1148054,2018,2018-06-06,Kinrara Academy Oval,1,1.1,Pakistan,Sri Lanka,Muneeba Ali,Nahida Khan,BMSM Kumari,0,0,,,,,,,,,
1148054,2018,2018-06-06,Kinrara Academy Oval,1,1.2,Pakistan,Sri Lanka,Muneeba Ali,Nahida Khan,BMSM Kumari,0,0,,,,,,,,,
1148054,2018,2018-06-06,Kinrara Academy Oval,1,1.3,Pakistan,Sri Lanka,Muneeba Ali,Nahida Khan,BMSM Kumari,1,0,,,,,,,,,
1148054,2018,2018-06-06,Kinrara Academy Oval,1,1.4,Pakistan,Sri Lanka,Nahida Khan,Muneeba Ali,BMSM Kumari,0,0,,,,,,,,,
1148054,2018,2018-06-06,Kinrara Academy Oval,1,1.5,Pakistan,Sri Lanka,Nahida Khan,Muneeba Ali,BMSM Kumari,1,0,,,,,,,,,
1148054,2018,2018-06-06,Kinrara Academy Oval,1,1.6,Pakistan,Sri Lanka,Muneeba Ali,Nahida Khan,BMSM Kumari,0,0,,,,,,,,,
1148054,2018,2018-06-06,Kinrara Academy Oval,1,2.1,Pakistan,Sri Lanka,Nahida Khan,Muneeba Ali,KDU Prabodhani,0,4,,,,4,,,,,
1148054,2018,2018-06-06,Kinrara Academy Oval,1,2.2,Pakistan,Sri Lanka,Nahida Khan,Muneeba Ali,KDU Prabodhani,0,0,,,,,,,,,
1148054,2018,2018-06-06,Kinrara Academy Oval,1,2.3,Pakistan,Sri Lanka,Nahida Khan,Muneeba Ali,KDU Prabodhani,1,0,,,,,,,,,
1148054,2018,2018-06-06,Kinrara Academy Oval,1,2.4,Pakistan,Sri Lanka,Muneeba Ali,Nahida Khan,KDU Prabodhani,1,0,,,,,,,,,
1148054,2018,2018-06-06,Kinrara Academy Oval,1,2.5,Pakistan,Sri Lanka,Nahida Khan,Muneeba Ali,KDU Prabodhani,1,0,,,,,,,,,
1148054,2018,2018-06-06,Kinrara Academy Oval,1,2.6,Pakistan,Sri Lanka,Muneeba Ali,Nahida Khan,KDU Prabodhani,0,1,1,,,,,,,,
1148054,2018,2018-06-06,Kinrara Academy Oval,1,2.7,Pakistan,Sri Lanka,Muneeba Ali,Nahida Khan,KDU Prabodhani,0,0,,,,,,,,,
1148054,2018,2018-06-06,Kinrara Academy Oval,1,3.1,Pakistan,Sri Lanka,Nahida Khan,Muneeba Ali,BMSM Kumari,1,0,,,,,,,,,
1148054,2018,2018-06-06,Kinrara Academy Oval,1,3.2,Pakistan,Sri Lanka,Muneeba Ali,Nahida Khan,BMSM Kumari,0,1,1,,,,,,,,
1148054,2018,2018-06-06,Kinrara Academy Oval,1,3.3,Pakistan,Sri Lanka,Muneeba Ali,Nahida Khan,BMSM Kumari,0,0,,,,,,,,,
1148054,2018,2018-06-06,Kinrara Academy Oval,1,3.4,Pakistan,Sri Lanka,Muneeba Ali,Nahida Khan,BMSM Kumari,0,0,,,,,,,,,
1148054,2018,2018-06-06,Kinrara Academy Oval,1,3.5,Pakistan,Sri Lanka,Muneeba Ali,Nahida Khan,BMSM Kumari,1,0,,,,,,,,,
1148054,2018,2018-06-06,Kinrara Academy Oval,1,3.6,Pakistan,Sri Lanka,Nahida Khan,Muneeba Ali,BMSM Kumari,0,0,,,,,,,,,
1148054,2018,2018-06-06,Kinrara Academy Oval,1,3.7,Pakistan,Sri Lanka,Nahida Khan,Muneeba Ali,BMSM Kumari,0,0,,,,,,,,,
1148054,2018,2018-06-06,Kinrara Academy Oval,1,4.1,Pakistan,Sri Lanka,Muneeba Ali,Nahida Khan,OU Ranasinghe,0,0,,,,,,,,,
1148054,2018,2018-06-06,Kinrara Academy Oval,1,4.2,Pakistan,Sri Lanka,Muneeba Ali,Nahida Khan,OU Ranasinghe,0,0,,,,,,,,,
1148054,2018,2018-06-06,Kinrara Academy Oval,1,4.3,Pakistan,Sri Lanka,Muneeba Ali,Nahida Khan,OU Ranasinghe,0,0,,,,,,,,,
1148054,2018,2018-06-06,Kinrara Academy Oval,1,4.4,Pakistan,Sri Lanka,Muneeba Ali,Nahida Khan,OU Ranasinghe,0,0,,,,,,,,,
1148054,2018,2018-06-06,Kinrara Academy Oval,1,4.5,Pakistan,Sri Lanka,Muneeba Ali,Nahida Khan,OU Ranasinghe,0,0,,,,,,,,,
1148054,2018,2018-06-06,Kinrara Academy Oval,1,4.6,Pakistan,Sri Lanka,Muneeba Ali,Nahida Khan,OU Ranasinghe,1,0,,,,,,,,,
1148054,2018,2018-06-06,Kinrara Academy Oval,1,5.1,Pakistan,Sri Lanka,Muneeba Ali,Nahida Khan,BMSM Kumari,0,0,,,,,,caught,Muneeba Ali,,
1148054,2018,2018-06-06,Kinrara Academy Oval,1,5.2,Pakistan,Sri Lanka,Bismah Maroof,Nahida Khan,BMSM Kumari,1,0,,,,,,,,,
1148054,2018,2018-06-06,Kinrara Academy Oval,1,5.3,Pakistan,Sri Lanka,Nahida Khan,Bismah Maroof,BMSM Kumari,1,0,,,,,,,,,
1148054,2018,2018-06-06,Kinrara Academy Oval,1,5.4,Pakistan,Sri Lanka,Bismah Maroof,Nahida Khan,BMSM Kumari,1,0,,,,,,,,,
1148054,2018,2018-06-06,Kinrara Academy Oval,1,5.5,Pakistan,Sri Lanka,Nahida Khan,Bismah Maroof,BMSM Kumari,1,0,,,,,,,,,
1148054,2018,2018-06-06,Kinrara Academy Oval,1,5.6,Pakistan,Sri Lanka,Bismah Maroof,Nahida Khan,BMSM Kumari,4,0,,,,,,,,,
1148054,2018,2018-06-06,Kinrara Academy Oval,1,6.1,Pakistan,Sri Lanka,Nahida Khan,Bismah Maroof,OU Ranasinghe,4,0,,,,,,,,,
1148054,2018,2018-06-06,Kinrara Academy Oval,1,6.2,Pakistan,Sri Lanka,Nahida Khan,Bismah Maroof,OU Ranasinghe,0,0,,,,,,,,,
1148054,2018,2018-06-06,Kinrara Academy Oval,1,6.3,Pakistan,Sri Lanka,Nahida Khan,Bismah Maroof,OU Ranasinghe,2,0,,,,,,,,,
1148054,2018,2018-06-06,Kinrara Academy Oval,1,6.4,Pakistan,Sri Lanka,Nahida Khan,Bismah Maroof,OU Ranasinghe,4,0,,,,,,,,,
1148054,2018,2018-06-06,Kinrara Academy Oval,1,6.5,Pakistan,Sri Lanka,Nahida Khan,Bismah Maroof,OU Ranasinghe,0,0,,,,,,,,,
1148054,2018,2018-06-06,Kinrara Academy Oval,1,6.6,Pakistan,Sri Lanka,Nahida Khan,Bismah Maroof,OU Ranasinghe,1,0,,,,,,,,,
1148054,2018,2018-06-06,Kinrara Academy Oval,1,7.1,Pakistan,Sri Lanka,Nahida Khan,Bismah Maroof,HASD Siriwardene,0,0,,,,,,,,,
1148054,2018,2018-06-06,Kinrara Academy Oval,1,7.2,Pakistan,Sri Lanka,Nahida Khan,Bismah Maroof,HASD Siriwardene,2,0,,,,,,,,,
1148054,2018,2018-06-06,Kinrara Academy Oval,1,7.3,Pakistan,Sri Lanka,Nahida Khan,Bismah Maroof,HASD Siriwardene,1,0,,,,,,,,,
1148054,2018,2018-06-06,Kinrara Academy Oval,1,7.4,Pakistan,Sri Lanka,Bismah Maroof,Nahida Khan,HASD Siriwardene,0,0,,,,,,,,,
1148054,2018,2018-06-06,Kinrara Academy Oval,1,7.5,Pakistan,Sri Lanka,Bismah Maroof,Nahida Khan,HASD Siriwardene,1,0,,,,,,,,,
1148054,2018,2018-06-06,Kinrara Academy Oval,1,7.6,Pakistan,Sri Lanka,Nahida Khan,Bismah Maroof,HASD Siriwardene,4,0,,,,,,,,,
1148054,2018,2018-06-06,Kinrara Academy Oval,1,8.1,Pakistan,Sri Lanka,Bismah Maroof,Nahida Khan,I Ranaweera,0,0,,,,,,,,,
1148054,2018,2018-06-06,Kinrara Academy Oval,1,8.2,Pakistan,Sri Lanka,Bismah Maroof,Nahida Khan,I Ranaweera,1,0,,,,,,,,,
1148054,2018,2018-06-06,Kinrara Academy Oval,1,8.3,Pakistan,Sri Lanka,Nahida Khan,Bismah Maroof,I Ranaweera,1,0,,,,,,,,,
1148054,2018,2018-06-06,Kinrara Academy Oval,1,8.4,Pakistan,Sri Lanka,Bismah Maroof,Nahida Khan,I Ranaweera,1,0,,,,,,,,,
1148054,2018,2018-06-06,Kinrara Academy Oval,1,8.5,Pakistan,Sri Lanka,Nahida Khan,Bismah Maroof,I Ranaweera,1,0,,,,,,,,,
1148054,2018,2018-06-06,Kinrara Academy Oval,1,8.6,Pakistan,Sri Lanka,Bismah Maroof,Nahida Khan,I Ranaweera,1,0,,,,,,,,,
1148054,2018,2018-06-06,Kinrara Academy Oval,1,9.1,Pakistan,Sri Lanka,Bismah Maroof,Nahida Khan,HASD Siriwardene,1,0,,,,,,,,,
1148054,2018,2018-06-06,Kinrara Academy Oval,1,9.2,Pakistan,Sri Lanka,Nahida Khan,Bismah Maroof,HASD Siriwardene,2,0,,,,,,,,,
1148054,2018,2018-06-06,Kinrara Academy Oval,1,9.3,Pakistan,Sri Lanka,Nahida Khan,Bismah Maroof,HASD Siriwardene,1,0,,,,,,,,,
1148054,2018,2018-06-06,Kinrara Academy Oval,1,9.4,Pakistan,Sri Lanka,Bismah Maroof,Nahida Khan,HASD Siriwardene,0,0,,,,,,,,,
1148054,2018,2018-06-06,Kinrara Academy Oval,1,9.5,Pakistan,Sri Lanka,Bismah Maroof,Nahida Khan,HASD Siriwardene,0,0,,,,,,,,,
1148054,2018,2018-06-06,Kinrara Academy Oval,1,9.6,Pakistan,Sri Lanka,Bismah Maroof,Nahida Khan,HASD Siriwardene,1,0,,,,,,,,,
1148054,2018,2018-06-06,Kinrara Academy Oval,1,10.1,Pakistan,Sri Lanka,Bismah Maroof,Nahida Khan,I Ranaweera,1,0,,,,,,,,,
1148054,2018,2018-06-06,Kinrara Academy Oval,1,10.2,Pakistan,Sri Lanka,Nahida Khan,Bismah Maroof,I Ranaweera,1,0,,,,,,,,,
1148054,2018,2018-06-06,Kinrara Academy Oval,1,10.3,Pakistan,Sri Lanka,Bismah Maroof,Nahida Khan,I Ranaweera,4,0,,,,,,,,,
1148054,2018,2018-06-06,Kinrara Academy Oval,1,10.4,Pakistan,Sri Lanka,Bismah Maroof,Nahida Khan,I Ranaweera,1,0,,,,,,,,,
1148054,2018,2018-06-06,Kinrara Academy Oval,1,10.5,Pakistan,Sri Lanka,Nahida Khan,Bismah Maroof,I Ranaweera,1,0,,,,,,,,,
1148054,2018,2018-06-06,Kinrara Academy Oval,1,10.6,Pakistan,Sri Lanka,Bismah Maroof,Nahida Khan,I Ranaweera,2,0,,,,,,,,,
1148054,2018,2018-06-06,Kinrara Academy Oval,1,11.1,Pakistan,Sri Lanka,Nahida Khan,Bismah Maroof,NND de Silva,6,0,,,,,,,,,
1148054,2018,2018-06-06,Kinrara Academy Oval,1,11.2,Pakistan,Sri Lanka,Nahida Khan,Bismah Maroof,NND de Silva,0,1,,,,1,,,,,
1148054,2018,2018-06-06,Kinrara Academy Oval,1,11.3,Pakistan,Sri Lanka,Bismah Maroof,Nahida Khan,NND de Silva,4,0,,,,,,,,,
1148054,2018,2018-06-06,Kinrara Academy Oval,1,11.4,Pakistan,Sri Lanka,Bismah Maroof,Nahida Khan,NND de Silva,0,1,1,,,,,,,,
1148054,2018,2018-06-06,Kinrara Academy Oval,1,11.5,Pakistan,Sri Lanka,Bismah Maroof,Nahida Khan,NND de Silva,1,0,,,,,,,,,
1148054,2018,2018-06-06,Kinrara Academy Oval,1,11.6,Pakistan,Sri Lanka,Nahida Khan,Bismah Maroof,NND de Silva,0,0,,,,,,lbw,Nahida Khan,,
1148054,2018,2018-06-06,Kinrara Academy Oval,1,11.7,Pakistan,Sri Lanka,Javeria Khan,Bismah Maroof,NND de Silva,1,0,,,,,,,,,
1148054,2018,2018-06-06,Kinrara Academy Oval,1,12.1,Pakistan,Sri Lanka,Javeria Khan,Bismah Maroof,I Ranaweera,0,0,,,,,,,,,
1148054,2018,2018-06-06,Kinrara Academy Oval,1,12.2,Pakistan,Sri Lanka,Javeria Khan,Bismah Maroof,I Ranaweera,1,0,,,,,,,,,
1148054,2018,2018-06-06,Kinrara Academy Oval,1,12.3,Pakistan,Sri Lanka,Bismah Maroof,Javeria Khan,I Ranaweera,0,1,1,,,,,,,,
1148054,2018,2018-06-06,Kinrara Academy Oval,1,12.4,Pakistan,Sri Lanka,Bismah Maroof,Javeria Khan,I Ranaweera,1,0,,,,,,,,,
1148054,2018,2018-06-06,Kinrara Academy Oval,1,12.5,Pakistan,Sri Lanka,Javeria Khan,Bismah Maroof,I Ranaweera,1,0,,,,,,,,,
1148054,2018,2018-06-06,Kinrara Academy Oval,1,12.6,Pakistan,Sri Lanka,Bismah Maroof,Javeria Khan,I Ranaweera,0,0,,,,,,,,,
1148054,2018,2018-06-06,Kinrara Academy Oval,1,12.7,Pakistan,Sri Lanka,Bismah Maroof,Javeria Khan,I Ranaweera,2,0,,,,,,,,,
1148054,2018,2018-06-06,Kinrara Academy Oval,1,13.1,Pakistan,Sri Lanka,Javeria Khan,Bismah Maroof,HASD Siriwardene,0,0,,,,,,,,,
1148054,2018,2018-06-06,Kinrara Academy Oval,1,13.2,Pakistan,Sri Lanka,Javeria Khan,Bismah Maroof,HASD Siriwardene,2,0,,,,,,,,,
1148054,2018,2018-06-06,Kinrara Academy Oval,1,13.3,Pakistan,Sri Lanka,Javeria Khan,Bismah Maroof,HASD Siriwardene,1,0,,,,,,,,,
1148054,2018,2018-06-06,Kinrara Academy Oval,1,13.4,Pakistan,Sri Lanka,Bismah Maroof,Javeria Khan,HASD Siriwardene,1,0,,,,,,,,,
1148054,2018,2018-06-06,Kinrara Academy Oval,1,13.5,Pakistan,Sri Lanka,Javeria Khan,Bismah Maroof,HASD Siriwardene,1,0,,,,,,,,,
1148054,2018,2018-06-06,Kinrara Academy Oval,1,13.6,Pakistan,Sri Lanka,Bismah Maroof,Javeria Khan,HASD Siriwardene,2,0,,,,,,,,,
1148054,2018,2018-06-06,Kinrara Academy Oval,1,14.1,Pakistan,Sri Lanka,Javeria Khan,Bismah Maroof,OU Ranasinghe,1,0,,,,,,,,,
1148054,2018,2018-06-06,Kinrara Academy Oval,1,14.2,Pakistan,Sri Lanka,Bismah Maroof,Javeria Khan,OU Ranasinghe,1,0,,,,,,,,,
1148054,2018,2018-06-06,Kinrara Academy Oval,1,14.3,Pakistan,Sri Lanka,Javeria Khan,Bismah Maroof,OU Ranasinghe,1,0,,,,,,,,,
1148054,2018,2018-06-06,Kinrara Academy Oval,1,14.4,Pakistan,Sri Lanka,Bismah Maroof,Javeria Khan,OU Ranasinghe,1,0,,,,,,,,,
1148054,2018,2018-06-06,Kinrara Academy Oval,1,14.5,Pakistan,Sri Lanka,Javeria Khan,Bismah Maroof,OU Ranasinghe,1,0,,,,,,,,,
1148054,2018,2018-06-06,Kinrara Academy Oval,1,14.6,Pakistan,Sri Lanka,Bismah Maroof,Javeria Khan,OU Ranasinghe,4,0,,,,,,,,,
1148054,2018,2018-06-06,Kinrara Academy Oval,1,15.1,Pakistan,Sri Lanka,Javeria Khan,Bismah Maroof,HASD Siriwardene,1,0,,,,,,,,,
1148054,2018,2018-06-06,Kinrara Academy Oval,1,15.2,Pakistan,Sri Lanka,Bismah Maroof,Javeria Khan,HASD Siriwardene,1,0,,,,,,,,,
1148054,2018,2018-06-06,Kinrara Academy Oval,1,15.3,Pakistan,Sri Lanka,Javeria Khan,Bismah Maroof,HASD Siriwardene,1,0,,,,,,,,,
1148054,2018,2018-06-06,Kinrara Academy Oval,1,15.4,Pakistan,Sri Lanka,Bismah Maroof,Javeria Khan,HASD Siriwardene,4,0,,,,,,,,,
1148054,2018,2018-06-06,Kinrara Academy Oval,1,15.5,Pakistan,Sri Lanka,Bismah Maroof,Javeria Khan,HASD Siriwardene,4,0,,,,,,,,,
1148054,2018,2018-06-06,Kinrara Academy Oval,1,15.6,Pakistan,Sri Lanka,Bismah Maroof,Javeria Khan,HASD Siriwardene,4,0,,,,,,,,,
1148054,2018,2018-06-06,Kinrara Academy Oval,1,16.1,Pakistan,Sri Lanka,Javeria Khan,Bismah Maroof,I Ranaweera,1,0,,,,,,,,,
1148054,2018,2018-06-06,Kinrara Academy Oval,1,16.2,Pakistan,Sri Lanka,Bismah Maroof,Javeria Khan,I Ranaweera,1,0,,,,,,,,,
1148054,2018,2018-06-06,Kinrara Academy Oval,1,16.3,Pakistan,Sri Lanka,Javeria Khan,Bismah Maroof,I Ranaweera,0,0,,,,,,bowled,Javeria Khan,,
1148054,2018,2018-06-06,Kinrara Academy Oval,1,16.4,Pakistan,Sri Lanka,Nida Dar,Bismah Maroof,I Ranaweera,1,0,,,,,,,,,
1148054,2018,2018-06-06,Kinrara Academy Oval,1,16.5,Pakistan,Sri Lanka,Bismah Maroof,Nida Dar,I Ranaweera,2,0,,,,,,,,,
1148054,2018,2018-06-06,Kinrara Academy Oval,1,16.6,Pakistan,Sri Lanka,Bismah Maroof,Nida Dar,I Ranaweera,1,0,,,,,,,,,
1148054,2018,2018-06-06,Kinrara Academy Oval,1,17.1,Pakistan,Sri Lanka,Bismah Maroof,Nida Dar,KDU Prabodhani,2,0,,,,,,,,,
1148054,2018,2018-06-06,Kinrara Academy Oval,1,17.2,Pakistan,Sri Lanka,Bismah Maroof,Nida Dar,KDU Prabodhani,0,0,,,,,,,,,
1148054,2018,2018-06-06,Kinrara Academy Oval,1,17.3,Pakistan,Sri Lanka,Bismah Maroof,Nida Dar,KDU Prabodhani,1,0,,,,,,,,,
1148054,2018,2018-06-06,Kinrara Academy Oval,1,17.4,Pakistan,Sri Lanka,Nida Dar,Bismah Maroof,KDU Prabodhani,1,0,,,,,,,,,
1148054,2018,2018-06-06,Kinrara Academy Oval,1,17.5,Pakistan,Sri Lanka,Bismah Maroof,Nida Dar,KDU Prabodhani,1,0,,,,,,,,,
1148054,2018,2018-06-06,Kinrara Academy Oval,1,17.6,Pakistan,Sri Lanka,Nida Dar,Bismah Maroof,KDU Prabodhani,1,0,,,,,,,,,
1148054,2018,2018-06-06,Kinrara Academy Oval,1,18.1,Pakistan,Sri Lanka,Nida Dar,Bismah Maroof,BMSM Kumari,0,0,,,,,,bowled,Nida Dar,,
1148054,2018,2018-06-06,Kinrara Academy Oval,1,18.2,Pakistan,Sri Lanka,Nain Abidi,Bismah Maroof,BMSM Kumari,1,0,,,,,,,,,
1148054,2018,2018-06-06,Kinrara Academy Oval,1,18.3,Pakistan,Sri Lanka,Bismah Maroof,Nain Abidi,BMSM Kumari,1,0,,,,,,,,,
1148054,2018,2018-06-06,Kinrara Academy Oval,1,18.4,Pakistan,Sri Lanka,Nain Abidi,Bismah Maroof,BMSM Kumari,1,0,,,,,,,,,
1148054,2018,2018-06-06,Kinrara Academy Oval,1,18.5,Pakistan,Sri Lanka,Bismah Maroof,Nain Abidi,BMSM Kumari,1,0,,,,,,,,,
1148054,2018,2018-06-06,Kinrara Academy Oval,1,18.6,Pakistan,Sri Lanka,Nain Abidi,Bismah Maroof,BMSM Kumari,1,0,,,,,,,,,
1148054,2018,2018-06-06,Kinrara Academy Oval,1,19.1,Pakistan,Sri Lanka,Nain Abidi,Bismah Maroof,KDU Prabodhani,2,0,,,,,,,,,
1148054,2018,2018-06-06,Kinrara Academy Oval,1,19.2,Pakistan,Sri Lanka,Nain Abidi,Bismah Maroof,KDU Prabodhani,0,0,,,,,,,,,
1148054,2018,2018-06-06,Kinrara Academy Oval,1,19.3,Pakistan,Sri Lanka,Nain Abidi,Bismah Maroof,KDU Prabodhani,1,0,,,,,,,,,
1148054,2018,2018-06-06,Kinrara Academy Oval,1,19.4,Pakistan,Sri Lanka,Bismah Maroof,Nain Abidi,KDU Prabodhani,0,1,,,,1,,,,,
1148054,2018,2018-06-06,Kinrara Academy Oval,1,19.5,Pakistan,Sri Lanka,Nain Abidi,Bismah Maroof,KDU Prabodhani,0,0,,,,,,,,,
1148054,2018,2018-06-06,Kinrara Academy Oval,1,19.6,Pakistan,Sri Lanka,Nain Abidi,Bismah Maroof,KDU Prabodhani,1,0,,,,,,,,,
1148054,2018,2018-06-06,Kinrara Academy Oval,2,0.1,Sri Lanka,Pakistan,BYA Mendis,MDN Hansika,Anam Amin,0,0,,,,,,,,,
1148054,2018,2018-06-06,Kinrara Academy Oval,2,0.2,Sri Lanka,Pakistan,BYA Mendis,MDN Hansika,Anam Amin,1,0,,,,,,,,,
1148054,2018,2018-06-06,Kinrara Academy Oval,2,0.3,Sri Lanka,Pakistan,MDN Hansika,BYA Mendis,Anam Amin,4,0,,,,,,,,,
1148054,2018,2018-06-06,Kinrara Academy Oval,2,0.4,Sri Lanka,Pakistan,MDN Hansika,BYA Mendis,Anam Amin,0,0,,,,,,,,,
1148054,2018,2018-06-06,Kinrara Academy Oval,2,0.5,Sri Lanka,Pakistan,MDN Hansika,BYA Mendis,Anam Amin,1,0,,,,,,,,,
1148054,2018,2018-06-06,Kinrara Academy Oval,2,0.6,Sri Lanka,Pakistan,BYA Mendis,MDN Hansika,Anam Amin,0,0,,,,,,,,,
1148054,2018,2018-06-06,Kinrara Academy Oval,2,1.1,Sri Lanka,Pakistan,MDN Hansika,BYA Mendis,Diana Baig,0,0,,,,,,,,,
1148054,2018,2018-06-06,Kinrara Academy Oval,2,1.2,Sri Lanka,Pakistan,MDN Hansika,BYA Mendis,Diana Baig,1,0,,,,,,,,,
1148054,2018,2018-06-06,Kinrara Academy Oval,2,1.3,Sri Lanka,Pakistan,BYA Mendis,MDN Hansika,Diana Baig,4,0,,,,,,,,,
1148054,2018,2018-06-06,Kinrara Academy Oval,2,1.4,Sri Lanka,Pakistan,BYA Mendis,MDN Hansika,Diana Baig,1,0,,,,,,,,,
1148054,2018,2018-06-06,Kinrara Academy Oval,2,1.5,Sri Lanka,Pakistan,MDN Hansika,BYA Mendis,Diana Baig,0,0,,,,,,,,,
1148054,2018,2018-06-06,Kinrara Academy Oval,2,1.6,Sri Lanka,Pakistan,MDN Hansika,BYA Mendis,Diana Baig,0,0,,,,,,,,,
1148054,2018,2018-06-06,Kinrara Academy Oval,2,2.1,Sri Lanka,Pakistan,BYA Mendis,MDN Hansika,Anam Amin,0,0,,,,,,,,,
1148054,2018,2018-06-06,Kinrara Academy Oval,2,2.2,Sri Lanka,Pakistan,BYA Mendis,MDN Hansika,Anam Amin,0,0,,,,,,,,,
1148054,2018,2018-06-06,Kinrara Academy Oval,2,2.3,Sri Lanka,Pakistan,BYA Mendis,MDN Hansika,Anam Amin,0,0,,,,,,,,,
1148054,2018,2018-06-06,Kinrara Academy Oval,2,2.4,Sri Lanka,Pakistan,BYA Mendis,MDN Hansika,Anam Amin,0,0,,,,,,,,,
1148054,2018,2018-06-06,Kinrara Academy Oval,2,2.5,Sri Lanka,Pakistan,BYA Mendis,MDN Hansika,Anam Amin,0,0,,,,,,,,,
1148054,2018,2018-06-06,Kinrara Academy Oval,2,2.6,Sri Lanka,Pakistan,BYA Mendis,MDN Hansika,Anam Amin,0,0,,,,,,,,,
1148054,2018,2018-06-06,Kinrara Academy Oval,2,3.1,Sri Lanka,Pakistan,MDN Hansika,BYA Mendis,Diana Baig,0,1,1,,,,,,,,
1148054,2018,2018-06-06,Kinrara Academy Oval,2,3.2,Sri Lanka,Pakistan,MDN Hansika,BYA Mendis,Diana Baig,0,0,,,,,,,,,
1148054,2018,2018-06-06,Kinrara Academy Oval,2,3.3,Sri Lanka,Pakistan,MDN Hansika,BYA Mendis,Diana Baig,1,0,,,,,,,,,
1148054,2018,2018-06-06,Kinrara Academy Oval,2,3.4,Sri Lanka,Pakistan,BYA Mendis,MDN Hansika,Diana Baig,1,0,,,,,,,,,
1148054,2018,2018-06-06,Kinrara Academy Oval,2,3.5,Sri Lanka,Pakistan,MDN Hansika,BYA Mendis,Diana Baig,1,0,,,,,,,,,
1148054,2018,2018-06-06,Kinrara Academy Oval,2,3.6,Sri Lanka,Pakistan,BYA Mendis,MDN Hansika,Diana Baig,4,0,,,,,,,,,
1148054,2018,2018-06-06,Kinrara Academy Oval,2,3.7,Sri Lanka,Pakistan,BYA Mendis,MDN Hansika,Diana Baig,0,0,,,,,,,,,
1148054,2018,2018-06-06,Kinrara Academy Oval,2,4.1,Sri Lanka,Pakistan,MDN Hansika,BYA Mendis,Anam Amin,0,0,,,,,,,,,
1148054,2018,2018-06-06,Kinrara Academy Oval,2,4.2,Sri Lanka,Pakistan,MDN Hansika,BYA Mendis,Anam Amin,1,0,,,,,,,,,
1148054,2018,2018-06-06,Kinrara Academy Oval,2,4.3,Sri Lanka,Pakistan,BYA Mendis,MDN Hansika,Anam Amin,0,0,,,,,,,,,
1148054,2018,2018-06-06,Kinrara Academy Oval,2,4.4,Sri Lanka,Pakistan,BYA Mendis,MDN Hansika,Anam Amin,0,0,,,,,,,,,
1148054,2018,2018-06-06,Kinrara Academy Oval,2,4.5,Sri Lanka,Pakistan,BYA Mendis,MDN Hansika,Anam Amin,4,0,,,,,,,,,
1148054,2018,2018-06-06,Kinrara Academy Oval,2,4.6,Sri Lanka,Pakistan,BYA Mendis,MDN Hansika,Anam Amin,0,0,,,,,,,,,
1148054,2018,2018-06-06,Kinrara Academy Oval,2,5.1,Sri Lanka,Pakistan,MDN Hansika,BYA Mendis,Sana Mir,0,0,,,,,,,,,
1148054,2018,2018-06-06,Kinrara Academy Oval,2,5.2,Sri Lanka,Pakistan,MDN Hansika,BYA Mendis,Sana Mir,1,0,,,,,,,,,
1148054,2018,2018-06-06,Kinrara Academy Oval,2,5.3,Sri Lanka,Pakistan,BYA Mendis,MDN Hansika,Sana Mir,4,0,,,,,,,,,
1148054,2018,2018-06-06,Kinrara Academy Oval,2,5.4,Sri Lanka,Pakistan,BYA Mendis,MDN Hansika,Sana Mir,0,0,,,,,,,,,
1148054,2018,2018-06-06,Kinrara Academy Oval,2,5.5,Sri Lanka,Pakistan,BYA Mendis,MDN Hansika,Sana Mir,0,1,,,,1,,,,,
1148054,2018,2018-06-06,Kinrara Academy Oval,2,5.6,Sri Lanka,Pakistan,MDN Hansika,BYA Mendis,Sana Mir,4,0,,,,,,,,,
1148054,2018,2018-06-06,Kinrara Academy Oval,2,6.1,Sri Lanka,Pakistan,BYA Mendis,MDN Hansika,Nashra Sandhu,1,0,,,,,,,,,
1148054,2018,2018-06-06,Kinrara Academy Oval,2,6.2,Sri Lanka,Pakistan,MDN Hansika,BYA Mendis,Nashra Sandhu,3,0,,,,,,,,,
1148054,2018,2018-06-06,Kinrara Academy Oval,2,6.3,Sri Lanka,Pakistan,BYA Mendis,MDN Hansika,Nashra Sandhu,0,0,,,,,,,,,
1148054,2018,2018-06-06,Kinrara Academy Oval,2,6.4,Sri Lanka,Pakistan,BYA Mendis,MDN Hansika,Nashra Sandhu,0,0,,,,,,,,,
1148054,2018,2018-06-06,Kinrara Academy Oval,2,6.5,Sri Lanka,Pakistan,BYA Mendis,MDN Hansika,Nashra Sandhu,1,0,,,,,,,,,
1148054,2018,2018-06-06,Kinrara Academy Oval,2,6.6,Sri Lanka,Pakistan,MDN Hansika,BYA Mendis,Nashra Sandhu,1,0,,,,,,,,,
1148054,2018,2018-06-06,Kinrara Academy Oval,2,7.1,Sri Lanka,Pakistan,MDN Hansika,BYA Mendis,Nida Dar,2,0,,,,,,,,,
1148054,2018,2018-06-06,Kinrara Academy Oval,2,7.2,Sri Lanka,Pakistan,MDN Hansika,BYA Mendis,Nida Dar,1,0,,,,,,,,,
1148054,2018,2018-06-06,Kinrara Academy Oval,2,7.3,Sri Lanka,Pakistan,BYA Mendis,MDN Hansika,Nida Dar,0,0,,,,,,,,,
1148054,2018,2018-06-06,Kinrara Academy Oval,2,7.4,Sri Lanka,Pakistan,BYA Mendis,MDN Hansika,Nida Dar,0,0,,,,,,,,,
1148054,2018,2018-06-06,Kinrara Academy Oval,2,7.5,Sri Lanka,Pakistan,BYA Mendis,MDN Hansika,Nida Dar,4,0,,,,,,,,,
1148054,2018,2018-06-06,Kinrara Academy Oval,2,7.6,Sri Lanka,Pakistan,BYA Mendis,MDN Hansika,Nida Dar,0,0,,,,,,caught,BYA Mendis,,
1148054,2018,2018-06-06,Kinrara Academy Oval,2,8.1,Sri Lanka,Pakistan,MAA Sanjeewani,MDN Hansika,Nashra Sandhu,0,0,,,,,,,,,
1148054,2018,2018-06-06,Kinrara Academy Oval,2,8.2,Sri Lanka,Pakistan,MAA Sanjeewani,MDN Hansika,Nashra Sandhu,1,0,,,,,,,,,
1148054,2018,2018-06-06,Kinrara Academy Oval,2,8.3,Sri Lanka,Pakistan,MDN Hansika,MAA Sanjeewani,Nashra Sandhu,2,0,,,,,,,,,
1148054,2018,2018-06-06,Kinrara Academy Oval,2,8.4,Sri Lanka,Pakistan,MDN Hansika,MAA Sanjeewani,Nashra Sandhu,1,0,,,,,,,,,
1148054,2018,2018-06-06,Kinrara Academy Oval,2,8.5,Sri Lanka,Pakistan,MAA Sanjeewani,MDN Hansika,Nashra Sandhu,2,0,,,,,,,,,
1148054,2018,2018-06-06,Kinrara Academy Oval,2,8.6,Sri Lanka,Pakistan,MAA Sanjeewani,MDN Hansika,Nashra Sandhu,1,0,,,,,,,,,
1148054,2018,2018-06-06,Kinrara Academy Oval,2,9.1,Sri Lanka,Pakistan,MAA Sanjeewani,MDN Hansika,Nida Dar,1,0,,,,,,,,,
1148054,2018,2018-06-06,Kinrara Academy Oval,2,9.2,Sri Lanka,Pakistan,MDN Hansika,MAA Sanjeewani,Nida Dar,0,0,,,,,,stumped,MDN Hansika,,
1148054,2018,2018-06-06,Kinrara Academy Oval,2,9.3,Sri Lanka,Pakistan,GWHM Perera,MAA Sanjeewani,Nida Dar,1,0,,,,,,,,,
1148054,2018,2018-06-06,Kinrara Academy Oval,2,9.4,Sri Lanka,Pakistan,MAA Sanjeewani,GWHM Perera,Nida Dar,1,0,,,,,,,,,
1148054,2018,2018-06-06,Kinrara Academy Oval,2,9.5,Sri Lanka,Pakistan,GWHM Perera,MAA Sanjeewani,Nida Dar,0,0,,,,,,,,,
1148054,2018,2018-06-06,Kinrara Academy Oval,2,9.6,Sri Lanka,Pakistan,GWHM Perera,MAA Sanjeewani,Nida Dar,0,0,,,,,,,,,
1148054,2018,2018-06-06,Kinrara Academy Oval,2,10.1,Sri Lanka,Pakistan,MAA Sanjeewani,GWHM Perera,Sana Mir,1,0,,,,,,,,,
1148054,2018,2018-06-06,Kinrara Academy Oval,2,10.2,Sri Lanka,Pakistan,GWHM Perera,MAA Sanjeewani,Sana Mir,0,0,,,,,,,,,
1148054,2018,2018-06-06,Kinrara Academy Oval,2,10.3,Sri Lanka,Pakistan,GWHM Perera,MAA Sanjeewani,Sana Mir,0,0,,,,,,,,,
1148054,2018,2018-06-06,Kinrara Academy Oval,2,10.4,Sri Lanka,Pakistan,GWHM Perera,MAA Sanjeewani,Sana Mir,1,0,,,,,,,,,
1148054,2018,2018-06-06,Kinrara Academy Oval,2,10.5,Sri Lanka,Pakistan,MAA Sanjeewani,GWHM Perera,Sana Mir,1,0,,,,,,,,,
1148054,2018,2018-06-06,Kinrara Academy Oval,2,10.6,Sri Lanka,Pakistan,GWHM Perera,MAA Sanjeewani,Sana Mir,1,0,,,,,,,,,
1148054,2018,2018-06-06,Kinrara Academy Oval,2,11.1,Sri Lanka,Pakistan,GWHM Perera,MAA Sanjeewani,Nida Dar,1,0,,,,,,,,,
1148054,2018,2018-06-06,Kinrara Academy Oval,2,11.2,Sri Lanka,Pakistan,MAA Sanjeewani,GWHM Perera,Nida Dar,1,0,,,,,,,,,
1148054,2018,2018-06-06,Kinrara Academy Oval,2,11.3,Sri Lanka,Pakistan,GWHM Perera,MAA Sanjeewani,Nida Dar,0,0,,,,,,,,,
1148054,2018,2018-06-06,Kinrara Academy Oval,2,11.4,Sri Lanka,Pakistan,GWHM Perera,MAA Sanjeewani,Nida Dar,1,0,,,,,,,,,
1148054,2018,2018-06-06,Kinrara Academy Oval,2,11.5,Sri Lanka,Pakistan,MAA Sanjeewani,GWHM Perera,Nida Dar,2,0,,,,,,,,,
1148054,2018,2018-06-06,Kinrara Academy Oval,2,11.6,Sri Lanka,Pakistan,MAA Sanjeewani,GWHM Perera,Nida Dar,0,0,,,,,,caught,MAA Sanjeewani,,
1148054,2018,2018-06-06,Kinrara Academy Oval,2,12.1,Sri Lanka,Pakistan,GWHM Perera,RS Vandort,Sana Mir,3,0,,,,,,,,,
1148054,2018,2018-06-06,Kinrara Academy Oval,2,12.2,Sri Lanka,Pakistan,RS Vandort,GWHM Perera,Sana Mir,1,0,,,,,,,,,
1148054,2018,2018-06-06,Kinrara Academy Oval,2,12.3,Sri Lanka,Pakistan,GWHM Perera,RS Vandort,Sana Mir,0,0,,,,,,run out,GWHM Perera,,
1148054,2018,2018-06-06,Kinrara Academy Oval,2,12.4,Sri Lanka,Pakistan,RS Vandort,OU Ranasinghe,Sana Mir,0,0,,,,,,,,,
1148054,2018,2018-06-06,Kinrara Academy Oval,2,12.5,Sri Lanka,Pakistan,RS Vandort,OU Ranasinghe,Sana Mir,1,0,,,,,,,,,
1148054,2018,2018-06-06,Kinrara Academy Oval,2,12.6,Sri Lanka,Pakistan,OU Ranasinghe,RS Vandort,Sana Mir,1,0,,,,,,,,,
1148054,2018,2018-06-06,Kinrara Academy Oval,2,13.1,Sri Lanka,Pakistan,OU Ranasinghe,RS Vandort,Bismah Maroof,0,0,,,,,,,,,
1148054,2018,2018-06-06,Kinrara Academy Oval,2,13.2,Sri Lanka,Pakistan,OU Ranasinghe,RS Vandort,Bismah Maroof,4,0,,,,,,,,,
1148054,2018,2018-06-06,Kinrara Academy Oval,2,13.3,Sri Lanka,Pakistan,OU Ranasinghe,RS Vandort,Bismah Maroof,1,0,,,,,,,,,
1148054,2018,2018-06-06,Kinrara Academy Oval,2,13.4,Sri Lanka,Pakistan,RS Vandort,OU Ranasinghe,Bismah Maroof,1,0,,,,,,,,,
1148054,2018,2018-06-06,Kinrara Academy Oval,2,13.5,Sri Lanka,Pakistan,OU Ranasinghe,RS Vandort,Bismah Maroof,1,0,,,,,,,,,
1148054,2018,2018-06-06,Kinrara Academy Oval,2,13.6,Sri Lanka,Pakistan,RS Vandort,OU Ranasinghe,Bismah Maroof,0,0,,,,,,,,,
1148054,2018,2018-06-06,Kinrara Academy Oval,2,14.1,Sri Lanka,Pakistan,OU Ranasinghe,RS Vandort,Nashra Sandhu,0,0,,,,,,,,,
1148054,2018,2018-06-06,Kinrara Academy Oval,2,14.2,Sri Lanka,Pakistan,OU Ranasinghe,RS Vandort,Nashra Sandhu,1,0,,,,,,,,,
1148054,2018,2018-06-06,Kinrara Academy Oval,2,14.3,Sri Lanka,Pakistan,RS Vandort,OU Ranasinghe,Nashra Sandhu,0,0,,,,,,,,,
1148054,2018,2018-06-06,Kinrara Academy Oval,2,14.4,Sri Lanka,Pakistan,RS Vandort,OU Ranasinghe,Nashra Sandhu,0,0,,,,,,,,,
1148054,2018,2018-06-06,Kinrara Academy Oval,2,14.5,Sri Lanka,Pakistan,RS Vandort,OU Ranasinghe,Nashra Sandhu,1,0,,,,,,,,,
1148054,2018,2018-06-06,Kinrara Academy Oval,2,14.6,Sri Lanka,Pakistan,OU Ranasinghe,RS Vandort,Nashra Sandhu,2,0,,,,,,,,,
1148054,2018,2018-06-06,Kinrara Academy Oval,2,15.1,Sri Lanka,Pakistan,RS Vandort,OU Ranasinghe,Bismah Maroof,1,0,,,,,,,,,
1148054,2018,2018-06-06,Kinrara Academy Oval,2,15.2,Sri Lanka,Pakistan,OU Ranasinghe,RS Vandort,Bismah Maroof,0,0,,,,,,stumped,OU Ranasinghe,,
1148054,2018,2018-06-06,Kinrara Academy Oval,2,15.3,Sri Lanka,Pakistan,NND de Silva,RS Vandort,Bismah Maroof,1,0,,,,,,run out,RS Vandort,,
1148054,2018,2018-06-06,Kinrara Academy Oval,2,15.4,Sri Lanka,Pakistan,NND de Silva,HASD Siriwardene,Bismah Maroof,1,0,,,,,,,,,
1148054,2018,2018-06-06,Kinrara Academy Oval,2,15.5,Sri Lanka,Pakistan,HASD Siriwardene,NND de Silva,Bismah Maroof,0,0,,,,,,,,,
1148054,2018,2018-06-06,Kinrara Academy Oval,2,15.6,Sri Lanka,Pakistan,HASD Siriwardene,NND de Silva,Bismah Maroof,4,0,,,,,,,,,
1148054,2018,2018-06-06,Kinrara Academy Oval,2,16.1,Sri Lanka,Pakistan,NND de Silva,HASD Siriwardene,Anam Amin,1,0,,,,,,,,,
1148054,2018,2018-06-06,Kinrara Academy Oval,2,16.2,Sri Lanka,Pakistan,HASD Siriwardene,NND de Silva,Anam Amin,1,0,,,,,,,,,
1148054,2018,2018-06-06,Kinrara Academy Oval,2,16.3,Sri Lanka,Pakistan,NND de Silva,HASD Siriwardene,Anam Amin,0,1,,,,1,,,,,
1148054,2018,2018-06-06,Kinrara Academy Oval,2,16.4,Sri Lanka,Pakistan,HASD Siriwardene,NND de Silva,Anam Amin,1,0,,,,,,,,,
1148054,2018,2018-06-06,Kinrara Academy Oval,2,16.5,Sri Lanka,Pakistan,NND de Silva,HASD Siriwardene,Anam Amin,1,0,,,,,,,,,
1148054,2018,2018-06-06,Kinrara Academy Oval,2,16.6,Sri Lanka,Pakistan,HASD Siriwardene,NND de Silva,Anam Amin,1,0,,,,,,,,,
1148054,2018,2018-06-06,Kinrara Academy Oval,2,17.1,Sri Lanka,Pakistan,HASD Siriwardene,NND de Silva,Nida Dar,2,0,,,,,,,,,
1148054,2018,2018-06-06,Kinrara Academy Oval,2,17.2,Sri Lanka,Pakistan,HASD Siriwardene,NND de Silva,Nida Dar,0,0,,,,,,,,,
1148054,2018,2018-06-06,Kinrara Academy Oval,2,17.3,Sri Lanka,Pakistan,HASD Siriwardene,NND de Silva,Nida Dar,4,0,,,,,,,,,
1148054,2018,2018-06-06,Kinrara Academy Oval,2,17.4,Sri Lanka,Pakistan,HASD Siriwardene,NND de Silva,Nida Dar,0,0,,,,,,,,,
1148054,2018,2018-06-06,Kinrara Academy Oval,2,17.5,Sri Lanka,Pakistan,HASD Siriwardene,NND de Silva,Nida Dar,0,0,,,,,,caught,HASD Siriwardene,,
1148054,2018,2018-06-06,Kinrara Academy Oval,2,17.6,Sri Lanka,Pakistan,NND de Silva,BMSM Kumari,Nida Dar,0,0,,,,,,caught,NND de Silva,,
1148054,2018,2018-06-06,Kinrara Academy Oval,2,18.1,Sri Lanka,Pakistan,BMSM Kumari,KDU Prabodhani,Sana Mir,0,0,,,,,,,,,
1148054,2018,2018-06-06,Kinrara Academy Oval,2,18.2,Sri Lanka,Pakistan,BMSM Kumari,KDU Prabodhani,Sana Mir,1,0,,,,,,,,,
1148054,2018,2018-06-06,Kinrara Academy Oval,2,18.3,Sri Lanka,Pakistan,KDU Prabodhani,BMSM Kumari,Sana Mir,0,0,,,,,,,,,
1148054,2018,2018-06-06,Kinrara Academy Oval,2,18.4,Sri Lanka,Pakistan,KDU Prabodhani,BMSM Kumari,Sana Mir,1,0,,,,,,,,,
1148054,2018,2018-06-06,Kinrara Academy Oval,2,18.5,Sri Lanka,Pakistan,BMSM Kumari,KDU Prabodhani,Sana Mir,4,0,,,,,,,,,
1148054,2018,2018-06-06,Kinrara Academy Oval,2,18.6,Sri Lanka,Pakistan,BMSM Kumari,KDU Prabodhani,Sana Mir,1,0,,,,,,,,,
1148054,2018,2018-06-06,Kinrara Academy Oval,2,19.1,Sri Lanka,Pakistan,BMSM Kumari,KDU Prabodhani,Nashra Sandhu,1,0,,,,,,,,,
1148054,2018,2018-06-06,Kinrara Academy Oval,2,19.2,Sri Lanka,Pakistan,KDU Prabodhani,BMSM Kumari,Nashra Sandhu,0,1,,,1,,,,,,
1148054,2018,2018-06-06,Kinrara Academy Oval,2,19.3,Sri Lanka,Pakistan,BMSM Kumari,KDU Prabodhani,Nashra Sandhu,1,0,,,,,,,,,
1148054,2018,2018-06-06,Kinrara Academy Oval,2,19.4,Sri Lanka,Pakistan,KDU Prabodhani,BMSM Kumari,Nashra Sandhu,0,0,,,,,,bowled,KDU Prabodhani,,
1148054,2018,2018-06-06,Kinrara Academy Oval,2,19.5,Sri Lanka,Pakistan,I Ranaweera,BMSM Kumari,Nashra Sandhu,0,0,,,,,,,,,
1148054,2018,2018-06-06,Kinrara Academy Oval,2,19.6,Sri Lanka,Pakistan,I Ranaweera,BMSM Kumari,Nashra Sandhu,0,0,,,,,,,,,
