match_id,season,start_date,venue,innings,ball,batting_team,bowling_team,striker,non_striker,bowler,runs_off_bat,extras,wides,noballs,byes,legbyes,penalty,wicket_type,player_dismissed,other_wicket_type,other_player_dismissed
1148060,2018,2018-06-09,Kinrara Academy Oval,1,0.1,Pakistan,India,Nahida Khan,Nain Abidi,S Pandey,0,0,,,,,,,,,
1148060,2018,2018-06-09,Kinrara Academy Oval,1,0.2,Pakistan,India,Nahida Khan,Nain Abidi,S Pandey,1,0,,,,,,,,,
1148060,2018,2018-06-09,Kinrara Academy Oval,1,0.3,Pakistan,India,Nain Abidi,Nahida Khan,S Pandey,0,0,,,,,,,,,
1148060,2018,2018-06-09,Kinrara Academy Oval,1,0.4,Pakistan,India,Nain Abidi,Nahida Khan,S Pandey,0,0,,,,,,,,,
1148060,2018,2018-06-09,Kinrara Academy Oval,1,0.5,Pakistan,India,Nain Abidi,Nahida Khan,S Pandey,0,0,,,,,,bowled,Nain Abidi,,
1148060,2018,2018-06-09,Kinrara Academy Oval,1,0.6,Pakistan,India,Bismah Maroof,Nahida Khan,S Pandey,4,0,,,,,,,,,
1148060,2018,2018-06-09,Kinrara Academy Oval,1,1.1,Pakistan,India,Nahida Khan,Bismah Maroof,J Goswami,0,0,,,,,,,,,
1148060,2018,2018-06-09,Kinrara Academy Oval,1,1.2,Pakistan,India,Nahida Khan,Bismah Maroof,J Goswami,0,0,,,,,,,,,
1148060,2018,2018-06-09,Kinrara Academy Oval,1,1.3,Pakistan,India,Nahida Khan,Bismah Maroof,J Goswami,0,0,,,,,,,,,
1148060,2018,2018-06-09,Kinrara Academy Oval,1,1.4,Pakistan,India,Nahida Khan,Bismah Maroof,J Goswami,0,0,,,,,,,,,
1148060,2018,2018-06-09,Kinrara Academy Oval,1,1.5,Pakistan,India,Nahida Khan,Bismah Maroof,J Goswami,0,0,,,,,,,,,
1148060,2018,2018-06-09,Kinrara Academy Oval,1,1.6,Pakistan,India,Nahida Khan,Bismah Maroof,J Goswami,4,0,,,,,,,,,
1148060,2018,2018-06-09,Kinrara Academy Oval,1,2.1,Pakistan,India,Bismah Maroof,Nahida Khan,AA Patil,0,0,,,,,,caught and bowled,Bismah Maroof,,
1148060,2018,2018-06-09,Kinrara Academy Oval,1,2.2,Pakistan,India,Javeria Khan,Nahida Khan,AA Patil,1,0,,,,,,,,,
1148060,2018,2018-06-09,Kinrara Academy Oval,1,2.3,Pakistan,India,Nahida Khan,Javeria Khan,AA Patil,4,0,,,,,,,,,
1148060,2018,2018-06-09,Kinrara Academy Oval,1,2.4,Pakistan,India,Nahida Khan,Javeria Khan,AA Patil,0,0,,,,,,,,,
1148060,2018,2018-06-09,Kinrara Academy Oval,1,2.5,Pakistan,India,Nahida Khan,Javeria Khan,AA Patil,1,0,,,,,,,,,
1148060,2018,2018-06-09,Kinrara Academy Oval,1,2.6,Pakistan,India,Javeria Khan,Nahida Khan,AA Patil,0,1,1,,,,,,,,
1148060,2018,2018-06-09,Kinrara Academy Oval,1,2.7,Pakistan,India,Javeria Khan,Nahida Khan,AA Patil,1,0,,,,,,,,,
1148060,2018,2018-06-09,Kinrara Academy Oval,1,3.1,Pakistan,India,Javeria Khan,Nahida Khan,E Bisht,2,0,,,,,,,,,
1148060,2018,2018-06-09,Kinrara Academy Oval,1,3.2,Pakistan,India,Javeria Khan,Nahida Khan,E Bisht,0,0,,,,,,,,,
1148060,2018,2018-06-09,Kinrara Academy Oval,1,3.3,Pakistan,India,Javeria Khan,Nahida Khan,E Bisht,0,0,,,,,,,,,
1148060,2018,2018-06-09,Kinrara Academy Oval,1,3.4,Pakistan,India,Javeria Khan,Nahida Khan,E Bisht,0,0,,,,,,,,,
1148060,2018,2018-06-09,Kinrara Academy Oval,1,3.5,Pakistan,India,Javeria Khan,Nahida Khan,E Bisht,0,0,,,,,,caught,Javeria Khan,,
1148060,2018,2018-06-09,Kinrara Academy Oval,1,3.6,Pakistan,India,Nida Dar,Nahida Khan,E Bisht,1,0,,,,,,,,,
1148060,2018,2018-06-09,Kinrara Academy Oval,1,4.1,Pakistan,India,Nida Dar,Nahida Khan,J Goswami,0,0,,,,,,,,,
1148060,2018,2018-06-09,Kinrara Academy Oval,1,4.2,Pakistan,India,Nida Dar,Nahida Khan,J Goswami,0,0,,,,,,,,,
1148060,2018,2018-06-09,Kinrara Academy Oval,1,4.3,Pakistan,India,Nida Dar,Nahida Khan,J Goswami,0,0,,,,,,,,,
1148060,2018,2018-06-09,Kinrara Academy Oval,1,4.4,Pakistan,India,Nida Dar,Nahida Khan,J Goswami,1,0,,,,,,,,,
1148060,2018,2018-06-09,Kinrara Academy Oval,1,4.5,Pakistan,India,Nahida Khan,Nida Dar,J Goswami,1,0,,,,,,,,,
1148060,2018,2018-06-09,Kinrara Academy Oval,1,4.6,Pakistan,India,Nida Dar,Nahida Khan,J Goswami,0,0,,,,,,,,,
1148060,2018,2018-06-09,Kinrara Academy Oval,1,5.1,Pakistan,India,Nahida Khan,Nida Dar,E Bisht,1,0,,,,,,,,,
1148060,2018,2018-06-09,Kinrara Academy Oval,1,5.2,Pakistan,India,Nida Dar,Nahida Khan,E Bisht,0,0,,,,,,,,,
1148060,2018,2018-06-09,Kinrara Academy Oval,1,5.3,Pakistan,India,Nida Dar,Nahida Khan,E Bisht,0,0,,,,,,,,,
1148060,2018,2018-06-09,Kinrara Academy Oval,1,5.4,Pakistan,India,Nida Dar,Nahida Khan,E Bisht,1,0,,,,,,,,,
1148060,2018,2018-06-09,Kinrara Academy Oval,1,5.5,Pakistan,India,Nahida Khan,Nida Dar,E Bisht,1,0,,,,,,,,,
1148060,2018,2018-06-09,Kinrara Academy Oval,1,5.6,Pakistan,India,Nida Dar,Nahida Khan,E Bisht,0,0,,,,,,,,,
1148060,2018,2018-06-09,Kinrara Academy Oval,1,6.1,Pakistan,India,Nahida Khan,Nida Dar,Poonam Yadav,0,0,,,,,,,,,
1148060,2018,2018-06-09,Kinrara Academy Oval,1,6.2,Pakistan,India,Nahida Khan,Nida Dar,Poonam Yadav,0,0,,,,,,,,,
1148060,2018,2018-06-09,Kinrara Academy Oval,1,6.3,Pakistan,India,Nahida Khan,Nida Dar,Poonam Yadav,0,0,,,,,,,,,
1148060,2018,2018-06-09,Kinrara Academy Oval,1,6.4,Pakistan,India,Nahida Khan,Nida Dar,Poonam Yadav,1,0,,,,,,,,,
1148060,2018,2018-06-09,Kinrara Academy Oval,1,6.5,Pakistan,India,Nida Dar,Nahida Khan,Poonam Yadav,0,0,,,,,,,,,
1148060,2018,2018-06-09,Kinrara Academy Oval,1,6.6,Pakistan,India,Nida Dar,Nahida Khan,Poonam Yadav,0,0,,,,,,,,,
1148060,2018,2018-06-09,Kinrara Academy Oval,1,7.1,Pakistan,India,Nahida Khan,Nida Dar,AA Patil,0,0,,,,,,,,,
1148060,2018,2018-06-09,Kinrara Academy Oval,1,7.2,Pakistan,India,Nahida Khan,Nida Dar,AA Patil,0,1,1,,,,,,,,
1148060,2018,2018-06-09,Kinrara Academy Oval,1,7.3,Pakistan,India,Nahida Khan,Nida Dar,AA Patil,0,0,,,,,,,,,
1148060,2018,2018-06-09,Kinrara Academy Oval,1,7.4,Pakistan,India,Nahida Khan,Nida Dar,AA Patil,1,0,,,,,,,,,
1148060,2018,2018-06-09,Kinrara Academy Oval,1,7.5,Pakistan,India,Nida Dar,Nahida Khan,AA Patil,1,0,,,,,,,,,
1148060,2018,2018-06-09,Kinrara Academy Oval,1,7.6,Pakistan,India,Nahida Khan,Nida Dar,AA Patil,1,0,,,,,,,,,
1148060,2018,2018-06-09,Kinrara Academy Oval,1,7.7,Pakistan,India,Nida Dar,Nahida Khan,AA Patil,0,0,,,,,,,,,
1148060,2018,2018-06-09,Kinrara Academy Oval,1,8.1,Pakistan,India,Nahida Khan,Nida Dar,Poonam Yadav,1,0,,,,,,,,,
1148060,2018,2018-06-09,Kinrara Academy Oval,1,8.2,Pakistan,India,Nida Dar,Nahida Khan,Poonam Yadav,0,0,,,,,,,,,
1148060,2018,2018-06-09,Kinrara Academy Oval,1,8.3,Pakistan,India,Nida Dar,Nahida Khan,Poonam Yadav,2,0,,,,,,,,,
1148060,2018,2018-06-09,Kinrara Academy Oval,1,8.4,Pakistan,India,Nida Dar,Nahida Khan,Poonam Yadav,1,0,,,,,,,,,
1148060,2018,2018-06-09,Kinrara Academy Oval,1,8.5,Pakistan,India,Nahida Khan,Nida Dar,Poonam Yadav,0,0,,,,,,,,,
1148060,2018,2018-06-09,Kinrara Academy Oval,1,8.6,Pakistan,India,Nahida Khan,Nida Dar,Poonam Yadav,1,0,,,,,,,,,
1148060,2018,2018-06-09,Kinrara Academy Oval,1,9.1,Pakistan,India,Nahida Khan,Nida Dar,DB Sharma,0,0,,,,,,,,,
1148060,2018,2018-06-09,Kinrara Academy Oval,1,9.2,Pakistan,India,Nahida Khan,Nida Dar,DB Sharma,0,0,,,,,,stumped,Nahida Khan,,
1148060,2018,2018-06-09,Kinrara Academy Oval,1,9.3,Pakistan,India,Sana Mir,Nida Dar,DB Sharma,0,0,,,,,,,,,
1148060,2018,2018-06-09,Kinrara Academy Oval,1,9.4,Pakistan,India,Sana Mir,Nida Dar,DB Sharma,0,0,,,,,,,,,
1148060,2018,2018-06-09,Kinrara Academy Oval,1,9.5,Pakistan,India,Sana Mir,Nida Dar,DB Sharma,0,0,,,,,,,,,
1148060,2018,2018-06-09,Kinrara Academy Oval,1,9.6,Pakistan,India,Sana Mir,Nida Dar,DB Sharma,1,0,,,,,,,,,
1148060,2018,2018-06-09,Kinrara Academy Oval,1,10.1,Pakistan,India,Sana Mir,Nida Dar,S Pandey,1,0,,,,,,,,,
1148060,2018,2018-06-09,Kinrara Academy Oval,1,10.2,Pakistan,India,Nida Dar,Sana Mir,S Pandey,0,0,,,,,,,,,
1148060,2018,2018-06-09,Kinrara Academy Oval,1,10.3,Pakistan,India,Nida Dar,Sana Mir,S Pandey,0,0,,,,,,,,,
1148060,2018,2018-06-09,Kinrara Academy Oval,1,10.4,Pakistan,India,Nida Dar,Sana Mir,S Pandey,0,0,,,,,,,,,
1148060,2018,2018-06-09,Kinrara Academy Oval,1,10.5,Pakistan,India,Nida Dar,Sana Mir,S Pandey,0,0,,,,,,,,,
1148060,2018,2018-06-09,Kinrara Academy Oval,1,10.6,Pakistan,India,Nida Dar,Sana Mir,S Pandey,0,0,,,,,,,,,
1148060,2018,2018-06-09,Kinrara Academy Oval,1,11.1,Pakistan,India,Sana Mir,Nida Dar,DB Sharma,0,0,,,,,,,,,
1148060,2018,2018-06-09,Kinrara Academy Oval,1,11.2,Pakistan,India,Sana Mir,Nida Dar,DB Sharma,1,0,,,,,,,,,
1148060,2018,2018-06-09,Kinrara Academy Oval,1,11.3,Pakistan,India,Nida Dar,Sana Mir,DB Sharma,1,0,,,,,,,,,
1148060,2018,2018-06-09,Kinrara Academy Oval,1,11.4,Pakistan,India,Sana Mir,Nida Dar,DB Sharma,0,0,,,,,,,,,
1148060,2018,2018-06-09,Kinrara Academy Oval,1,11.5,Pakistan,India,Sana Mir,Nida Dar,DB Sharma,1,0,,,,,,,,,
1148060,2018,2018-06-09,Kinrara Academy Oval,1,11.6,Pakistan,India,Nida Dar,Sana Mir,DB Sharma,0,0,,,,,,,,,
1148060,2018,2018-06-09,Kinrara Academy Oval,1,12.1,Pakistan,India,Sana Mir,Nida Dar,Poonam Yadav,0,0,,,,,,,,,
1148060,2018,2018-06-09,Kinrara Academy Oval,1,12.2,Pakistan,India,Sana Mir,Nida Dar,Poonam Yadav,0,0,,,,,,,,,
1148060,2018,2018-06-09,Kinrara Academy Oval,1,12.3,Pakistan,India,Sana Mir,Nida Dar,Poonam Yadav,0,0,,,,,,,,,
1148060,2018,2018-06-09,Kinrara Academy Oval,1,12.4,Pakistan,India,Sana Mir,Nida Dar,Poonam Yadav,1,0,,,,,,,,,
1148060,2018,2018-06-09,Kinrara Academy Oval,1,12.5,Pakistan,India,Nida Dar,Sana Mir,Poonam Yadav,0,0,,,,,,caught and bowled,Nida Dar,,
1148060,2018,2018-06-09,Kinrara Academy Oval,1,12.6,Pakistan,India,Natalia Pervaiz,Sana Mir,Poonam Yadav,0,0,,,,,,,,,
1148060,2018,2018-06-09,Kinrara Academy Oval,1,13.1,Pakistan,India,Sana Mir,Natalia Pervaiz,J Goswami,1,0,,,,,,,,,
1148060,2018,2018-06-09,Kinrara Academy Oval,1,13.2,Pakistan,India,Natalia Pervaiz,Sana Mir,J Goswami,1,0,,,,,,,,,
1148060,2018,2018-06-09,Kinrara Academy Oval,1,13.3,Pakistan,India,Sana Mir,Natalia Pervaiz,J Goswami,0,0,,,,,,,,,
1148060,2018,2018-06-09,Kinrara Academy Oval,1,13.4,Pakistan,India,Sana Mir,Natalia Pervaiz,J Goswami,1,0,,,,,,,,,
1148060,2018,2018-06-09,Kinrara Academy Oval,1,13.5,Pakistan,India,Natalia Pervaiz,Sana Mir,J Goswami,1,0,,,,,,,,,
1148060,2018,2018-06-09,Kinrara Academy Oval,1,13.6,Pakistan,India,Sana Mir,Natalia Pervaiz,J Goswami,0,0,,,,,,,,,
1148060,2018,2018-06-09,Kinrara Academy Oval,1,14.1,Pakistan,India,Natalia Pervaiz,Sana Mir,E Bisht,0,0,,,,,,,,,
1148060,2018,2018-06-09,Kinrara Academy Oval,1,14.2,Pakistan,India,Natalia Pervaiz,Sana Mir,E Bisht,1,0,,,,,,,,,
1148060,2018,2018-06-09,Kinrara Academy Oval,1,14.3,Pakistan,India,Sana Mir,Natalia Pervaiz,E Bisht,1,0,,,,,,,,,
1148060,2018,2018-06-09,Kinrara Academy Oval,1,14.4,Pakistan,India,Natalia Pervaiz,Sana Mir,E Bisht,0,1,1,,,,,,,,
1148060,2018,2018-06-09,Kinrara Academy Oval,1,14.5,Pakistan,India,Natalia Pervaiz,Sana Mir,E Bisht,0,0,,,,,,,,,
1148060,2018,2018-06-09,Kinrara Academy Oval,1,14.6,Pakistan,India,Natalia Pervaiz,Sana Mir,E Bisht,0,0,,,,,,lbw,Natalia Pervaiz,,
1148060,2018,2018-06-09,Kinrara Academy Oval,1,14.7,Pakistan,India,Sidra Nawaz,Sana Mir,E Bisht,0,0,,,,,,,,,
1148060,2018,2018-06-09,Kinrara Academy Oval,1,15.1,Pakistan,India,Sana Mir,Sidra Nawaz,DB Sharma,0,0,,,,,,,,,
1148060,2018,2018-06-09,Kinrara Academy Oval,1,15.2,Pakistan,India,Sana Mir,Sidra Nawaz,DB Sharma,0,0,,,,,,,,,
1148060,2018,2018-06-09,Kinrara Academy Oval,1,15.3,Pakistan,India,Sana Mir,Sidra Nawaz,DB Sharma,0,0,,,,,,,,,
1148060,2018,2018-06-09,Kinrara Academy Oval,1,15.4,Pakistan,India,Sana Mir,Sidra Nawaz,DB Sharma,0,0,,,,,,,,,
1148060,2018,2018-06-09,Kinrara Academy Oval,1,15.5,Pakistan,India,Sana Mir,Sidra Nawaz,DB Sharma,0,0,,,,,,,,,
1148060,2018,2018-06-09,Kinrara Academy Oval,1,15.6,Pakistan,India,Sana Mir,Sidra Nawaz,DB Sharma,1,0,,,,,,,,,
1148060,2018,2018-06-09,Kinrara Academy Oval,1,16.1,Pakistan,India,Sana Mir,Sidra Nawaz,Poonam Yadav,2,0,,,,,,,,,
1148060,2018,2018-06-09,Kinrara Academy Oval,1,16.2,Pakistan,India,Sana Mir,Sidra Nawaz,Poonam Yadav,0,0,,,,,,,,,
1148060,2018,2018-06-09,Kinrara Academy Oval,1,16.3,Pakistan,India,Sana Mir,Sidra Nawaz,Poonam Yadav,0,0,,,,,,,,,
1148060,2018,2018-06-09,Kinrara Academy Oval,1,16.4,Pakistan,India,Sana Mir,Sidra Nawaz,Poonam Yadav,1,0,,,,,,,,,
1148060,2018,2018-06-09,Kinrara Academy Oval,1,16.5,Pakistan,India,Sidra Nawaz,Sana Mir,Poonam Yadav,1,0,,,,,,,,,
1148060,2018,2018-06-09,Kinrara Academy Oval,1,16.6,Pakistan,India,Sana Mir,Sidra Nawaz,Poonam Yadav,0,0,,,,,,,,,
1148060,2018,2018-06-09,Kinrara Academy Oval,1,17.1,Pakistan,India,Sidra Nawaz,Sana Mir,AA Patil,1,0,,,,,,,,,
1148060,2018,2018-06-09,Kinrara Academy Oval,1,17.2,Pakistan,India,Sana Mir,Sidra Nawaz,AA Patil,1,1,,1,,,,,,,
1148060,2018,2018-06-09,Kinrara Academy Oval,1,17.3,Pakistan,India,Sidra Nawaz,Sana Mir,AA Patil,1,0,,,,,,,,,
1148060,2018,2018-06-09,Kinrara Academy Oval,1,17.4,Pakistan,India,Sana Mir,Sidra Nawaz,AA Patil,1,0,,,,,,,,,
1148060,2018,2018-06-09,Kinrara Academy Oval,1,17.5,Pakistan,India,Sidra Nawaz,Sana Mir,AA Patil,0,0,,,,,,,,,
1148060,2018,2018-06-09,Kinrara Academy Oval,1,17.6,Pakistan,India,Sidra Nawaz,Sana Mir,AA Patil,1,0,,,,,,,,,
1148060,2018,2018-06-09,Kinrara Academy Oval,1,17.7,Pakistan,India,Sana Mir,Sidra Nawaz,AA Patil,0,0,,,,,,,,,
1148060,2018,2018-06-09,Kinrara Academy Oval,1,18.1,Pakistan,India,Sidra Nawaz,Sana Mir,E Bisht,1,0,,,,,,,,,
1148060,2018,2018-06-09,Kinrara Academy Oval,1,18.2,Pakistan,India,Sana Mir,Sidra Nawaz,E Bisht,2,0,,,,,,,,,
1148060,2018,2018-06-09,Kinrara Academy Oval,1,18.3,Pakistan,India,Sana Mir,Sidra Nawaz,E Bisht,0,0,,,,,,,,,
1148060,2018,2018-06-09,Kinrara Academy Oval,1,18.4,Pakistan,India,Sana Mir,Sidra Nawaz,E Bisht,1,0,,,,,,,,,
1148060,2018,2018-06-09,Kinrara Academy Oval,1,18.5,Pakistan,India,Sidra Nawaz,Sana Mir,E Bisht,0,0,,,,,,caught,Sidra Nawaz,,
1148060,2018,2018-06-09,Kinrara Academy Oval,1,18.6,Pakistan,India,Sana Mir,Diana Baig,E Bisht,1,0,,,,,,,,,
1148060,2018,2018-06-09,Kinrara Academy Oval,1,19.1,Pakistan,India,Sana Mir,Diana Baig,DB Sharma,1,0,,,,,,,,,
1148060,2018,2018-06-09,Kinrara Academy Oval,1,19.2,Pakistan,India,Diana Baig,Sana Mir,DB Sharma,1,0,,,,,,,,,
1148060,2018,2018-06-09,Kinrara Academy Oval,1,19.3,Pakistan,India,Sana Mir,Diana Baig,DB Sharma,1,0,,,,,,,,,
1148060,2018,2018-06-09,Kinrara Academy Oval,1,19.4,Pakistan,India,Diana Baig,Sana Mir,DB Sharma,4,0,,,,,,,,,
1148060,2018,2018-06-09,Kinrara Academy Oval,1,19.5,Pakistan,India,Diana Baig,Sana Mir,DB Sharma,0,0,,,,,,,,,
1148060,2018,2018-06-09,Kinrara Academy Oval,1,19.6,Pakistan,India,Diana Baig,Sana Mir,DB Sharma,1,0,,,,,,,,,
1148060,2018,2018-06-09,Kinrara Academy Oval,2,0.1,India,Pakistan,M Raj,S Mandhana,Anam Amin,0,1,1,,,,,,,,
1148060,2018,2018-06-09,Kinrara Academy Oval,2,0.2,India,Pakistan,M Raj,S Mandhana,Anam Amin,0,0,,,,,,,,,
1148060,2018,2018-06-09,Kinrara Academy Oval,2,0.3,India,Pakistan,M Raj,S Mandhana,Anam Amin,0,0,,,,,,,,,
1148060,2018,2018-06-09,Kinrara Academy Oval,2,0.4,India,Pakistan,M Raj,S Mandhana,Anam Amin,0,0,,,,,,,,,
1148060,2018,2018-06-09,Kinrara Academy Oval,2,0.5,India,Pakistan,M Raj,S Mandhana,Anam Amin,0,0,,,,,,,,,
1148060,2018,2018-06-09,Kinrara Academy Oval,2,0.6,India,Pakistan,M Raj,S Mandhana,Anam Amin,0,0,,,,,,,,,
1148060,2018,2018-06-09,Kinrara Academy Oval,2,0.7,India,Pakistan,M Raj,S Mandhana,Anam Amin,0,0,,,,,,bowled,M Raj,,
1148060,2018,2018-06-09,Kinrara Academy Oval,2,1.1,India,Pakistan,S Mandhana,DB Sharma,Sana Mir,0,0,,,,,,,,,
1148060,2018,2018-06-09,Kinrara Academy Oval,2,1.2,India,Pakistan,S Mandhana,DB Sharma,Sana Mir,0,0,,,,,,,,,
1148060,2018,2018-06-09,Kinrara Academy Oval,2,1.3,India,Pakistan,S Mandhana,DB Sharma,Sana Mir,0,0,,,,,,,,,
1148060,2018,2018-06-09,Kinrara Academy Oval,2,1.4,India,Pakistan,S Mandhana,DB Sharma,Sana Mir,4,0,,,,,,,,,
1148060,2018,2018-06-09,Kinrara Academy Oval,2,1.5,India,Pakistan,S Mandhana,DB Sharma,Sana Mir,0,0,,,,,,,,,
1148060,2018,2018-06-09,Kinrara Academy Oval,2,1.6,India,Pakistan,S Mandhana,DB Sharma,Sana Mir,0,0,,,,,,,,,
1148060,2018,2018-06-09,Kinrara Academy Oval,2,2.1,India,Pakistan,DB Sharma,S Mandhana,Anam Amin,0,0,,,,,,,,,
1148060,2018,2018-06-09,Kinrara Academy Oval,2,2.2,India,Pakistan,DB Sharma,S Mandhana,Anam Amin,0,0,,,,,,caught,DB Sharma,,
1148060,2018,2018-06-09,Kinrara Academy Oval,2,2.3,India,Pakistan,S Mandhana,H Kaur,Anam Amin,0,0,,,,,,,,,
1148060,2018,2018-06-09,Kinrara Academy Oval,2,2.4,India,Pakistan,S Mandhana,H Kaur,Anam Amin,0,0,,,,,,,,,
1148060,2018,2018-06-09,Kinrara Academy Oval,2,2.5,India,Pakistan,S Mandhana,H Kaur,Anam Amin,0,0,,,,,,,,,
1148060,2018,2018-06-09,Kinrara Academy Oval,2,2.6,India,Pakistan,S Mandhana,H Kaur,Anam Amin,0,0,,,,,,,,,
1148060,2018,2018-06-09,Kinrara Academy Oval,2,3.1,India,Pakistan,H Kaur,S Mandhana,Diana Baig,0,0,,,,,,,,,
1148060,2018,2018-06-09,Kinrara Academy Oval,2,3.2,India,Pakistan,H Kaur,S Mandhana,Diana Baig,0,0,,,,,,,,,
1148060,2018,2018-06-09,Kinrara Academy Oval,2,3.3,India,Pakistan,H Kaur,S Mandhana,Diana Baig,0,0,,,,,,,,,
1148060,2018,2018-06-09,Kinrara Academy Oval,2,3.4,India,Pakistan,H Kaur,S Mandhana,Diana Baig,0,0,,,,,,,,,
1148060,2018,2018-06-09,Kinrara Academy Oval,2,3.5,India,Pakistan,H Kaur,S Mandhana,Diana Baig,4,0,,,,,,,,,
1148060,2018,2018-06-09,Kinrara Academy Oval,2,3.6,India,Pakistan,H Kaur,S Mandhana,Diana Baig,0,0,,,,,,,,,
1148060,2018,2018-06-09,Kinrara Academy Oval,2,4.1,India,Pakistan,S Mandhana,H Kaur,Anam Amin,4,0,,,,,,,,,
1148060,2018,2018-06-09,Kinrara Academy Oval,2,4.2,India,Pakistan,S Mandhana,H Kaur,Anam Amin,1,0,,,,,,,,,
1148060,2018,2018-06-09,Kinrara Academy Oval,2,4.3,India,Pakistan,H Kaur,S Mandhana,Anam Amin,0,0,,,,,,,,,
1148060,2018,2018-06-09,Kinrara Academy Oval,2,4.4,India,Pakistan,H Kaur,S Mandhana,Anam Amin,2,0,,,,,,,,,
1148060,2018,2018-06-09,Kinrara Academy Oval,2,4.5,India,Pakistan,H Kaur,S Mandhana,Anam Amin,1,0,,,,,,,,,
1148060,2018,2018-06-09,Kinrara Academy Oval,2,4.6,India,Pakistan,S Mandhana,H Kaur,Anam Amin,0,0,,,,,,,,,
1148060,2018,2018-06-09,Kinrara Academy Oval,2,5.1,India,Pakistan,H Kaur,S Mandhana,Sana Mir,0,0,,,,,,,,,
1148060,2018,2018-06-09,Kinrara Academy Oval,2,5.2,India,Pakistan,H Kaur,S Mandhana,Sana Mir,0,0,,,,,,,,,
1148060,2018,2018-06-09,Kinrara Academy Oval,2,5.3,India,Pakistan,H Kaur,S Mandhana,Sana Mir,4,0,,,,,,,,,
1148060,2018,2018-06-09,Kinrara Academy Oval,2,5.4,India,Pakistan,H Kaur,S Mandhana,Sana Mir,0,0,,,,,,,,,
1148060,2018,2018-06-09,Kinrara Academy Oval,2,5.5,India,Pakistan,H Kaur,S Mandhana,Sana Mir,0,0,,,,,,,,,
1148060,2018,2018-06-09,Kinrara Academy Oval,2,5.6,India,Pakistan,H Kaur,S Mandhana,Sana Mir,0,0,,,,,,,,,
1148060,2018,2018-06-09,Kinrara Academy Oval,2,6.1,India,Pakistan,S Mandhana,H Kaur,Anam Amin,1,0,,,,,,,,,
1148060,2018,2018-06-09,Kinrara Academy Oval,2,6.2,India,Pakistan,H Kaur,S Mandhana,Anam Amin,0,0,,,,,,,,,
1148060,2018,2018-06-09,Kinrara Academy Oval,2,6.3,India,Pakistan,H Kaur,S Mandhana,Anam Amin,0,0,,,,,,,,,
1148060,2018,2018-06-09,Kinrara Academy Oval,2,6.4,India,Pakistan,H Kaur,S Mandhana,Anam Amin,0,0,,,,,,,,,
1148060,2018,2018-06-09,Kinrara Academy Oval,2,6.5,India,Pakistan,H Kaur,S Mandhana,Anam Amin,0,0,,,,,,,,,
1148060,2018,2018-06-09,Kinrara Academy Oval,2,6.6,India,Pakistan,H Kaur,S Mandhana,Anam Amin,0,0,,,,,,,,,
1148060,2018,2018-06-09,Kinrara Academy Oval,2,7.1,India,Pakistan,S Mandhana,H Kaur,Nida Dar,1,0,,,,,,,,,
1148060,2018,2018-06-09,Kinrara Academy Oval,2,7.2,India,Pakistan,H Kaur,S Mandhana,Nida Dar,0,0,,,,,,,,,
1148060,2018,2018-06-09,Kinrara Academy Oval,2,7.3,India,Pakistan,H Kaur,S Mandhana,Nida Dar,0,1,1,,,,,,,,
1148060,2018,2018-06-09,Kinrara Academy Oval,2,7.4,India,Pakistan,H Kaur,S Mandhana,Nida Dar,0,0,,,,,,,,,
1148060,2018,2018-06-09,Kinrara Academy Oval,2,7.5,India,Pakistan,H Kaur,S Mandhana,Nida Dar,0,0,,,,,,,,,
1148060,2018,2018-06-09,Kinrara Academy Oval,2,7.6,India,Pakistan,H Kaur,S Mandhana,Nida Dar,0,1,1,,,,,,,,
1148060,2018,2018-06-09,Kinrara Academy Oval,2,7.7,India,Pakistan,H Kaur,S Mandhana,Nida Dar,0,0,,,,,,,,,
1148060,2018,2018-06-09,Kinrara Academy Oval,2,7.8,India,Pakistan,H Kaur,S Mandhana,Nida Dar,0,0,,,,,,,,,
1148060,2018,2018-06-09,Kinrara Academy Oval,2,8.1,India,Pakistan,S Mandhana,H Kaur,Nashra Sandhu,1,0,,,,,,,,,
1148060,2018,2018-06-09,Kinrara Academy Oval,2,8.2,India,Pakistan,H Kaur,S Mandhana,Nashra Sandhu,0,0,,,,,,,,,
1148060,2018,2018-06-09,Kinrara Academy Oval,2,8.3,India,Pakistan,H Kaur,S Mandhana,Nashra Sandhu,1,0,,,,,,,,,
1148060,2018,2018-06-09,Kinrara Academy Oval,2,8.4,India,Pakistan,S Mandhana,H Kaur,Nashra Sandhu,0,0,,,,,,,,,
1148060,2018,2018-06-09,Kinrara Academy Oval,2,8.5,India,Pakistan,S Mandhana,H Kaur,Nashra Sandhu,0,0,,,,,,,,,
1148060,2018,2018-06-09,Kinrara Academy Oval,2,8.6,India,Pakistan,S Mandhana,H Kaur,Nashra Sandhu,0,0,,,,,,,,,
1148060,2018,2018-06-09,Kinrara Academy Oval,2,9.1,India,Pakistan,H Kaur,S Mandhana,Nida Dar,1,0,,,,,,,,,
1148060,2018,2018-06-09,Kinrara Academy Oval,2,9.2,India,Pakistan,S Mandhana,H Kaur,Nida Dar,0,0,,,,,,,,,
1148060,2018,2018-06-09,Kinrara Academy Oval,2,9.3,India,Pakistan,S Mandhana,H Kaur,Nida Dar,2,0,,,,,,,,,
1148060,2018,2018-06-09,Kinrara Academy Oval,2,9.4,India,Pakistan,S Mandhana,H Kaur,Nida Dar,1,0,,,,,,,,,
1148060,2018,2018-06-09,Kinrara Academy Oval,2,9.5,India,Pakistan,H Kaur,S Mandhana,Nida Dar,2,0,,,,,,,,,
1148060,2018,2018-06-09,Kinrara Academy Oval,2,9.6,India,Pakistan,H Kaur,S Mandhana,Nida Dar,0,0,,,,,,,,,
1148060,2018,2018-06-09,Kinrara Academy Oval,2,10.1,India,Pakistan,S Mandhana,H Kaur,Nashra Sandhu,2,0,,,,,,,,,
1148060,2018,2018-06-09,Kinrara Academy Oval,2,10.2,India,Pakistan,S Mandhana,H Kaur,Nashra Sandhu,1,0,,,,,,,,,
1148060,2018,2018-06-09,Kinrara Academy Oval,2,10.3,India,Pakistan,H Kaur,S Mandhana,Nashra Sandhu,1,0,,,,,,,,,
1148060,2018,2018-06-09,Kinrara Academy Oval,2,10.4,India,Pakistan,S Mandhana,H Kaur,Nashra Sandhu,0,0,,,,,,,,,
1148060,2018,2018-06-09,Kinrara Academy Oval,2,10.5,India,Pakistan,S Mandhana,H Kaur,Nashra Sandhu,2,0,,,,,,,,,
1148060,2018,2018-06-09,Kinrara Academy Oval,2,10.6,India,Pakistan,S Mandhana,H Kaur,Nashra Sandhu,1,0,,,,,,,,,
1148060,2018,2018-06-09,Kinrara Academy Oval,2,11.1,India,Pakistan,S Mandhana,H Kaur,Nida Dar,0,0,,,,,,,,,
1148060,2018,2018-06-09,Kinrara Academy Oval,2,11.2,India,Pakistan,S Mandhana,H Kaur,Nida Dar,1,0,,,,,,,,,
1148060,2018,2018-06-09,Kinrara Academy Oval,2,11.3,India,Pakistan,H Kaur,S Mandhana,Nida Dar,0,0,,,,,,,,,
1148060,2018,2018-06-09,Kinrara Academy Oval,2,11.4,India,Pakistan,H Kaur,S Mandhana,Nida Dar,1,0,,,,,,,,,
1148060,2018,2018-06-09,Kinrara Academy Oval,2,11.5,India,Pakistan,S Mandhana,H Kaur,Nida Dar,0,0,,,,,,,,,
1148060,2018,2018-06-09,Kinrara Academy Oval,2,11.6,India,Pakistan,S Mandhana,H Kaur,Nida Dar,0,0,,,,,,,,,
1148060,2018,2018-06-09,Kinrara Academy Oval,2,12.1,India,Pakistan,H Kaur,S Mandhana,Sana Mir,1,0,,,,,,,,,
1148060,2018,2018-06-09,Kinrara Academy Oval,2,12.2,India,Pakistan,S Mandhana,H Kaur,Sana Mir,1,0,,,,,,,,,
1148060,2018,2018-06-09,Kinrara Academy Oval,2,12.3,India,Pakistan,H Kaur,S Mandhana,Sana Mir,1,0,,,,,,,,,
1148060,2018,2018-06-09,Kinrara Academy Oval,2,12.4,India,Pakistan,S Mandhana,H Kaur,Sana Mir,1,0,,,,,,,,,
1148060,2018,2018-06-09,Kinrara Academy Oval,2,12.5,India,Pakistan,H Kaur,S Mandhana,Sana Mir,2,0,,,,,,,,,
1148060,2018,2018-06-09,Kinrara Academy Oval,2,12.6,India,Pakistan,H Kaur,S Mandhana,Sana Mir,1,0,,,,,,,,,
1148060,2018,2018-06-09,Kinrara Academy Oval,2,13.1,India,Pakistan,H Kaur,S Mandhana,Nida Dar,0,0,,,,,,,,,
1148060,2018,2018-06-09,Kinrara Academy Oval,2,13.2,India,Pakistan,H Kaur,S Mandhana,Nida Dar,1,0,,,,,,,,,
1148060,2018,2018-06-09,Kinrara Academy Oval,2,13.3,India,Pakistan,S Mandhana,H Kaur,Nida Dar,1,0,,,,,,,,,
1148060,2018,2018-06-09,Kinrara Academy Oval,2,13.4,India,Pakistan,H Kaur,S Mandhana,Nida Dar,0,0,,,,,,,,,
1148060,2018,2018-06-09,Kinrara Academy Oval,2,13.5,India,Pakistan,H Kaur,S Mandhana,Nida Dar,2,0,,,,,,,,,
1148060,2018,2018-06-09,Kinrara Academy Oval,2,13.6,India,Pakistan,H Kaur,S Mandhana,Nida Dar,0,0,,,,,,,,,
1148060,2018,2018-06-09,Kinrara Academy Oval,2,14.1,India,Pakistan,S Mandhana,H Kaur,Sana Mir,4,0,,,,,,,,,
1148060,2018,2018-06-09,Kinrara Academy Oval,2,14.2,India,Pakistan,S Mandhana,H Kaur,Sana Mir,1,0,,,,,,,,,
1148060,2018,2018-06-09,Kinrara Academy Oval,2,14.3,India,Pakistan,H Kaur,S Mandhana,Sana Mir,2,0,,,,,,,,,
1148060,2018,2018-06-09,Kinrara Academy Oval,2,14.4,India,Pakistan,H Kaur,S Mandhana,Sana Mir,1,0,,,,,,,,,
1148060,2018,2018-06-09,Kinrara Academy Oval,2,14.5,India,Pakistan,S Mandhana,H Kaur,Sana Mir,2,0,,,,,,,,,
1148060,2018,2018-06-09,Kinrara Academy Oval,2,14.6,India,Pakistan,S Mandhana,H Kaur,Sana Mir,2,0,,,,,,,,,
1148060,2018,2018-06-09,Kinrara Academy Oval,2,15.1,India,Pakistan,H Kaur,S Mandhana,Nashra Sandhu,0,0,,,,,,,,,
1148060,2018,2018-06-09,Kinrara Academy Oval,2,15.2,India,Pakistan,H Kaur,S Mandhana,Nashra Sandhu,0,0,,,,,,,,,
1148060,2018,2018-06-09,Kinrara Academy Oval,2,15.3,India,Pakistan,H Kaur,S Mandhana,Nashra Sandhu,1,0,,,,,,,,,
1148060,2018,2018-06-09,Kinrara Academy Oval,2,15.4,India,Pakistan,S Mandhana,H Kaur,Nashra Sandhu,4,0,,,,,,,,,
1148060,2018,2018-06-09,Kinrara Academy Oval,2,15.5,India,Pakistan,S Mandhana,H Kaur,Nashra Sandhu,0,0,,,,,,caught,S Mandhana,,
1148060,2018,2018-06-09,Kinrara Academy Oval,2,15.6,India,Pakistan,H Kaur,AA Patil,Nashra Sandhu,1,0,,,,,,,,,
1148060,2018,2018-06-09,Kinrara Academy Oval,2,16.1,India,Pakistan,H Kaur,AA Patil,Diana Baig,4,0,,,,,,,,,
