match_id,season,start_date,venue,innings,ball,batting_team,bowling_team,striker,non_striker,bowler,runs_off_bat,extras,wides,noballs,byes,legbyes,penalty,wicket_type,player_dismissed,other_wicket_type,other_player_dismissed
1148052,2018,2018-06-04,Royal Selangor Club,1,0.1,India,Thailand,MR Meshram,S Mandhana,C Sutthiruang,1,0,,,,,,,,,
1148052,2018,2018-06-04,Royal Selangor Club,1,0.2,India,Thailand,S Mandhana,MR Meshram,C Sutthiruang,0,0,,,,,,,,,
1148052,2018,2018-06-04,Royal Selangor Club,1,0.3,India,Thailand,S Mandhana,MR Meshram,C Sutthiruang,3,0,,,,,,,,,
1148052,2018,2018-06-04,Royal Selangor Club,1,0.4,India,Thailand,MR Meshram,S Mandhana,C Sutthiruang,0,0,,,,,,,,,
1148052,2018,2018-06-04,Royal Selangor Club,1,0.5,India,Thailand,MR Meshram,S Mandhana,C Sutthiruang,0,0,,,,,,,,,
1148052,2018,2018-06-04,Royal Selangor Club,1,0.6,India,Thailand,MR Meshram,S Mandhana,C Sutthiruang,0,0,,,,,,,,,
1148052,2018,2018-06-04,Royal Selangor Club,1,1.1,India,Thailand,S Mandhana,MR Meshram,R Padunglerd,0,0,,,,,,,,,
1148052,2018,2018-06-04,Royal Selangor Club,1,1.2,India,Thailand,S Mandhana,MR Meshram,R Padunglerd,0,0,,,,,,,,,
1148052,2018,2018-06-04,Royal Selangor Club,1,1.3,India,Thailand,S Mandhana,MR Meshram,R Padunglerd,0,0,,,,,,,,,
1148052,2018,2018-06-04,Royal Selangor Club,1,1.4,India,Thailand,S Mandhana,MR Meshram,R Padunglerd,1,0,,,,,,,,,
1148052,2018,2018-06-04,Royal Selangor Club,1,1.5,India,Thailand,MR Meshram,S Mandhana,R Padunglerd,0,0,,,,,,,,,
1148052,2018,2018-06-04,Royal Selangor Club,1,1.6,India,Thailand,MR Meshram,S Mandhana,R Padunglerd,0,0,,,,,,,,,
1148052,2018,2018-06-04,Royal Selangor Club,1,2.1,India,Thailand,S Mandhana,MR Meshram,C Sutthiruang,4,0,,,,,,,,,
1148052,2018,2018-06-04,Royal Selangor Club,1,2.2,India,Thailand,S Mandhana,MR Meshram,C Sutthiruang,1,0,,,,,,,,,
1148052,2018,2018-06-04,Royal Selangor Club,1,2.3,India,Thailand,MR Meshram,S Mandhana,C Sutthiruang,0,0,,,,,,,,,
1148052,2018,2018-06-04,Royal Selangor Club,1,2.4,India,Thailand,MR Meshram,S Mandhana,C Sutthiruang,4,0,,,,,,,,,
1148052,2018,2018-06-04,Royal Selangor Club,1,2.5,India,Thailand,MR Meshram,S Mandhana,C Sutthiruang,1,0,,,,,,,,,
1148052,2018,2018-06-04,Royal Selangor Club,1,2.6,India,Thailand,S Mandhana,MR Meshram,C Sutthiruang,0,0,,,,,,,,,
1148052,2018,2018-06-04,Royal Selangor Club,1,3.1,India,Thailand,MR Meshram,S Mandhana,R Padunglerd,0,0,,,,,,,,,
1148052,2018,2018-06-04,Royal Selangor Club,1,3.2,India,Thailand,MR Meshram,S Mandhana,R Padunglerd,1,0,,,,,,,,,
1148052,2018,2018-06-04,Royal Selangor Club,1,3.3,India,Thailand,S Mandhana,MR Meshram,R Padunglerd,1,0,,,,,,,,,
1148052,2018,2018-06-04,Royal Selangor Club,1,3.4,India,Thailand,MR Meshram,S Mandhana,R Padunglerd,0,0,,,,,,,,,
1148052,2018,2018-06-04,Royal Selangor Club,1,3.5,India,Thailand,MR Meshram,S Mandhana,R Padunglerd,0,0,,,,,,,,,
1148052,2018,2018-06-04,Royal Selangor Club,1,3.6,India,Thailand,MR Meshram,S Mandhana,R Padunglerd,1,0,,,,,,,,,
1148052,2018,2018-06-04,Royal Selangor Club,1,4.1,India,Thailand,MR Meshram,S Mandhana,C Sutthiruang,0,0,,,,,,,,,
1148052,2018,2018-06-04,Royal Selangor Club,1,4.2,India,Thailand,MR Meshram,S Mandhana,C Sutthiruang,2,0,,,,,,,,,
1148052,2018,2018-06-04,Royal Selangor Club,1,4.3,India,Thailand,MR Meshram,S Mandhana,C Sutthiruang,2,0,,,,,,,,,
1148052,2018,2018-06-04,Royal Selangor Club,1,4.4,India,Thailand,MR Meshram,S Mandhana,C Sutthiruang,0,0,,,,,,,,,
1148052,2018,2018-06-04,Royal Selangor Club,1,4.5,India,Thailand,MR Meshram,S Mandhana,C Sutthiruang,0,0,,,,,,,,,
1148052,2018,2018-06-04,Royal Selangor Club,1,4.6,India,Thailand,MR Meshram,S Mandhana,C Sutthiruang,1,0,,,,,,,,,
1148052,2018,2018-06-04,Royal Selangor Club,1,5.1,India,Thailand,MR Meshram,S Mandhana,R Padunglerd,0,0,,,,,,,,,
1148052,2018,2018-06-04,Royal Selangor Club,1,5.2,India,Thailand,MR Meshram,S Mandhana,R Padunglerd,0,0,,,,,,,,,
1148052,2018,2018-06-04,Royal Selangor Club,1,5.3,India,Thailand,MR Meshram,S Mandhana,R Padunglerd,0,1,1,,,,,,,,
1148052,2018,2018-06-04,Royal Selangor Club,1,5.4,India,Thailand,MR Meshram,S Mandhana,R Padunglerd,1,0,,,,,,,,,
1148052,2018,2018-06-04,Royal Selangor Club,1,5.5,India,Thailand,S Mandhana,MR Meshram,R Padunglerd,1,0,,,,,,,,,
1148052,2018,2018-06-04,Royal Selangor Club,1,5.6,India,Thailand,MR Meshram,S Mandhana,R Padunglerd,0,0,,,,,,,,,
1148052,2018,2018-06-04,Royal Selangor Club,1,5.7,India,Thailand,MR Meshram,S Mandhana,R Padunglerd,1,0,,,,,,,,,
1148052,2018,2018-06-04,Royal Selangor Club,1,6.1,India,Thailand,MR Meshram,S Mandhana,S Tippoch,1,0,,,,,,,,,
1148052,2018,2018-06-04,Royal Selangor Club,1,6.2,India,Thailand,S Mandhana,MR Meshram,S Tippoch,0,0,,,,,,,,,
1148052,2018,2018-06-04,Royal Selangor Club,1,6.3,India,Thailand,S Mandhana,MR Meshram,S Tippoch,1,0,,,,,,,,,
1148052,2018,2018-06-04,Royal Selangor Club,1,6.4,India,Thailand,MR Meshram,S Mandhana,S Tippoch,0,1,,,,1,,,,,
1148052,2018,2018-06-04,Royal Selangor Club,1,6.5,India,Thailand,S Mandhana,MR Meshram,S Tippoch,0,0,,,,,,,,,
1148052,2018,2018-06-04,Royal Selangor Club,1,6.6,India,Thailand,S Mandhana,MR Meshram,S Tippoch,2,0,,,,,,,,,
1148052,2018,2018-06-04,Royal Selangor Club,1,7.1,India,Thailand,MR Meshram,S Mandhana,N Boochatham,1,0,,,,,,,,,
1148052,2018,2018-06-04,Royal Selangor Club,1,7.2,India,Thailand,S Mandhana,MR Meshram,N Boochatham,0,0,,,,,,,,,
1148052,2018,2018-06-04,Royal Selangor Club,1,7.3,India,Thailand,S Mandhana,MR Meshram,N Boochatham,1,0,,,,,,,,,
1148052,2018,2018-06-04,Royal Selangor Club,1,7.4,India,Thailand,MR Meshram,S Mandhana,N Boochatham,1,0,,,,,,,,,
1148052,2018,2018-06-04,Royal Selangor Club,1,7.5,India,Thailand,S Mandhana,MR Meshram,N Boochatham,1,0,,,,,,,,,
1148052,2018,2018-06-04,Royal Selangor Club,1,7.6,India,Thailand,MR Meshram,S Mandhana,N Boochatham,1,0,,,,,,,,,
1148052,2018,2018-06-04,Royal Selangor Club,1,8.1,India,Thailand,MR Meshram,S Mandhana,S Tippoch,0,0,,,,,,,,,
1148052,2018,2018-06-04,Royal Selangor Club,1,8.2,India,Thailand,MR Meshram,S Mandhana,S Tippoch,1,0,,,,,,,,,
1148052,2018,2018-06-04,Royal Selangor Club,1,8.3,India,Thailand,S Mandhana,MR Meshram,S Tippoch,6,0,,,,,,,,,
1148052,2018,2018-06-04,Royal Selangor Club,1,8.4,India,Thailand,S Mandhana,MR Meshram,S Tippoch,1,0,,,,,,,,,
1148052,2018,2018-06-04,Royal Selangor Club,1,8.5,India,Thailand,MR Meshram,S Mandhana,S Tippoch,1,0,,,,,,,,,
1148052,2018,2018-06-04,Royal Selangor Club,1,8.6,India,Thailand,S Mandhana,MR Meshram,S Tippoch,6,0,,,,,,,,,
1148052,2018,2018-06-04,Royal Selangor Club,1,9.1,India,Thailand,MR Meshram,S Mandhana,N Boochatham,1,0,,,,,,,,,
1148052,2018,2018-06-04,Royal Selangor Club,1,9.2,India,Thailand,S Mandhana,MR Meshram,N Boochatham,0,0,,,,,,caught,S Mandhana,,
1148052,2018,2018-06-04,Royal Selangor Club,1,9.3,India,Thailand,MR Meshram,V Krishnamurthy,N Boochatham,1,0,,,,,,,,,
1148052,2018,2018-06-04,Royal Selangor Club,1,9.4,India,Thailand,V Krishnamurthy,MR Meshram,N Boochatham,1,0,,,,,,,,,
1148052,2018,2018-06-04,Royal Selangor Club,1,9.5,India,Thailand,MR Meshram,V Krishnamurthy,N Boochatham,1,0,,,,,,,,,
1148052,2018,2018-06-04,Royal Selangor Club,1,9.6,India,Thailand,V Krishnamurthy,MR Meshram,N Boochatham,1,0,,,,,,,,,
1148052,2018,2018-06-04,Royal Selangor Club,1,10.1,India,Thailand,V Krishnamurthy,MR Meshram,S Laomi,0,0,,,,,,,,,
1148052,2018,2018-06-04,Royal Selangor Club,1,10.2,India,Thailand,V Krishnamurthy,MR Meshram,S Laomi,4,0,,,,,,,,,
1148052,2018,2018-06-04,Royal Selangor Club,1,10.3,India,Thailand,V Krishnamurthy,MR Meshram,S Laomi,1,0,,,,,,,,,
1148052,2018,2018-06-04,Royal Selangor Club,1,10.4,India,Thailand,MR Meshram,V Krishnamurthy,S Laomi,0,0,,,,,,,,,
1148052,2018,2018-06-04,Royal Selangor Club,1,10.5,India,Thailand,MR Meshram,V Krishnamurthy,S Laomi,0,0,,,,,,,,,
1148052,2018,2018-06-04,Royal Selangor Club,1,10.6,India,Thailand,MR Meshram,V Krishnamurthy,S Laomi,1,0,,,,,,,,,
1148052,2018,2018-06-04,Royal Selangor Club,1,11.1,India,Thailand,MR Meshram,V Krishnamurthy,W Liengprasert,1,0,,,,,,,,,
1148052,2018,2018-06-04,Royal Selangor Club,1,11.2,India,Thailand,V Krishnamurthy,MR Meshram,W Liengprasert,0,0,,,,,,,,,
1148052,2018,2018-06-04,Royal Selangor Club,1,11.3,India,Thailand,V Krishnamurthy,MR Meshram,W Liengprasert,0,1,1,,,,,,,,
1148052,2018,2018-06-04,Royal Selangor Club,1,11.4,India,Thailand,V Krishnamurthy,MR Meshram,W Liengprasert,0,0,,,,,,,,,
1148052,2018,2018-06-04,Royal Selangor Club,1,11.5,India,Thailand,V Krishnamurthy,MR Meshram,W Liengprasert,1,0,,,,,,,,,
1148052,2018,2018-06-04,Royal Selangor Club,1,11.6,India,Thailand,MR Meshram,V Krishnamurthy,W Liengprasert,0,0,,,,,,,,,
1148052,2018,2018-06-04,Royal Selangor Club,1,11.7,India,Thailand,MR Meshram,V Krishnamurthy,W Liengprasert,0,1,1,,,,,,,,
1148052,2018,2018-06-04,Royal Selangor Club,1,11.8,India,Thailand,MR Meshram,V Krishnamurthy,W Liengprasert,2,0,,,,,,,,,
1148052,2018,2018-06-04,Royal Selangor Club,1,12.1,India,Thailand,V Krishnamurthy,MR Meshram,S Laomi,2,0,,,,,,,,,
1148052,2018,2018-06-04,Royal Selangor Club,1,12.2,India,Thailand,V Krishnamurthy,MR Meshram,S Laomi,0,0,,,,,,,,,
1148052,2018,2018-06-04,Royal Selangor Club,1,12.3,India,Thailand,V Krishnamurthy,MR Meshram,S Laomi,0,0,,,,,,,,,
1148052,2018,2018-06-04,Royal Selangor Club,1,12.4,India,Thailand,V Krishnamurthy,MR Meshram,S Laomi,1,0,,,,,,,,,
1148052,2018,2018-06-04,Royal Selangor Club,1,12.5,India,Thailand,MR Meshram,V Krishnamurthy,S Laomi,0,0,,,,,,,,,
1148052,2018,2018-06-04,Royal Selangor Club,1,12.6,India,Thailand,MR Meshram,V Krishnamurthy,S Laomi,4,0,,,,,,,,,
1148052,2018,2018-06-04,Royal Selangor Club,1,13.1,India,Thailand,V Krishnamurthy,MR Meshram,W Liengprasert,0,0,,,,,,,,,
1148052,2018,2018-06-04,Royal Selangor Club,1,13.2,India,Thailand,V Krishnamurthy,MR Meshram,W Liengprasert,0,0,,,,,,caught,V Krishnamurthy,,
1148052,2018,2018-06-04,Royal Selangor Club,1,13.3,India,Thailand,AA Patil,MR Meshram,W Liengprasert,0,0,,,,,,,,,
1148052,2018,2018-06-04,Royal Selangor Club,1,13.4,India,Thailand,AA Patil,MR Meshram,W Liengprasert,0,0,,,,,,,,,
1148052,2018,2018-06-04,Royal Selangor Club,1,13.5,India,Thailand,AA Patil,MR Meshram,W Liengprasert,1,0,,,,,,,,,
1148052,2018,2018-06-04,Royal Selangor Club,1,13.6,India,Thailand,MR Meshram,AA Patil,W Liengprasert,0,0,,,,,,caught,MR Meshram,,
1148052,2018,2018-06-04,Royal Selangor Club,1,14.1,India,Thailand,H Kaur,AA Patil,S Tippoch,1,0,,,,,,,,,
1148052,2018,2018-06-04,Royal Selangor Club,1,14.2,India,Thailand,AA Patil,H Kaur,S Tippoch,1,0,,,,,,,,,
1148052,2018,2018-06-04,Royal Selangor Club,1,14.3,India,Thailand,H Kaur,AA Patil,S Tippoch,0,0,,,,,,,,,
1148052,2018,2018-06-04,Royal Selangor Club,1,14.4,India,Thailand,H Kaur,AA Patil,S Tippoch,1,0,,,,,,,,,
1148052,2018,2018-06-04,Royal Selangor Club,1,14.5,India,Thailand,AA Patil,H Kaur,S Tippoch,1,0,,,,,,,,,
1148052,2018,2018-06-04,Royal Selangor Club,1,14.6,India,Thailand,H Kaur,AA Patil,S Tippoch,2,0,,,,,,,,,
1148052,2018,2018-06-04,Royal Selangor Club,1,15.1,India,Thailand,AA Patil,H Kaur,W Liengprasert,1,0,,,,,,,,,
1148052,2018,2018-06-04,Royal Selangor Club,1,15.2,India,Thailand,H Kaur,AA Patil,W Liengprasert,1,0,,,,,,,,,
1148052,2018,2018-06-04,Royal Selangor Club,1,15.3,India,Thailand,AA Patil,H Kaur,W Liengprasert,1,0,,,,,,,,,
1148052,2018,2018-06-04,Royal Selangor Club,1,15.4,India,Thailand,H Kaur,AA Patil,W Liengprasert,4,0,,,,,,,,,
1148052,2018,2018-06-04,Royal Selangor Club,1,15.5,India,Thailand,H Kaur,AA Patil,W Liengprasert,1,0,,,,,,,,,
1148052,2018,2018-06-04,Royal Selangor Club,1,15.6,India,Thailand,AA Patil,H Kaur,W Liengprasert,1,0,,,,,,,,,
1148052,2018,2018-06-04,Royal Selangor Club,1,16.1,India,Thailand,AA Patil,H Kaur,S Tippoch,1,0,,,,,,,,,
1148052,2018,2018-06-04,Royal Selangor Club,1,16.2,India,Thailand,H Kaur,AA Patil,S Tippoch,1,0,,,,,,,,,
1148052,2018,2018-06-04,Royal Selangor Club,1,16.3,India,Thailand,AA Patil,H Kaur,S Tippoch,0,0,,,,,,,,,
1148052,2018,2018-06-04,Royal Selangor Club,1,16.4,India,Thailand,AA Patil,H Kaur,S Tippoch,4,0,,,,,,,,,
1148052,2018,2018-06-04,Royal Selangor Club,1,16.5,India,Thailand,AA Patil,H Kaur,S Tippoch,0,0,,,,,,,,,
1148052,2018,2018-06-04,Royal Selangor Club,1,16.6,India,Thailand,AA Patil,H Kaur,S Tippoch,4,0,,,,,,,,,
1148052,2018,2018-06-04,Royal Selangor Club,1,17.1,India,Thailand,H Kaur,AA Patil,N Boochatham,1,0,,,,,,,,,
1148052,2018,2018-06-04,Royal Selangor Club,1,17.2,India,Thailand,AA Patil,H Kaur,N Boochatham,2,0,,,,,,,,,
1148052,2018,2018-06-04,Royal Selangor Club,1,17.3,India,Thailand,AA Patil,H Kaur,N Boochatham,1,0,,,,,,,,,
1148052,2018,2018-06-04,Royal Selangor Club,1,17.4,India,Thailand,H Kaur,AA Patil,N Boochatham,4,0,,,,,,,,,
1148052,2018,2018-06-04,Royal Selangor Club,1,17.5,India,Thailand,H Kaur,AA Patil,N Boochatham,4,0,,,,,,,,,
1148052,2018,2018-06-04,Royal Selangor Club,1,17.6,India,Thailand,H Kaur,AA Patil,N Boochatham,0,0,,,,,,,,,
1148052,2018,2018-06-04,Royal Selangor Club,1,18.1,India,Thailand,AA Patil,H Kaur,C Sutthiruang,1,0,,,,,,,,,
1148052,2018,2018-06-04,Royal Selangor Club,1,18.2,India,Thailand,H Kaur,AA Patil,C Sutthiruang,1,0,,,,,,,,,
1148052,2018,2018-06-04,Royal Selangor Club,1,18.3,India,Thailand,AA Patil,H Kaur,C Sutthiruang,1,0,,,,,,,,,
1148052,2018,2018-06-04,Royal Selangor Club,1,18.4,India,Thailand,H Kaur,AA Patil,C Sutthiruang,1,0,,,,,,,,,
1148052,2018,2018-06-04,Royal Selangor Club,1,18.5,India,Thailand,AA Patil,H Kaur,C Sutthiruang,1,1,,1,,,,,,,
1148052,2018,2018-06-04,Royal Selangor Club,1,18.6,India,Thailand,H Kaur,AA Patil,C Sutthiruang,2,0,,,,,,,,,
1148052,2018,2018-06-04,Royal Selangor Club,1,18.7,India,Thailand,H Kaur,AA Patil,C Sutthiruang,2,0,,,,,,,,,
1148052,2018,2018-06-04,Royal Selangor Club,1,19.1,India,Thailand,AA Patil,H Kaur,R Padunglerd,1,0,,,,,,,,,
1148052,2018,2018-06-04,Royal Selangor Club,1,19.2,India,Thailand,H Kaur,AA Patil,R Padunglerd,1,0,,,,,,,,,
1148052,2018,2018-06-04,Royal Selangor Club,1,19.3,India,Thailand,AA Patil,H Kaur,R Padunglerd,0,0,,,,,,,,,
1148052,2018,2018-06-04,Royal Selangor Club,1,19.4,India,Thailand,AA Patil,H Kaur,R Padunglerd,0,0,,,,,,bowled,AA Patil,,
1148052,2018,2018-06-04,Royal Selangor Club,1,19.5,India,Thailand,P Vastrakar,H Kaur,R Padunglerd,2,0,,,,,,,,,
1148052,2018,2018-06-04,Royal Selangor Club,1,19.6,India,Thailand,P Vastrakar,H Kaur,R Padunglerd,4,0,,,,,,,,,
1148052,2018,2018-06-04,Royal Selangor Club,2,0.1,Thailand,India,N Chantam,N Chaiwai,S Pandey,0,0,,,,,,,,,
1148052,2018,2018-06-04,Royal Selangor Club,2,0.2,Thailand,India,N Chantam,N Chaiwai,S Pandey,1,0,,,,,,,,,
1148052,2018,2018-06-04,Royal Selangor Club,2,0.3,Thailand,India,N Chaiwai,N Chantam,S Pandey,0,0,,,,,,,,,
1148052,2018,2018-06-04,Royal Selangor Club,2,0.4,Thailand,India,N Chaiwai,N Chantam,S Pandey,0,0,,,,,,,,,
1148052,2018,2018-06-04,Royal Selangor Club,2,0.5,Thailand,India,N Chaiwai,N Chantam,S Pandey,0,0,,,,,,,,,
1148052,2018,2018-06-04,Royal Selangor Club,2,0.6,Thailand,India,N Chaiwai,N Chantam,S Pandey,0,0,,,,,,,,,
1148052,2018,2018-06-04,Royal Selangor Club,2,1.1,Thailand,India,N Chantam,N Chaiwai,P Vastrakar,0,0,,,,,,,,,
1148052,2018,2018-06-04,Royal Selangor Club,2,1.2,Thailand,India,N Chantam,N Chaiwai,P Vastrakar,0,0,,,,,,,,,
1148052,2018,2018-06-04,Royal Selangor Club,2,1.3,Thailand,India,N Chantam,N Chaiwai,P Vastrakar,1,0,,,,,,,,,
1148052,2018,2018-06-04,Royal Selangor Club,2,1.4,Thailand,India,N Chaiwai,N Chantam,P Vastrakar,1,0,,,,,,,,,
1148052,2018,2018-06-04,Royal Selangor Club,2,1.5,Thailand,India,N Chantam,N Chaiwai,P Vastrakar,1,0,,,,,,,,,
1148052,2018,2018-06-04,Royal Selangor Club,2,1.6,Thailand,India,N Chaiwai,N Chantam,P Vastrakar,0,0,,,,,,,,,
1148052,2018,2018-06-04,Royal Selangor Club,2,2.1,Thailand,India,N Chantam,N Chaiwai,E Bisht,0,0,,,,,,,,,
1148052,2018,2018-06-04,Royal Selangor Club,2,2.2,Thailand,India,N Chantam,N Chaiwai,E Bisht,0,0,,,,,,,,,
1148052,2018,2018-06-04,Royal Selangor Club,2,2.3,Thailand,India,N Chantam,N Chaiwai,E Bisht,0,0,,,,,,,,,
1148052,2018,2018-06-04,Royal Selangor Club,2,2.4,Thailand,India,N Chantam,N Chaiwai,E Bisht,0,0,,,,,,,,,
1148052,2018,2018-06-04,Royal Selangor Club,2,2.5,Thailand,India,N Chantam,N Chaiwai,E Bisht,0,0,,,,,,,,,
1148052,2018,2018-06-04,Royal Selangor Club,2,2.6,Thailand,India,N Chantam,N Chaiwai,E Bisht,2,0,,,,,,,,,
1148052,2018,2018-06-04,Royal Selangor Club,2,3.1,Thailand,India,N Chaiwai,N Chantam,P Vastrakar,1,0,,,,,,,,,
1148052,2018,2018-06-04,Royal Selangor Club,2,3.2,Thailand,India,N Chantam,N Chaiwai,P Vastrakar,0,0,,,,,,caught,N Chantam,,
1148052,2018,2018-06-04,Royal Selangor Club,2,3.3,Thailand,India,N Boochatham,N Chaiwai,P Vastrakar,0,0,,,,,,,,,
1148052,2018,2018-06-04,Royal Selangor Club,2,3.4,Thailand,India,N Boochatham,N Chaiwai,P Vastrakar,0,1,,,,1,,,,,
1148052,2018,2018-06-04,Royal Selangor Club,2,3.5,Thailand,India,N Chaiwai,N Boochatham,P Vastrakar,0,1,1,,,,,,,,
1148052,2018,2018-06-04,Royal Selangor Club,2,3.6,Thailand,India,N Chaiwai,N Boochatham,P Vastrakar,0,0,,,,,,,,,
1148052,2018,2018-06-04,Royal Selangor Club,2,3.7,Thailand,India,N Chaiwai,N Boochatham,P Vastrakar,0,0,,,,,,,,,
1148052,2018,2018-06-04,Royal Selangor Club,2,4.1,Thailand,India,N Boochatham,N Chaiwai,AA Patil,0,0,,,,,,,,,
1148052,2018,2018-06-04,Royal Selangor Club,2,4.2,Thailand,India,N Boochatham,N Chaiwai,AA Patil,0,0,,,,,,,,,
1148052,2018,2018-06-04,Royal Selangor Club,2,4.3,Thailand,India,N Boochatham,N Chaiwai,AA Patil,0,0,,,,,,,,,
1148052,2018,2018-06-04,Royal Selangor Club,2,4.4,Thailand,India,N Boochatham,N Chaiwai,AA Patil,0,0,,,,,,,,,
1148052,2018,2018-06-04,Royal Selangor Club,2,4.5,Thailand,India,N Boochatham,N Chaiwai,AA Patil,1,0,,,,,,,,,
1148052,2018,2018-06-04,Royal Selangor Club,2,4.6,Thailand,India,N Chaiwai,N Boochatham,AA Patil,0,0,,,,,,,,,
1148052,2018,2018-06-04,Royal Selangor Club,2,5.1,Thailand,India,N Boochatham,N Chaiwai,S Pandey,0,0,,,,,,,,,
1148052,2018,2018-06-04,Royal Selangor Club,2,5.2,Thailand,India,N Boochatham,N Chaiwai,S Pandey,1,0,,,,,,,,,
1148052,2018,2018-06-04,Royal Selangor Club,2,5.3,Thailand,India,N Chaiwai,N Boochatham,S Pandey,0,0,,,,,,,,,
1148052,2018,2018-06-04,Royal Selangor Club,2,5.4,Thailand,India,N Chaiwai,N Boochatham,S Pandey,1,0,,,,,,,,,
1148052,2018,2018-06-04,Royal Selangor Club,2,5.5,Thailand,India,N Boochatham,N Chaiwai,S Pandey,0,1,1,,,,,,,,
1148052,2018,2018-06-04,Royal Selangor Club,2,5.6,Thailand,India,N Boochatham,N Chaiwai,S Pandey,1,0,,,,,,,,,
1148052,2018,2018-06-04,Royal Selangor Club,2,5.7,Thailand,India,N Chaiwai,N Boochatham,S Pandey,0,0,,,,,,,,,
1148052,2018,2018-06-04,Royal Selangor Club,2,6.1,Thailand,India,N Boochatham,N Chaiwai,AA Patil,0,0,,,,,,,,,
1148052,2018,2018-06-04,Royal Selangor Club,2,6.2,Thailand,India,N Boochatham,N Chaiwai,AA Patil,0,0,,,,,,,,,
1148052,2018,2018-06-04,Royal Selangor Club,2,6.3,Thailand,India,N Boochatham,N Chaiwai,AA Patil,0,0,,,,,,,,,
1148052,2018,2018-06-04,Royal Selangor Club,2,6.4,Thailand,India,N Boochatham,N Chaiwai,AA Patil,1,0,,,,,,,,,
1148052,2018,2018-06-04,Royal Selangor Club,2,6.5,Thailand,India,N Chaiwai,N Boochatham,AA Patil,0,0,,,,,,,,,
1148052,2018,2018-06-04,Royal Selangor Club,2,6.6,Thailand,India,N Chaiwai,N Boochatham,AA Patil,0,0,,,,,,,,,
1148052,2018,2018-06-04,Royal Selangor Club,2,7.1,Thailand,India,N Boochatham,N Chaiwai,DB Sharma,0,0,,,,,,,,,
1148052,2018,2018-06-04,Royal Selangor Club,2,7.2,Thailand,India,N Boochatham,N Chaiwai,DB Sharma,0,0,,,,,,,,,
1148052,2018,2018-06-04,Royal Selangor Club,2,7.3,Thailand,India,N Boochatham,N Chaiwai,DB Sharma,1,0,,,,,,,,,
1148052,2018,2018-06-04,Royal Selangor Club,2,7.4,Thailand,India,N Chaiwai,N Boochatham,DB Sharma,0,0,,,,,,,,,
1148052,2018,2018-06-04,Royal Selangor Club,2,7.5,Thailand,India,N Chaiwai,N Boochatham,DB Sharma,1,0,,,,,,,,,
1148052,2018,2018-06-04,Royal Selangor Club,2,7.6,Thailand,India,N Boochatham,N Chaiwai,DB Sharma,0,0,,,,,,,,,
1148052,2018,2018-06-04,Royal Selangor Club,2,8.1,Thailand,India,N Chaiwai,N Boochatham,Poonam Yadav,1,0,,,,,,,,,
1148052,2018,2018-06-04,Royal Selangor Club,2,8.2,Thailand,India,N Boochatham,N Chaiwai,Poonam Yadav,1,0,,,,,,,,,
1148052,2018,2018-06-04,Royal Selangor Club,2,8.3,Thailand,India,N Chaiwai,N Boochatham,Poonam Yadav,4,0,,,,,,,,,
1148052,2018,2018-06-04,Royal Selangor Club,2,8.4,Thailand,India,N Chaiwai,N Boochatham,Poonam Yadav,1,0,,,,,,,,,
1148052,2018,2018-06-04,Royal Selangor Club,2,8.5,Thailand,India,N Boochatham,N Chaiwai,Poonam Yadav,1,0,,,,,,,,,
1148052,2018,2018-06-04,Royal Selangor Club,2,8.6,Thailand,India,N Chaiwai,N Boochatham,Poonam Yadav,0,0,,,,,,,,,
1148052,2018,2018-06-04,Royal Selangor Club,2,9.1,Thailand,India,N Boochatham,N Chaiwai,DB Sharma,2,0,,,,,,,,,
1148052,2018,2018-06-04,Royal Selangor Club,2,9.2,Thailand,India,N Boochatham,N Chaiwai,DB Sharma,0,0,,,,,,,,,
1148052,2018,2018-06-04,Royal Selangor Club,2,9.3,Thailand,India,N Boochatham,N Chaiwai,DB Sharma,2,0,,,,,,,,,
1148052,2018,2018-06-04,Royal Selangor Club,2,9.4,Thailand,India,N Boochatham,N Chaiwai,DB Sharma,0,0,,,,,,,,,
1148052,2018,2018-06-04,Royal Selangor Club,2,9.5,Thailand,India,N Boochatham,N Chaiwai,DB Sharma,0,0,,,,,,,,,
1148052,2018,2018-06-04,Royal Selangor Club,2,9.6,Thailand,India,N Boochatham,N Chaiwai,DB Sharma,1,0,,,,,,,,,
1148052,2018,2018-06-04,Royal Selangor Club,2,10.1,Thailand,India,N Boochatham,N Chaiwai,E Bisht,1,0,,,,,,,,,
1148052,2018,2018-06-04,Royal Selangor Club,2,10.2,Thailand,India,N Chaiwai,N Boochatham,E Bisht,0,0,,,,,,,,,
1148052,2018,2018-06-04,Royal Selangor Club,2,10.3,Thailand,India,N Chaiwai,N Boochatham,E Bisht,0,0,,,,,,,,,
1148052,2018,2018-06-04,Royal Selangor Club,2,10.4,Thailand,India,N Chaiwai,N Boochatham,E Bisht,1,0,,,,,,,,,
1148052,2018,2018-06-04,Royal Selangor Club,2,10.5,Thailand,India,N Boochatham,N Chaiwai,E Bisht,1,0,,,,,,,,,
1148052,2018,2018-06-04,Royal Selangor Club,2,10.6,Thailand,India,N Chaiwai,N Boochatham,E Bisht,2,0,,,,,,,,,
1148052,2018,2018-06-04,Royal Selangor Club,2,11.1,Thailand,India,N Boochatham,N Chaiwai,H Kaur,0,0,,,,,,,,,
1148052,2018,2018-06-04,Royal Selangor Club,2,11.2,Thailand,India,N Boochatham,N Chaiwai,H Kaur,1,0,,,,,,,,,
1148052,2018,2018-06-04,Royal Selangor Club,2,11.3,Thailand,India,N Chaiwai,N Boochatham,H Kaur,0,0,,,,,,,,,
1148052,2018,2018-06-04,Royal Selangor Club,2,11.4,Thailand,India,N Chaiwai,N Boochatham,H Kaur,1,0,,,,,,,,,
1148052,2018,2018-06-04,Royal Selangor Club,2,11.5,Thailand,India,N Boochatham,N Chaiwai,H Kaur,1,0,,,,,,,,,
1148052,2018,2018-06-04,Royal Selangor Club,2,11.6,Thailand,India,N Chaiwai,N Boochatham,H Kaur,0,0,,,,,,caught,N Chaiwai,,
1148052,2018,2018-06-04,Royal Selangor Club,2,12.1,Thailand,India,N Boochatham,N Koncharoenkai,Poonam Yadav,1,0,,,,,,,,,
1148052,2018,2018-06-04,Royal Selangor Club,2,12.2,Thailand,India,N Koncharoenkai,N Boochatham,Poonam Yadav,0,0,,,,,,lbw,N Koncharoenkai,,
1148052,2018,2018-06-04,Royal Selangor Club,2,12.3,Thailand,India,R Padunglerd,N Boochatham,Poonam Yadav,0,0,,,,,,,,,
1148052,2018,2018-06-04,Royal Selangor Club,2,12.4,Thailand,India,R Padunglerd,N Boochatham,Poonam Yadav,0,0,,,,,,,,,
1148052,2018,2018-06-04,Royal Selangor Club,2,12.5,Thailand,India,R Padunglerd,N Boochatham,Poonam Yadav,1,0,,,,,,,,,
1148052,2018,2018-06-04,Royal Selangor Club,2,12.6,Thailand,India,N Boochatham,R Padunglerd,Poonam Yadav,0,0,,,,,,,,,
1148052,2018,2018-06-04,Royal Selangor Club,2,13.1,Thailand,India,R Padunglerd,N Boochatham,H Kaur,0,0,,,,,,lbw,R Padunglerd,,
1148052,2018,2018-06-04,Royal Selangor Club,2,13.2,Thailand,India,S Tippoch,N Boochatham,H Kaur,0,0,,,,,,,,,
1148052,2018,2018-06-04,Royal Selangor Club,2,13.3,Thailand,India,S Tippoch,N Boochatham,H Kaur,1,0,,,,,,,,,
1148052,2018,2018-06-04,Royal Selangor Club,2,13.4,Thailand,India,N Boochatham,S Tippoch,H Kaur,2,0,,,,,,,,,
1148052,2018,2018-06-04,Royal Selangor Club,2,13.5,Thailand,India,N Boochatham,S Tippoch,H Kaur,0,0,,,,,,,,,
1148052,2018,2018-06-04,Royal Selangor Club,2,13.6,Thailand,India,N Boochatham,S Tippoch,H Kaur,1,0,,,,,,,,,
1148052,2018,2018-06-04,Royal Selangor Club,2,14.1,Thailand,India,N Boochatham,S Tippoch,AA Patil,0,0,,,,,,,,,
1148052,2018,2018-06-04,Royal Selangor Club,2,14.2,Thailand,India,N Boochatham,S Tippoch,AA Patil,0,0,,,,,,,,,
1148052,2018,2018-06-04,Royal Selangor Club,2,14.3,Thailand,India,N Boochatham,S Tippoch,AA Patil,1,0,,,,,,,,,
1148052,2018,2018-06-04,Royal Selangor Club,2,14.4,Thailand,India,S Tippoch,N Boochatham,AA Patil,0,0,,,,,,,,,
1148052,2018,2018-06-04,Royal Selangor Club,2,14.5,Thailand,India,S Tippoch,N Boochatham,AA Patil,0,0,,,,,,,,,
1148052,2018,2018-06-04,Royal Selangor Club,2,14.6,Thailand,India,S Tippoch,N Boochatham,AA Patil,0,0,,,,,,,,,
1148052,2018,2018-06-04,Royal Selangor Club,2,15.1,Thailand,India,N Boochatham,S Tippoch,H Kaur,0,0,,,,,,stumped,N Boochatham,,
1148052,2018,2018-06-04,Royal Selangor Club,2,15.2,Thailand,India,C Sutthiruang,S Tippoch,H Kaur,0,0,,,,,,,,,
1148052,2018,2018-06-04,Royal Selangor Club,2,15.3,Thailand,India,C Sutthiruang,S Tippoch,H Kaur,1,0,,,,,,,,,
1148052,2018,2018-06-04,Royal Selangor Club,2,15.4,Thailand,India,S Tippoch,C Sutthiruang,H Kaur,1,0,,,,,,,,,
1148052,2018,2018-06-04,Royal Selangor Club,2,15.5,Thailand,India,C Sutthiruang,S Tippoch,H Kaur,0,1,1,,,,,,,,
1148052,2018,2018-06-04,Royal Selangor Club,2,15.6,Thailand,India,C Sutthiruang,S Tippoch,H Kaur,1,0,,,,,,,,,
1148052,2018,2018-06-04,Royal Selangor Club,2,15.7,Thailand,India,S Tippoch,C Sutthiruang,H Kaur,0,0,,,,,,,,,
1148052,2018,2018-06-04,Royal Selangor Club,2,16.1,Thailand,India,C Sutthiruang,S Tippoch,DB Sharma,0,0,,,,,,,,,
1148052,2018,2018-06-04,Royal Selangor Club,2,16.2,Thailand,India,C Sutthiruang,S Tippoch,DB Sharma,1,0,,,,,,,,,
1148052,2018,2018-06-04,Royal Selangor Club,2,16.3,Thailand,India,S Tippoch,C Sutthiruang,DB Sharma,0,0,,,,,,,,,
1148052,2018,2018-06-04,Royal Selangor Club,2,16.4,Thailand,India,S Tippoch,C Sutthiruang,DB Sharma,1,0,,,,,,,,,
1148052,2018,2018-06-04,Royal Selangor Club,2,16.5,Thailand,India,C Sutthiruang,S Tippoch,DB Sharma,1,0,,,,,,,,,
1148052,2018,2018-06-04,Royal Selangor Club,2,16.6,Thailand,India,S Tippoch,C Sutthiruang,DB Sharma,0,0,,,,,,bowled,S Tippoch,,
1148052,2018,2018-06-04,Royal Selangor Club,2,17.1,Thailand,India,C Sutthiruang,W Liengprasert,E Bisht,0,0,,,,,,,,,
1148052,2018,2018-06-04,Royal Selangor Club,2,17.2,Thailand,India,C Sutthiruang,W Liengprasert,E Bisht,2,0,,,,,,,,,
1148052,2018,2018-06-04,Royal Selangor Club,2,17.3,Thailand,India,C Sutthiruang,W Liengprasert,E Bisht,0,0,,,,,,,,,
1148052,2018,2018-06-04,Royal Selangor Club,2,17.4,Thailand,India,C Sutthiruang,W Liengprasert,E Bisht,1,0,,,,,,,,,
1148052,2018,2018-06-04,Royal Selangor Club,2,17.5,Thailand,India,W Liengprasert,C Sutthiruang,E Bisht,0,0,,,,,,,,,
1148052,2018,2018-06-04,Royal Selangor Club,2,17.6,Thailand,India,W Liengprasert,C Sutthiruang,E Bisht,0,0,,,,,,,,,
1148052,2018,2018-06-04,Royal Selangor Club,2,18.1,Thailand,India,C Sutthiruang,W Liengprasert,Poonam Yadav,0,0,,,,,,,,,
1148052,2018,2018-06-04,Royal Selangor Club,2,18.2,Thailand,India,C Sutthiruang,W Liengprasert,Poonam Yadav,2,0,,,,,,,,,
1148052,2018,2018-06-04,Royal Selangor Club,2,18.3,Thailand,India,C Sutthiruang,W Liengprasert,Poonam Yadav,1,0,,,,,,,,,
1148052,2018,2018-06-04,Royal Selangor Club,2,18.4,Thailand,India,W Liengprasert,C Sutthiruang,Poonam Yadav,1,0,,,,,,,,,
1148052,2018,2018-06-04,Royal Selangor Club,2,18.5,Thailand,India,C Sutthiruang,W Liengprasert,Poonam Yadav,1,0,,,,,,,,,
1148052,2018,2018-06-04,Royal Selangor Club,2,18.6,Thailand,India,W Liengprasert,C Sutthiruang,Poonam Yadav,0,0,,,,,,,,,
1148052,2018,2018-06-04,Royal Selangor Club,2,19.1,Thailand,India,C Sutthiruang,W Liengprasert,DB Sharma,0,1,1,,,,,,,,
1148052,2018,2018-06-04,Royal Selangor Club,2,19.2,Thailand,India,C Sutthiruang,W Liengprasert,DB Sharma,1,0,,,,,,,,,
1148052,2018,2018-06-04,Royal Selangor Club,2,19.3,Thailand,India,W Liengprasert,C Sutthiruang,DB Sharma,1,0,,,,,,,,,
1148052,2018,2018-06-04,Royal Selangor Club,2,19.4,Thailand,India,C Sutthiruang,W Liengprasert,DB Sharma,0,0,,,,,,caught,C Sutthiruang,,
1148052,2018,2018-06-04,Royal Selangor Club,2,19.5,Thailand,India,W Liengprasert,S Laomi,DB Sharma,2,0,,,,,,,,,
1148052,2018,2018-06-04,Royal Selangor Club,2,19.6,Thailand,India,W Liengprasert,S Laomi,DB Sharma,1,0,,,,,,,,,
1148052,2018,2018-06-04,Royal Selangor Club,2,19.7,Thailand,India,S Laomi,W Liengprasert,DB Sharma,0,0,,,,,,run out,S Laomi,,
