match_id,season,start_date,venue,innings,ball,batting_team,bowling_team,striker,non_striker,bowler,runs_off_bat,extras,wides,noballs,byes,legbyes,penalty,wicket_type,player_dismissed,other_wicket_type,other_player_dismissed
1148048,2018,2018-06-03,Kinrara Academy Oval,1,0.1,India,Malaysia,M Raj,S Mandhana,WA Duraisingam,0,0,,,,,,,,,
1148048,2018,2018-06-03,Kinrara Academy Oval,1,0.2,India,Malaysia,M Raj,S Mandhana,WA Duraisingam,1,0,,,,,,,,,
1148048,2018,2018-06-03,Kinrara Academy Oval,1,0.3,India,Malaysia,S Mandhana,M Raj,WA Duraisingam,1,0,,,,,,,,,
1148048,2018,2018-06-03,Kinrara Academy Oval,1,0.4,India,Malaysia,M Raj,S Mandhana,WA Duraisingam,4,0,,,,,,,,,
1148048,2018,2018-06-03,Kinrara Academy Oval,1,0.5,India,Malaysia,M Raj,S Mandhana,WA Duraisingam,0,0,,,,,,,,,
1148048,2018,2018-06-03,Kinrara Academy Oval,1,0.6,India,Malaysia,M Raj,S Mandhana,WA Duraisingam,0,0,,,,,,,,,
1148048,2018,2018-06-03,Kinrara Academy Oval,1,1.1,India,Malaysia,S Mandhana,M Raj,Ainna Hamizah Hashim,0,0,,,,,,,,,
1148048,2018,2018-06-03,Kinrara Academy Oval,1,1.2,India,Malaysia,S Mandhana,M Raj,Ainna Hamizah Hashim,1,0,,,,,,,,,
1148048,2018,2018-06-03,Kinrara Academy Oval,1,1.3,India,Malaysia,M Raj,S Mandhana,Ainna Hamizah Hashim,0,0,,,,,,,,,
1148048,2018,2018-06-03,Kinrara Academy Oval,1,1.4,India,Malaysia,M Raj,S Mandhana,Ainna Hamizah Hashim,1,0,,,,,,,,,
1148048,2018,2018-06-03,Kinrara Academy Oval,1,1.5,India,Malaysia,S Mandhana,M Raj,Ainna Hamizah Hashim,0,0,,,,,,bowled,S Mandhana,,
1148048,2018,2018-06-03,Kinrara Academy Oval,1,1.6,India,Malaysia,P Vastrakar,M Raj,Ainna Hamizah Hashim,0,0,,,,,,,,,
1148048,2018,2018-06-03,Kinrara Academy Oval,1,2.1,India,Malaysia,M Raj,P Vastrakar,WA Duraisingam,0,0,,,,,,,,,
1148048,2018,2018-06-03,Kinrara Academy Oval,1,2.2,India,Malaysia,M Raj,P Vastrakar,WA Duraisingam,0,0,,,,,,,,,
1148048,2018,2018-06-03,Kinrara Academy Oval,1,2.3,India,Malaysia,M Raj,P Vastrakar,WA Duraisingam,0,0,,,,,,,,,
1148048,2018,2018-06-03,Kinrara Academy Oval,1,2.4,India,Malaysia,M Raj,P Vastrakar,WA Duraisingam,0,0,,,,,,,,,
1148048,2018,2018-06-03,Kinrara Academy Oval,1,2.5,India,Malaysia,M Raj,P Vastrakar,WA Duraisingam,1,0,,,,,,,,,
1148048,2018,2018-06-03,Kinrara Academy Oval,1,2.6,India,Malaysia,P Vastrakar,M Raj,WA Duraisingam,4,0,,,,,,,,,
1148048,2018,2018-06-03,Kinrara Academy Oval,1,3.1,India,Malaysia,M Raj,P Vastrakar,Ainna Hamizah Hashim,3,0,,,,,,,,,
1148048,2018,2018-06-03,Kinrara Academy Oval,1,3.2,India,Malaysia,P Vastrakar,M Raj,Ainna Hamizah Hashim,0,0,,,,,,,,,
1148048,2018,2018-06-03,Kinrara Academy Oval,1,3.3,India,Malaysia,P Vastrakar,M Raj,Ainna Hamizah Hashim,0,0,,,,,,,,,
1148048,2018,2018-06-03,Kinrara Academy Oval,1,3.4,India,Malaysia,P Vastrakar,M Raj,Ainna Hamizah Hashim,4,0,,,,,,,,,
1148048,2018,2018-06-03,Kinrara Academy Oval,1,3.5,India,Malaysia,P Vastrakar,M Raj,Ainna Hamizah Hashim,0,0,,,,,,,,,
1148048,2018,2018-06-03,Kinrara Academy Oval,1,3.6,India,Malaysia,P Vastrakar,M Raj,Ainna Hamizah Hashim,1,0,,,,,,,,,
1148048,2018,2018-06-03,Kinrara Academy Oval,1,4.1,India,Malaysia,P Vastrakar,M Raj,Noor Hayati Zakaria,1,0,,,,,,,,,
1148048,2018,2018-06-03,Kinrara Academy Oval,1,4.2,India,Malaysia,M Raj,P Vastrakar,Noor Hayati Zakaria,0,0,,,,,,,,,
1148048,2018,2018-06-03,Kinrara Academy Oval,1,4.3,India,Malaysia,M Raj,P Vastrakar,Noor Hayati Zakaria,4,0,,,,,,,,,
1148048,2018,2018-06-03,Kinrara Academy Oval,1,4.4,India,Malaysia,M Raj,P Vastrakar,Noor Hayati Zakaria,0,0,,,,,,,,,
1148048,2018,2018-06-03,Kinrara Academy Oval,1,4.5,India,Malaysia,M Raj,P Vastrakar,Noor Hayati Zakaria,1,0,,,,,,,,,
1148048,2018,2018-06-03,Kinrara Academy Oval,1,4.6,India,Malaysia,P Vastrakar,M Raj,Noor Hayati Zakaria,0,0,,,,,,,,,
1148048,2018,2018-06-03,Kinrara Academy Oval,1,5.1,India,Malaysia,M Raj,P Vastrakar,Ainna Hamizah Hashim,1,0,,,,,,,,,
1148048,2018,2018-06-03,Kinrara Academy Oval,1,5.2,India,Malaysia,P Vastrakar,M Raj,Ainna Hamizah Hashim,1,0,,,,,,,,,
1148048,2018,2018-06-03,Kinrara Academy Oval,1,5.3,India,Malaysia,M Raj,P Vastrakar,Ainna Hamizah Hashim,1,0,,,,,,,,,
1148048,2018,2018-06-03,Kinrara Academy Oval,1,5.4,India,Malaysia,P Vastrakar,M Raj,Ainna Hamizah Hashim,4,0,,,,,,,,,
1148048,2018,2018-06-03,Kinrara Academy Oval,1,5.5,India,Malaysia,P Vastrakar,M Raj,Ainna Hamizah Hashim,1,0,,,,,,,,,
1148048,2018,2018-06-03,Kinrara Academy Oval,1,5.6,India,Malaysia,M Raj,P Vastrakar,Ainna Hamizah Hashim,0,0,,,,,,,,,
1148048,2018,2018-06-03,Kinrara Academy Oval,1,6.1,India,Malaysia,P Vastrakar,M Raj,Noor Hayati Zakaria,0,0,,,,,,caught,P Vastrakar,,
1148048,2018,2018-06-03,Kinrara Academy Oval,1,6.2,India,Malaysia,H Kaur,M Raj,Noor Hayati Zakaria,1,0,,,,,,,,,
1148048,2018,2018-06-03,Kinrara Academy Oval,1,6.3,India,Malaysia,M Raj,H Kaur,Noor Hayati Zakaria,0,1,1,,,,,,,,
1148048,2018,2018-06-03,Kinrara Academy Oval,1,6.4,India,Malaysia,M Raj,H Kaur,Noor Hayati Zakaria,0,0,,,,,,,,,
1148048,2018,2018-06-03,Kinrara Academy Oval,1,6.5,India,Malaysia,M Raj,H Kaur,Noor Hayati Zakaria,0,0,,,,,,,,,
1148048,2018,2018-06-03,Kinrara Academy Oval,1,6.6,India,Malaysia,M Raj,H Kaur,Noor Hayati Zakaria,1,0,,,,,,,,,
1148048,2018,2018-06-03,Kinrara Academy Oval,1,6.7,India,Malaysia,H Kaur,M Raj,Noor Hayati Zakaria,1,0,,,,,,,,,
1148048,2018,2018-06-03,Kinrara Academy Oval,1,7.1,India,Malaysia,H Kaur,M Raj,Sasha Azmi,1,0,,,,,,,,,
1148048,2018,2018-06-03,Kinrara Academy Oval,1,7.2,India,Malaysia,M Raj,H Kaur,Sasha Azmi,4,0,,,,,,,,,
1148048,2018,2018-06-03,Kinrara Academy Oval,1,7.3,India,Malaysia,M Raj,H Kaur,Sasha Azmi,0,1,1,,,,,,,,
1148048,2018,2018-06-03,Kinrara Academy Oval,1,7.4,India,Malaysia,M Raj,H Kaur,Sasha Azmi,1,0,,,,,,,,,
1148048,2018,2018-06-03,Kinrara Academy Oval,1,7.5,India,Malaysia,H Kaur,M Raj,Sasha Azmi,0,0,,,,,,,,,
1148048,2018,2018-06-03,Kinrara Academy Oval,1,7.6,India,Malaysia,H Kaur,M Raj,Sasha Azmi,0,0,,,,,,,,,
1148048,2018,2018-06-03,Kinrara Academy Oval,1,7.7,India,Malaysia,H Kaur,M Raj,Sasha Azmi,0,0,,,,,,,,,
1148048,2018,2018-06-03,Kinrara Academy Oval,1,8.1,India,Malaysia,M Raj,H Kaur,Nur Nadihirah,6,0,,,,,,,,,
1148048,2018,2018-06-03,Kinrara Academy Oval,1,8.2,India,Malaysia,M Raj,H Kaur,Nur Nadihirah,1,0,,,,,,,,,
1148048,2018,2018-06-03,Kinrara Academy Oval,1,8.3,India,Malaysia,H Kaur,M Raj,Nur Nadihirah,4,0,,,,,,,,,
1148048,2018,2018-06-03,Kinrara Academy Oval,1,8.4,India,Malaysia,H Kaur,M Raj,Nur Nadihirah,1,0,,,,,,,,,
1148048,2018,2018-06-03,Kinrara Academy Oval,1,8.5,India,Malaysia,M Raj,H Kaur,Nur Nadihirah,1,0,,,,,,,,,
1148048,2018,2018-06-03,Kinrara Academy Oval,1,8.6,India,Malaysia,H Kaur,M Raj,Nur Nadihirah,1,0,,,,,,,,,
1148048,2018,2018-06-03,Kinrara Academy Oval,1,9.1,India,Malaysia,H Kaur,M Raj,Sasha Azmi,1,0,,,,,,,,,
1148048,2018,2018-06-03,Kinrara Academy Oval,1,9.2,India,Malaysia,M Raj,H Kaur,Sasha Azmi,0,0,,,,,,,,,
1148048,2018,2018-06-03,Kinrara Academy Oval,1,9.3,India,Malaysia,M Raj,H Kaur,Sasha Azmi,1,0,,,,,,,,,
1148048,2018,2018-06-03,Kinrara Academy Oval,1,9.4,India,Malaysia,H Kaur,M Raj,Sasha Azmi,1,0,,,,,,,,,
1148048,2018,2018-06-03,Kinrara Academy Oval,1,9.5,India,Malaysia,M Raj,H Kaur,Sasha Azmi,1,0,,,,,,,,,
1148048,2018,2018-06-03,Kinrara Academy Oval,1,9.6,India,Malaysia,H Kaur,M Raj,Sasha Azmi,4,0,,,,,,,,,
1148048,2018,2018-06-03,Kinrara Academy Oval,1,10.1,India,Malaysia,M Raj,H Kaur,Zumika Azmi,2,0,,,,,,,,,
1148048,2018,2018-06-03,Kinrara Academy Oval,1,10.2,India,Malaysia,M Raj,H Kaur,Zumika Azmi,4,0,,,,,,,,,
1148048,2018,2018-06-03,Kinrara Academy Oval,1,10.3,India,Malaysia,M Raj,H Kaur,Zumika Azmi,4,0,,,,,,,,,
1148048,2018,2018-06-03,Kinrara Academy Oval,1,10.4,India,Malaysia,M Raj,H Kaur,Zumika Azmi,0,0,,,,,,,,,
1148048,2018,2018-06-03,Kinrara Academy Oval,1,10.5,India,Malaysia,M Raj,H Kaur,Zumika Azmi,4,0,,,,,,,,,
1148048,2018,2018-06-03,Kinrara Academy Oval,1,10.6,India,Malaysia,M Raj,H Kaur,Zumika Azmi,1,0,,,,,,,,,
1148048,2018,2018-06-03,Kinrara Academy Oval,1,11.1,India,Malaysia,M Raj,H Kaur,Sasha Azmi,1,0,,,,,,,,,
1148048,2018,2018-06-03,Kinrara Academy Oval,1,11.2,India,Malaysia,H Kaur,M Raj,Sasha Azmi,1,0,,,,,,,,,
1148048,2018,2018-06-03,Kinrara Academy Oval,1,11.3,India,Malaysia,M Raj,H Kaur,Sasha Azmi,1,0,,,,,,,,,
1148048,2018,2018-06-03,Kinrara Academy Oval,1,11.4,India,Malaysia,H Kaur,M Raj,Sasha Azmi,1,0,,,,,,,,,
1148048,2018,2018-06-03,Kinrara Academy Oval,1,11.5,India,Malaysia,M Raj,H Kaur,Sasha Azmi,1,0,,,,,,,,,
1148048,2018,2018-06-03,Kinrara Academy Oval,1,11.6,India,Malaysia,H Kaur,M Raj,Sasha Azmi,1,0,,,,,,,,,
1148048,2018,2018-06-03,Kinrara Academy Oval,1,12.1,India,Malaysia,H Kaur,M Raj,Mahirah Izzati Ismail,1,0,,,,,,,,,
1148048,2018,2018-06-03,Kinrara Academy Oval,1,12.2,India,Malaysia,M Raj,H Kaur,Mahirah Izzati Ismail,4,0,,,,,,,,,
1148048,2018,2018-06-03,Kinrara Academy Oval,1,12.3,India,Malaysia,M Raj,H Kaur,Mahirah Izzati Ismail,4,0,,,,,,,,,
1148048,2018,2018-06-03,Kinrara Academy Oval,1,12.4,India,Malaysia,M Raj,H Kaur,Mahirah Izzati Ismail,0,0,,,,,,,,,
1148048,2018,2018-06-03,Kinrara Academy Oval,1,12.5,India,Malaysia,M Raj,H Kaur,Mahirah Izzati Ismail,1,0,,,,,,,,,
1148048,2018,2018-06-03,Kinrara Academy Oval,1,12.6,India,Malaysia,H Kaur,M Raj,Mahirah Izzati Ismail,1,0,,,,,,,,,
1148048,2018,2018-06-03,Kinrara Academy Oval,1,13.1,India,Malaysia,H Kaur,M Raj,Sasha Azmi,1,0,,,,,,,,,
1148048,2018,2018-06-03,Kinrara Academy Oval,1,13.2,India,Malaysia,M Raj,H Kaur,Sasha Azmi,1,0,,,,,,,,,
1148048,2018,2018-06-03,Kinrara Academy Oval,1,13.3,India,Malaysia,H Kaur,M Raj,Sasha Azmi,4,0,,,,,,,,,
1148048,2018,2018-06-03,Kinrara Academy Oval,1,13.4,India,Malaysia,H Kaur,M Raj,Sasha Azmi,4,0,,,,,,,,,
1148048,2018,2018-06-03,Kinrara Academy Oval,1,13.5,India,Malaysia,H Kaur,M Raj,Sasha Azmi,1,0,,,,,,,,,
1148048,2018,2018-06-03,Kinrara Academy Oval,1,13.6,India,Malaysia,M Raj,H Kaur,Sasha Azmi,1,0,,,,,,,,,
1148048,2018,2018-06-03,Kinrara Academy Oval,1,14.1,India,Malaysia,M Raj,H Kaur,Mahirah Izzati Ismail,4,0,,,,,,,,,
1148048,2018,2018-06-03,Kinrara Academy Oval,1,14.2,India,Malaysia,M Raj,H Kaur,Mahirah Izzati Ismail,1,0,,,,,,,,,
1148048,2018,2018-06-03,Kinrara Academy Oval,1,14.3,India,Malaysia,H Kaur,M Raj,Mahirah Izzati Ismail,1,1,,1,,,,,,,
1148048,2018,2018-06-03,Kinrara Academy Oval,1,14.4,India,Malaysia,M Raj,H Kaur,Mahirah Izzati Ismail,0,0,,,,,,,,,
1148048,2018,2018-06-03,Kinrara Academy Oval,1,14.5,India,Malaysia,M Raj,H Kaur,Mahirah Izzati Ismail,1,0,,,,,,,,,
1148048,2018,2018-06-03,Kinrara Academy Oval,1,14.6,India,Malaysia,H Kaur,M Raj,Mahirah Izzati Ismail,1,0,,,,,,,,,
1148048,2018,2018-06-03,Kinrara Academy Oval,1,14.7,India,Malaysia,M Raj,H Kaur,Mahirah Izzati Ismail,0,0,,,,,,run out,H Kaur,,
1148048,2018,2018-06-03,Kinrara Academy Oval,1,15.1,India,Malaysia,DB Sharma,M Raj,Noor Hayati Zakaria,1,0,,,,,,,,,
1148048,2018,2018-06-03,Kinrara Academy Oval,1,15.2,India,Malaysia,M Raj,DB Sharma,Noor Hayati Zakaria,4,0,,,,,,,,,
1148048,2018,2018-06-03,Kinrara Academy Oval,1,15.3,India,Malaysia,M Raj,DB Sharma,Noor Hayati Zakaria,1,0,,,,,,,,,
1148048,2018,2018-06-03,Kinrara Academy Oval,1,15.4,India,Malaysia,DB Sharma,M Raj,Noor Hayati Zakaria,0,0,,,,,,,,,
1148048,2018,2018-06-03,Kinrara Academy Oval,1,15.5,India,Malaysia,DB Sharma,M Raj,Noor Hayati Zakaria,1,0,,,,,,,,,
1148048,2018,2018-06-03,Kinrara Academy Oval,1,15.6,India,Malaysia,M Raj,DB Sharma,Noor Hayati Zakaria,1,0,,,,,,,,,
1148048,2018,2018-06-03,Kinrara Academy Oval,1,16.1,India,Malaysia,M Raj,DB Sharma,WA Duraisingam,4,0,,,,,,,,,
1148048,2018,2018-06-03,Kinrara Academy Oval,1,16.2,India,Malaysia,M Raj,DB Sharma,WA Duraisingam,1,0,,,,,,,,,
1148048,2018,2018-06-03,Kinrara Academy Oval,1,16.3,India,Malaysia,DB Sharma,M Raj,WA Duraisingam,1,0,,,,,,,,,
1148048,2018,2018-06-03,Kinrara Academy Oval,1,16.4,India,Malaysia,M Raj,DB Sharma,WA Duraisingam,1,0,,,,,,,,,
1148048,2018,2018-06-03,Kinrara Academy Oval,1,16.5,India,Malaysia,DB Sharma,M Raj,WA Duraisingam,1,0,,,,,,,,,
1148048,2018,2018-06-03,Kinrara Academy Oval,1,16.6,India,Malaysia,M Raj,DB Sharma,WA Duraisingam,1,0,,,,,,,,,
1148048,2018,2018-06-03,Kinrara Academy Oval,1,17.1,India,Malaysia,M Raj,DB Sharma,Noor Hayati Zakaria,1,0,,,,,,,,,
1148048,2018,2018-06-03,Kinrara Academy Oval,1,17.2,India,Malaysia,DB Sharma,M Raj,Noor Hayati Zakaria,1,0,,,,,,,,,
1148048,2018,2018-06-03,Kinrara Academy Oval,1,17.3,India,Malaysia,M Raj,DB Sharma,Noor Hayati Zakaria,2,0,,,,,,,,,
1148048,2018,2018-06-03,Kinrara Academy Oval,1,17.4,India,Malaysia,M Raj,DB Sharma,Noor Hayati Zakaria,4,0,,,,,,,,,
1148048,2018,2018-06-03,Kinrara Academy Oval,1,17.5,India,Malaysia,M Raj,DB Sharma,Noor Hayati Zakaria,0,0,,,,,,,,,
1148048,2018,2018-06-03,Kinrara Academy Oval,1,17.6,India,Malaysia,M Raj,DB Sharma,Noor Hayati Zakaria,4,0,,,,,,,,,
1148048,2018,2018-06-03,Kinrara Academy Oval,1,18.1,India,Malaysia,DB Sharma,M Raj,WA Duraisingam,1,0,,,,,,,,,
1148048,2018,2018-06-03,Kinrara Academy Oval,1,18.2,India,Malaysia,M Raj,DB Sharma,WA Duraisingam,1,0,,,,,,,,,
1148048,2018,2018-06-03,Kinrara Academy Oval,1,18.3,India,Malaysia,DB Sharma,M Raj,WA Duraisingam,1,0,,,,,,,,,
1148048,2018,2018-06-03,Kinrara Academy Oval,1,18.4,India,Malaysia,M Raj,DB Sharma,WA Duraisingam,2,0,,,,,,,,,
1148048,2018,2018-06-03,Kinrara Academy Oval,1,18.5,India,Malaysia,M Raj,DB Sharma,WA Duraisingam,0,0,,,,,,,,,
1148048,2018,2018-06-03,Kinrara Academy Oval,1,18.6,India,Malaysia,M Raj,DB Sharma,WA Duraisingam,1,0,,,,,,,,,
1148048,2018,2018-06-03,Kinrara Academy Oval,1,19.1,India,Malaysia,M Raj,DB Sharma,Ainna Hamizah Hashim,1,0,,,,,,,,,
1148048,2018,2018-06-03,Kinrara Academy Oval,1,19.2,India,Malaysia,DB Sharma,M Raj,Ainna Hamizah Hashim,4,0,,,,,,,,,
1148048,2018,2018-06-03,Kinrara Academy Oval,1,19.3,India,Malaysia,DB Sharma,M Raj,Ainna Hamizah Hashim,2,0,,,,,,,,,
1148048,2018,2018-06-03,Kinrara Academy Oval,1,19.4,India,Malaysia,DB Sharma,M Raj,Ainna Hamizah Hashim,1,0,,,,,,,,,
1148048,2018,2018-06-03,Kinrara Academy Oval,1,19.5,India,Malaysia,M Raj,DB Sharma,Ainna Hamizah Hashim,0,1,,,,1,,,,,
1148048,2018,2018-06-03,Kinrara Academy Oval,1,19.6,India,Malaysia,DB Sharma,M Raj,Ainna Hamizah Hashim,4,0,,,,,,,,,
1148048,2018,2018-06-03,Kinrara Academy Oval,2,0.1,Malaysia,India,Yusrina Yaakop,Christina Baret,S Pandey,0,0,,,,,,,,,
1148048,2018,2018-06-03,Kinrara Academy Oval,2,0.2,Malaysia,India,Yusrina Yaakop,Christina Baret,S Pandey,0,0,,,,,,,,,
1148048,2018,2018-06-03,Kinrara Academy Oval,2,0.3,Malaysia,India,Yusrina Yaakop,Christina Baret,S Pandey,0,0,,,,,,,,,
1148048,2018,2018-06-03,Kinrara Academy Oval,2,0.4,Malaysia,India,Yusrina Yaakop,Christina Baret,S Pandey,0,0,,,,,,,,,
1148048,2018,2018-06-03,Kinrara Academy Oval,2,0.5,Malaysia,India,Yusrina Yaakop,Christina Baret,S Pandey,0,0,,,,,,,,,
1148048,2018,2018-06-03,Kinrara Academy Oval,2,0.6,Malaysia,India,Yusrina Yaakop,Christina Baret,S Pandey,0,0,,,,,,,,,
1148048,2018,2018-06-03,Kinrara Academy Oval,2,1.1,Malaysia,India,Christina Baret,Yusrina Yaakop,P Vastrakar,0,0,,,,,,,,,
1148048,2018,2018-06-03,Kinrara Academy Oval,2,1.2,Malaysia,India,Christina Baret,Yusrina Yaakop,P Vastrakar,0,1,1,,,,,,,,
1148048,2018,2018-06-03,Kinrara Academy Oval,2,1.3,Malaysia,India,Christina Baret,Yusrina Yaakop,P Vastrakar,0,0,,,,,,,,,
1148048,2018,2018-06-03,Kinrara Academy Oval,2,1.4,Malaysia,India,Christina Baret,Yusrina Yaakop,P Vastrakar,0,0,,,,,,bowled,Christina Baret,,
1148048,2018,2018-06-03,Kinrara Academy Oval,2,1.5,Malaysia,India,WA Duraisingam,Yusrina Yaakop,P Vastrakar,0,0,,,,,,,,,
1148048,2018,2018-06-03,Kinrara Academy Oval,2,1.6,Malaysia,India,WA Duraisingam,Yusrina Yaakop,P Vastrakar,1,0,,,,,,,,,
1148048,2018,2018-06-03,Kinrara Academy Oval,2,1.7,Malaysia,India,Yusrina Yaakop,WA Duraisingam,P Vastrakar,0,0,,,,,,,,,
1148048,2018,2018-06-03,Kinrara Academy Oval,2,2.1,Malaysia,India,WA Duraisingam,Yusrina Yaakop,S Pandey,0,0,,,,,,,,,
1148048,2018,2018-06-03,Kinrara Academy Oval,2,2.2,Malaysia,India,WA Duraisingam,Yusrina Yaakop,S Pandey,0,0,,,,,,,,,
1148048,2018,2018-06-03,Kinrara Academy Oval,2,2.3,Malaysia,India,WA Duraisingam,Yusrina Yaakop,S Pandey,1,0,,,,,,,,,
1148048,2018,2018-06-03,Kinrara Academy Oval,2,2.4,Malaysia,India,Yusrina Yaakop,WA Duraisingam,S Pandey,0,4,,,,4,,,,,
1148048,2018,2018-06-03,Kinrara Academy Oval,2,2.5,Malaysia,India,Yusrina Yaakop,WA Duraisingam,S Pandey,0,0,,,,,,caught and bowled,Yusrina Yaakop,,
1148048,2018,2018-06-03,Kinrara Academy Oval,2,2.6,Malaysia,India,Mas Elysa,WA Duraisingam,S Pandey,1,0,,,,,,,,,
1148048,2018,2018-06-03,Kinrara Academy Oval,2,3.1,Malaysia,India,Mas Elysa,WA Duraisingam,P Vastrakar,1,0,,,,,,,,,
1148048,2018,2018-06-03,Kinrara Academy Oval,2,3.2,Malaysia,India,WA Duraisingam,Mas Elysa,P Vastrakar,0,0,,,,,,,,,
1148048,2018,2018-06-03,Kinrara Academy Oval,2,3.3,Malaysia,India,WA Duraisingam,Mas Elysa,P Vastrakar,1,0,,,,,,,,,
1148048,2018,2018-06-03,Kinrara Academy Oval,2,3.4,Malaysia,India,Mas Elysa,WA Duraisingam,P Vastrakar,0,1,1,,,,,,,,
1148048,2018,2018-06-03,Kinrara Academy Oval,2,3.5,Malaysia,India,Mas Elysa,WA Duraisingam,P Vastrakar,0,0,,,,,,,,,
1148048,2018,2018-06-03,Kinrara Academy Oval,2,3.6,Malaysia,India,Mas Elysa,WA Duraisingam,P Vastrakar,0,0,,,,,,,,,
1148048,2018,2018-06-03,Kinrara Academy Oval,2,3.7,Malaysia,India,Mas Elysa,WA Duraisingam,P Vastrakar,0,0,,,,,,caught,Mas Elysa,,
1148048,2018,2018-06-03,Kinrara Academy Oval,2,4.1,Malaysia,India,WA Duraisingam,Mahirah Izzati Ismail,AA Patil,0,0,,,,,,,,,
1148048,2018,2018-06-03,Kinrara Academy Oval,2,4.2,Malaysia,India,WA Duraisingam,Mahirah Izzati Ismail,AA Patil,0,0,,,,,,,,,
1148048,2018,2018-06-03,Kinrara Academy Oval,2,4.3,Malaysia,India,WA Duraisingam,Mahirah Izzati Ismail,AA Patil,1,0,,,,,,,,,
1148048,2018,2018-06-03,Kinrara Academy Oval,2,4.4,Malaysia,India,Mahirah Izzati Ismail,WA Duraisingam,AA Patil,0,0,,,,,,lbw,Mahirah Izzati Ismail,,
1148048,2018,2018-06-03,Kinrara Academy Oval,2,4.5,Malaysia,India,J Intan,WA Duraisingam,AA Patil,0,0,,,,,,caught and bowled,J Intan,,
1148048,2018,2018-06-03,Kinrara Academy Oval,2,4.6,Malaysia,India,Sasha Azmi,WA Duraisingam,AA Patil,0,0,,,,,,,,,
1148048,2018,2018-06-03,Kinrara Academy Oval,2,5.1,Malaysia,India,WA Duraisingam,Sasha Azmi,RS Gayakwad,0,0,,,,,,,,,
1148048,2018,2018-06-03,Kinrara Academy Oval,2,5.2,Malaysia,India,WA Duraisingam,Sasha Azmi,RS Gayakwad,0,0,,,,,,,,,
1148048,2018,2018-06-03,Kinrara Academy Oval,2,5.3,Malaysia,India,WA Duraisingam,Sasha Azmi,RS Gayakwad,0,0,,,,,,,,,
1148048,2018,2018-06-03,Kinrara Academy Oval,2,5.4,Malaysia,India,WA Duraisingam,Sasha Azmi,RS Gayakwad,0,0,,,,,,,,,
1148048,2018,2018-06-03,Kinrara Academy Oval,2,5.5,Malaysia,India,WA Duraisingam,Sasha Azmi,RS Gayakwad,0,0,,,,,,,,,
1148048,2018,2018-06-03,Kinrara Academy Oval,2,5.6,Malaysia,India,WA Duraisingam,Sasha Azmi,RS Gayakwad,0,0,,,,,,,,,
1148048,2018,2018-06-03,Kinrara Academy Oval,2,6.1,Malaysia,India,Sasha Azmi,WA Duraisingam,AA Patil,0,0,,,,,,,,,
1148048,2018,2018-06-03,Kinrara Academy Oval,2,6.2,Malaysia,India,Sasha Azmi,WA Duraisingam,AA Patil,0,0,,,,,,,,,
1148048,2018,2018-06-03,Kinrara Academy Oval,2,6.3,Malaysia,India,Sasha Azmi,WA Duraisingam,AA Patil,4,0,,,,,,,,,
1148048,2018,2018-06-03,Kinrara Academy Oval,2,6.4,Malaysia,India,Sasha Azmi,WA Duraisingam,AA Patil,0,0,,,,,,,,,
1148048,2018,2018-06-03,Kinrara Academy Oval,2,6.5,Malaysia,India,Sasha Azmi,WA Duraisingam,AA Patil,0,0,,,,,,,,,
1148048,2018,2018-06-03,Kinrara Academy Oval,2,6.6,Malaysia,India,Sasha Azmi,WA Duraisingam,AA Patil,4,0,,,,,,,,,
1148048,2018,2018-06-03,Kinrara Academy Oval,2,7.1,Malaysia,India,WA Duraisingam,Sasha Azmi,RS Gayakwad,1,0,,,,,,,,,
1148048,2018,2018-06-03,Kinrara Academy Oval,2,7.2,Malaysia,India,Sasha Azmi,WA Duraisingam,RS Gayakwad,0,0,,,,,,,,,
1148048,2018,2018-06-03,Kinrara Academy Oval,2,7.3,Malaysia,India,Sasha Azmi,WA Duraisingam,RS Gayakwad,0,0,,,,,,,,,
1148048,2018,2018-06-03,Kinrara Academy Oval,2,7.4,Malaysia,India,Sasha Azmi,WA Duraisingam,RS Gayakwad,1,0,,,,,,run out,Sasha Azmi,,
1148048,2018,2018-06-03,Kinrara Academy Oval,2,7.5,Malaysia,India,Zumika Azmi,WA Duraisingam,RS Gayakwad,0,0,,,,,,,,,
1148048,2018,2018-06-03,Kinrara Academy Oval,2,7.6,Malaysia,India,Zumika Azmi,WA Duraisingam,RS Gayakwad,0,0,,,,,,,,,
1148048,2018,2018-06-03,Kinrara Academy Oval,2,8.1,Malaysia,India,WA Duraisingam,Zumika Azmi,Poonam Yadav,0,0,,,,,,,,,
1148048,2018,2018-06-03,Kinrara Academy Oval,2,8.2,Malaysia,India,WA Duraisingam,Zumika Azmi,Poonam Yadav,0,0,,,,,,,,,
1148048,2018,2018-06-03,Kinrara Academy Oval,2,8.3,Malaysia,India,WA Duraisingam,Zumika Azmi,Poonam Yadav,0,0,,,,,,,,,
1148048,2018,2018-06-03,Kinrara Academy Oval,2,8.4,Malaysia,India,WA Duraisingam,Zumika Azmi,Poonam Yadav,0,0,,,,,,lbw,WA Duraisingam,,
1148048,2018,2018-06-03,Kinrara Academy Oval,2,8.5,Malaysia,India,Noor Hayati Zakaria,Zumika Azmi,Poonam Yadav,0,0,,,,,,,,,
1148048,2018,2018-06-03,Kinrara Academy Oval,2,8.6,Malaysia,India,Noor Hayati Zakaria,Zumika Azmi,Poonam Yadav,0,0,,,,,,,,,
1148048,2018,2018-06-03,Kinrara Academy Oval,2,9.1,Malaysia,India,Zumika Azmi,Noor Hayati Zakaria,DB Sharma,0,0,,,,,,,,,
1148048,2018,2018-06-03,Kinrara Academy Oval,2,9.2,Malaysia,India,Zumika Azmi,Noor Hayati Zakaria,DB Sharma,0,0,,,,,,,,,
1148048,2018,2018-06-03,Kinrara Academy Oval,2,9.3,Malaysia,India,Zumika Azmi,Noor Hayati Zakaria,DB Sharma,0,0,,,,,,,,,
1148048,2018,2018-06-03,Kinrara Academy Oval,2,9.4,Malaysia,India,Zumika Azmi,Noor Hayati Zakaria,DB Sharma,0,0,,,,,,,,,
1148048,2018,2018-06-03,Kinrara Academy Oval,2,9.5,Malaysia,India,Zumika Azmi,Noor Hayati Zakaria,DB Sharma,4,0,,,,,,,,,
1148048,2018,2018-06-03,Kinrara Academy Oval,2,9.6,Malaysia,India,Zumika Azmi,Noor Hayati Zakaria,DB Sharma,0,0,,,,,,,,,
1148048,2018,2018-06-03,Kinrara Academy Oval,2,10.1,Malaysia,India,Noor Hayati Zakaria,Zumika Azmi,Poonam Yadav,0,0,,,,,,,,,
1148048,2018,2018-06-03,Kinrara Academy Oval,2,10.2,Malaysia,India,Noor Hayati Zakaria,Zumika Azmi,Poonam Yadav,0,0,,,,,,,,,
1148048,2018,2018-06-03,Kinrara Academy Oval,2,10.3,Malaysia,India,Noor Hayati Zakaria,Zumika Azmi,Poonam Yadav,0,0,,,,,,,,,
1148048,2018,2018-06-03,Kinrara Academy Oval,2,10.4,Malaysia,India,Noor Hayati Zakaria,Zumika Azmi,Poonam Yadav,0,0,,,,,,stumped,Noor Hayati Zakaria,,
1148048,2018,2018-06-03,Kinrara Academy Oval,2,10.5,Malaysia,India,Ainna Hamizah Hashim,Zumika Azmi,Poonam Yadav,0,0,,,,,,,,,
1148048,2018,2018-06-03,Kinrara Academy Oval,2,10.6,Malaysia,India,Ainna Hamizah Hashim,Zumika Azmi,Poonam Yadav,0,0,,,,,,,,,
1148048,2018,2018-06-03,Kinrara Academy Oval,2,11.1,Malaysia,India,Zumika Azmi,Ainna Hamizah Hashim,DB Sharma,0,0,,,,,,,,,
1148048,2018,2018-06-03,Kinrara Academy Oval,2,11.2,Malaysia,India,Zumika Azmi,Ainna Hamizah Hashim,DB Sharma,0,0,,,,,,,,,
1148048,2018,2018-06-03,Kinrara Academy Oval,2,11.3,Malaysia,India,Zumika Azmi,Ainna Hamizah Hashim,DB Sharma,0,0,,,,,,,,,
1148048,2018,2018-06-03,Kinrara Academy Oval,2,11.4,Malaysia,India,Zumika Azmi,Ainna Hamizah Hashim,DB Sharma,0,0,,,,,,,,,
1148048,2018,2018-06-03,Kinrara Academy Oval,2,11.5,Malaysia,India,Zumika Azmi,Ainna Hamizah Hashim,DB Sharma,0,0,,,,,,,,,
1148048,2018,2018-06-03,Kinrara Academy Oval,2,11.6,Malaysia,India,Zumika Azmi,Ainna Hamizah Hashim,DB Sharma,0,0,,,,,,,,,
1148048,2018,2018-06-03,Kinrara Academy Oval,2,12.1,Malaysia,India,Ainna Hamizah Hashim,Zumika Azmi,P Vastrakar,0,0,,,,,,lbw,Ainna Hamizah Hashim,,
1148048,2018,2018-06-03,Kinrara Academy Oval,2,12.2,Malaysia,India,Nur Nadihirah,Zumika Azmi,P Vastrakar,0,0,,,,,,,,,
1148048,2018,2018-06-03,Kinrara Academy Oval,2,12.3,Malaysia,India,Nur Nadihirah,Zumika Azmi,P Vastrakar,0,0,,,,,,,,,
1148048,2018,2018-06-03,Kinrara Academy Oval,2,12.4,Malaysia,India,Nur Nadihirah,Zumika Azmi,P Vastrakar,0,0,,,,,,,,,
1148048,2018,2018-06-03,Kinrara Academy Oval,2,12.5,Malaysia,India,Nur Nadihirah,Zumika Azmi,P Vastrakar,1,0,,,,,,,,,
1148048,2018,2018-06-03,Kinrara Academy Oval,2,12.6,Malaysia,India,Zumika Azmi,Nur Nadihirah,P Vastrakar,0,0,,,,,,,,,
1148048,2018,2018-06-03,Kinrara Academy Oval,2,13.1,Malaysia,India,Nur Nadihirah,Zumika Azmi,AA Patil,0,0,,,,,,,,,
1148048,2018,2018-06-03,Kinrara Academy Oval,2,13.2,Malaysia,India,Nur Nadihirah,Zumika Azmi,AA Patil,0,0,,,,,,,,,
1148048,2018,2018-06-03,Kinrara Academy Oval,2,13.3,Malaysia,India,Nur Nadihirah,Zumika Azmi,AA Patil,0,0,,,,,,,,,
1148048,2018,2018-06-03,Kinrara Academy Oval,2,13.4,Malaysia,India,Nur Nadihirah,Zumika Azmi,AA Patil,0,0,,,,,,run out,Nur Nadihirah,,
