match_id,season,start_date,venue,innings,ball,batting_team,bowling_team,striker,non_striker,bowler,runs_off_bat,extras,wides,noballs,byes,legbyes,penalty,wicket_type,player_dismissed,other_wicket_type,other_player_dismissed
1150539,2018/19,2018-11-12,"Daren Sammy National Cricket Stadium, Gros Islet",1,0.1,Bangladesh,England,Shamima Sultana,Ayasha Rahman,NR Sciver,0,0,,,,,,,,,
1150539,2018/19,2018-11-12,"Daren Sammy National Cricket Stadium, Gros Islet",1,0.2,Bangladesh,England,Shamima Sultana,Ayasha Rahman,NR Sciver,0,0,,,,,,,,,
1150539,2018/19,2018-11-12,"Daren Sammy National Cricket Stadium, Gros Islet",1,0.3,Bangladesh,England,Shamima Sultana,Ayasha Rahman,NR Sciver,0,0,,,,,,,,,
1150539,2018/19,2018-11-12,"Daren Sammy National Cricket Stadium, Gros Islet",1,0.4,Bangladesh,England,Shamima Sultana,Ayasha Rahman,NR Sciver,0,0,,,,,,,,,
1150539,2018/19,2018-11-12,"Daren Sammy National Cricket Stadium, Gros Islet",1,0.5,Bangladesh,England,Shamima Sultana,Ayasha Rahman,NR Sciver,0,0,,,,,,,,,
1150539,2018/19,2018-11-12,"Daren Sammy National Cricket Stadium, Gros Islet",1,0.6,Bangladesh,England,Shamima Sultana,Ayasha Rahman,NR Sciver,0,1,1,,,,,,,,
1150539,2018/19,2018-11-12,"Daren Sammy National Cricket Stadium, Gros Islet",1,0.7,Bangladesh,England,Shamima Sultana,Ayasha Rahman,NR Sciver,0,0,,,,,,,,,
1150539,2018/19,2018-11-12,"Daren Sammy National Cricket Stadium, Gros Islet",1,1.1,Bangladesh,England,Ayasha Rahman,Shamima Sultana,A Shrubsole,1,0,,,,,,,,,
1150539,2018/19,2018-11-12,"Daren Sammy National Cricket Stadium, Gros Islet",1,1.2,Bangladesh,England,Shamima Sultana,Ayasha Rahman,A Shrubsole,0,0,,,,,,,,,
1150539,2018/19,2018-11-12,"Daren Sammy National Cricket Stadium, Gros Islet",1,1.3,Bangladesh,England,Shamima Sultana,Ayasha Rahman,A Shrubsole,0,0,,,,,,bowled,Shamima Sultana,,
1150539,2018/19,2018-11-12,"Daren Sammy National Cricket Stadium, Gros Islet",1,1.4,Bangladesh,England,Fargana Hoque,Ayasha Rahman,A Shrubsole,0,0,,,,,,,,,
1150539,2018/19,2018-11-12,"Daren Sammy National Cricket Stadium, Gros Islet",1,1.5,Bangladesh,England,Fargana Hoque,Ayasha Rahman,A Shrubsole,0,0,,,,,,,,,
1150539,2018/19,2018-11-12,"Daren Sammy National Cricket Stadium, Gros Islet",1,1.6,Bangladesh,England,Fargana Hoque,Ayasha Rahman,A Shrubsole,0,0,,,,,,,,,
1150539,2018/19,2018-11-12,"Daren Sammy National Cricket Stadium, Gros Islet",1,2.1,Bangladesh,England,Ayasha Rahman,Fargana Hoque,NR Sciver,0,0,,,,,,,,,
1150539,2018/19,2018-11-12,"Daren Sammy National Cricket Stadium, Gros Islet",1,2.2,Bangladesh,England,Ayasha Rahman,Fargana Hoque,NR Sciver,1,0,,,,,,,,,
1150539,2018/19,2018-11-12,"Daren Sammy National Cricket Stadium, Gros Islet",1,2.3,Bangladesh,England,Fargana Hoque,Ayasha Rahman,NR Sciver,0,0,,,,,,caught,Fargana Hoque,,
1150539,2018/19,2018-11-12,"Daren Sammy National Cricket Stadium, Gros Islet",1,2.4,Bangladesh,England,Nigar Sultana,Ayasha Rahman,NR Sciver,0,0,,,,,,,,,
1150539,2018/19,2018-11-12,"Daren Sammy National Cricket Stadium, Gros Islet",1,2.5,Bangladesh,England,Nigar Sultana,Ayasha Rahman,NR Sciver,0,0,,,,,,,,,
1150539,2018/19,2018-11-12,"Daren Sammy National Cricket Stadium, Gros Islet",1,2.6,Bangladesh,England,Nigar Sultana,Ayasha Rahman,NR Sciver,0,0,,,,,,,,,
1150539,2018/19,2018-11-12,"Daren Sammy National Cricket Stadium, Gros Islet",1,3.1,Bangladesh,England,Ayasha Rahman,Nigar Sultana,A Shrubsole,1,0,,,,,,,,,
1150539,2018/19,2018-11-12,"Daren Sammy National Cricket Stadium, Gros Islet",1,3.2,Bangladesh,England,Nigar Sultana,Ayasha Rahman,A Shrubsole,0,0,,,,,,,,,
1150539,2018/19,2018-11-12,"Daren Sammy National Cricket Stadium, Gros Islet",1,3.3,Bangladesh,England,Nigar Sultana,Ayasha Rahman,A Shrubsole,0,0,,,,,,,,,
1150539,2018/19,2018-11-12,"Daren Sammy National Cricket Stadium, Gros Islet",1,3.4,Bangladesh,England,Nigar Sultana,Ayasha Rahman,A Shrubsole,0,0,,,,,,,,,
1150539,2018/19,2018-11-12,"Daren Sammy National Cricket Stadium, Gros Islet",1,3.5,Bangladesh,England,Nigar Sultana,Ayasha Rahman,A Shrubsole,0,0,,,,,,,,,
1150539,2018/19,2018-11-12,"Daren Sammy National Cricket Stadium, Gros Islet",1,3.6,Bangladesh,England,Nigar Sultana,Ayasha Rahman,A Shrubsole,0,0,,,,,,,,,
1150539,2018/19,2018-11-12,"Daren Sammy National Cricket Stadium, Gros Islet",1,4.1,Bangladesh,England,Ayasha Rahman,Nigar Sultana,LCN Smith,0,0,,,,,,,,,
1150539,2018/19,2018-11-12,"Daren Sammy National Cricket Stadium, Gros Islet",1,4.2,Bangladesh,England,Ayasha Rahman,Nigar Sultana,LCN Smith,0,0,,,,,,,,,
1150539,2018/19,2018-11-12,"Daren Sammy National Cricket Stadium, Gros Islet",1,4.3,Bangladesh,England,Ayasha Rahman,Nigar Sultana,LCN Smith,0,0,,,,,,,,,
1150539,2018/19,2018-11-12,"Daren Sammy National Cricket Stadium, Gros Islet",1,4.4,Bangladesh,England,Ayasha Rahman,Nigar Sultana,LCN Smith,0,0,,,,,,,,,
1150539,2018/19,2018-11-12,"Daren Sammy National Cricket Stadium, Gros Islet",1,4.5,Bangladesh,England,Ayasha Rahman,Nigar Sultana,LCN Smith,1,0,,,,,,,,,
1150539,2018/19,2018-11-12,"Daren Sammy National Cricket Stadium, Gros Islet",1,4.6,Bangladesh,England,Nigar Sultana,Ayasha Rahman,LCN Smith,0,0,,,,,,,,,
1150539,2018/19,2018-11-12,"Daren Sammy National Cricket Stadium, Gros Islet",1,5.1,Bangladesh,England,Ayasha Rahman,Nigar Sultana,A Shrubsole,0,0,,,,,,,,,
1150539,2018/19,2018-11-12,"Daren Sammy National Cricket Stadium, Gros Islet",1,5.2,Bangladesh,England,Ayasha Rahman,Nigar Sultana,A Shrubsole,0,0,,,,,,,,,
1150539,2018/19,2018-11-12,"Daren Sammy National Cricket Stadium, Gros Islet",1,5.3,Bangladesh,England,Ayasha Rahman,Nigar Sultana,A Shrubsole,0,0,,,,,,,,,
1150539,2018/19,2018-11-12,"Daren Sammy National Cricket Stadium, Gros Islet",1,5.4,Bangladesh,England,Ayasha Rahman,Nigar Sultana,A Shrubsole,6,0,,,,,,,,,
1150539,2018/19,2018-11-12,"Daren Sammy National Cricket Stadium, Gros Islet",1,5.5,Bangladesh,England,Ayasha Rahman,Nigar Sultana,A Shrubsole,0,0,,,,,,,,,
1150539,2018/19,2018-11-12,"Daren Sammy National Cricket Stadium, Gros Islet",1,5.6,Bangladesh,England,Ayasha Rahman,Nigar Sultana,A Shrubsole,1,0,,,,,,,,,
1150539,2018/19,2018-11-12,"Daren Sammy National Cricket Stadium, Gros Islet",1,6.1,Bangladesh,England,Ayasha Rahman,Nigar Sultana,KL Gordon,0,0,,,,,,,,,
1150539,2018/19,2018-11-12,"Daren Sammy National Cricket Stadium, Gros Islet",1,6.2,Bangladesh,England,Ayasha Rahman,Nigar Sultana,KL Gordon,0,0,,,,,,,,,
1150539,2018/19,2018-11-12,"Daren Sammy National Cricket Stadium, Gros Islet",1,6.3,Bangladesh,England,Ayasha Rahman,Nigar Sultana,KL Gordon,0,0,,,,,,,,,
1150539,2018/19,2018-11-12,"Daren Sammy National Cricket Stadium, Gros Islet",1,6.4,Bangladesh,England,Ayasha Rahman,Nigar Sultana,KL Gordon,6,0,,,,,,,,,
1150539,2018/19,2018-11-12,"Daren Sammy National Cricket Stadium, Gros Islet",1,6.5,Bangladesh,England,Ayasha Rahman,Nigar Sultana,KL Gordon,0,0,,,,,,,,,
1150539,2018/19,2018-11-12,"Daren Sammy National Cricket Stadium, Gros Islet",1,6.6,Bangladesh,England,Ayasha Rahman,Nigar Sultana,KL Gordon,1,0,,,,,,,,,
1150539,2018/19,2018-11-12,"Daren Sammy National Cricket Stadium, Gros Islet",1,7.1,Bangladesh,England,Ayasha Rahman,Nigar Sultana,S Ecclestone,0,0,,,,,,,,,
1150539,2018/19,2018-11-12,"Daren Sammy National Cricket Stadium, Gros Islet",1,7.2,Bangladesh,England,Ayasha Rahman,Nigar Sultana,S Ecclestone,0,0,,,,,,,,,
1150539,2018/19,2018-11-12,"Daren Sammy National Cricket Stadium, Gros Islet",1,7.3,Bangladesh,England,Ayasha Rahman,Nigar Sultana,S Ecclestone,0,0,,,,,,,,,
1150539,2018/19,2018-11-12,"Daren Sammy National Cricket Stadium, Gros Islet",1,7.4,Bangladesh,England,Ayasha Rahman,Nigar Sultana,S Ecclestone,0,0,,,,,,,,,
1150539,2018/19,2018-11-12,"Daren Sammy National Cricket Stadium, Gros Islet",1,7.5,Bangladesh,England,Ayasha Rahman,Nigar Sultana,S Ecclestone,4,0,,,,,,,,,
1150539,2018/19,2018-11-12,"Daren Sammy National Cricket Stadium, Gros Islet",1,7.6,Bangladesh,England,Ayasha Rahman,Nigar Sultana,S Ecclestone,1,0,,,,,,,,,
1150539,2018/19,2018-11-12,"Daren Sammy National Cricket Stadium, Gros Islet",1,8.1,Bangladesh,England,Ayasha Rahman,Nigar Sultana,KL Gordon,0,0,,,,,,,,,
1150539,2018/19,2018-11-12,"Daren Sammy National Cricket Stadium, Gros Islet",1,8.2,Bangladesh,England,Ayasha Rahman,Nigar Sultana,KL Gordon,0,0,,,,,,,,,
1150539,2018/19,2018-11-12,"Daren Sammy National Cricket Stadium, Gros Islet",1,8.3,Bangladesh,England,Ayasha Rahman,Nigar Sultana,KL Gordon,0,0,,,,,,,,,
1150539,2018/19,2018-11-12,"Daren Sammy National Cricket Stadium, Gros Islet",1,8.4,Bangladesh,England,Ayasha Rahman,Nigar Sultana,KL Gordon,0,0,,,,,,run out,Nigar Sultana,,
1150539,2018/19,2018-11-12,"Daren Sammy National Cricket Stadium, Gros Islet",1,8.5,Bangladesh,England,Ayasha Rahman,Rumana Ahmed,KL Gordon,0,0,,,,,,,,,
1150539,2018/19,2018-11-12,"Daren Sammy National Cricket Stadium, Gros Islet",1,8.6,Bangladesh,England,Ayasha Rahman,Rumana Ahmed,KL Gordon,0,0,,,,,,,,,
1150539,2018/19,2018-11-12,"Daren Sammy National Cricket Stadium, Gros Islet",1,9.1,Bangladesh,England,Rumana Ahmed,Ayasha Rahman,LCN Smith,1,0,,,,,,,,,
1150539,2018/19,2018-11-12,"Daren Sammy National Cricket Stadium, Gros Islet",1,9.2,Bangladesh,England,Ayasha Rahman,Rumana Ahmed,LCN Smith,0,0,,,,,,,,,
1150539,2018/19,2018-11-12,"Daren Sammy National Cricket Stadium, Gros Islet",1,9.3,Bangladesh,England,Ayasha Rahman,Rumana Ahmed,LCN Smith,0,0,,,,,,,,,
1150539,2018/19,2018-11-12,"Daren Sammy National Cricket Stadium, Gros Islet",1,9.4,Bangladesh,England,Ayasha Rahman,Rumana Ahmed,LCN Smith,0,0,,,,,,,,,
1150539,2018/19,2018-11-12,"Daren Sammy National Cricket Stadium, Gros Islet",1,9.5,Bangladesh,England,Ayasha Rahman,Rumana Ahmed,LCN Smith,1,0,,,,,,,,,
1150539,2018/19,2018-11-12,"Daren Sammy National Cricket Stadium, Gros Islet",1,9.6,Bangladesh,England,Rumana Ahmed,Ayasha Rahman,LCN Smith,0,0,,,,,,,,,
1150539,2018/19,2018-11-12,"Daren Sammy National Cricket Stadium, Gros Islet",1,10.1,Bangladesh,England,Ayasha Rahman,Rumana Ahmed,S Ecclestone,0,0,,,,,,,,,
1150539,2018/19,2018-11-12,"Daren Sammy National Cricket Stadium, Gros Islet",1,10.2,Bangladesh,England,Ayasha Rahman,Rumana Ahmed,S Ecclestone,0,0,,,,,,,,,
1150539,2018/19,2018-11-12,"Daren Sammy National Cricket Stadium, Gros Islet",1,10.3,Bangladesh,England,Ayasha Rahman,Rumana Ahmed,S Ecclestone,6,0,,,,,,,,,
1150539,2018/19,2018-11-12,"Daren Sammy National Cricket Stadium, Gros Islet",1,10.4,Bangladesh,England,Ayasha Rahman,Rumana Ahmed,S Ecclestone,0,0,,,,,,,,,
1150539,2018/19,2018-11-12,"Daren Sammy National Cricket Stadium, Gros Islet",1,10.5,Bangladesh,England,Ayasha Rahman,Rumana Ahmed,S Ecclestone,0,0,,,,,,,,,
1150539,2018/19,2018-11-12,"Daren Sammy National Cricket Stadium, Gros Islet",1,10.6,Bangladesh,England,Ayasha Rahman,Rumana Ahmed,S Ecclestone,1,0,,,,,,,,,
1150539,2018/19,2018-11-12,"Daren Sammy National Cricket Stadium, Gros Islet",1,11.1,Bangladesh,England,Ayasha Rahman,Rumana Ahmed,NR Sciver,2,0,,,,,,,,,
1150539,2018/19,2018-11-12,"Daren Sammy National Cricket Stadium, Gros Islet",1,11.2,Bangladesh,England,Ayasha Rahman,Rumana Ahmed,NR Sciver,1,0,,,,,,,,,
1150539,2018/19,2018-11-12,"Daren Sammy National Cricket Stadium, Gros Islet",1,11.3,Bangladesh,England,Rumana Ahmed,Ayasha Rahman,NR Sciver,1,0,,,,,,,,,
1150539,2018/19,2018-11-12,"Daren Sammy National Cricket Stadium, Gros Islet",1,11.4,Bangladesh,England,Ayasha Rahman,Rumana Ahmed,NR Sciver,0,0,,,,,,,,,
1150539,2018/19,2018-11-12,"Daren Sammy National Cricket Stadium, Gros Islet",1,11.5,Bangladesh,England,Ayasha Rahman,Rumana Ahmed,NR Sciver,1,0,,,,,,,,,
1150539,2018/19,2018-11-12,"Daren Sammy National Cricket Stadium, Gros Islet",1,11.6,Bangladesh,England,Rumana Ahmed,Ayasha Rahman,NR Sciver,0,0,,,,,,,,,
1150539,2018/19,2018-11-12,"Daren Sammy National Cricket Stadium, Gros Islet",1,12.1,Bangladesh,England,Ayasha Rahman,Rumana Ahmed,KL Gordon,4,0,,,,,,,,,
1150539,2018/19,2018-11-12,"Daren Sammy National Cricket Stadium, Gros Islet",1,12.2,Bangladesh,England,Ayasha Rahman,Rumana Ahmed,KL Gordon,0,0,,,,,,,,,
1150539,2018/19,2018-11-12,"Daren Sammy National Cricket Stadium, Gros Islet",1,12.3,Bangladesh,England,Ayasha Rahman,Rumana Ahmed,KL Gordon,0,0,,,,,,,,,
1150539,2018/19,2018-11-12,"Daren Sammy National Cricket Stadium, Gros Islet",1,12.4,Bangladesh,England,Ayasha Rahman,Rumana Ahmed,KL Gordon,0,0,,,,,,,,,
1150539,2018/19,2018-11-12,"Daren Sammy National Cricket Stadium, Gros Islet",1,12.5,Bangladesh,England,Ayasha Rahman,Rumana Ahmed,KL Gordon,0,0,,,,,,caught,Ayasha Rahman,,
1150539,2018/19,2018-11-12,"Daren Sammy National Cricket Stadium, Gros Islet",1,12.6,Bangladesh,England,Rumana Ahmed,Sanjida Islam,KL Gordon,1,0,,,,,,,,,
1150539,2018/19,2018-11-12,"Daren Sammy National Cricket Stadium, Gros Islet",1,13.1,Bangladesh,England,Rumana Ahmed,Sanjida Islam,LCN Smith,0,0,,,,,,,,,
1150539,2018/19,2018-11-12,"Daren Sammy National Cricket Stadium, Gros Islet",1,13.2,Bangladesh,England,Rumana Ahmed,Sanjida Islam,LCN Smith,4,0,,,,,,,,,
1150539,2018/19,2018-11-12,"Daren Sammy National Cricket Stadium, Gros Islet",1,13.3,Bangladesh,England,Rumana Ahmed,Sanjida Islam,LCN Smith,0,1,1,,,,,,,,
1150539,2018/19,2018-11-12,"Daren Sammy National Cricket Stadium, Gros Islet",1,13.4,Bangladesh,England,Rumana Ahmed,Sanjida Islam,LCN Smith,1,0,,,,,,,,,
1150539,2018/19,2018-11-12,"Daren Sammy National Cricket Stadium, Gros Islet",1,13.5,Bangladesh,England,Sanjida Islam,Rumana Ahmed,LCN Smith,0,0,,,,,,,,,
1150539,2018/19,2018-11-12,"Daren Sammy National Cricket Stadium, Gros Islet",1,13.6,Bangladesh,England,Sanjida Islam,Rumana Ahmed,LCN Smith,0,0,,,,,,,,,
1150539,2018/19,2018-11-12,"Daren Sammy National Cricket Stadium, Gros Islet",1,13.7,Bangladesh,England,Sanjida Islam,Rumana Ahmed,LCN Smith,0,0,,,,,,caught,Sanjida Islam,,
1150539,2018/19,2018-11-12,"Daren Sammy National Cricket Stadium, Gros Islet",1,14.1,Bangladesh,England,Rumana Ahmed,Lata Mondal,HC Knight,1,0,,,,,,,,,
1150539,2018/19,2018-11-12,"Daren Sammy National Cricket Stadium, Gros Islet",1,14.2,Bangladesh,England,Lata Mondal,Rumana Ahmed,HC Knight,0,0,,,,,,,,,
1150539,2018/19,2018-11-12,"Daren Sammy National Cricket Stadium, Gros Islet",1,14.3,Bangladesh,England,Lata Mondal,Rumana Ahmed,HC Knight,0,0,,,,,,,,,
1150539,2018/19,2018-11-12,"Daren Sammy National Cricket Stadium, Gros Islet",1,14.4,Bangladesh,England,Lata Mondal,Rumana Ahmed,HC Knight,0,0,,,,,,,,,
1150539,2018/19,2018-11-12,"Daren Sammy National Cricket Stadium, Gros Islet",1,14.5,Bangladesh,England,Lata Mondal,Rumana Ahmed,HC Knight,0,0,,,,,,,,,
1150539,2018/19,2018-11-12,"Daren Sammy National Cricket Stadium, Gros Islet",1,14.6,Bangladesh,England,Lata Mondal,Rumana Ahmed,HC Knight,1,0,,,,,,,,,
1150539,2018/19,2018-11-12,"Daren Sammy National Cricket Stadium, Gros Islet",1,15.1,Bangladesh,England,Lata Mondal,Rumana Ahmed,S Ecclestone,1,0,,,,,,,,,
1150539,2018/19,2018-11-12,"Daren Sammy National Cricket Stadium, Gros Islet",1,15.2,Bangladesh,England,Rumana Ahmed,Lata Mondal,S Ecclestone,1,0,,,,,,,,,
1150539,2018/19,2018-11-12,"Daren Sammy National Cricket Stadium, Gros Islet",1,15.3,Bangladesh,England,Lata Mondal,Rumana Ahmed,S Ecclestone,0,0,,,,,,,,,
1150539,2018/19,2018-11-12,"Daren Sammy National Cricket Stadium, Gros Islet",1,15.4,Bangladesh,England,Lata Mondal,Rumana Ahmed,S Ecclestone,0,0,,,,,,,,,
1150539,2018/19,2018-11-12,"Daren Sammy National Cricket Stadium, Gros Islet",1,15.5,Bangladesh,England,Lata Mondal,Rumana Ahmed,S Ecclestone,0,0,,,,,,,,,
1150539,2018/19,2018-11-12,"Daren Sammy National Cricket Stadium, Gros Islet",1,15.6,Bangladesh,England,Lata Mondal,Rumana Ahmed,S Ecclestone,0,0,,,,,,,,,
1150539,2018/19,2018-11-12,"Daren Sammy National Cricket Stadium, Gros Islet",1,16.1,Bangladesh,England,Rumana Ahmed,Lata Mondal,KL Gordon,0,0,,,,,,caught,Rumana Ahmed,,
1150539,2018/19,2018-11-12,"Daren Sammy National Cricket Stadium, Gros Islet",1,16.2,Bangladesh,England,Lata Mondal,Jahanara Alam,KL Gordon,1,0,,,,,,,,,
1150539,2018/19,2018-11-12,"Daren Sammy National Cricket Stadium, Gros Islet",1,16.3,Bangladesh,England,Jahanara Alam,Lata Mondal,KL Gordon,1,0,,,,,,,,,
1150539,2018/19,2018-11-12,"Daren Sammy National Cricket Stadium, Gros Islet",1,16.4,Bangladesh,England,Lata Mondal,Jahanara Alam,KL Gordon,0,0,,,,,,,,,
1150539,2018/19,2018-11-12,"Daren Sammy National Cricket Stadium, Gros Islet",1,16.5,Bangladesh,England,Lata Mondal,Jahanara Alam,KL Gordon,2,0,,,,,,,,,
1150539,2018/19,2018-11-12,"Daren Sammy National Cricket Stadium, Gros Islet",1,16.6,Bangladesh,England,Lata Mondal,Jahanara Alam,KL Gordon,0,0,,,,,,caught,Lata Mondal,,
1150539,2018/19,2018-11-12,"Daren Sammy National Cricket Stadium, Gros Islet",1,17.1,Bangladesh,England,Fahima Khatun,Jahanara Alam,LCN Smith,0,0,,,,,,,,,
1150539,2018/19,2018-11-12,"Daren Sammy National Cricket Stadium, Gros Islet",1,17.2,Bangladesh,England,Fahima Khatun,Jahanara Alam,LCN Smith,1,0,,,,,,,,,
1150539,2018/19,2018-11-12,"Daren Sammy National Cricket Stadium, Gros Islet",1,17.3,Bangladesh,England,Jahanara Alam,Fahima Khatun,LCN Smith,4,0,,,,,,,,,
1150539,2018/19,2018-11-12,"Daren Sammy National Cricket Stadium, Gros Islet",1,17.4,Bangladesh,England,Jahanara Alam,Fahima Khatun,LCN Smith,0,0,,,,,,,,,
1150539,2018/19,2018-11-12,"Daren Sammy National Cricket Stadium, Gros Islet",1,17.5,Bangladesh,England,Jahanara Alam,Fahima Khatun,LCN Smith,0,1,1,,,,,,,,
1150539,2018/19,2018-11-12,"Daren Sammy National Cricket Stadium, Gros Islet",1,17.6,Bangladesh,England,Jahanara Alam,Fahima Khatun,LCN Smith,1,0,,,,,,,,,
1150539,2018/19,2018-11-12,"Daren Sammy National Cricket Stadium, Gros Islet",1,17.7,Bangladesh,England,Fahima Khatun,Jahanara Alam,LCN Smith,1,0,,,,,,,,,
1150539,2018/19,2018-11-12,"Daren Sammy National Cricket Stadium, Gros Islet",1,18.1,Bangladesh,England,Fahima Khatun,Jahanara Alam,S Ecclestone,0,0,,,,,,run out,Fahima Khatun,,
1150539,2018/19,2018-11-12,"Daren Sammy National Cricket Stadium, Gros Islet",1,18.2,Bangladesh,England,Jahanara Alam,Salma Khatun,S Ecclestone,0,0,,,,,,,,,
1150539,2018/19,2018-11-12,"Daren Sammy National Cricket Stadium, Gros Islet",1,18.3,Bangladesh,England,Jahanara Alam,Salma Khatun,S Ecclestone,6,0,,,,,,,,,
1150539,2018/19,2018-11-12,"Daren Sammy National Cricket Stadium, Gros Islet",1,18.4,Bangladesh,England,Jahanara Alam,Salma Khatun,S Ecclestone,0,0,,,,,,caught,Jahanara Alam,,
1150539,2018/19,2018-11-12,"Daren Sammy National Cricket Stadium, Gros Islet",1,18.5,Bangladesh,England,Khadija Tul Kubra,Salma Khatun,S Ecclestone,0,0,,,,,,,,,
1150539,2018/19,2018-11-12,"Daren Sammy National Cricket Stadium, Gros Islet",1,18.6,Bangladesh,England,Khadija Tul Kubra,Salma Khatun,S Ecclestone,0,0,,,,,,,,,
1150539,2018/19,2018-11-12,"Daren Sammy National Cricket Stadium, Gros Islet",1,19.1,Bangladesh,England,Salma Khatun,Khadija Tul Kubra,A Shrubsole,1,0,,,,,,,,,
1150539,2018/19,2018-11-12,"Daren Sammy National Cricket Stadium, Gros Islet",1,19.2,Bangladesh,England,Khadija Tul Kubra,Salma Khatun,A Shrubsole,1,0,,,,,,,,,
1150539,2018/19,2018-11-12,"Daren Sammy National Cricket Stadium, Gros Islet",1,19.3,Bangladesh,England,Salma Khatun,Khadija Tul Kubra,A Shrubsole,0,0,,,,,,,,,
1150539,2018/19,2018-11-12,"Daren Sammy National Cricket Stadium, Gros Islet",1,19.4,Bangladesh,England,Salma Khatun,Khadija Tul Kubra,A Shrubsole,1,0,,,,,,,,,
1150539,2018/19,2018-11-12,"Daren Sammy National Cricket Stadium, Gros Islet",1,19.5,Bangladesh,England,Khadija Tul Kubra,Salma Khatun,A Shrubsole,1,0,,,,,,,,,
1150539,2018/19,2018-11-12,"Daren Sammy National Cricket Stadium, Gros Islet",1,19.6,Bangladesh,England,Salma Khatun,Khadija Tul Kubra,A Shrubsole,1,0,,,,,,,,,
1150539,2018/19,2018-11-12,"Daren Sammy National Cricket Stadium, Gros Islet",2,0.1,England,Bangladesh,DN Wyatt,TT Beaumont,Salma Khatun,0,0,,,,,,lbw,DN Wyatt,,
1150539,2018/19,2018-11-12,"Daren Sammy National Cricket Stadium, Gros Islet",2,0.2,England,Bangladesh,AE Jones,TT Beaumont,Salma Khatun,1,0,,,,,,,,,
1150539,2018/19,2018-11-12,"Daren Sammy National Cricket Stadium, Gros Islet",2,0.3,England,Bangladesh,TT Beaumont,AE Jones,Salma Khatun,0,0,,,,,,,,,
1150539,2018/19,2018-11-12,"Daren Sammy National Cricket Stadium, Gros Islet",2,0.4,England,Bangladesh,TT Beaumont,AE Jones,Salma Khatun,1,0,,,,,,,,,
1150539,2018/19,2018-11-12,"Daren Sammy National Cricket Stadium, Gros Islet",2,0.5,England,Bangladesh,AE Jones,TT Beaumont,Salma Khatun,0,0,,,,,,,,,
1150539,2018/19,2018-11-12,"Daren Sammy National Cricket Stadium, Gros Islet",2,0.6,England,Bangladesh,AE Jones,TT Beaumont,Salma Khatun,4,0,,,,,,,,,
1150539,2018/19,2018-11-12,"Daren Sammy National Cricket Stadium, Gros Islet",2,1.1,England,Bangladesh,TT Beaumont,AE Jones,Rumana Ahmed,0,0,,,,,,,,,
1150539,2018/19,2018-11-12,"Daren Sammy National Cricket Stadium, Gros Islet",2,1.2,England,Bangladesh,TT Beaumont,AE Jones,Rumana Ahmed,1,0,,,,,,,,,
1150539,2018/19,2018-11-12,"Daren Sammy National Cricket Stadium, Gros Islet",2,1.3,England,Bangladesh,AE Jones,TT Beaumont,Rumana Ahmed,0,0,,,,,,,,,
1150539,2018/19,2018-11-12,"Daren Sammy National Cricket Stadium, Gros Islet",2,1.4,England,Bangladesh,AE Jones,TT Beaumont,Rumana Ahmed,0,0,,,,,,,,,
1150539,2018/19,2018-11-12,"Daren Sammy National Cricket Stadium, Gros Islet",2,1.5,England,Bangladesh,AE Jones,TT Beaumont,Rumana Ahmed,4,0,,,,,,,,,
1150539,2018/19,2018-11-12,"Daren Sammy National Cricket Stadium, Gros Islet",2,1.6,England,Bangladesh,AE Jones,TT Beaumont,Rumana Ahmed,1,0,,,,,,,,,
1150539,2018/19,2018-11-12,"Daren Sammy National Cricket Stadium, Gros Islet",2,2.1,England,Bangladesh,AE Jones,TT Beaumont,Salma Khatun,1,0,,,,,,,,,
1150539,2018/19,2018-11-12,"Daren Sammy National Cricket Stadium, Gros Islet",2,2.2,England,Bangladesh,TT Beaumont,AE Jones,Salma Khatun,0,0,,,,,,,,,
1150539,2018/19,2018-11-12,"Daren Sammy National Cricket Stadium, Gros Islet",2,2.3,England,Bangladesh,TT Beaumont,AE Jones,Salma Khatun,0,0,,,,,,caught,TT Beaumont,,
1150539,2018/19,2018-11-12,"Daren Sammy National Cricket Stadium, Gros Islet",2,2.4,England,Bangladesh,AE Jones,NR Sciver,Salma Khatun,1,0,,,,,,,,,
1150539,2018/19,2018-11-12,"Daren Sammy National Cricket Stadium, Gros Islet",2,2.5,England,Bangladesh,NR Sciver,AE Jones,Salma Khatun,0,0,,,,,,,,,
1150539,2018/19,2018-11-12,"Daren Sammy National Cricket Stadium, Gros Islet",2,2.6,England,Bangladesh,NR Sciver,AE Jones,Salma Khatun,0,0,,,,,,,,,
1150539,2018/19,2018-11-12,"Daren Sammy National Cricket Stadium, Gros Islet",2,3.1,England,Bangladesh,AE Jones,NR Sciver,Rumana Ahmed,2,0,,,,,,,,,
1150539,2018/19,2018-11-12,"Daren Sammy National Cricket Stadium, Gros Islet",2,3.2,England,Bangladesh,AE Jones,NR Sciver,Rumana Ahmed,1,0,,,,,,,,,
1150539,2018/19,2018-11-12,"Daren Sammy National Cricket Stadium, Gros Islet",2,3.3,England,Bangladesh,NR Sciver,AE Jones,Rumana Ahmed,1,0,,,,,,,,,
1150539,2018/19,2018-11-12,"Daren Sammy National Cricket Stadium, Gros Islet",2,3.4,England,Bangladesh,AE Jones,NR Sciver,Rumana Ahmed,1,0,,,,,,,,,
1150539,2018/19,2018-11-12,"Daren Sammy National Cricket Stadium, Gros Islet",2,3.5,England,Bangladesh,NR Sciver,AE Jones,Rumana Ahmed,1,0,,,,,,,,,
1150539,2018/19,2018-11-12,"Daren Sammy National Cricket Stadium, Gros Islet",2,3.6,England,Bangladesh,AE Jones,NR Sciver,Rumana Ahmed,1,0,,,,,,,,,
1150539,2018/19,2018-11-12,"Daren Sammy National Cricket Stadium, Gros Islet",2,4.1,England,Bangladesh,AE Jones,NR Sciver,Salma Khatun,1,0,,,,,,,,,
1150539,2018/19,2018-11-12,"Daren Sammy National Cricket Stadium, Gros Islet",2,4.2,England,Bangladesh,NR Sciver,AE Jones,Salma Khatun,4,0,,,,,,,,,
1150539,2018/19,2018-11-12,"Daren Sammy National Cricket Stadium, Gros Islet",2,4.3,England,Bangladesh,NR Sciver,AE Jones,Salma Khatun,1,0,,,,,,,,,
1150539,2018/19,2018-11-12,"Daren Sammy National Cricket Stadium, Gros Islet",2,4.4,England,Bangladesh,AE Jones,NR Sciver,Salma Khatun,0,0,,,,,,,,,
1150539,2018/19,2018-11-12,"Daren Sammy National Cricket Stadium, Gros Islet",2,4.5,England,Bangladesh,AE Jones,NR Sciver,Salma Khatun,2,0,,,,,,,,,
1150539,2018/19,2018-11-12,"Daren Sammy National Cricket Stadium, Gros Islet",2,4.6,England,Bangladesh,AE Jones,NR Sciver,Salma Khatun,1,0,,,,,,,,,
1150539,2018/19,2018-11-12,"Daren Sammy National Cricket Stadium, Gros Islet",2,5.1,England,Bangladesh,AE Jones,NR Sciver,Khadija Tul Kubra,1,0,,,,,,,,,
1150539,2018/19,2018-11-12,"Daren Sammy National Cricket Stadium, Gros Islet",2,5.2,England,Bangladesh,NR Sciver,AE Jones,Khadija Tul Kubra,0,0,,,,,,,,,
1150539,2018/19,2018-11-12,"Daren Sammy National Cricket Stadium, Gros Islet",2,5.3,England,Bangladesh,NR Sciver,AE Jones,Khadija Tul Kubra,4,0,,,,,,,,,
1150539,2018/19,2018-11-12,"Daren Sammy National Cricket Stadium, Gros Islet",2,5.4,England,Bangladesh,NR Sciver,AE Jones,Khadija Tul Kubra,2,0,,,,,,,,,
1150539,2018/19,2018-11-12,"Daren Sammy National Cricket Stadium, Gros Islet",2,5.5,England,Bangladesh,NR Sciver,AE Jones,Khadija Tul Kubra,0,0,,,,,,,,,
1150539,2018/19,2018-11-12,"Daren Sammy National Cricket Stadium, Gros Islet",2,5.6,England,Bangladesh,NR Sciver,AE Jones,Khadija Tul Kubra,0,0,,,,,,,,,
1150539,2018/19,2018-11-12,"Daren Sammy National Cricket Stadium, Gros Islet",2,6.1,England,Bangladesh,AE Jones,NR Sciver,Fahima Khatun,1,0,,,,,,,,,
1150539,2018/19,2018-11-12,"Daren Sammy National Cricket Stadium, Gros Islet",2,6.2,England,Bangladesh,NR Sciver,AE Jones,Fahima Khatun,1,0,,,,,,,,,
1150539,2018/19,2018-11-12,"Daren Sammy National Cricket Stadium, Gros Islet",2,6.3,England,Bangladesh,AE Jones,NR Sciver,Fahima Khatun,1,0,,,,,,,,,
1150539,2018/19,2018-11-12,"Daren Sammy National Cricket Stadium, Gros Islet",2,6.4,England,Bangladesh,NR Sciver,AE Jones,Fahima Khatun,4,0,,,,,,,,,
1150539,2018/19,2018-11-12,"Daren Sammy National Cricket Stadium, Gros Islet",2,6.5,England,Bangladesh,NR Sciver,AE Jones,Fahima Khatun,1,0,,,,,,,,,
1150539,2018/19,2018-11-12,"Daren Sammy National Cricket Stadium, Gros Islet",2,6.6,England,Bangladesh,AE Jones,NR Sciver,Fahima Khatun,1,0,,,,,,,,,
1150539,2018/19,2018-11-12,"Daren Sammy National Cricket Stadium, Gros Islet",2,7.1,England,Bangladesh,AE Jones,NR Sciver,Khadija Tul Kubra,1,0,,,,,,,,,
1150539,2018/19,2018-11-12,"Daren Sammy National Cricket Stadium, Gros Islet",2,7.2,England,Bangladesh,NR Sciver,AE Jones,Khadija Tul Kubra,4,0,,,,,,,,,
1150539,2018/19,2018-11-12,"Daren Sammy National Cricket Stadium, Gros Islet",2,7.3,England,Bangladesh,NR Sciver,AE Jones,Khadija Tul Kubra,0,0,,,,,,,,,
1150539,2018/19,2018-11-12,"Daren Sammy National Cricket Stadium, Gros Islet",2,7.4,England,Bangladesh,NR Sciver,AE Jones,Khadija Tul Kubra,0,0,,,,,,stumped,NR Sciver,,
1150539,2018/19,2018-11-12,"Daren Sammy National Cricket Stadium, Gros Islet",2,7.5,England,Bangladesh,HC Knight,AE Jones,Khadija Tul Kubra,0,0,,,,,,,,,
1150539,2018/19,2018-11-12,"Daren Sammy National Cricket Stadium, Gros Islet",2,7.6,England,Bangladesh,HC Knight,AE Jones,Khadija Tul Kubra,1,0,,,,,,,,,
1150539,2018/19,2018-11-12,"Daren Sammy National Cricket Stadium, Gros Islet",2,8.1,England,Bangladesh,HC Knight,AE Jones,Jahanara Alam,0,0,,,,,,,,,
1150539,2018/19,2018-11-12,"Daren Sammy National Cricket Stadium, Gros Islet",2,8.2,England,Bangladesh,HC Knight,AE Jones,Jahanara Alam,0,0,,,,,,,,,
1150539,2018/19,2018-11-12,"Daren Sammy National Cricket Stadium, Gros Islet",2,8.3,England,Bangladesh,HC Knight,AE Jones,Jahanara Alam,0,0,,,,,,,,,
1150539,2018/19,2018-11-12,"Daren Sammy National Cricket Stadium, Gros Islet",2,8.4,England,Bangladesh,HC Knight,AE Jones,Jahanara Alam,1,0,,,,,,,,,
1150539,2018/19,2018-11-12,"Daren Sammy National Cricket Stadium, Gros Islet",2,8.5,England,Bangladesh,AE Jones,HC Knight,Jahanara Alam,0,0,,,,,,,,,
1150539,2018/19,2018-11-12,"Daren Sammy National Cricket Stadium, Gros Islet",2,8.6,England,Bangladesh,AE Jones,HC Knight,Jahanara Alam,2,0,,,,,,,,,
1150539,2018/19,2018-11-12,"Daren Sammy National Cricket Stadium, Gros Islet",2,9.1,England,Bangladesh,HC Knight,AE Jones,Rumana Ahmed,4,0,,,,,,,,,
1150539,2018/19,2018-11-12,"Daren Sammy National Cricket Stadium, Gros Islet",2,9.2,England,Bangladesh,HC Knight,AE Jones,Rumana Ahmed,4,0,,,,,,,,,
1150539,2018/19,2018-11-12,"Daren Sammy National Cricket Stadium, Gros Islet",2,9.3,England,Bangladesh,HC Knight,AE Jones,Rumana Ahmed,1,0,,,,,,,,,
