match_id,season,start_date,venue,innings,ball,batting_team,bowling_team,striker,non_striker,bowler,runs_off_bat,extras,wides,noballs,byes,legbyes,penalty,wicket_type,player_dismissed,other_wicket_type,other_player_dismissed
1150552,2018/19,2018-11-18,"Daren Sammy National Cricket Stadium, Gros Islet",1,0.1,South Africa,Bangladesh,L Lee,D van Niekerk,Jahanara Alam,0,0,,,,,,,,,
1150552,2018/19,2018-11-18,"Daren Sammy National Cricket Stadium, Gros Islet",1,0.2,South Africa,Bangladesh,L Lee,D van Niekerk,Jahanara Alam,1,0,,,,,,,,,
1150552,2018/19,2018-11-18,"Daren Sammy National Cricket Stadium, Gros Islet",1,0.3,South Africa,Bangladesh,D van Niekerk,L Lee,Jahanara Alam,0,0,,,,,,,,,
1150552,2018/19,2018-11-18,"Daren Sammy National Cricket Stadium, Gros Islet",1,0.4,South Africa,Bangladesh,D van Niekerk,L Lee,Jahanara Alam,0,0,,,,,,,,,
1150552,2018/19,2018-11-18,"Daren Sammy National Cricket Stadium, Gros Islet",1,0.5,South Africa,Bangladesh,D van Niekerk,L Lee,Jahanara Alam,1,0,,,,,,,,,
1150552,2018/19,2018-11-18,"Daren Sammy National Cricket Stadium, Gros Islet",1,0.6,South Africa,Bangladesh,L Lee,D van Niekerk,Jahanara Alam,1,0,,,,,,,,,
1150552,2018/19,2018-11-18,"Daren Sammy National Cricket Stadium, Gros Islet",1,1.1,South Africa,Bangladesh,L Lee,D van Niekerk,Salma Khatun,0,0,,,,,,,,,
1150552,2018/19,2018-11-18,"Daren Sammy National Cricket Stadium, Gros Islet",1,1.2,South Africa,Bangladesh,L Lee,D van Niekerk,Salma Khatun,2,0,,,,,,,,,
1150552,2018/19,2018-11-18,"Daren Sammy National Cricket Stadium, Gros Islet",1,1.3,South Africa,Bangladesh,L Lee,D van Niekerk,Salma Khatun,2,0,,,,,,,,,
1150552,2018/19,2018-11-18,"Daren Sammy National Cricket Stadium, Gros Islet",1,1.4,South Africa,Bangladesh,L Lee,D van Niekerk,Salma Khatun,4,0,,,,,,,,,
1150552,2018/19,2018-11-18,"Daren Sammy National Cricket Stadium, Gros Islet",1,1.5,South Africa,Bangladesh,L Lee,D van Niekerk,Salma Khatun,4,0,,,,,,,,,
1150552,2018/19,2018-11-18,"Daren Sammy National Cricket Stadium, Gros Islet",1,1.6,South Africa,Bangladesh,L Lee,D van Niekerk,Salma Khatun,0,0,,,,,,,,,
1150552,2018/19,2018-11-18,"Daren Sammy National Cricket Stadium, Gros Islet",1,2.1,South Africa,Bangladesh,D van Niekerk,L Lee,Jahanara Alam,1,0,,,,,,,,,
1150552,2018/19,2018-11-18,"Daren Sammy National Cricket Stadium, Gros Islet",1,2.2,South Africa,Bangladesh,L Lee,D van Niekerk,Jahanara Alam,4,0,,,,,,,,,
1150552,2018/19,2018-11-18,"Daren Sammy National Cricket Stadium, Gros Islet",1,2.3,South Africa,Bangladesh,L Lee,D van Niekerk,Jahanara Alam,1,0,,,,,,,,,
1150552,2018/19,2018-11-18,"Daren Sammy National Cricket Stadium, Gros Islet",1,2.4,South Africa,Bangladesh,D van Niekerk,L Lee,Jahanara Alam,1,0,,,,,,,,,
1150552,2018/19,2018-11-18,"Daren Sammy National Cricket Stadium, Gros Islet",1,2.5,South Africa,Bangladesh,L Lee,D van Niekerk,Jahanara Alam,1,0,,,,,,,,,
1150552,2018/19,2018-11-18,"Daren Sammy National Cricket Stadium, Gros Islet",1,2.6,South Africa,Bangladesh,D van Niekerk,L Lee,Jahanara Alam,0,0,,,,,,,,,
1150552,2018/19,2018-11-18,"Daren Sammy National Cricket Stadium, Gros Islet",1,3.1,South Africa,Bangladesh,L Lee,D van Niekerk,Rumana Ahmed,0,1,1,,,,,,,,
1150552,2018/19,2018-11-18,"Daren Sammy National Cricket Stadium, Gros Islet",1,3.2,South Africa,Bangladesh,L Lee,D van Niekerk,Rumana Ahmed,1,0,,,,,,,,,
1150552,2018/19,2018-11-18,"Daren Sammy National Cricket Stadium, Gros Islet",1,3.3,South Africa,Bangladesh,D van Niekerk,L Lee,Rumana Ahmed,0,0,,,,,,run out,L Lee,,
1150552,2018/19,2018-11-18,"Daren Sammy National Cricket Stadium, Gros Islet",1,3.4,South Africa,Bangladesh,M Kapp,D van Niekerk,Rumana Ahmed,0,0,,,,,,,,,
1150552,2018/19,2018-11-18,"Daren Sammy National Cricket Stadium, Gros Islet",1,3.5,South Africa,Bangladesh,M Kapp,D van Niekerk,Rumana Ahmed,0,0,,,,,,,,,
1150552,2018/19,2018-11-18,"Daren Sammy National Cricket Stadium, Gros Islet",1,3.6,South Africa,Bangladesh,M Kapp,D van Niekerk,Rumana Ahmed,0,0,,,,,,,,,
1150552,2018/19,2018-11-18,"Daren Sammy National Cricket Stadium, Gros Islet",1,3.7,South Africa,Bangladesh,M Kapp,D van Niekerk,Rumana Ahmed,4,0,,,,,,,,,
1150552,2018/19,2018-11-18,"Daren Sammy National Cricket Stadium, Gros Islet",1,4.1,South Africa,Bangladesh,D van Niekerk,M Kapp,Khadija Tul Kubra,1,0,,,,,,,,,
1150552,2018/19,2018-11-18,"Daren Sammy National Cricket Stadium, Gros Islet",1,4.2,South Africa,Bangladesh,M Kapp,D van Niekerk,Khadija Tul Kubra,0,0,,,,,,,,,
1150552,2018/19,2018-11-18,"Daren Sammy National Cricket Stadium, Gros Islet",1,4.3,South Africa,Bangladesh,M Kapp,D van Niekerk,Khadija Tul Kubra,2,0,,,,,,,,,
1150552,2018/19,2018-11-18,"Daren Sammy National Cricket Stadium, Gros Islet",1,4.4,South Africa,Bangladesh,M Kapp,D van Niekerk,Khadija Tul Kubra,4,0,,,,,,,,,
1150552,2018/19,2018-11-18,"Daren Sammy National Cricket Stadium, Gros Islet",1,4.5,South Africa,Bangladesh,M Kapp,D van Niekerk,Khadija Tul Kubra,1,0,,,,,,,,,
1150552,2018/19,2018-11-18,"Daren Sammy National Cricket Stadium, Gros Islet",1,4.6,South Africa,Bangladesh,D van Niekerk,M Kapp,Khadija Tul Kubra,0,0,,,,,,,,,
1150552,2018/19,2018-11-18,"Daren Sammy National Cricket Stadium, Gros Islet",1,5.1,South Africa,Bangladesh,M Kapp,D van Niekerk,Ritu Moni,2,0,,,,,,,,,
1150552,2018/19,2018-11-18,"Daren Sammy National Cricket Stadium, Gros Islet",1,5.2,South Africa,Bangladesh,M Kapp,D van Niekerk,Ritu Moni,4,0,,,,,,,,,
1150552,2018/19,2018-11-18,"Daren Sammy National Cricket Stadium, Gros Islet",1,5.3,South Africa,Bangladesh,M Kapp,D van Niekerk,Ritu Moni,0,0,,,,,,,,,
1150552,2018/19,2018-11-18,"Daren Sammy National Cricket Stadium, Gros Islet",1,5.4,South Africa,Bangladesh,M Kapp,D van Niekerk,Ritu Moni,3,0,,,,,,,,,
1150552,2018/19,2018-11-18,"Daren Sammy National Cricket Stadium, Gros Islet",1,5.5,South Africa,Bangladesh,D van Niekerk,M Kapp,Ritu Moni,0,0,,,,,,,,,
1150552,2018/19,2018-11-18,"Daren Sammy National Cricket Stadium, Gros Islet",1,5.6,South Africa,Bangladesh,D van Niekerk,M Kapp,Ritu Moni,2,0,,,,,,,,,
1150552,2018/19,2018-11-18,"Daren Sammy National Cricket Stadium, Gros Islet",1,6.1,South Africa,Bangladesh,M Kapp,D van Niekerk,Khadija Tul Kubra,1,0,,,,,,,,,
1150552,2018/19,2018-11-18,"Daren Sammy National Cricket Stadium, Gros Islet",1,6.2,South Africa,Bangladesh,D van Niekerk,M Kapp,Khadija Tul Kubra,2,0,,,,,,,,,
1150552,2018/19,2018-11-18,"Daren Sammy National Cricket Stadium, Gros Islet",1,6.3,South Africa,Bangladesh,D van Niekerk,M Kapp,Khadija Tul Kubra,0,0,,,,,,,,,
1150552,2018/19,2018-11-18,"Daren Sammy National Cricket Stadium, Gros Islet",1,6.4,South Africa,Bangladesh,D van Niekerk,M Kapp,Khadija Tul Kubra,1,0,,,,,,,,,
1150552,2018/19,2018-11-18,"Daren Sammy National Cricket Stadium, Gros Islet",1,6.5,South Africa,Bangladesh,M Kapp,D van Niekerk,Khadija Tul Kubra,1,0,,,,,,,,,
1150552,2018/19,2018-11-18,"Daren Sammy National Cricket Stadium, Gros Islet",1,6.6,South Africa,Bangladesh,D van Niekerk,M Kapp,Khadija Tul Kubra,0,0,,,,,,,,,
1150552,2018/19,2018-11-18,"Daren Sammy National Cricket Stadium, Gros Islet",1,7.1,South Africa,Bangladesh,M Kapp,D van Niekerk,Salma Khatun,1,0,,,,,,,,,
1150552,2018/19,2018-11-18,"Daren Sammy National Cricket Stadium, Gros Islet",1,7.2,South Africa,Bangladesh,D van Niekerk,M Kapp,Salma Khatun,0,0,,,,,,,,,
1150552,2018/19,2018-11-18,"Daren Sammy National Cricket Stadium, Gros Islet",1,7.3,South Africa,Bangladesh,D van Niekerk,M Kapp,Salma Khatun,1,0,,,,,,,,,
1150552,2018/19,2018-11-18,"Daren Sammy National Cricket Stadium, Gros Islet",1,7.4,South Africa,Bangladesh,M Kapp,D van Niekerk,Salma Khatun,1,0,,,,,,,,,
1150552,2018/19,2018-11-18,"Daren Sammy National Cricket Stadium, Gros Islet",1,7.5,South Africa,Bangladesh,D van Niekerk,M Kapp,Salma Khatun,0,0,,,,,,,,,
1150552,2018/19,2018-11-18,"Daren Sammy National Cricket Stadium, Gros Islet",1,7.6,South Africa,Bangladesh,D van Niekerk,M Kapp,Salma Khatun,1,0,,,,,,,,,
1150552,2018/19,2018-11-18,"Daren Sammy National Cricket Stadium, Gros Islet",1,8.1,South Africa,Bangladesh,D van Niekerk,M Kapp,Rumana Ahmed,1,0,,,,,,,,,
1150552,2018/19,2018-11-18,"Daren Sammy National Cricket Stadium, Gros Islet",1,8.2,South Africa,Bangladesh,M Kapp,D van Niekerk,Rumana Ahmed,0,0,,,,,,,,,
1150552,2018/19,2018-11-18,"Daren Sammy National Cricket Stadium, Gros Islet",1,8.3,South Africa,Bangladesh,M Kapp,D van Niekerk,Rumana Ahmed,1,0,,,,,,,,,
1150552,2018/19,2018-11-18,"Daren Sammy National Cricket Stadium, Gros Islet",1,8.4,South Africa,Bangladesh,D van Niekerk,M Kapp,Rumana Ahmed,1,0,,,,,,,,,
1150552,2018/19,2018-11-18,"Daren Sammy National Cricket Stadium, Gros Islet",1,8.5,South Africa,Bangladesh,M Kapp,D van Niekerk,Rumana Ahmed,0,0,,,,,,caught,M Kapp,,
1150552,2018/19,2018-11-18,"Daren Sammy National Cricket Stadium, Gros Islet",1,8.6,South Africa,Bangladesh,D van Niekerk,S Luus,Rumana Ahmed,1,0,,,,,,,,,
1150552,2018/19,2018-11-18,"Daren Sammy National Cricket Stadium, Gros Islet",1,9.1,South Africa,Bangladesh,D van Niekerk,S Luus,Khadija Tul Kubra,0,0,,,,,,,,,
1150552,2018/19,2018-11-18,"Daren Sammy National Cricket Stadium, Gros Islet",1,9.2,South Africa,Bangladesh,D van Niekerk,S Luus,Khadija Tul Kubra,1,0,,,,,,,,,
1150552,2018/19,2018-11-18,"Daren Sammy National Cricket Stadium, Gros Islet",1,9.3,South Africa,Bangladesh,S Luus,D van Niekerk,Khadija Tul Kubra,0,0,,,,,,,,,
1150552,2018/19,2018-11-18,"Daren Sammy National Cricket Stadium, Gros Islet",1,9.4,South Africa,Bangladesh,S Luus,D van Niekerk,Khadija Tul Kubra,0,0,,,,,,bowled,S Luus,,
1150552,2018/19,2018-11-18,"Daren Sammy National Cricket Stadium, Gros Islet",1,9.5,South Africa,Bangladesh,M du Preez,D van Niekerk,Khadija Tul Kubra,0,0,,,,,,,,,
1150552,2018/19,2018-11-18,"Daren Sammy National Cricket Stadium, Gros Islet",1,9.6,South Africa,Bangladesh,M du Preez,D van Niekerk,Khadija Tul Kubra,2,0,,,,,,,,,
1150552,2018/19,2018-11-18,"Daren Sammy National Cricket Stadium, Gros Islet",1,10.1,South Africa,Bangladesh,D van Niekerk,M du Preez,Rumana Ahmed,0,0,,,,,,,,,
1150552,2018/19,2018-11-18,"Daren Sammy National Cricket Stadium, Gros Islet",1,10.2,South Africa,Bangladesh,D van Niekerk,M du Preez,Rumana Ahmed,0,0,,,,,,,,,
1150552,2018/19,2018-11-18,"Daren Sammy National Cricket Stadium, Gros Islet",1,10.3,South Africa,Bangladesh,D van Niekerk,M du Preez,Rumana Ahmed,1,0,,,,,,,,,
1150552,2018/19,2018-11-18,"Daren Sammy National Cricket Stadium, Gros Islet",1,10.4,South Africa,Bangladesh,M du Preez,D van Niekerk,Rumana Ahmed,0,0,,,,,,,,,
1150552,2018/19,2018-11-18,"Daren Sammy National Cricket Stadium, Gros Islet",1,10.5,South Africa,Bangladesh,M du Preez,D van Niekerk,Rumana Ahmed,1,0,,,,,,,,,
1150552,2018/19,2018-11-18,"Daren Sammy National Cricket Stadium, Gros Islet",1,10.6,South Africa,Bangladesh,D van Niekerk,M du Preez,Rumana Ahmed,1,0,,,,,,,,,
1150552,2018/19,2018-11-18,"Daren Sammy National Cricket Stadium, Gros Islet",1,11.1,South Africa,Bangladesh,D van Niekerk,M du Preez,Nahida Akter,0,0,,,,,,,,,
1150552,2018/19,2018-11-18,"Daren Sammy National Cricket Stadium, Gros Islet",1,11.2,South Africa,Bangladesh,D van Niekerk,M du Preez,Nahida Akter,0,0,,,,,,bowled,D van Niekerk,,
1150552,2018/19,2018-11-18,"Daren Sammy National Cricket Stadium, Gros Islet",1,11.3,South Africa,Bangladesh,CL Tryon,M du Preez,Nahida Akter,0,0,,,,,,,,,
1150552,2018/19,2018-11-18,"Daren Sammy National Cricket Stadium, Gros Islet",1,11.4,South Africa,Bangladesh,CL Tryon,M du Preez,Nahida Akter,2,0,,,,,,,,,
1150552,2018/19,2018-11-18,"Daren Sammy National Cricket Stadium, Gros Islet",1,11.5,South Africa,Bangladesh,CL Tryon,M du Preez,Nahida Akter,0,0,,,,,,,,,
1150552,2018/19,2018-11-18,"Daren Sammy National Cricket Stadium, Gros Islet",1,11.6,South Africa,Bangladesh,CL Tryon,M du Preez,Nahida Akter,0,0,,,,,,,,,
1150552,2018/19,2018-11-18,"Daren Sammy National Cricket Stadium, Gros Islet",1,12.1,South Africa,Bangladesh,M du Preez,CL Tryon,Fahima Khatun,0,0,,,,,,,,,
1150552,2018/19,2018-11-18,"Daren Sammy National Cricket Stadium, Gros Islet",1,12.2,South Africa,Bangladesh,M du Preez,CL Tryon,Fahima Khatun,1,0,,,,,,,,,
1150552,2018/19,2018-11-18,"Daren Sammy National Cricket Stadium, Gros Islet",1,12.3,South Africa,Bangladesh,CL Tryon,M du Preez,Fahima Khatun,1,0,,,,,,,,,
1150552,2018/19,2018-11-18,"Daren Sammy National Cricket Stadium, Gros Islet",1,12.4,South Africa,Bangladesh,M du Preez,CL Tryon,Fahima Khatun,1,0,,,,,,,,,
1150552,2018/19,2018-11-18,"Daren Sammy National Cricket Stadium, Gros Islet",1,12.5,South Africa,Bangladesh,CL Tryon,M du Preez,Fahima Khatun,1,0,,,,,,,,,
1150552,2018/19,2018-11-18,"Daren Sammy National Cricket Stadium, Gros Islet",1,12.6,South Africa,Bangladesh,M du Preez,CL Tryon,Fahima Khatun,1,0,,,,,,,,,
1150552,2018/19,2018-11-18,"Daren Sammy National Cricket Stadium, Gros Islet",1,13.1,South Africa,Bangladesh,M du Preez,CL Tryon,Nahida Akter,1,0,,,,,,,,,
1150552,2018/19,2018-11-18,"Daren Sammy National Cricket Stadium, Gros Islet",1,13.2,South Africa,Bangladesh,CL Tryon,M du Preez,Nahida Akter,4,0,,,,,,,,,
1150552,2018/19,2018-11-18,"Daren Sammy National Cricket Stadium, Gros Islet",1,13.3,South Africa,Bangladesh,CL Tryon,M du Preez,Nahida Akter,1,0,,,,,,,,,
1150552,2018/19,2018-11-18,"Daren Sammy National Cricket Stadium, Gros Islet",1,13.4,South Africa,Bangladesh,M du Preez,CL Tryon,Nahida Akter,1,0,,,,,,,,,
1150552,2018/19,2018-11-18,"Daren Sammy National Cricket Stadium, Gros Islet",1,13.5,South Africa,Bangladesh,CL Tryon,M du Preez,Nahida Akter,1,0,,,,,,,,,
1150552,2018/19,2018-11-18,"Daren Sammy National Cricket Stadium, Gros Islet",1,13.6,South Africa,Bangladesh,M du Preez,CL Tryon,Nahida Akter,1,0,,,,,,,,,
1150552,2018/19,2018-11-18,"Daren Sammy National Cricket Stadium, Gros Islet",1,14.1,South Africa,Bangladesh,M du Preez,CL Tryon,Fahima Khatun,1,0,,,,,,,,,
1150552,2018/19,2018-11-18,"Daren Sammy National Cricket Stadium, Gros Islet",1,14.2,South Africa,Bangladesh,CL Tryon,M du Preez,Fahima Khatun,1,0,,,,,,,,,
1150552,2018/19,2018-11-18,"Daren Sammy National Cricket Stadium, Gros Islet",1,14.3,South Africa,Bangladesh,M du Preez,CL Tryon,Fahima Khatun,1,0,,,,,,,,,
1150552,2018/19,2018-11-18,"Daren Sammy National Cricket Stadium, Gros Islet",1,14.4,South Africa,Bangladesh,CL Tryon,M du Preez,Fahima Khatun,4,0,,,,,,,,,
1150552,2018/19,2018-11-18,"Daren Sammy National Cricket Stadium, Gros Islet",1,14.5,South Africa,Bangladesh,CL Tryon,M du Preez,Fahima Khatun,0,0,,,,,,,,,
1150552,2018/19,2018-11-18,"Daren Sammy National Cricket Stadium, Gros Islet",1,14.6,South Africa,Bangladesh,CL Tryon,M du Preez,Fahima Khatun,1,0,,,,,,,,,
1150552,2018/19,2018-11-18,"Daren Sammy National Cricket Stadium, Gros Islet",1,15.1,South Africa,Bangladesh,CL Tryon,M du Preez,Khadija Tul Kubra,2,0,,,,,,,,,
1150552,2018/19,2018-11-18,"Daren Sammy National Cricket Stadium, Gros Islet",1,15.2,South Africa,Bangladesh,CL Tryon,M du Preez,Khadija Tul Kubra,0,0,,,,,,bowled,CL Tryon,,
1150552,2018/19,2018-11-18,"Daren Sammy National Cricket Stadium, Gros Islet",1,15.3,South Africa,Bangladesh,F Tunnicliffe,M du Preez,Khadija Tul Kubra,0,0,,,,,,,,,
1150552,2018/19,2018-11-18,"Daren Sammy National Cricket Stadium, Gros Islet",1,15.4,South Africa,Bangladesh,F Tunnicliffe,M du Preez,Khadija Tul Kubra,0,0,,,,,,,,,
1150552,2018/19,2018-11-18,"Daren Sammy National Cricket Stadium, Gros Islet",1,15.5,South Africa,Bangladesh,F Tunnicliffe,M du Preez,Khadija Tul Kubra,0,0,,,,,,,,,
1150552,2018/19,2018-11-18,"Daren Sammy National Cricket Stadium, Gros Islet",1,15.6,South Africa,Bangladesh,F Tunnicliffe,M du Preez,Khadija Tul Kubra,0,0,,,,,,,,,
1150552,2018/19,2018-11-18,"Daren Sammy National Cricket Stadium, Gros Islet",1,16.1,South Africa,Bangladesh,M du Preez,F Tunnicliffe,Rumana Ahmed,2,0,,,,,,,,,
1150552,2018/19,2018-11-18,"Daren Sammy National Cricket Stadium, Gros Islet",1,16.2,South Africa,Bangladesh,M du Preez,F Tunnicliffe,Rumana Ahmed,1,0,,,,,,,,,
1150552,2018/19,2018-11-18,"Daren Sammy National Cricket Stadium, Gros Islet",1,16.3,South Africa,Bangladesh,F Tunnicliffe,M du Preez,Rumana Ahmed,0,0,,,,,,,,,
1150552,2018/19,2018-11-18,"Daren Sammy National Cricket Stadium, Gros Islet",1,16.4,South Africa,Bangladesh,F Tunnicliffe,M du Preez,Rumana Ahmed,4,0,,,,,,,,,
1150552,2018/19,2018-11-18,"Daren Sammy National Cricket Stadium, Gros Islet",1,16.5,South Africa,Bangladesh,F Tunnicliffe,M du Preez,Rumana Ahmed,0,0,,,,,,,,,
1150552,2018/19,2018-11-18,"Daren Sammy National Cricket Stadium, Gros Islet",1,16.6,South Africa,Bangladesh,F Tunnicliffe,M du Preez,Rumana Ahmed,1,0,,,,,,,,,
1150552,2018/19,2018-11-18,"Daren Sammy National Cricket Stadium, Gros Islet",1,17.1,South Africa,Bangladesh,F Tunnicliffe,M du Preez,Salma Khatun,0,0,,,,,,bowled,F Tunnicliffe,,
1150552,2018/19,2018-11-18,"Daren Sammy National Cricket Stadium, Gros Islet",1,17.2,South Africa,Bangladesh,M Klaas,M du Preez,Salma Khatun,0,0,,,,,,,,,
1150552,2018/19,2018-11-18,"Daren Sammy National Cricket Stadium, Gros Islet",1,17.3,South Africa,Bangladesh,M Klaas,M du Preez,Salma Khatun,0,0,,,,,,bowled,M Klaas,,
1150552,2018/19,2018-11-18,"Daren Sammy National Cricket Stadium, Gros Islet",1,17.4,South Africa,Bangladesh,TS Sekhukhune,M du Preez,Salma Khatun,0,0,,,,,,,,,
1150552,2018/19,2018-11-18,"Daren Sammy National Cricket Stadium, Gros Islet",1,17.5,South Africa,Bangladesh,TS Sekhukhune,M du Preez,Salma Khatun,0,0,,,,,,,,,
1150552,2018/19,2018-11-18,"Daren Sammy National Cricket Stadium, Gros Islet",1,17.6,South Africa,Bangladesh,TS Sekhukhune,M du Preez,Salma Khatun,0,0,,,,,,run out,M du Preez,,
1150552,2018/19,2018-11-18,"Daren Sammy National Cricket Stadium, Gros Islet",1,18.1,South Africa,Bangladesh,TS Sekhukhune,M Daniels,Jahanara Alam,0,0,,,,,,,,,
1150552,2018/19,2018-11-18,"Daren Sammy National Cricket Stadium, Gros Islet",1,18.2,South Africa,Bangladesh,TS Sekhukhune,M Daniels,Jahanara Alam,1,0,,,,,,,,,
1150552,2018/19,2018-11-18,"Daren Sammy National Cricket Stadium, Gros Islet",1,18.3,South Africa,Bangladesh,M Daniels,TS Sekhukhune,Jahanara Alam,1,0,,,,,,,,,
1150552,2018/19,2018-11-18,"Daren Sammy National Cricket Stadium, Gros Islet",1,18.4,South Africa,Bangladesh,TS Sekhukhune,M Daniels,Jahanara Alam,1,0,,,,,,,,,
1150552,2018/19,2018-11-18,"Daren Sammy National Cricket Stadium, Gros Islet",1,18.5,South Africa,Bangladesh,M Daniels,TS Sekhukhune,Jahanara Alam,0,0,,,,,,,,,
1150552,2018/19,2018-11-18,"Daren Sammy National Cricket Stadium, Gros Islet",1,18.6,South Africa,Bangladesh,M Daniels,TS Sekhukhune,Jahanara Alam,0,0,,,,,,,,,
1150552,2018/19,2018-11-18,"Daren Sammy National Cricket Stadium, Gros Islet",1,19.1,South Africa,Bangladesh,TS Sekhukhune,M Daniels,Salma Khatun,1,0,,,,,,,,,
1150552,2018/19,2018-11-18,"Daren Sammy National Cricket Stadium, Gros Islet",1,19.2,South Africa,Bangladesh,M Daniels,TS Sekhukhune,Salma Khatun,0,1,,,1,,,,,,
1150552,2018/19,2018-11-18,"Daren Sammy National Cricket Stadium, Gros Islet",1,19.3,South Africa,Bangladesh,TS Sekhukhune,M Daniels,Salma Khatun,0,1,1,,,,,,,,
1150552,2018/19,2018-11-18,"Daren Sammy National Cricket Stadium, Gros Islet",1,19.4,South Africa,Bangladesh,TS Sekhukhune,M Daniels,Salma Khatun,0,0,,,,,,stumped,TS Sekhukhune,,
1150552,2018/19,2018-11-18,"Daren Sammy National Cricket Stadium, Gros Islet",1,19.5,South Africa,Bangladesh,Z Mali,M Daniels,Salma Khatun,2,0,,,,,,,,,
1150552,2018/19,2018-11-18,"Daren Sammy National Cricket Stadium, Gros Islet",1,19.6,South Africa,Bangladesh,Z Mali,M Daniels,Salma Khatun,0,0,,,,,,,,,
1150552,2018/19,2018-11-18,"Daren Sammy National Cricket Stadium, Gros Islet",1,19.7,South Africa,Bangladesh,Z Mali,M Daniels,Salma Khatun,0,0,,,,,,,,,
1150552,2018/19,2018-11-18,"Daren Sammy National Cricket Stadium, Gros Islet",2,0.1,Bangladesh,South Africa,Sharmin Akhter,Ayasha Rahman,M Kapp,0,0,,,,,,,,,
1150552,2018/19,2018-11-18,"Daren Sammy National Cricket Stadium, Gros Islet",2,0.2,Bangladesh,South Africa,Sharmin Akhter,Ayasha Rahman,M Kapp,0,0,,,,,,,,,
1150552,2018/19,2018-11-18,"Daren Sammy National Cricket Stadium, Gros Islet",2,0.3,Bangladesh,South Africa,Sharmin Akhter,Ayasha Rahman,M Kapp,0,1,1,,,,,,,,
1150552,2018/19,2018-11-18,"Daren Sammy National Cricket Stadium, Gros Islet",2,0.4,Bangladesh,South Africa,Sharmin Akhter,Ayasha Rahman,M Kapp,0,0,,,,,,,,,
1150552,2018/19,2018-11-18,"Daren Sammy National Cricket Stadium, Gros Islet",2,0.5,Bangladesh,South Africa,Sharmin Akhter,Ayasha Rahman,M Kapp,0,0,,,,,,,,,
1150552,2018/19,2018-11-18,"Daren Sammy National Cricket Stadium, Gros Islet",2,0.6,Bangladesh,South Africa,Sharmin Akhter,Ayasha Rahman,M Kapp,1,0,,,,,,,,,
1150552,2018/19,2018-11-18,"Daren Sammy National Cricket Stadium, Gros Islet",2,0.7,Bangladesh,South Africa,Ayasha Rahman,Sharmin Akhter,M Kapp,0,0,,,,,,,,,
1150552,2018/19,2018-11-18,"Daren Sammy National Cricket Stadium, Gros Islet",2,1.1,Bangladesh,South Africa,Sharmin Akhter,Ayasha Rahman,M Daniels,1,0,,,,,,,,,
1150552,2018/19,2018-11-18,"Daren Sammy National Cricket Stadium, Gros Islet",2,1.2,Bangladesh,South Africa,Ayasha Rahman,Sharmin Akhter,M Daniels,1,0,,,,,,,,,
1150552,2018/19,2018-11-18,"Daren Sammy National Cricket Stadium, Gros Islet",2,1.3,Bangladesh,South Africa,Sharmin Akhter,Ayasha Rahman,M Daniels,0,0,,,,,,,,,
1150552,2018/19,2018-11-18,"Daren Sammy National Cricket Stadium, Gros Islet",2,1.4,Bangladesh,South Africa,Sharmin Akhter,Ayasha Rahman,M Daniels,0,0,,,,,,,,,
1150552,2018/19,2018-11-18,"Daren Sammy National Cricket Stadium, Gros Islet",2,1.5,Bangladesh,South Africa,Sharmin Akhter,Ayasha Rahman,M Daniels,0,0,,,,,,,,,
1150552,2018/19,2018-11-18,"Daren Sammy National Cricket Stadium, Gros Islet",2,1.6,Bangladesh,South Africa,Sharmin Akhter,Ayasha Rahman,M Daniels,0,0,,,,,,,,,
1150552,2018/19,2018-11-18,"Daren Sammy National Cricket Stadium, Gros Islet",2,2.1,Bangladesh,South Africa,Ayasha Rahman,Sharmin Akhter,M Kapp,0,0,,,,,,,,,
1150552,2018/19,2018-11-18,"Daren Sammy National Cricket Stadium, Gros Islet",2,2.2,Bangladesh,South Africa,Ayasha Rahman,Sharmin Akhter,M Kapp,0,0,,,,,,,,,
1150552,2018/19,2018-11-18,"Daren Sammy National Cricket Stadium, Gros Islet",2,2.3,Bangladesh,South Africa,Ayasha Rahman,Sharmin Akhter,M Kapp,0,0,,,,,,,,,
1150552,2018/19,2018-11-18,"Daren Sammy National Cricket Stadium, Gros Islet",2,2.4,Bangladesh,South Africa,Ayasha Rahman,Sharmin Akhter,M Kapp,0,0,,,,,,,,,
1150552,2018/19,2018-11-18,"Daren Sammy National Cricket Stadium, Gros Islet",2,2.5,Bangladesh,South Africa,Ayasha Rahman,Sharmin Akhter,M Kapp,2,0,,,,,,,,,
1150552,2018/19,2018-11-18,"Daren Sammy National Cricket Stadium, Gros Islet",2,2.6,Bangladesh,South Africa,Ayasha Rahman,Sharmin Akhter,M Kapp,0,0,,,,,,,,,
1150552,2018/19,2018-11-18,"Daren Sammy National Cricket Stadium, Gros Islet",2,3.1,Bangladesh,South Africa,Sharmin Akhter,Ayasha Rahman,M Daniels,1,0,,,,,,,,,
1150552,2018/19,2018-11-18,"Daren Sammy National Cricket Stadium, Gros Islet",2,3.2,Bangladesh,South Africa,Ayasha Rahman,Sharmin Akhter,M Daniels,0,0,,,,,,lbw,Ayasha Rahman,,
1150552,2018/19,2018-11-18,"Daren Sammy National Cricket Stadium, Gros Islet",2,3.3,Bangladesh,South Africa,Fargana Hoque,Sharmin Akhter,M Daniels,0,0,,,,,,,,,
1150552,2018/19,2018-11-18,"Daren Sammy National Cricket Stadium, Gros Islet",2,3.4,Bangladesh,South Africa,Fargana Hoque,Sharmin Akhter,M Daniels,0,0,,,,,,,,,
1150552,2018/19,2018-11-18,"Daren Sammy National Cricket Stadium, Gros Islet",2,3.5,Bangladesh,South Africa,Fargana Hoque,Sharmin Akhter,M Daniels,0,0,,,,,,,,,
1150552,2018/19,2018-11-18,"Daren Sammy National Cricket Stadium, Gros Islet",2,3.6,Bangladesh,South Africa,Fargana Hoque,Sharmin Akhter,M Daniels,0,0,,,,,,,,,
1150552,2018/19,2018-11-18,"Daren Sammy National Cricket Stadium, Gros Islet",2,4.1,Bangladesh,South Africa,Sharmin Akhter,Fargana Hoque,M Kapp,0,0,,,,,,,,,
1150552,2018/19,2018-11-18,"Daren Sammy National Cricket Stadium, Gros Islet",2,4.2,Bangladesh,South Africa,Sharmin Akhter,Fargana Hoque,M Kapp,1,0,,,,,,,,,
1150552,2018/19,2018-11-18,"Daren Sammy National Cricket Stadium, Gros Islet",2,4.3,Bangladesh,South Africa,Fargana Hoque,Sharmin Akhter,M Kapp,0,0,,,,,,,,,
1150552,2018/19,2018-11-18,"Daren Sammy National Cricket Stadium, Gros Islet",2,4.4,Bangladesh,South Africa,Fargana Hoque,Sharmin Akhter,M Kapp,1,0,,,,,,,,,
1150552,2018/19,2018-11-18,"Daren Sammy National Cricket Stadium, Gros Islet",2,4.5,Bangladesh,South Africa,Sharmin Akhter,Fargana Hoque,M Kapp,0,0,,,,,,,,,
1150552,2018/19,2018-11-18,"Daren Sammy National Cricket Stadium, Gros Islet",2,4.6,Bangladesh,South Africa,Sharmin Akhter,Fargana Hoque,M Kapp,0,0,,,,,,,,,
1150552,2018/19,2018-11-18,"Daren Sammy National Cricket Stadium, Gros Islet",2,5.1,Bangladesh,South Africa,Fargana Hoque,Sharmin Akhter,M Daniels,0,0,,,,,,,,,
1150552,2018/19,2018-11-18,"Daren Sammy National Cricket Stadium, Gros Islet",2,5.2,Bangladesh,South Africa,Fargana Hoque,Sharmin Akhter,M Daniels,0,0,,,,,,,,,
1150552,2018/19,2018-11-18,"Daren Sammy National Cricket Stadium, Gros Islet",2,5.3,Bangladesh,South Africa,Fargana Hoque,Sharmin Akhter,M Daniels,1,0,,,,,,,,,
1150552,2018/19,2018-11-18,"Daren Sammy National Cricket Stadium, Gros Islet",2,5.4,Bangladesh,South Africa,Sharmin Akhter,Fargana Hoque,M Daniels,0,0,,,,,,,,,
1150552,2018/19,2018-11-18,"Daren Sammy National Cricket Stadium, Gros Islet",2,5.5,Bangladesh,South Africa,Sharmin Akhter,Fargana Hoque,M Daniels,2,0,,,,,,,,,
1150552,2018/19,2018-11-18,"Daren Sammy National Cricket Stadium, Gros Islet",2,5.6,Bangladesh,South Africa,Sharmin Akhter,Fargana Hoque,M Daniels,0,1,,,,1,,,,,
1150552,2018/19,2018-11-18,"Daren Sammy National Cricket Stadium, Gros Islet",2,6.1,Bangladesh,South Africa,Sharmin Akhter,Fargana Hoque,D van Niekerk,1,0,,,,,,,,,
1150552,2018/19,2018-11-18,"Daren Sammy National Cricket Stadium, Gros Islet",2,6.2,Bangladesh,South Africa,Fargana Hoque,Sharmin Akhter,D van Niekerk,1,0,,,,,,,,,
1150552,2018/19,2018-11-18,"Daren Sammy National Cricket Stadium, Gros Islet",2,6.3,Bangladesh,South Africa,Sharmin Akhter,Fargana Hoque,D van Niekerk,0,1,,,,1,,,,,
1150552,2018/19,2018-11-18,"Daren Sammy National Cricket Stadium, Gros Islet",2,6.4,Bangladesh,South Africa,Fargana Hoque,Sharmin Akhter,D van Niekerk,0,0,,,,,,,,,
1150552,2018/19,2018-11-18,"Daren Sammy National Cricket Stadium, Gros Islet",2,6.5,Bangladesh,South Africa,Fargana Hoque,Sharmin Akhter,D van Niekerk,1,0,,,,,,,,,
1150552,2018/19,2018-11-18,"Daren Sammy National Cricket Stadium, Gros Islet",2,6.6,Bangladesh,South Africa,Sharmin Akhter,Fargana Hoque,D van Niekerk,1,0,,,,,,,,,
1150552,2018/19,2018-11-18,"Daren Sammy National Cricket Stadium, Gros Islet",2,7.1,Bangladesh,South Africa,Sharmin Akhter,Fargana Hoque,S Luus,0,0,,,,,,bowled,Sharmin Akhter,,
1150552,2018/19,2018-11-18,"Daren Sammy National Cricket Stadium, Gros Islet",2,7.2,Bangladesh,South Africa,Nigar Sultana,Fargana Hoque,S Luus,0,0,,,,,,,,,
1150552,2018/19,2018-11-18,"Daren Sammy National Cricket Stadium, Gros Islet",2,7.3,Bangladesh,South Africa,Nigar Sultana,Fargana Hoque,S Luus,0,0,,,,,,,,,
1150552,2018/19,2018-11-18,"Daren Sammy National Cricket Stadium, Gros Islet",2,7.4,Bangladesh,South Africa,Nigar Sultana,Fargana Hoque,S Luus,0,0,,,,,,,,,
1150552,2018/19,2018-11-18,"Daren Sammy National Cricket Stadium, Gros Islet",2,7.5,Bangladesh,South Africa,Nigar Sultana,Fargana Hoque,S Luus,0,0,,,,,,,,,
1150552,2018/19,2018-11-18,"Daren Sammy National Cricket Stadium, Gros Islet",2,7.6,Bangladesh,South Africa,Nigar Sultana,Fargana Hoque,S Luus,4,0,,,,,,,,,
1150552,2018/19,2018-11-18,"Daren Sammy National Cricket Stadium, Gros Islet",2,8.1,Bangladesh,South Africa,Fargana Hoque,Nigar Sultana,D van Niekerk,0,0,,,,,,,,,
1150552,2018/19,2018-11-18,"Daren Sammy National Cricket Stadium, Gros Islet",2,8.2,Bangladesh,South Africa,Fargana Hoque,Nigar Sultana,D van Niekerk,4,0,,,,,,,,,
1150552,2018/19,2018-11-18,"Daren Sammy National Cricket Stadium, Gros Islet",2,8.3,Bangladesh,South Africa,Fargana Hoque,Nigar Sultana,D van Niekerk,0,0,,,,,,,,,
1150552,2018/19,2018-11-18,"Daren Sammy National Cricket Stadium, Gros Islet",2,8.4,Bangladesh,South Africa,Fargana Hoque,Nigar Sultana,D van Niekerk,1,0,,,,,,,,,
1150552,2018/19,2018-11-18,"Daren Sammy National Cricket Stadium, Gros Islet",2,8.5,Bangladesh,South Africa,Nigar Sultana,Fargana Hoque,D van Niekerk,0,0,,,,,,lbw,Nigar Sultana,,
1150552,2018/19,2018-11-18,"Daren Sammy National Cricket Stadium, Gros Islet",2,8.6,Bangladesh,South Africa,Rumana Ahmed,Fargana Hoque,D van Niekerk,1,0,,,,,,,,,
1150552,2018/19,2018-11-18,"Daren Sammy National Cricket Stadium, Gros Islet",2,9.1,Bangladesh,South Africa,Rumana Ahmed,Fargana Hoque,S Luus,2,0,,,,,,,,,
1150552,2018/19,2018-11-18,"Daren Sammy National Cricket Stadium, Gros Islet",2,9.2,Bangladesh,South Africa,Rumana Ahmed,Fargana Hoque,S Luus,0,0,,,,,,,,,
1150552,2018/19,2018-11-18,"Daren Sammy National Cricket Stadium, Gros Islet",2,9.3,Bangladesh,South Africa,Rumana Ahmed,Fargana Hoque,S Luus,1,0,,,,,,,,,
1150552,2018/19,2018-11-18,"Daren Sammy National Cricket Stadium, Gros Islet",2,9.4,Bangladesh,South Africa,Fargana Hoque,Rumana Ahmed,S Luus,0,0,,,,,,,,,
1150552,2018/19,2018-11-18,"Daren Sammy National Cricket Stadium, Gros Islet",2,9.5,Bangladesh,South Africa,Fargana Hoque,Rumana Ahmed,S Luus,0,0,,,,,,,,,
1150552,2018/19,2018-11-18,"Daren Sammy National Cricket Stadium, Gros Islet",2,9.6,Bangladesh,South Africa,Fargana Hoque,Rumana Ahmed,S Luus,2,0,,,,,,,,,
1150552,2018/19,2018-11-18,"Daren Sammy National Cricket Stadium, Gros Islet",2,10.1,Bangladesh,South Africa,Rumana Ahmed,Fargana Hoque,D van Niekerk,0,0,,,,,,,,,
1150552,2018/19,2018-11-18,"Daren Sammy National Cricket Stadium, Gros Islet",2,10.2,Bangladesh,South Africa,Rumana Ahmed,Fargana Hoque,D van Niekerk,1,0,,,,,,,,,
1150552,2018/19,2018-11-18,"Daren Sammy National Cricket Stadium, Gros Islet",2,10.3,Bangladesh,South Africa,Fargana Hoque,Rumana Ahmed,D van Niekerk,0,0,,,,,,,,,
1150552,2018/19,2018-11-18,"Daren Sammy National Cricket Stadium, Gros Islet",2,10.4,Bangladesh,South Africa,Fargana Hoque,Rumana Ahmed,D van Niekerk,0,0,,,,,,,,,
1150552,2018/19,2018-11-18,"Daren Sammy National Cricket Stadium, Gros Islet",2,10.5,Bangladesh,South Africa,Fargana Hoque,Rumana Ahmed,D van Niekerk,0,0,,,,,,,,,
1150552,2018/19,2018-11-18,"Daren Sammy National Cricket Stadium, Gros Islet",2,10.6,Bangladesh,South Africa,Fargana Hoque,Rumana Ahmed,D van Niekerk,1,0,,,,,,,,,
1150552,2018/19,2018-11-18,"Daren Sammy National Cricket Stadium, Gros Islet",2,11.1,Bangladesh,South Africa,Fargana Hoque,Rumana Ahmed,S Luus,1,0,,,,,,,,,
1150552,2018/19,2018-11-18,"Daren Sammy National Cricket Stadium, Gros Islet",2,11.2,Bangladesh,South Africa,Rumana Ahmed,Fargana Hoque,S Luus,2,0,,,,,,,,,
1150552,2018/19,2018-11-18,"Daren Sammy National Cricket Stadium, Gros Islet",2,11.3,Bangladesh,South Africa,Rumana Ahmed,Fargana Hoque,S Luus,0,0,,,,,,,,,
1150552,2018/19,2018-11-18,"Daren Sammy National Cricket Stadium, Gros Islet",2,11.4,Bangladesh,South Africa,Rumana Ahmed,Fargana Hoque,S Luus,1,0,,,,,,,,,
1150552,2018/19,2018-11-18,"Daren Sammy National Cricket Stadium, Gros Islet",2,11.5,Bangladesh,South Africa,Fargana Hoque,Rumana Ahmed,S Luus,1,0,,,,,,,,,
1150552,2018/19,2018-11-18,"Daren Sammy National Cricket Stadium, Gros Islet",2,11.6,Bangladesh,South Africa,Rumana Ahmed,Fargana Hoque,S Luus,1,0,,,,,,,,,
1150552,2018/19,2018-11-18,"Daren Sammy National Cricket Stadium, Gros Islet",2,12.1,Bangladesh,South Africa,Rumana Ahmed,Fargana Hoque,D van Niekerk,1,0,,,,,,,,,
1150552,2018/19,2018-11-18,"Daren Sammy National Cricket Stadium, Gros Islet",2,12.2,Bangladesh,South Africa,Fargana Hoque,Rumana Ahmed,D van Niekerk,0,1,,,,1,,,,,
1150552,2018/19,2018-11-18,"Daren Sammy National Cricket Stadium, Gros Islet",2,12.3,Bangladesh,South Africa,Rumana Ahmed,Fargana Hoque,D van Niekerk,1,0,,,,,,,,,
1150552,2018/19,2018-11-18,"Daren Sammy National Cricket Stadium, Gros Islet",2,12.4,Bangladesh,South Africa,Fargana Hoque,Rumana Ahmed,D van Niekerk,1,0,,,,,,,,,
1150552,2018/19,2018-11-18,"Daren Sammy National Cricket Stadium, Gros Islet",2,12.5,Bangladesh,South Africa,Rumana Ahmed,Fargana Hoque,D van Niekerk,2,0,,,,,,,,,
1150552,2018/19,2018-11-18,"Daren Sammy National Cricket Stadium, Gros Islet",2,12.6,Bangladesh,South Africa,Rumana Ahmed,Fargana Hoque,D van Niekerk,0,0,,,,,,,,,
1150552,2018/19,2018-11-18,"Daren Sammy National Cricket Stadium, Gros Islet",2,13.1,Bangladesh,South Africa,Fargana Hoque,Rumana Ahmed,M Klaas,1,0,,,,,,,,,
1150552,2018/19,2018-11-18,"Daren Sammy National Cricket Stadium, Gros Islet",2,13.2,Bangladesh,South Africa,Rumana Ahmed,Fargana Hoque,M Klaas,0,0,,,,,,,,,
1150552,2018/19,2018-11-18,"Daren Sammy National Cricket Stadium, Gros Islet",2,13.3,Bangladesh,South Africa,Rumana Ahmed,Fargana Hoque,M Klaas,0,0,,,,,,,,,
1150552,2018/19,2018-11-18,"Daren Sammy National Cricket Stadium, Gros Islet",2,13.4,Bangladesh,South Africa,Rumana Ahmed,Fargana Hoque,M Klaas,0,0,,,,,,,,,
1150552,2018/19,2018-11-18,"Daren Sammy National Cricket Stadium, Gros Islet",2,13.5,Bangladesh,South Africa,Rumana Ahmed,Fargana Hoque,M Klaas,0,0,,,,,,,,,
1150552,2018/19,2018-11-18,"Daren Sammy National Cricket Stadium, Gros Islet",2,13.6,Bangladesh,South Africa,Rumana Ahmed,Fargana Hoque,M Klaas,0,0,,,,,,,,,
1150552,2018/19,2018-11-18,"Daren Sammy National Cricket Stadium, Gros Islet",2,14.1,Bangladesh,South Africa,Fargana Hoque,Rumana Ahmed,TS Sekhukhune,0,0,,,,,,,,,
1150552,2018/19,2018-11-18,"Daren Sammy National Cricket Stadium, Gros Islet",2,14.2,Bangladesh,South Africa,Fargana Hoque,Rumana Ahmed,TS Sekhukhune,0,0,,,,,,,,,
1150552,2018/19,2018-11-18,"Daren Sammy National Cricket Stadium, Gros Islet",2,14.3,Bangladesh,South Africa,Fargana Hoque,Rumana Ahmed,TS Sekhukhune,0,0,,,,,,,,,
1150552,2018/19,2018-11-18,"Daren Sammy National Cricket Stadium, Gros Islet",2,14.4,Bangladesh,South Africa,Fargana Hoque,Rumana Ahmed,TS Sekhukhune,0,0,,,,,,,,,
1150552,2018/19,2018-11-18,"Daren Sammy National Cricket Stadium, Gros Islet",2,14.5,Bangladesh,South Africa,Fargana Hoque,Rumana Ahmed,TS Sekhukhune,1,0,,,,,,,,,
1150552,2018/19,2018-11-18,"Daren Sammy National Cricket Stadium, Gros Islet",2,14.6,Bangladesh,South Africa,Rumana Ahmed,Fargana Hoque,TS Sekhukhune,1,0,,,,,,,,,
1150552,2018/19,2018-11-18,"Daren Sammy National Cricket Stadium, Gros Islet",2,15.1,Bangladesh,South Africa,Rumana Ahmed,Fargana Hoque,M Klaas,0,0,,,,,,,,,
1150552,2018/19,2018-11-18,"Daren Sammy National Cricket Stadium, Gros Islet",2,15.2,Bangladesh,South Africa,Rumana Ahmed,Fargana Hoque,M Klaas,0,0,,,,,,,,,
1150552,2018/19,2018-11-18,"Daren Sammy National Cricket Stadium, Gros Islet",2,15.3,Bangladesh,South Africa,Rumana Ahmed,Fargana Hoque,M Klaas,0,0,,,,,,,,,
1150552,2018/19,2018-11-18,"Daren Sammy National Cricket Stadium, Gros Islet",2,15.4,Bangladesh,South Africa,Rumana Ahmed,Fargana Hoque,M Klaas,1,0,,,,,,,,,
1150552,2018/19,2018-11-18,"Daren Sammy National Cricket Stadium, Gros Islet",2,15.5,Bangladesh,South Africa,Fargana Hoque,Rumana Ahmed,M Klaas,1,0,,,,,,,,,
1150552,2018/19,2018-11-18,"Daren Sammy National Cricket Stadium, Gros Islet",2,15.6,Bangladesh,South Africa,Rumana Ahmed,Fargana Hoque,M Klaas,0,0,,,,,,,,,
1150552,2018/19,2018-11-18,"Daren Sammy National Cricket Stadium, Gros Islet",2,16.1,Bangladesh,South Africa,Fargana Hoque,Rumana Ahmed,TS Sekhukhune,1,0,,,,,,,,,
1150552,2018/19,2018-11-18,"Daren Sammy National Cricket Stadium, Gros Islet",2,16.2,Bangladesh,South Africa,Rumana Ahmed,Fargana Hoque,TS Sekhukhune,1,0,,,,,,,,,
1150552,2018/19,2018-11-18,"Daren Sammy National Cricket Stadium, Gros Islet",2,16.3,Bangladesh,South Africa,Fargana Hoque,Rumana Ahmed,TS Sekhukhune,0,0,,,,,,caught,Fargana Hoque,,
1150552,2018/19,2018-11-18,"Daren Sammy National Cricket Stadium, Gros Islet",2,16.4,Bangladesh,South Africa,Rumana Ahmed,Jahanara Alam,TS Sekhukhune,0,0,,,,,,,,,
1150552,2018/19,2018-11-18,"Daren Sammy National Cricket Stadium, Gros Islet",2,16.5,Bangladesh,South Africa,Rumana Ahmed,Jahanara Alam,TS Sekhukhune,4,0,,,,,,,,,
1150552,2018/19,2018-11-18,"Daren Sammy National Cricket Stadium, Gros Islet",2,16.6,Bangladesh,South Africa,Rumana Ahmed,Jahanara Alam,TS Sekhukhune,4,0,,,,,,,,,
1150552,2018/19,2018-11-18,"Daren Sammy National Cricket Stadium, Gros Islet",2,17.1,Bangladesh,South Africa,Jahanara Alam,Rumana Ahmed,M Klaas,0,0,,,,,,,,,
1150552,2018/19,2018-11-18,"Daren Sammy National Cricket Stadium, Gros Islet",2,17.2,Bangladesh,South Africa,Jahanara Alam,Rumana Ahmed,M Klaas,0,0,,,,,,,,,
1150552,2018/19,2018-11-18,"Daren Sammy National Cricket Stadium, Gros Islet",2,17.3,Bangladesh,South Africa,Jahanara Alam,Rumana Ahmed,M Klaas,0,0,,,,,,caught,Jahanara Alam,,
1150552,2018/19,2018-11-18,"Daren Sammy National Cricket Stadium, Gros Islet",2,17.4,Bangladesh,South Africa,Rumana Ahmed,Salma Khatun,M Klaas,0,0,,,,,,,,,
1150552,2018/19,2018-11-18,"Daren Sammy National Cricket Stadium, Gros Islet",2,17.5,Bangladesh,South Africa,Rumana Ahmed,Salma Khatun,M Klaas,2,0,,,,,,,,,
1150552,2018/19,2018-11-18,"Daren Sammy National Cricket Stadium, Gros Islet",2,17.6,Bangladesh,South Africa,Rumana Ahmed,Salma Khatun,M Klaas,1,0,,,,,,,,,
1150552,2018/19,2018-11-18,"Daren Sammy National Cricket Stadium, Gros Islet",2,18.1,Bangladesh,South Africa,Rumana Ahmed,Salma Khatun,Z Mali,1,0,,,,,,,,,
1150552,2018/19,2018-11-18,"Daren Sammy National Cricket Stadium, Gros Islet",2,18.2,Bangladesh,South Africa,Salma Khatun,Rumana Ahmed,Z Mali,4,0,,,,,,,,,
1150552,2018/19,2018-11-18,"Daren Sammy National Cricket Stadium, Gros Islet",2,18.3,Bangladesh,South Africa,Salma Khatun,Rumana Ahmed,Z Mali,1,0,,,,,,,,,
1150552,2018/19,2018-11-18,"Daren Sammy National Cricket Stadium, Gros Islet",2,18.4,Bangladesh,South Africa,Rumana Ahmed,Salma Khatun,Z Mali,0,0,,,,,,,,,
1150552,2018/19,2018-11-18,"Daren Sammy National Cricket Stadium, Gros Islet",2,18.5,Bangladesh,South Africa,Rumana Ahmed,Salma Khatun,Z Mali,0,0,,,,,,,,,
1150552,2018/19,2018-11-18,"Daren Sammy National Cricket Stadium, Gros Islet",2,18.6,Bangladesh,South Africa,Rumana Ahmed,Salma Khatun,Z Mali,1,0,,,,,,,,,
1150552,2018/19,2018-11-18,"Daren Sammy National Cricket Stadium, Gros Islet",2,19.1,Bangladesh,South Africa,Rumana Ahmed,Salma Khatun,M Klaas,1,0,,,,,,,,,
1150552,2018/19,2018-11-18,"Daren Sammy National Cricket Stadium, Gros Islet",2,19.2,Bangladesh,South Africa,Salma Khatun,Rumana Ahmed,M Klaas,1,0,,,,,,,,,
1150552,2018/19,2018-11-18,"Daren Sammy National Cricket Stadium, Gros Islet",2,19.3,Bangladesh,South Africa,Rumana Ahmed,Salma Khatun,M Klaas,2,0,,,,,,,,,
1150552,2018/19,2018-11-18,"Daren Sammy National Cricket Stadium, Gros Islet",2,19.4,Bangladesh,South Africa,Rumana Ahmed,Salma Khatun,M Klaas,1,0,,,,,,,,,
1150552,2018/19,2018-11-18,"Daren Sammy National Cricket Stadium, Gros Islet",2,19.5,Bangladesh,South Africa,Salma Khatun,Rumana Ahmed,M Klaas,1,0,,,,,,,,,
1150552,2018/19,2018-11-18,"Daren Sammy National Cricket Stadium, Gros Islet",2,19.6,Bangladesh,South Africa,Rumana Ahmed,Salma Khatun,M Klaas,1,0,,,,,,,,,
