match_id,season,start_date,venue,innings,ball,batting_team,bowling_team,striker,non_striker,bowler,runs_off_bat,extras,wides,noballs,byes,legbyes,penalty,wicket_type,player_dismissed,other_wicket_type,other_player_dismissed
1150545,2018/19,2018-11-15,Providence Stadium,1,0.1,India,Ireland,M Raj,S Mandhana,EAJ Richardson,0,0,,,,,,,,,
1150545,2018/19,2018-11-15,Providence Stadium,1,0.2,India,Ireland,M Raj,S Mandhana,EAJ Richardson,0,0,,,,,,,,,
1150545,2018/19,2018-11-15,Providence Stadium,1,0.3,India,Ireland,M Raj,S Mandhana,EAJ Richardson,0,0,,,,,,,,,
1150545,2018/19,2018-11-15,Providence Stadium,1,0.4,India,Ireland,M Raj,S Mandhana,EAJ Richardson,0,1,1,,,,,,,,
1150545,2018/19,2018-11-15,Providence Stadium,1,0.5,India,Ireland,M Raj,S Mandhana,EAJ Richardson,1,0,,,,,,,,,
1150545,2018/19,2018-11-15,Providence Stadium,1,0.6,India,Ireland,S Mandhana,M Raj,EAJ Richardson,0,0,,,,,,,,,
1150545,2018/19,2018-11-15,Providence Stadium,1,0.7,India,Ireland,S Mandhana,M Raj,EAJ Richardson,4,0,,,,,,,,,
1150545,2018/19,2018-11-15,Providence Stadium,1,1.1,India,Ireland,M Raj,S Mandhana,LK O'Reilly,1,0,,,,,,,,,
1150545,2018/19,2018-11-15,Providence Stadium,1,1.2,India,Ireland,S Mandhana,M Raj,LK O'Reilly,4,0,,,,,,,,,
1150545,2018/19,2018-11-15,Providence Stadium,1,1.3,India,Ireland,S Mandhana,M Raj,LK O'Reilly,0,0,,,,,,,,,
1150545,2018/19,2018-11-15,Providence Stadium,1,1.4,India,Ireland,S Mandhana,M Raj,LK O'Reilly,0,0,,,,,,,,,
1150545,2018/19,2018-11-15,Providence Stadium,1,1.5,India,Ireland,S Mandhana,M Raj,LK O'Reilly,0,0,,,,,,,,,
1150545,2018/19,2018-11-15,Providence Stadium,1,1.6,India,Ireland,S Mandhana,M Raj,LK O'Reilly,0,0,,,,,,,,,
1150545,2018/19,2018-11-15,Providence Stadium,1,2.1,India,Ireland,M Raj,S Mandhana,EAJ Richardson,1,0,,,,,,,,,
1150545,2018/19,2018-11-15,Providence Stadium,1,2.2,India,Ireland,S Mandhana,M Raj,EAJ Richardson,1,0,,,,,,,,,
1150545,2018/19,2018-11-15,Providence Stadium,1,2.3,India,Ireland,M Raj,S Mandhana,EAJ Richardson,0,0,,,,,,,,,
1150545,2018/19,2018-11-15,Providence Stadium,1,2.4,India,Ireland,M Raj,S Mandhana,EAJ Richardson,0,0,,,,,,,,,
1150545,2018/19,2018-11-15,Providence Stadium,1,2.5,India,Ireland,M Raj,S Mandhana,EAJ Richardson,0,0,,,,,,,,,
1150545,2018/19,2018-11-15,Providence Stadium,1,2.6,India,Ireland,M Raj,S Mandhana,EAJ Richardson,0,0,,,,,,,,,
1150545,2018/19,2018-11-15,Providence Stadium,1,3.1,India,Ireland,S Mandhana,M Raj,KJ Garth,1,0,,,,,,,,,
1150545,2018/19,2018-11-15,Providence Stadium,1,3.2,India,Ireland,M Raj,S Mandhana,KJ Garth,0,0,,,,,,,,,
1150545,2018/19,2018-11-15,Providence Stadium,1,3.3,India,Ireland,M Raj,S Mandhana,KJ Garth,1,0,,,,,,,,,
1150545,2018/19,2018-11-15,Providence Stadium,1,3.4,India,Ireland,S Mandhana,M Raj,KJ Garth,1,0,,,,,,,,,
1150545,2018/19,2018-11-15,Providence Stadium,1,3.5,India,Ireland,M Raj,S Mandhana,KJ Garth,0,0,,,,,,,,,
1150545,2018/19,2018-11-15,Providence Stadium,1,3.6,India,Ireland,M Raj,S Mandhana,KJ Garth,0,0,,,,,,,,,
1150545,2018/19,2018-11-15,Providence Stadium,1,4.1,India,Ireland,S Mandhana,M Raj,EAJ Richardson,4,0,,,,,,,,,
1150545,2018/19,2018-11-15,Providence Stadium,1,4.2,India,Ireland,S Mandhana,M Raj,EAJ Richardson,0,0,,,,,,,,,
1150545,2018/19,2018-11-15,Providence Stadium,1,4.3,India,Ireland,S Mandhana,M Raj,EAJ Richardson,1,0,,,,,,,,,
1150545,2018/19,2018-11-15,Providence Stadium,1,4.4,India,Ireland,M Raj,S Mandhana,EAJ Richardson,0,0,,,,,,,,,
1150545,2018/19,2018-11-15,Providence Stadium,1,4.5,India,Ireland,M Raj,S Mandhana,EAJ Richardson,0,0,,,,,,,,,
1150545,2018/19,2018-11-15,Providence Stadium,1,4.6,India,Ireland,M Raj,S Mandhana,EAJ Richardson,6,0,,,,,,,,,
1150545,2018/19,2018-11-15,Providence Stadium,1,5.1,India,Ireland,S Mandhana,M Raj,L Maritz,0,1,,1,,,,,,,
1150545,2018/19,2018-11-15,Providence Stadium,1,5.2,India,Ireland,S Mandhana,M Raj,L Maritz,0,0,,,,,,,,,
1150545,2018/19,2018-11-15,Providence Stadium,1,5.3,India,Ireland,S Mandhana,M Raj,L Maritz,4,0,,,,,,,,,
1150545,2018/19,2018-11-15,Providence Stadium,1,5.4,India,Ireland,S Mandhana,M Raj,L Maritz,1,0,,,,,,,,,
1150545,2018/19,2018-11-15,Providence Stadium,1,5.5,India,Ireland,M Raj,S Mandhana,L Maritz,0,0,,,,,,,,,
1150545,2018/19,2018-11-15,Providence Stadium,1,5.6,India,Ireland,M Raj,S Mandhana,L Maritz,0,1,1,,,,,,,,
1150545,2018/19,2018-11-15,Providence Stadium,1,5.7,India,Ireland,M Raj,S Mandhana,L Maritz,4,0,,,,,,,,,
1150545,2018/19,2018-11-15,Providence Stadium,1,5.8,India,Ireland,M Raj,S Mandhana,L Maritz,4,0,,,,,,,,,
1150545,2018/19,2018-11-15,Providence Stadium,1,6.1,India,Ireland,S Mandhana,M Raj,C Raack,0,0,,,,,,,,,
1150545,2018/19,2018-11-15,Providence Stadium,1,6.2,India,Ireland,S Mandhana,M Raj,C Raack,1,0,,,,,,,,,
1150545,2018/19,2018-11-15,Providence Stadium,1,6.3,India,Ireland,M Raj,S Mandhana,C Raack,1,0,,,,,,,,,
1150545,2018/19,2018-11-15,Providence Stadium,1,6.4,India,Ireland,S Mandhana,M Raj,C Raack,0,0,,,,,,,,,
1150545,2018/19,2018-11-15,Providence Stadium,1,6.5,India,Ireland,S Mandhana,M Raj,C Raack,0,0,,,,,,,,,
1150545,2018/19,2018-11-15,Providence Stadium,1,6.6,India,Ireland,S Mandhana,M Raj,C Raack,6,0,,,,,,,,,
1150545,2018/19,2018-11-15,Providence Stadium,1,7.1,India,Ireland,M Raj,S Mandhana,KJ Garth,1,0,,,,,,,,,
1150545,2018/19,2018-11-15,Providence Stadium,1,7.2,India,Ireland,S Mandhana,M Raj,KJ Garth,1,0,,,,,,,,,
1150545,2018/19,2018-11-15,Providence Stadium,1,7.3,India,Ireland,M Raj,S Mandhana,KJ Garth,0,0,,,,,,,,,
1150545,2018/19,2018-11-15,Providence Stadium,1,7.4,India,Ireland,M Raj,S Mandhana,KJ Garth,0,0,,,,,,,,,
1150545,2018/19,2018-11-15,Providence Stadium,1,7.5,India,Ireland,M Raj,S Mandhana,KJ Garth,0,0,,,,,,,,,
1150545,2018/19,2018-11-15,Providence Stadium,1,7.6,India,Ireland,M Raj,S Mandhana,KJ Garth,4,0,,,,,,,,,
1150545,2018/19,2018-11-15,Providence Stadium,1,8.1,India,Ireland,S Mandhana,M Raj,IMHC Joyce,1,0,,,,,,,,,
1150545,2018/19,2018-11-15,Providence Stadium,1,8.2,India,Ireland,M Raj,S Mandhana,IMHC Joyce,1,0,,,,,,,,,
1150545,2018/19,2018-11-15,Providence Stadium,1,8.3,India,Ireland,S Mandhana,M Raj,IMHC Joyce,1,0,,,,,,,,,
1150545,2018/19,2018-11-15,Providence Stadium,1,8.4,India,Ireland,M Raj,S Mandhana,IMHC Joyce,1,0,,,,,,,,,
1150545,2018/19,2018-11-15,Providence Stadium,1,8.5,India,Ireland,S Mandhana,M Raj,IMHC Joyce,1,0,,,,,,,,,
1150545,2018/19,2018-11-15,Providence Stadium,1,8.6,India,Ireland,M Raj,S Mandhana,IMHC Joyce,0,0,,,,,,,,,
1150545,2018/19,2018-11-15,Providence Stadium,1,9.1,India,Ireland,S Mandhana,M Raj,KJ Garth,1,0,,,,,,,,,
1150545,2018/19,2018-11-15,Providence Stadium,1,9.2,India,Ireland,M Raj,S Mandhana,KJ Garth,4,0,,,,,,,,,
1150545,2018/19,2018-11-15,Providence Stadium,1,9.3,India,Ireland,M Raj,S Mandhana,KJ Garth,0,0,,,,,,,,,
1150545,2018/19,2018-11-15,Providence Stadium,1,9.4,India,Ireland,M Raj,S Mandhana,KJ Garth,1,0,,,,,,,,,
1150545,2018/19,2018-11-15,Providence Stadium,1,9.5,India,Ireland,S Mandhana,M Raj,KJ Garth,0,0,,,,,,,,,
1150545,2018/19,2018-11-15,Providence Stadium,1,9.6,India,Ireland,S Mandhana,M Raj,KJ Garth,0,0,,,,,,bowled,S Mandhana,,
1150545,2018/19,2018-11-15,Providence Stadium,1,10.1,India,Ireland,M Raj,JI Rodrigues,IMHC Joyce,0,0,,,,,,,,,
1150545,2018/19,2018-11-15,Providence Stadium,1,10.2,India,Ireland,M Raj,JI Rodrigues,IMHC Joyce,1,0,,,,,,,,,
1150545,2018/19,2018-11-15,Providence Stadium,1,10.3,India,Ireland,JI Rodrigues,M Raj,IMHC Joyce,1,0,,,,,,,,,
1150545,2018/19,2018-11-15,Providence Stadium,1,10.4,India,Ireland,M Raj,JI Rodrigues,IMHC Joyce,1,0,,,,,,,,,
1150545,2018/19,2018-11-15,Providence Stadium,1,10.5,India,Ireland,JI Rodrigues,M Raj,IMHC Joyce,1,0,,,,,,,,,
1150545,2018/19,2018-11-15,Providence Stadium,1,10.6,India,Ireland,M Raj,JI Rodrigues,IMHC Joyce,0,1,1,,,,,,,,
1150545,2018/19,2018-11-15,Providence Stadium,1,10.7,India,Ireland,M Raj,JI Rodrigues,IMHC Joyce,1,0,,,,,,,,,
1150545,2018/19,2018-11-15,Providence Stadium,1,11.1,India,Ireland,M Raj,JI Rodrigues,LK O'Reilly,0,0,,,,,,,,,
1150545,2018/19,2018-11-15,Providence Stadium,1,11.2,India,Ireland,M Raj,JI Rodrigues,LK O'Reilly,2,0,,,,,,,,,
1150545,2018/19,2018-11-15,Providence Stadium,1,11.3,India,Ireland,M Raj,JI Rodrigues,LK O'Reilly,2,0,,,,,,,,,
1150545,2018/19,2018-11-15,Providence Stadium,1,11.4,India,Ireland,M Raj,JI Rodrigues,LK O'Reilly,0,0,,,,,,,,,
1150545,2018/19,2018-11-15,Providence Stadium,1,11.5,India,Ireland,M Raj,JI Rodrigues,LK O'Reilly,0,5,5,,,,,,,,
1150545,2018/19,2018-11-15,Providence Stadium,1,11.6,India,Ireland,M Raj,JI Rodrigues,LK O'Reilly,1,0,,,,,,,,,
1150545,2018/19,2018-11-15,Providence Stadium,1,11.7,India,Ireland,JI Rodrigues,M Raj,LK O'Reilly,4,0,,,,,,,,,
1150545,2018/19,2018-11-15,Providence Stadium,1,12.1,India,Ireland,M Raj,JI Rodrigues,L Delany,1,0,,,,,,,,,
1150545,2018/19,2018-11-15,Providence Stadium,1,12.2,India,Ireland,JI Rodrigues,M Raj,L Delany,0,0,,,,,,,,,
1150545,2018/19,2018-11-15,Providence Stadium,1,12.3,India,Ireland,JI Rodrigues,M Raj,L Delany,0,0,,,,,,,,,
1150545,2018/19,2018-11-15,Providence Stadium,1,12.4,India,Ireland,JI Rodrigues,M Raj,L Delany,1,0,,,,,,,,,
1150545,2018/19,2018-11-15,Providence Stadium,1,12.5,India,Ireland,M Raj,JI Rodrigues,L Delany,1,0,,,,,,,,,
1150545,2018/19,2018-11-15,Providence Stadium,1,12.6,India,Ireland,JI Rodrigues,M Raj,L Delany,4,0,,,,,,,,,
1150545,2018/19,2018-11-15,Providence Stadium,1,13.1,India,Ireland,M Raj,JI Rodrigues,L Maritz,1,0,,,,,,,,,
1150545,2018/19,2018-11-15,Providence Stadium,1,13.2,India,Ireland,JI Rodrigues,M Raj,L Maritz,1,0,,,,,,,,,
1150545,2018/19,2018-11-15,Providence Stadium,1,13.3,India,Ireland,M Raj,JI Rodrigues,L Maritz,0,0,,,,,,,,,
1150545,2018/19,2018-11-15,Providence Stadium,1,13.4,India,Ireland,M Raj,JI Rodrigues,L Maritz,1,0,,,,,,,,,
1150545,2018/19,2018-11-15,Providence Stadium,1,13.5,India,Ireland,JI Rodrigues,M Raj,L Maritz,4,0,,,,,,,,,
1150545,2018/19,2018-11-15,Providence Stadium,1,13.6,India,Ireland,JI Rodrigues,M Raj,L Maritz,1,0,,,,,,,,,
1150545,2018/19,2018-11-15,Providence Stadium,1,14.1,India,Ireland,JI Rodrigues,M Raj,L Delany,1,0,,,,,,,,,
1150545,2018/19,2018-11-15,Providence Stadium,1,14.2,India,Ireland,M Raj,JI Rodrigues,L Delany,2,0,,,,,,,,,
1150545,2018/19,2018-11-15,Providence Stadium,1,14.3,India,Ireland,M Raj,JI Rodrigues,L Delany,1,0,,,,,,,,,
1150545,2018/19,2018-11-15,Providence Stadium,1,14.4,India,Ireland,JI Rodrigues,M Raj,L Delany,0,1,1,,,,,stumped,JI Rodrigues,,
1150545,2018/19,2018-11-15,Providence Stadium,1,14.5,India,Ireland,H Kaur,M Raj,L Delany,1,0,,,,,,,,,
1150545,2018/19,2018-11-15,Providence Stadium,1,14.6,India,Ireland,M Raj,H Kaur,L Delany,0,0,,,,,,,,,
1150545,2018/19,2018-11-15,Providence Stadium,1,14.7,India,Ireland,M Raj,H Kaur,L Delany,1,0,,,,,,,,,
1150545,2018/19,2018-11-15,Providence Stadium,1,15.1,India,Ireland,M Raj,H Kaur,EAJ Richardson,0,1,,,,1,,,,,
1150545,2018/19,2018-11-15,Providence Stadium,1,15.2,India,Ireland,H Kaur,M Raj,EAJ Richardson,6,0,,,,,,,,,
1150545,2018/19,2018-11-15,Providence Stadium,1,15.3,India,Ireland,H Kaur,M Raj,EAJ Richardson,0,0,,,,,,caught,H Kaur,,
1150545,2018/19,2018-11-15,Providence Stadium,1,15.4,India,Ireland,M Raj,V Krishnamurthy,EAJ Richardson,1,0,,,,,,,,,
1150545,2018/19,2018-11-15,Providence Stadium,1,15.5,India,Ireland,V Krishnamurthy,M Raj,EAJ Richardson,0,0,,,,,,,,,
1150545,2018/19,2018-11-15,Providence Stadium,1,15.6,India,Ireland,V Krishnamurthy,M Raj,EAJ Richardson,1,0,,,,,,,,,
1150545,2018/19,2018-11-15,Providence Stadium,1,16.1,India,Ireland,V Krishnamurthy,M Raj,L Delany,1,0,,,,,,,,,
1150545,2018/19,2018-11-15,Providence Stadium,1,16.2,India,Ireland,M Raj,V Krishnamurthy,L Delany,1,0,,,,,,,,,
1150545,2018/19,2018-11-15,Providence Stadium,1,16.3,India,Ireland,V Krishnamurthy,M Raj,L Delany,0,0,,,,,,,,,
1150545,2018/19,2018-11-15,Providence Stadium,1,16.4,India,Ireland,V Krishnamurthy,M Raj,L Delany,4,0,,,,,,,,,
1150545,2018/19,2018-11-15,Providence Stadium,1,16.5,India,Ireland,V Krishnamurthy,M Raj,L Delany,0,0,,,,,,,,,
1150545,2018/19,2018-11-15,Providence Stadium,1,16.6,India,Ireland,V Krishnamurthy,M Raj,L Delany,1,0,,,,,,,,,
1150545,2018/19,2018-11-15,Providence Stadium,1,17.1,India,Ireland,V Krishnamurthy,M Raj,LK O'Reilly,2,0,,,,,,,,,
1150545,2018/19,2018-11-15,Providence Stadium,1,17.2,India,Ireland,V Krishnamurthy,M Raj,LK O'Reilly,0,0,,,,,,bowled,V Krishnamurthy,,
1150545,2018/19,2018-11-15,Providence Stadium,1,17.3,India,Ireland,D Hemalatha,M Raj,LK O'Reilly,1,0,,,,,,,,,
1150545,2018/19,2018-11-15,Providence Stadium,1,17.4,India,Ireland,M Raj,D Hemalatha,LK O'Reilly,1,0,,,,,,,,,
1150545,2018/19,2018-11-15,Providence Stadium,1,17.5,India,Ireland,D Hemalatha,M Raj,LK O'Reilly,0,0,,,,,,,,,
1150545,2018/19,2018-11-15,Providence Stadium,1,17.6,India,Ireland,D Hemalatha,M Raj,LK O'Reilly,2,0,,,,,,,,,
1150545,2018/19,2018-11-15,Providence Stadium,1,18.1,India,Ireland,M Raj,D Hemalatha,KJ Garth,1,0,,,,,,,,,
1150545,2018/19,2018-11-15,Providence Stadium,1,18.2,India,Ireland,D Hemalatha,M Raj,KJ Garth,1,0,,,,,,,,,
1150545,2018/19,2018-11-15,Providence Stadium,1,18.3,India,Ireland,M Raj,D Hemalatha,KJ Garth,0,0,,,,,,caught,M Raj,,
1150545,2018/19,2018-11-15,Providence Stadium,1,18.4,India,Ireland,DB Sharma,D Hemalatha,KJ Garth,4,0,,,,,,,,,
1150545,2018/19,2018-11-15,Providence Stadium,1,18.5,India,Ireland,DB Sharma,D Hemalatha,KJ Garth,1,0,,,,,,,,,
1150545,2018/19,2018-11-15,Providence Stadium,1,18.6,India,Ireland,D Hemalatha,DB Sharma,KJ Garth,0,0,,,,,,,,,
1150545,2018/19,2018-11-15,Providence Stadium,1,19.1,India,Ireland,DB Sharma,D Hemalatha,LK O'Reilly,2,0,,,,,,,,,
1150545,2018/19,2018-11-15,Providence Stadium,1,19.2,India,Ireland,DB Sharma,D Hemalatha,LK O'Reilly,0,0,,,,,,,,,
1150545,2018/19,2018-11-15,Providence Stadium,1,19.3,India,Ireland,DB Sharma,D Hemalatha,LK O'Reilly,2,0,,,,,,,,,
1150545,2018/19,2018-11-15,Providence Stadium,1,19.4,India,Ireland,DB Sharma,D Hemalatha,LK O'Reilly,1,0,,,,,,run out,D Hemalatha,,
1150545,2018/19,2018-11-15,Providence Stadium,1,19.5,India,Ireland,RP Yadav,DB Sharma,LK O'Reilly,1,0,,,,,,,,,
1150545,2018/19,2018-11-15,Providence Stadium,1,19.6,India,Ireland,DB Sharma,RP Yadav,LK O'Reilly,1,0,,,,,,,,,
1150545,2018/19,2018-11-15,Providence Stadium,2,0.1,Ireland,India,CMA Shillington,GH Lewis,M Joshi,1,0,,,,,,,,,
1150545,2018/19,2018-11-15,Providence Stadium,2,0.2,Ireland,India,GH Lewis,CMA Shillington,M Joshi,0,0,,,,,,,,,
1150545,2018/19,2018-11-15,Providence Stadium,2,0.3,Ireland,India,GH Lewis,CMA Shillington,M Joshi,0,0,,,,,,,,,
1150545,2018/19,2018-11-15,Providence Stadium,2,0.4,Ireland,India,GH Lewis,CMA Shillington,M Joshi,4,0,,,,,,,,,
1150545,2018/19,2018-11-15,Providence Stadium,2,0.5,Ireland,India,GH Lewis,CMA Shillington,M Joshi,0,0,,,,,,,,,
1150545,2018/19,2018-11-15,Providence Stadium,2,0.6,Ireland,India,GH Lewis,CMA Shillington,M Joshi,0,0,,,,,,,,,
1150545,2018/19,2018-11-15,Providence Stadium,2,1.1,Ireland,India,CMA Shillington,GH Lewis,RP Yadav,2,0,,,,,,,,,
1150545,2018/19,2018-11-15,Providence Stadium,2,1.2,Ireland,India,CMA Shillington,GH Lewis,RP Yadav,1,0,,,,,,,,,
1150545,2018/19,2018-11-15,Providence Stadium,2,1.3,Ireland,India,GH Lewis,CMA Shillington,RP Yadav,0,1,1,,,,,,,,
1150545,2018/19,2018-11-15,Providence Stadium,2,1.4,Ireland,India,GH Lewis,CMA Shillington,RP Yadav,0,0,,,,,,,,,
1150545,2018/19,2018-11-15,Providence Stadium,2,1.5,Ireland,India,GH Lewis,CMA Shillington,RP Yadav,1,0,,,,,,,,,
1150545,2018/19,2018-11-15,Providence Stadium,2,1.6,Ireland,India,CMA Shillington,GH Lewis,RP Yadav,0,1,1,,,,,,,,
1150545,2018/19,2018-11-15,Providence Stadium,2,1.7,Ireland,India,CMA Shillington,GH Lewis,RP Yadav,2,0,,,,,,,,,
1150545,2018/19,2018-11-15,Providence Stadium,2,1.8,Ireland,India,CMA Shillington,GH Lewis,RP Yadav,0,0,,,,,,,,,
1150545,2018/19,2018-11-15,Providence Stadium,2,2.1,Ireland,India,GH Lewis,CMA Shillington,M Joshi,0,0,,,,,,,,,
1150545,2018/19,2018-11-15,Providence Stadium,2,2.2,Ireland,India,GH Lewis,CMA Shillington,M Joshi,0,0,,,,,,,,,
1150545,2018/19,2018-11-15,Providence Stadium,2,2.3,Ireland,India,GH Lewis,CMA Shillington,M Joshi,0,0,,,,,,,,,
1150545,2018/19,2018-11-15,Providence Stadium,2,2.4,Ireland,India,GH Lewis,CMA Shillington,M Joshi,0,0,,,,,,,,,
1150545,2018/19,2018-11-15,Providence Stadium,2,2.5,Ireland,India,GH Lewis,CMA Shillington,M Joshi,0,0,,,,,,,,,
1150545,2018/19,2018-11-15,Providence Stadium,2,2.6,Ireland,India,GH Lewis,CMA Shillington,M Joshi,0,0,,,,,,,,,
1150545,2018/19,2018-11-15,Providence Stadium,2,3.1,Ireland,India,CMA Shillington,GH Lewis,RP Yadav,1,0,,,,,,,,,
1150545,2018/19,2018-11-15,Providence Stadium,2,3.2,Ireland,India,GH Lewis,CMA Shillington,RP Yadav,0,0,,,,,,,,,
1150545,2018/19,2018-11-15,Providence Stadium,2,3.3,Ireland,India,GH Lewis,CMA Shillington,RP Yadav,0,1,1,,,,,,,,
1150545,2018/19,2018-11-15,Providence Stadium,2,3.4,Ireland,India,GH Lewis,CMA Shillington,RP Yadav,1,0,,,,,,,,,
1150545,2018/19,2018-11-15,Providence Stadium,2,3.5,Ireland,India,CMA Shillington,GH Lewis,RP Yadav,4,0,,,,,,,,,
1150545,2018/19,2018-11-15,Providence Stadium,2,3.6,Ireland,India,CMA Shillington,GH Lewis,RP Yadav,0,0,,,,,,,,,
1150545,2018/19,2018-11-15,Providence Stadium,2,3.7,Ireland,India,CMA Shillington,GH Lewis,RP Yadav,0,0,,,,,,,,,
1150545,2018/19,2018-11-15,Providence Stadium,2,4.1,Ireland,India,GH Lewis,CMA Shillington,M Joshi,0,0,,,,,,,,,
1150545,2018/19,2018-11-15,Providence Stadium,2,4.2,Ireland,India,GH Lewis,CMA Shillington,M Joshi,2,0,,,,,,,,,
1150545,2018/19,2018-11-15,Providence Stadium,2,4.3,Ireland,India,GH Lewis,CMA Shillington,M Joshi,1,0,,,,,,,,,
1150545,2018/19,2018-11-15,Providence Stadium,2,4.4,Ireland,India,CMA Shillington,GH Lewis,M Joshi,4,0,,,,,,,,,
1150545,2018/19,2018-11-15,Providence Stadium,2,4.5,Ireland,India,CMA Shillington,GH Lewis,M Joshi,0,0,,,,,,,,,
1150545,2018/19,2018-11-15,Providence Stadium,2,4.6,Ireland,India,CMA Shillington,GH Lewis,M Joshi,0,0,,,,,,,,,
1150545,2018/19,2018-11-15,Providence Stadium,2,5.1,Ireland,India,GH Lewis,CMA Shillington,DB Sharma,0,0,,,,,,bowled,GH Lewis,,
1150545,2018/19,2018-11-15,Providence Stadium,2,5.2,Ireland,India,IMHC Joyce,CMA Shillington,DB Sharma,0,0,,,,,,,,,
1150545,2018/19,2018-11-15,Providence Stadium,2,5.3,Ireland,India,IMHC Joyce,CMA Shillington,DB Sharma,0,0,,,,,,,,,
1150545,2018/19,2018-11-15,Providence Stadium,2,5.4,Ireland,India,IMHC Joyce,CMA Shillington,DB Sharma,0,1,1,,,,,,,,
1150545,2018/19,2018-11-15,Providence Stadium,2,5.5,Ireland,India,IMHC Joyce,CMA Shillington,DB Sharma,0,0,,,,,,,,,
1150545,2018/19,2018-11-15,Providence Stadium,2,5.6,Ireland,India,IMHC Joyce,CMA Shillington,DB Sharma,0,0,,,,,,,,,
1150545,2018/19,2018-11-15,Providence Stadium,2,5.7,Ireland,India,IMHC Joyce,CMA Shillington,DB Sharma,2,0,,,,,,,,,
1150545,2018/19,2018-11-15,Providence Stadium,2,6.1,Ireland,India,CMA Shillington,IMHC Joyce,Poonam Yadav,0,0,,,,,,,,,
1150545,2018/19,2018-11-15,Providence Stadium,2,6.2,Ireland,India,CMA Shillington,IMHC Joyce,Poonam Yadav,0,0,,,,,,,,,
1150545,2018/19,2018-11-15,Providence Stadium,2,6.3,Ireland,India,CMA Shillington,IMHC Joyce,Poonam Yadav,4,0,,,,,,,,,
1150545,2018/19,2018-11-15,Providence Stadium,2,6.4,Ireland,India,CMA Shillington,IMHC Joyce,Poonam Yadav,1,0,,,,,,,,,
1150545,2018/19,2018-11-15,Providence Stadium,2,6.5,Ireland,India,IMHC Joyce,CMA Shillington,Poonam Yadav,0,0,,,,,,,,,
1150545,2018/19,2018-11-15,Providence Stadium,2,6.6,Ireland,India,IMHC Joyce,CMA Shillington,Poonam Yadav,0,0,,,,,,,,,
1150545,2018/19,2018-11-15,Providence Stadium,2,7.1,Ireland,India,CMA Shillington,IMHC Joyce,DB Sharma,0,0,,,,,,,,,
1150545,2018/19,2018-11-15,Providence Stadium,2,7.2,Ireland,India,CMA Shillington,IMHC Joyce,DB Sharma,0,0,,,,,,,,,
1150545,2018/19,2018-11-15,Providence Stadium,2,7.3,Ireland,India,CMA Shillington,IMHC Joyce,DB Sharma,0,1,,,,1,,,,,
1150545,2018/19,2018-11-15,Providence Stadium,2,7.4,Ireland,India,IMHC Joyce,CMA Shillington,DB Sharma,1,0,,,,,,,,,
1150545,2018/19,2018-11-15,Providence Stadium,2,7.5,Ireland,India,CMA Shillington,IMHC Joyce,DB Sharma,0,0,,,,,,,,,
1150545,2018/19,2018-11-15,Providence Stadium,2,7.6,Ireland,India,CMA Shillington,IMHC Joyce,DB Sharma,2,0,,,,,,,,,
1150545,2018/19,2018-11-15,Providence Stadium,2,8.1,Ireland,India,IMHC Joyce,CMA Shillington,Poonam Yadav,0,0,,,,,,,,,
1150545,2018/19,2018-11-15,Providence Stadium,2,8.2,Ireland,India,IMHC Joyce,CMA Shillington,Poonam Yadav,1,0,,,,,,,,,
1150545,2018/19,2018-11-15,Providence Stadium,2,8.3,Ireland,India,CMA Shillington,IMHC Joyce,Poonam Yadav,1,0,,,,,,,,,
1150545,2018/19,2018-11-15,Providence Stadium,2,8.4,Ireland,India,IMHC Joyce,CMA Shillington,Poonam Yadav,1,0,,,,,,,,,
1150545,2018/19,2018-11-15,Providence Stadium,2,8.5,Ireland,India,CMA Shillington,IMHC Joyce,Poonam Yadav,0,0,,,,,,stumped,CMA Shillington,,
1150545,2018/19,2018-11-15,Providence Stadium,2,8.6,Ireland,India,L Delany,IMHC Joyce,Poonam Yadav,0,0,,,,,,,,,
1150545,2018/19,2018-11-15,Providence Stadium,2,9.1,Ireland,India,IMHC Joyce,L Delany,H Kaur,0,0,,,,,,,,,
1150545,2018/19,2018-11-15,Providence Stadium,2,9.2,Ireland,India,IMHC Joyce,L Delany,H Kaur,0,0,,,,,,,,,
1150545,2018/19,2018-11-15,Providence Stadium,2,9.3,Ireland,India,IMHC Joyce,L Delany,H Kaur,1,0,,,,,,,,,
1150545,2018/19,2018-11-15,Providence Stadium,2,9.4,Ireland,India,L Delany,IMHC Joyce,H Kaur,0,0,,,,,,,,,
1150545,2018/19,2018-11-15,Providence Stadium,2,9.5,Ireland,India,L Delany,IMHC Joyce,H Kaur,0,0,,,,,,,,,
1150545,2018/19,2018-11-15,Providence Stadium,2,9.6,Ireland,India,L Delany,IMHC Joyce,H Kaur,0,0,,,,,,,,,
1150545,2018/19,2018-11-15,Providence Stadium,2,10.1,Ireland,India,IMHC Joyce,L Delany,D Hemalatha,4,0,,,,,,,,,
1150545,2018/19,2018-11-15,Providence Stadium,2,10.2,Ireland,India,IMHC Joyce,L Delany,D Hemalatha,0,0,,,,,,,,,
1150545,2018/19,2018-11-15,Providence Stadium,2,10.3,Ireland,India,IMHC Joyce,L Delany,D Hemalatha,0,0,,,,,,,,,
1150545,2018/19,2018-11-15,Providence Stadium,2,10.4,Ireland,India,IMHC Joyce,L Delany,D Hemalatha,1,0,,,,,,,,,
1150545,2018/19,2018-11-15,Providence Stadium,2,10.5,Ireland,India,L Delany,IMHC Joyce,D Hemalatha,1,0,,,,,,,,,
1150545,2018/19,2018-11-15,Providence Stadium,2,10.6,Ireland,India,IMHC Joyce,L Delany,D Hemalatha,4,0,,,,,,,,,
1150545,2018/19,2018-11-15,Providence Stadium,2,11.1,Ireland,India,L Delany,IMHC Joyce,H Kaur,1,0,,,,,,,,,
1150545,2018/19,2018-11-15,Providence Stadium,2,11.2,Ireland,India,IMHC Joyce,L Delany,H Kaur,0,0,,,,,,,,,
1150545,2018/19,2018-11-15,Providence Stadium,2,11.3,Ireland,India,IMHC Joyce,L Delany,H Kaur,1,0,,,,,,,,,
1150545,2018/19,2018-11-15,Providence Stadium,2,11.4,Ireland,India,L Delany,IMHC Joyce,H Kaur,0,0,,,,,,,,,
1150545,2018/19,2018-11-15,Providence Stadium,2,11.5,Ireland,India,L Delany,IMHC Joyce,H Kaur,1,0,,,,,,,,,
1150545,2018/19,2018-11-15,Providence Stadium,2,11.6,Ireland,India,IMHC Joyce,L Delany,H Kaur,0,0,,,,,,,,,
1150545,2018/19,2018-11-15,Providence Stadium,2,12.1,Ireland,India,L Delany,IMHC Joyce,JI Rodrigues,0,1,1,,,,,,,,
1150545,2018/19,2018-11-15,Providence Stadium,2,12.2,Ireland,India,L Delany,IMHC Joyce,JI Rodrigues,1,0,,,,,,,,,
1150545,2018/19,2018-11-15,Providence Stadium,2,12.3,Ireland,India,IMHC Joyce,L Delany,JI Rodrigues,1,0,,,,,,,,,
1150545,2018/19,2018-11-15,Providence Stadium,2,12.4,Ireland,India,L Delany,IMHC Joyce,JI Rodrigues,1,0,,,,,,,,,
1150545,2018/19,2018-11-15,Providence Stadium,2,12.5,Ireland,India,IMHC Joyce,L Delany,JI Rodrigues,0,0,,,,,,,,,
1150545,2018/19,2018-11-15,Providence Stadium,2,12.6,Ireland,India,IMHC Joyce,L Delany,JI Rodrigues,2,0,,,,,,,,,
1150545,2018/19,2018-11-15,Providence Stadium,2,12.7,Ireland,India,IMHC Joyce,L Delany,JI Rodrigues,0,0,,,,,,,,,
1150545,2018/19,2018-11-15,Providence Stadium,2,13.1,Ireland,India,L Delany,IMHC Joyce,Poonam Yadav,1,0,,,,,,,,,
1150545,2018/19,2018-11-15,Providence Stadium,2,13.2,Ireland,India,IMHC Joyce,L Delany,Poonam Yadav,0,1,1,,,,,,,,
1150545,2018/19,2018-11-15,Providence Stadium,2,13.3,Ireland,India,IMHC Joyce,L Delany,Poonam Yadav,0,0,,,,,,,,,
1150545,2018/19,2018-11-15,Providence Stadium,2,13.4,Ireland,India,IMHC Joyce,L Delany,Poonam Yadav,1,0,,,,,,,,,
1150545,2018/19,2018-11-15,Providence Stadium,2,13.5,Ireland,India,L Delany,IMHC Joyce,Poonam Yadav,0,0,,,,,,,,,
1150545,2018/19,2018-11-15,Providence Stadium,2,13.6,Ireland,India,L Delany,IMHC Joyce,Poonam Yadav,0,0,,,,,,,,,
1150545,2018/19,2018-11-15,Providence Stadium,2,13.7,Ireland,India,L Delany,IMHC Joyce,Poonam Yadav,1,0,,,,,,,,,
1150545,2018/19,2018-11-15,Providence Stadium,2,14.1,Ireland,India,L Delany,IMHC Joyce,RP Yadav,1,0,,,,,,,,,
1150545,2018/19,2018-11-15,Providence Stadium,2,14.2,Ireland,India,IMHC Joyce,L Delany,RP Yadav,1,0,,,,,,,,,
1150545,2018/19,2018-11-15,Providence Stadium,2,14.3,Ireland,India,L Delany,IMHC Joyce,RP Yadav,1,0,,,,,,,,,
1150545,2018/19,2018-11-15,Providence Stadium,2,14.4,Ireland,India,IMHC Joyce,L Delany,RP Yadav,1,0,,,,,,,,,
1150545,2018/19,2018-11-15,Providence Stadium,2,14.5,Ireland,India,L Delany,IMHC Joyce,RP Yadav,0,0,,,,,,stumped,L Delany,,
1150545,2018/19,2018-11-15,Providence Stadium,2,14.6,Ireland,India,SM Kavanagh,IMHC Joyce,RP Yadav,1,0,,,,,,,,,
1150545,2018/19,2018-11-15,Providence Stadium,2,15.1,Ireland,India,SM Kavanagh,IMHC Joyce,H Kaur,0,0,,,,,,,,,
1150545,2018/19,2018-11-15,Providence Stadium,2,15.2,Ireland,India,SM Kavanagh,IMHC Joyce,H Kaur,0,0,,,,,,,,,
1150545,2018/19,2018-11-15,Providence Stadium,2,15.3,Ireland,India,SM Kavanagh,IMHC Joyce,H Kaur,0,0,,,,,,,,,
1150545,2018/19,2018-11-15,Providence Stadium,2,15.4,Ireland,India,SM Kavanagh,IMHC Joyce,H Kaur,1,0,,,,,,,,,
1150545,2018/19,2018-11-15,Providence Stadium,2,15.5,Ireland,India,IMHC Joyce,SM Kavanagh,H Kaur,0,0,,,,,,,,,
1150545,2018/19,2018-11-15,Providence Stadium,2,15.6,Ireland,India,IMHC Joyce,SM Kavanagh,H Kaur,1,0,,,,,,,,,
1150545,2018/19,2018-11-15,Providence Stadium,2,16.1,Ireland,India,IMHC Joyce,SM Kavanagh,DB Sharma,4,0,,,,,,,,,
1150545,2018/19,2018-11-15,Providence Stadium,2,16.2,Ireland,India,IMHC Joyce,SM Kavanagh,DB Sharma,4,0,,,,,,,,,
1150545,2018/19,2018-11-15,Providence Stadium,2,16.3,Ireland,India,IMHC Joyce,SM Kavanagh,DB Sharma,0,0,,,,,,,,,
1150545,2018/19,2018-11-15,Providence Stadium,2,16.4,Ireland,India,IMHC Joyce,SM Kavanagh,DB Sharma,1,0,,,,,,,,,
1150545,2018/19,2018-11-15,Providence Stadium,2,16.5,Ireland,India,SM Kavanagh,IMHC Joyce,DB Sharma,0,0,,,,,,lbw,SM Kavanagh,,
1150545,2018/19,2018-11-15,Providence Stadium,2,16.6,Ireland,India,KJ Garth,IMHC Joyce,DB Sharma,0,0,,,,,,,,,
1150545,2018/19,2018-11-15,Providence Stadium,2,17.1,Ireland,India,IMHC Joyce,KJ Garth,H Kaur,1,0,,,,,,,,,
1150545,2018/19,2018-11-15,Providence Stadium,2,17.2,Ireland,India,KJ Garth,IMHC Joyce,H Kaur,1,0,,,,,,,,,
1150545,2018/19,2018-11-15,Providence Stadium,2,17.3,Ireland,India,IMHC Joyce,KJ Garth,H Kaur,0,0,,,,,,caught,IMHC Joyce,,
1150545,2018/19,2018-11-15,Providence Stadium,2,17.4,Ireland,India,EAJ Richardson,KJ Garth,H Kaur,0,0,,,,,,,,,
1150545,2018/19,2018-11-15,Providence Stadium,2,17.5,Ireland,India,EAJ Richardson,KJ Garth,H Kaur,1,0,,,,,,,,,
1150545,2018/19,2018-11-15,Providence Stadium,2,17.6,Ireland,India,KJ Garth,EAJ Richardson,H Kaur,1,0,,,,,,,,,
1150545,2018/19,2018-11-15,Providence Stadium,2,18.1,Ireland,India,KJ Garth,EAJ Richardson,RP Yadav,1,0,,,,,,,,,
1150545,2018/19,2018-11-15,Providence Stadium,2,18.2,Ireland,India,EAJ Richardson,KJ Garth,RP Yadav,2,0,,,,,,,,,
1150545,2018/19,2018-11-15,Providence Stadium,2,18.3,Ireland,India,EAJ Richardson,KJ Garth,RP Yadav,1,0,,,,,,,,,
1150545,2018/19,2018-11-15,Providence Stadium,2,18.4,Ireland,India,KJ Garth,EAJ Richardson,RP Yadav,0,0,,,,,,bowled,KJ Garth,,
1150545,2018/19,2018-11-15,Providence Stadium,2,18.5,Ireland,India,MV Waldron,EAJ Richardson,RP Yadav,1,0,,,,,,run out,EAJ Richardson,,
1150545,2018/19,2018-11-15,Providence Stadium,2,18.6,Ireland,India,L Maritz,MV Waldron,RP Yadav,0,0,,,,,,stumped,L Maritz,,
1150545,2018/19,2018-11-15,Providence Stadium,2,19.1,Ireland,India,MV Waldron,C Raack,Poonam Yadav,0,0,,,,,,,,,
1150545,2018/19,2018-11-15,Providence Stadium,2,19.2,Ireland,India,MV Waldron,C Raack,Poonam Yadav,1,0,,,,,,,,,
1150545,2018/19,2018-11-15,Providence Stadium,2,19.3,Ireland,India,C Raack,MV Waldron,Poonam Yadav,0,0,,,,,,,,,
1150545,2018/19,2018-11-15,Providence Stadium,2,19.4,Ireland,India,C Raack,MV Waldron,Poonam Yadav,0,0,,,,,,,,,
1150545,2018/19,2018-11-15,Providence Stadium,2,19.5,Ireland,India,C Raack,MV Waldron,Poonam Yadav,1,0,,,,,,,,,
1150545,2018/19,2018-11-15,Providence Stadium,2,19.6,Ireland,India,MV Waldron,C Raack,Poonam Yadav,0,0,,,,,,,,,
