match_id,season,start_date,venue,innings,ball,batting_team,bowling_team,striker,non_striker,bowler,runs_off_bat,extras,wides,noballs,byes,legbyes,penalty,wicket_type,player_dismissed,other_wicket_type,other_player_dismissed
1150553,2018/19,2018-11-22,"Sir Vivian Richards Stadium, North Sound",1,0.1,Australia,West Indies,BL Mooney,AJ Healy,SC Selman,0,0,,,,,,,,,
1150553,2018/19,2018-11-22,"Sir Vivian Richards Stadium, North Sound",1,0.2,Australia,West Indies,BL Mooney,AJ Healy,SC Selman,1,0,,,,,,,,,
1150553,2018/19,2018-11-22,"Sir Vivian Richards Stadium, North Sound",1,0.3,Australia,West Indies,AJ Healy,BL Mooney,SC Selman,1,0,,,,,,,,,
1150553,2018/19,2018-11-22,"Sir Vivian Richards Stadium, North Sound",1,0.4,Australia,West Indies,BL Mooney,AJ Healy,SC Selman,1,0,,,,,,,,,
1150553,2018/19,2018-11-22,"Sir Vivian Richards Stadium, North Sound",1,0.5,Australia,West Indies,AJ Healy,BL Mooney,SC Selman,4,0,,,,,,,,,
1150553,2018/19,2018-11-22,"Sir Vivian Richards Stadium, North Sound",1,0.6,Australia,West Indies,AJ Healy,BL Mooney,SC Selman,1,0,,,,,,,,,
1150553,2018/19,2018-11-22,"Sir Vivian Richards Stadium, North Sound",1,1.1,Australia,West Indies,AJ Healy,BL Mooney,SS Connell,0,0,,,,,,,,,
1150553,2018/19,2018-11-22,"Sir Vivian Richards Stadium, North Sound",1,1.2,Australia,West Indies,AJ Healy,BL Mooney,SS Connell,1,0,,,,,,,,,
1150553,2018/19,2018-11-22,"Sir Vivian Richards Stadium, North Sound",1,1.3,Australia,West Indies,BL Mooney,AJ Healy,SS Connell,0,0,,,,,,,,,
1150553,2018/19,2018-11-22,"Sir Vivian Richards Stadium, North Sound",1,1.4,Australia,West Indies,BL Mooney,AJ Healy,SS Connell,0,0,,,,,,,,,
1150553,2018/19,2018-11-22,"Sir Vivian Richards Stadium, North Sound",1,1.5,Australia,West Indies,BL Mooney,AJ Healy,SS Connell,4,0,,,,,,,,,
1150553,2018/19,2018-11-22,"Sir Vivian Richards Stadium, North Sound",1,1.6,Australia,West Indies,BL Mooney,AJ Healy,SS Connell,0,0,,,,,,,,,
1150553,2018/19,2018-11-22,"Sir Vivian Richards Stadium, North Sound",1,2.1,Australia,West Indies,AJ Healy,BL Mooney,SC Selman,0,0,,,,,,,,,
1150553,2018/19,2018-11-22,"Sir Vivian Richards Stadium, North Sound",1,2.2,Australia,West Indies,AJ Healy,BL Mooney,SC Selman,6,0,,,,,,,,,
1150553,2018/19,2018-11-22,"Sir Vivian Richards Stadium, North Sound",1,2.3,Australia,West Indies,AJ Healy,BL Mooney,SC Selman,0,0,,,,,,,,,
1150553,2018/19,2018-11-22,"Sir Vivian Richards Stadium, North Sound",1,2.4,Australia,West Indies,AJ Healy,BL Mooney,SC Selman,1,0,,,,,,,,,
1150553,2018/19,2018-11-22,"Sir Vivian Richards Stadium, North Sound",1,2.5,Australia,West Indies,BL Mooney,AJ Healy,SC Selman,0,0,,,,,,caught,BL Mooney,,
1150553,2018/19,2018-11-22,"Sir Vivian Richards Stadium, North Sound",1,2.6,Australia,West Indies,AJ Healy,MM Lanning,SC Selman,1,0,,,,,,,,,
1150553,2018/19,2018-11-22,"Sir Vivian Richards Stadium, North Sound",1,3.1,Australia,West Indies,AJ Healy,MM Lanning,SS Connell,0,0,,,,,,,,,
1150553,2018/19,2018-11-22,"Sir Vivian Richards Stadium, North Sound",1,3.2,Australia,West Indies,AJ Healy,MM Lanning,SS Connell,1,0,,,,,,,,,
1150553,2018/19,2018-11-22,"Sir Vivian Richards Stadium, North Sound",1,3.3,Australia,West Indies,MM Lanning,AJ Healy,SS Connell,0,0,,,,,,,,,
1150553,2018/19,2018-11-22,"Sir Vivian Richards Stadium, North Sound",1,3.4,Australia,West Indies,MM Lanning,AJ Healy,SS Connell,1,0,,,,,,,,,
1150553,2018/19,2018-11-22,"Sir Vivian Richards Stadium, North Sound",1,3.5,Australia,West Indies,AJ Healy,MM Lanning,SS Connell,2,0,,,,,,,,,
1150553,2018/19,2018-11-22,"Sir Vivian Richards Stadium, North Sound",1,3.6,Australia,West Indies,AJ Healy,MM Lanning,SS Connell,0,0,,,,,,,,,
1150553,2018/19,2018-11-22,"Sir Vivian Richards Stadium, North Sound",1,4.1,Australia,West Indies,MM Lanning,AJ Healy,SC Selman,1,0,,,,,,,,,
1150553,2018/19,2018-11-22,"Sir Vivian Richards Stadium, North Sound",1,4.2,Australia,West Indies,AJ Healy,MM Lanning,SC Selman,1,0,,,,,,,,,
1150553,2018/19,2018-11-22,"Sir Vivian Richards Stadium, North Sound",1,4.3,Australia,West Indies,MM Lanning,AJ Healy,SC Selman,0,0,,,,,,,,,
1150553,2018/19,2018-11-22,"Sir Vivian Richards Stadium, North Sound",1,4.4,Australia,West Indies,MM Lanning,AJ Healy,SC Selman,1,0,,,,,,,,,
1150553,2018/19,2018-11-22,"Sir Vivian Richards Stadium, North Sound",1,4.5,Australia,West Indies,AJ Healy,MM Lanning,SC Selman,3,0,,,,,,,,,
1150553,2018/19,2018-11-22,"Sir Vivian Richards Stadium, North Sound",1,4.6,Australia,West Indies,MM Lanning,AJ Healy,SC Selman,0,0,,,,,,,,,
1150553,2018/19,2018-11-22,"Sir Vivian Richards Stadium, North Sound",1,5.1,Australia,West Indies,AJ Healy,MM Lanning,SR Taylor,0,0,,,,,,,,,
1150553,2018/19,2018-11-22,"Sir Vivian Richards Stadium, North Sound",1,5.2,Australia,West Indies,AJ Healy,MM Lanning,SR Taylor,2,0,,,,,,,,,
1150553,2018/19,2018-11-22,"Sir Vivian Richards Stadium, North Sound",1,5.3,Australia,West Indies,AJ Healy,MM Lanning,SR Taylor,1,0,,,,,,,,,
1150553,2018/19,2018-11-22,"Sir Vivian Richards Stadium, North Sound",1,5.4,Australia,West Indies,MM Lanning,AJ Healy,SR Taylor,0,0,,,,,,,,,
1150553,2018/19,2018-11-22,"Sir Vivian Richards Stadium, North Sound",1,5.5,Australia,West Indies,MM Lanning,AJ Healy,SR Taylor,0,0,,,,,,,,,
1150553,2018/19,2018-11-22,"Sir Vivian Richards Stadium, North Sound",1,5.6,Australia,West Indies,MM Lanning,AJ Healy,SR Taylor,1,0,,,,,,,,,
1150553,2018/19,2018-11-22,"Sir Vivian Richards Stadium, North Sound",1,6.1,Australia,West Indies,MM Lanning,AJ Healy,SC Selman,0,0,,,,,,,,,
1150553,2018/19,2018-11-22,"Sir Vivian Richards Stadium, North Sound",1,6.2,Australia,West Indies,MM Lanning,AJ Healy,SC Selman,1,0,,,,,,,,,
1150553,2018/19,2018-11-22,"Sir Vivian Richards Stadium, North Sound",1,6.3,Australia,West Indies,AJ Healy,MM Lanning,SC Selman,1,0,,,,,,,,,
1150553,2018/19,2018-11-22,"Sir Vivian Richards Stadium, North Sound",1,6.4,Australia,West Indies,MM Lanning,AJ Healy,SC Selman,0,0,,,,,,,,,
1150553,2018/19,2018-11-22,"Sir Vivian Richards Stadium, North Sound",1,6.5,Australia,West Indies,MM Lanning,AJ Healy,SC Selman,4,0,,,,,,,,,
1150553,2018/19,2018-11-22,"Sir Vivian Richards Stadium, North Sound",1,6.6,Australia,West Indies,MM Lanning,AJ Healy,SC Selman,0,0,,,,,,,,,
1150553,2018/19,2018-11-22,"Sir Vivian Richards Stadium, North Sound",1,7.1,Australia,West Indies,AJ Healy,MM Lanning,SR Taylor,0,0,,,,,,,,,
1150553,2018/19,2018-11-22,"Sir Vivian Richards Stadium, North Sound",1,7.2,Australia,West Indies,AJ Healy,MM Lanning,SR Taylor,1,0,,,,,,,,,
1150553,2018/19,2018-11-22,"Sir Vivian Richards Stadium, North Sound",1,7.3,Australia,West Indies,MM Lanning,AJ Healy,SR Taylor,1,0,,,,,,,,,
1150553,2018/19,2018-11-22,"Sir Vivian Richards Stadium, North Sound",1,7.4,Australia,West Indies,AJ Healy,MM Lanning,SR Taylor,1,0,,,,,,,,,
1150553,2018/19,2018-11-22,"Sir Vivian Richards Stadium, North Sound",1,7.5,Australia,West Indies,MM Lanning,AJ Healy,SR Taylor,1,0,,,,,,,,,
1150553,2018/19,2018-11-22,"Sir Vivian Richards Stadium, North Sound",1,7.6,Australia,West Indies,AJ Healy,MM Lanning,SR Taylor,0,0,,,,,,,,,
1150553,2018/19,2018-11-22,"Sir Vivian Richards Stadium, North Sound",1,8.1,Australia,West Indies,MM Lanning,AJ Healy,HK Matthews,0,0,,,,,,,,,
1150553,2018/19,2018-11-22,"Sir Vivian Richards Stadium, North Sound",1,8.2,Australia,West Indies,MM Lanning,AJ Healy,HK Matthews,0,0,,,,,,,,,
1150553,2018/19,2018-11-22,"Sir Vivian Richards Stadium, North Sound",1,8.3,Australia,West Indies,MM Lanning,AJ Healy,HK Matthews,1,0,,,,,,,,,
1150553,2018/19,2018-11-22,"Sir Vivian Richards Stadium, North Sound",1,8.4,Australia,West Indies,AJ Healy,MM Lanning,HK Matthews,1,0,,,,,,,,,
1150553,2018/19,2018-11-22,"Sir Vivian Richards Stadium, North Sound",1,8.5,Australia,West Indies,MM Lanning,AJ Healy,HK Matthews,1,0,,,,,,,,,
1150553,2018/19,2018-11-22,"Sir Vivian Richards Stadium, North Sound",1,8.6,Australia,West Indies,AJ Healy,MM Lanning,HK Matthews,0,0,,,,,,,,,
1150553,2018/19,2018-11-22,"Sir Vivian Richards Stadium, North Sound",1,9.1,Australia,West Indies,MM Lanning,AJ Healy,ASS Fletcher,1,0,,,,,,,,,
1150553,2018/19,2018-11-22,"Sir Vivian Richards Stadium, North Sound",1,9.2,Australia,West Indies,AJ Healy,MM Lanning,ASS Fletcher,1,0,,,,,,,,,
1150553,2018/19,2018-11-22,"Sir Vivian Richards Stadium, North Sound",1,9.3,Australia,West Indies,MM Lanning,AJ Healy,ASS Fletcher,1,0,,,,,,,,,
1150553,2018/19,2018-11-22,"Sir Vivian Richards Stadium, North Sound",1,9.4,Australia,West Indies,AJ Healy,MM Lanning,ASS Fletcher,1,0,,,,,,,,,
1150553,2018/19,2018-11-22,"Sir Vivian Richards Stadium, North Sound",1,9.5,Australia,West Indies,MM Lanning,AJ Healy,ASS Fletcher,1,0,,,,,,,,,
1150553,2018/19,2018-11-22,"Sir Vivian Richards Stadium, North Sound",1,9.6,Australia,West Indies,AJ Healy,MM Lanning,ASS Fletcher,0,0,,,,,,,,,
1150553,2018/19,2018-11-22,"Sir Vivian Richards Stadium, North Sound",1,10.1,Australia,West Indies,MM Lanning,AJ Healy,HK Matthews,1,0,,,,,,,,,
1150553,2018/19,2018-11-22,"Sir Vivian Richards Stadium, North Sound",1,10.2,Australia,West Indies,AJ Healy,MM Lanning,HK Matthews,4,0,,,,,,,,,
1150553,2018/19,2018-11-22,"Sir Vivian Richards Stadium, North Sound",1,10.3,Australia,West Indies,AJ Healy,MM Lanning,HK Matthews,1,0,,,,,,,,,
1150553,2018/19,2018-11-22,"Sir Vivian Richards Stadium, North Sound",1,10.4,Australia,West Indies,MM Lanning,AJ Healy,HK Matthews,1,0,,,,,,,,,
1150553,2018/19,2018-11-22,"Sir Vivian Richards Stadium, North Sound",1,10.5,Australia,West Indies,AJ Healy,MM Lanning,HK Matthews,0,0,,,,,,,,,
1150553,2018/19,2018-11-22,"Sir Vivian Richards Stadium, North Sound",1,10.6,Australia,West Indies,AJ Healy,MM Lanning,HK Matthews,1,0,,,,,,,,,
1150553,2018/19,2018-11-22,"Sir Vivian Richards Stadium, North Sound",1,11.1,Australia,West Indies,AJ Healy,MM Lanning,ASS Fletcher,4,0,,,,,,,,,
1150553,2018/19,2018-11-22,"Sir Vivian Richards Stadium, North Sound",1,11.2,Australia,West Indies,AJ Healy,MM Lanning,ASS Fletcher,4,0,,,,,,,,,
1150553,2018/19,2018-11-22,"Sir Vivian Richards Stadium, North Sound",1,11.3,Australia,West Indies,AJ Healy,MM Lanning,ASS Fletcher,0,0,,,,,,,,,
1150553,2018/19,2018-11-22,"Sir Vivian Richards Stadium, North Sound",1,11.4,Australia,West Indies,AJ Healy,MM Lanning,ASS Fletcher,1,0,,,,,,,,,
1150553,2018/19,2018-11-22,"Sir Vivian Richards Stadium, North Sound",1,11.5,Australia,West Indies,MM Lanning,AJ Healy,ASS Fletcher,1,0,,,,,,,,,
1150553,2018/19,2018-11-22,"Sir Vivian Richards Stadium, North Sound",1,11.6,Australia,West Indies,AJ Healy,MM Lanning,ASS Fletcher,0,0,,,,,,caught,AJ Healy,,
1150553,2018/19,2018-11-22,"Sir Vivian Richards Stadium, North Sound",1,12.1,Australia,West Indies,MM Lanning,A Gardner,HK Matthews,0,0,,,,,,,,,
1150553,2018/19,2018-11-22,"Sir Vivian Richards Stadium, North Sound",1,12.2,Australia,West Indies,MM Lanning,A Gardner,HK Matthews,1,0,,,,,,,,,
1150553,2018/19,2018-11-22,"Sir Vivian Richards Stadium, North Sound",1,12.3,Australia,West Indies,A Gardner,MM Lanning,HK Matthews,0,0,,,,,,,,,
1150553,2018/19,2018-11-22,"Sir Vivian Richards Stadium, North Sound",1,12.4,Australia,West Indies,A Gardner,MM Lanning,HK Matthews,4,0,,,,,,,,,
1150553,2018/19,2018-11-22,"Sir Vivian Richards Stadium, North Sound",1,12.5,Australia,West Indies,A Gardner,MM Lanning,HK Matthews,1,0,,,,,,,,,
1150553,2018/19,2018-11-22,"Sir Vivian Richards Stadium, North Sound",1,12.6,Australia,West Indies,MM Lanning,A Gardner,HK Matthews,1,0,,,,,,,,,
1150553,2018/19,2018-11-22,"Sir Vivian Richards Stadium, North Sound",1,13.1,Australia,West Indies,MM Lanning,A Gardner,ASS Fletcher,1,0,,,,,,,,,
1150553,2018/19,2018-11-22,"Sir Vivian Richards Stadium, North Sound",1,13.2,Australia,West Indies,A Gardner,MM Lanning,ASS Fletcher,0,1,1,,,,,,,,
1150553,2018/19,2018-11-22,"Sir Vivian Richards Stadium, North Sound",1,13.3,Australia,West Indies,A Gardner,MM Lanning,ASS Fletcher,2,0,,,,,,,,,
1150553,2018/19,2018-11-22,"Sir Vivian Richards Stadium, North Sound",1,13.4,Australia,West Indies,A Gardner,MM Lanning,ASS Fletcher,0,0,,,,,,,,,
1150553,2018/19,2018-11-22,"Sir Vivian Richards Stadium, North Sound",1,13.5,Australia,West Indies,A Gardner,MM Lanning,ASS Fletcher,0,0,,,,,,,,,
1150553,2018/19,2018-11-22,"Sir Vivian Richards Stadium, North Sound",1,13.6,Australia,West Indies,A Gardner,MM Lanning,ASS Fletcher,0,0,,,,,,,,,
1150553,2018/19,2018-11-22,"Sir Vivian Richards Stadium, North Sound",1,13.7,Australia,West Indies,A Gardner,MM Lanning,ASS Fletcher,6,0,,,,,,,,,
1150553,2018/19,2018-11-22,"Sir Vivian Richards Stadium, North Sound",1,14.1,Australia,West Indies,MM Lanning,A Gardner,HK Matthews,4,0,,,,,,,,,
1150553,2018/19,2018-11-22,"Sir Vivian Richards Stadium, North Sound",1,14.2,Australia,West Indies,MM Lanning,A Gardner,HK Matthews,0,1,,,,1,,,,,
1150553,2018/19,2018-11-22,"Sir Vivian Richards Stadium, North Sound",1,14.3,Australia,West Indies,A Gardner,MM Lanning,HK Matthews,1,0,,,,,,,,,
1150553,2018/19,2018-11-22,"Sir Vivian Richards Stadium, North Sound",1,14.4,Australia,West Indies,MM Lanning,A Gardner,HK Matthews,1,0,,,,,,,,,
1150553,2018/19,2018-11-22,"Sir Vivian Richards Stadium, North Sound",1,14.5,Australia,West Indies,A Gardner,MM Lanning,HK Matthews,0,0,,,,,,caught,A Gardner,,
1150553,2018/19,2018-11-22,"Sir Vivian Richards Stadium, North Sound",1,14.6,Australia,West Indies,EJ Villani,MM Lanning,HK Matthews,0,0,,,,,,,,,
1150553,2018/19,2018-11-22,"Sir Vivian Richards Stadium, North Sound",1,15.1,Australia,West Indies,MM Lanning,EJ Villani,ASS Fletcher,1,0,,,,,,,,,
1150553,2018/19,2018-11-22,"Sir Vivian Richards Stadium, North Sound",1,15.2,Australia,West Indies,EJ Villani,MM Lanning,ASS Fletcher,4,0,,,,,,,,,
1150553,2018/19,2018-11-22,"Sir Vivian Richards Stadium, North Sound",1,15.3,Australia,West Indies,EJ Villani,MM Lanning,ASS Fletcher,0,0,,,,,,,,,
1150553,2018/19,2018-11-22,"Sir Vivian Richards Stadium, North Sound",1,15.4,Australia,West Indies,EJ Villani,MM Lanning,ASS Fletcher,1,0,,,,,,,,,
1150553,2018/19,2018-11-22,"Sir Vivian Richards Stadium, North Sound",1,15.5,Australia,West Indies,MM Lanning,EJ Villani,ASS Fletcher,0,1,1,,,,,,,,
1150553,2018/19,2018-11-22,"Sir Vivian Richards Stadium, North Sound",1,15.6,Australia,West Indies,MM Lanning,EJ Villani,ASS Fletcher,1,0,,,,,,,,,
1150553,2018/19,2018-11-22,"Sir Vivian Richards Stadium, North Sound",1,15.7,Australia,West Indies,EJ Villani,MM Lanning,ASS Fletcher,0,0,,,,,,,,,
1150553,2018/19,2018-11-22,"Sir Vivian Richards Stadium, North Sound",1,16.1,Australia,West Indies,MM Lanning,EJ Villani,DJS Dottin,0,0,,,,,,,,,
1150553,2018/19,2018-11-22,"Sir Vivian Richards Stadium, North Sound",1,16.2,Australia,West Indies,MM Lanning,EJ Villani,DJS Dottin,0,4,,,,4,,,,,
1150553,2018/19,2018-11-22,"Sir Vivian Richards Stadium, North Sound",1,16.3,Australia,West Indies,MM Lanning,EJ Villani,DJS Dottin,2,0,,,,,,,,,
1150553,2018/19,2018-11-22,"Sir Vivian Richards Stadium, North Sound",1,16.4,Australia,West Indies,MM Lanning,EJ Villani,DJS Dottin,0,0,,,,,,bowled,MM Lanning,,
1150553,2018/19,2018-11-22,"Sir Vivian Richards Stadium, North Sound",1,16.5,Australia,West Indies,RL Haynes,EJ Villani,DJS Dottin,0,1,1,,,,,,,,
1150553,2018/19,2018-11-22,"Sir Vivian Richards Stadium, North Sound",1,16.6,Australia,West Indies,RL Haynes,EJ Villani,DJS Dottin,1,0,,,,,,,,,
1150553,2018/19,2018-11-22,"Sir Vivian Richards Stadium, North Sound",1,16.7,Australia,West Indies,EJ Villani,RL Haynes,DJS Dottin,0,1,1,,,,,,,,
1150553,2018/19,2018-11-22,"Sir Vivian Richards Stadium, North Sound",1,16.8,Australia,West Indies,EJ Villani,RL Haynes,DJS Dottin,1,0,,,,,,,,,
1150553,2018/19,2018-11-22,"Sir Vivian Richards Stadium, North Sound",1,17.1,Australia,West Indies,EJ Villani,RL Haynes,SR Taylor,0,0,,,,,,caught,EJ Villani,,
1150553,2018/19,2018-11-22,"Sir Vivian Richards Stadium, North Sound",1,17.2,Australia,West Indies,RL Haynes,EA Perry,SR Taylor,0,0,,,,,,,,,
1150553,2018/19,2018-11-22,"Sir Vivian Richards Stadium, North Sound",1,17.3,Australia,West Indies,RL Haynes,EA Perry,SR Taylor,1,0,,,,,,,,,
1150553,2018/19,2018-11-22,"Sir Vivian Richards Stadium, North Sound",1,17.4,Australia,West Indies,EA Perry,RL Haynes,SR Taylor,1,0,,,,,,,,,
1150553,2018/19,2018-11-22,"Sir Vivian Richards Stadium, North Sound",1,17.5,Australia,West Indies,RL Haynes,EA Perry,SR Taylor,0,0,,,,,,,,,
1150553,2018/19,2018-11-22,"Sir Vivian Richards Stadium, North Sound",1,17.6,Australia,West Indies,RL Haynes,EA Perry,SR Taylor,1,0,,,,,,,,,
1150553,2018/19,2018-11-22,"Sir Vivian Richards Stadium, North Sound",1,18.1,Australia,West Indies,RL Haynes,EA Perry,DJS Dottin,4,0,,,,,,,,,
1150553,2018/19,2018-11-22,"Sir Vivian Richards Stadium, North Sound",1,18.2,Australia,West Indies,RL Haynes,EA Perry,DJS Dottin,0,1,1,,,,,,,,
1150553,2018/19,2018-11-22,"Sir Vivian Richards Stadium, North Sound",1,18.3,Australia,West Indies,RL Haynes,EA Perry,DJS Dottin,4,0,,,,,,,,,
1150553,2018/19,2018-11-22,"Sir Vivian Richards Stadium, North Sound",1,18.4,Australia,West Indies,RL Haynes,EA Perry,DJS Dottin,0,1,1,,,,,,,,
1150553,2018/19,2018-11-22,"Sir Vivian Richards Stadium, North Sound",1,18.5,Australia,West Indies,RL Haynes,EA Perry,DJS Dottin,4,0,,,,,,,,,
1150553,2018/19,2018-11-22,"Sir Vivian Richards Stadium, North Sound",1,18.6,Australia,West Indies,RL Haynes,EA Perry,DJS Dottin,1,0,,,,,,,,,
1150553,2018/19,2018-11-22,"Sir Vivian Richards Stadium, North Sound",1,18.7,Australia,West Indies,EA Perry,RL Haynes,DJS Dottin,1,0,,,,,,,,,
1150553,2018/19,2018-11-22,"Sir Vivian Richards Stadium, North Sound",1,18.8,Australia,West Indies,RL Haynes,EA Perry,DJS Dottin,1,0,,,,,,,,,
1150553,2018/19,2018-11-22,"Sir Vivian Richards Stadium, North Sound",1,19.1,Australia,West Indies,RL Haynes,EA Perry,SR Taylor,1,0,,,,,,,,,
1150553,2018/19,2018-11-22,"Sir Vivian Richards Stadium, North Sound",1,19.2,Australia,West Indies,EA Perry,RL Haynes,SR Taylor,1,0,,,,,,,,,
1150553,2018/19,2018-11-22,"Sir Vivian Richards Stadium, North Sound",1,19.3,Australia,West Indies,RL Haynes,EA Perry,SR Taylor,2,0,,,,,,,,,
1150553,2018/19,2018-11-22,"Sir Vivian Richards Stadium, North Sound",1,19.4,Australia,West Indies,RL Haynes,EA Perry,SR Taylor,4,0,,,,,,,,,
1150553,2018/19,2018-11-22,"Sir Vivian Richards Stadium, North Sound",1,19.5,Australia,West Indies,RL Haynes,EA Perry,SR Taylor,0,0,,,,,,,,,
1150553,2018/19,2018-11-22,"Sir Vivian Richards Stadium, North Sound",1,19.6,Australia,West Indies,RL Haynes,EA Perry,SR Taylor,1,0,,,,,,,,,
1150553,2018/19,2018-11-22,"Sir Vivian Richards Stadium, North Sound",2,0.1,West Indies,Australia,HK Matthews,DJS Dottin,ML Schutt,1,0,,,,,,,,,
1150553,2018/19,2018-11-22,"Sir Vivian Richards Stadium, North Sound",2,0.2,West Indies,Australia,DJS Dottin,HK Matthews,ML Schutt,0,1,1,,,,,,,,
1150553,2018/19,2018-11-22,"Sir Vivian Richards Stadium, North Sound",2,0.3,West Indies,Australia,DJS Dottin,HK Matthews,ML Schutt,0,1,1,,,,,,,,
1150553,2018/19,2018-11-22,"Sir Vivian Richards Stadium, North Sound",2,0.4,West Indies,Australia,DJS Dottin,HK Matthews,ML Schutt,0,0,,,,,,,,,
1150553,2018/19,2018-11-22,"Sir Vivian Richards Stadium, North Sound",2,0.5,West Indies,Australia,DJS Dottin,HK Matthews,ML Schutt,0,0,,,,,,,,,
1150553,2018/19,2018-11-22,"Sir Vivian Richards Stadium, North Sound",2,0.6,West Indies,Australia,DJS Dottin,HK Matthews,ML Schutt,1,0,,,,,,,,,
1150553,2018/19,2018-11-22,"Sir Vivian Richards Stadium, North Sound",2,0.7,West Indies,Australia,HK Matthews,DJS Dottin,ML Schutt,4,0,,,,,,,,,
1150553,2018/19,2018-11-22,"Sir Vivian Richards Stadium, North Sound",2,0.8,West Indies,Australia,HK Matthews,DJS Dottin,ML Schutt,0,2,,,,2,,,,,
1150553,2018/19,2018-11-22,"Sir Vivian Richards Stadium, North Sound",2,1.1,West Indies,Australia,DJS Dottin,HK Matthews,S Molineux,0,0,,,,,,,,,
1150553,2018/19,2018-11-22,"Sir Vivian Richards Stadium, North Sound",2,1.2,West Indies,Australia,DJS Dottin,HK Matthews,S Molineux,0,0,,,,,,,,,
1150553,2018/19,2018-11-22,"Sir Vivian Richards Stadium, North Sound",2,1.3,West Indies,Australia,DJS Dottin,HK Matthews,S Molineux,4,0,,,,,,,,,
1150553,2018/19,2018-11-22,"Sir Vivian Richards Stadium, North Sound",2,1.4,West Indies,Australia,DJS Dottin,HK Matthews,S Molineux,1,0,,,,,,,,,
1150553,2018/19,2018-11-22,"Sir Vivian Richards Stadium, North Sound",2,1.5,West Indies,Australia,HK Matthews,DJS Dottin,S Molineux,0,0,,,,,,run out,HK Matthews,,
1150553,2018/19,2018-11-22,"Sir Vivian Richards Stadium, North Sound",2,1.6,West Indies,Australia,SR Taylor,DJS Dottin,S Molineux,0,0,,,,,,,,,
1150553,2018/19,2018-11-22,"Sir Vivian Richards Stadium, North Sound",2,2.1,West Indies,Australia,DJS Dottin,SR Taylor,EA Perry,0,0,,,,,,,,,
1150553,2018/19,2018-11-22,"Sir Vivian Richards Stadium, North Sound",2,2.2,West Indies,Australia,DJS Dottin,SR Taylor,EA Perry,0,0,,,,,,,,,
1150553,2018/19,2018-11-22,"Sir Vivian Richards Stadium, North Sound",2,2.3,West Indies,Australia,DJS Dottin,SR Taylor,EA Perry,0,0,,,,,,,,,
1150553,2018/19,2018-11-22,"Sir Vivian Richards Stadium, North Sound",2,2.4,West Indies,Australia,DJS Dottin,SR Taylor,EA Perry,0,0,,,,,,bowled,DJS Dottin,,
1150553,2018/19,2018-11-22,"Sir Vivian Richards Stadium, North Sound",2,2.5,West Indies,Australia,SA Campbelle,SR Taylor,EA Perry,0,0,,,,,,,,,
1150553,2018/19,2018-11-22,"Sir Vivian Richards Stadium, North Sound",2,2.6,West Indies,Australia,SA Campbelle,SR Taylor,EA Perry,0,0,,,,,,,,,
1150553,2018/19,2018-11-22,"Sir Vivian Richards Stadium, North Sound",2,3.1,West Indies,Australia,SR Taylor,SA Campbelle,S Molineux,0,0,,,,,,,,,
1150553,2018/19,2018-11-22,"Sir Vivian Richards Stadium, North Sound",2,3.2,West Indies,Australia,SR Taylor,SA Campbelle,S Molineux,1,0,,,,,,,,,
1150553,2018/19,2018-11-22,"Sir Vivian Richards Stadium, North Sound",2,3.3,West Indies,Australia,SA Campbelle,SR Taylor,S Molineux,1,0,,,,,,,,,
1150553,2018/19,2018-11-22,"Sir Vivian Richards Stadium, North Sound",2,3.4,West Indies,Australia,SR Taylor,SA Campbelle,S Molineux,1,0,,,,,,,,,
1150553,2018/19,2018-11-22,"Sir Vivian Richards Stadium, North Sound",2,3.5,West Indies,Australia,SA Campbelle,SR Taylor,S Molineux,4,0,,,,,,,,,
1150553,2018/19,2018-11-22,"Sir Vivian Richards Stadium, North Sound",2,3.6,West Indies,Australia,SA Campbelle,SR Taylor,S Molineux,1,0,,,,,,,,,
1150553,2018/19,2018-11-22,"Sir Vivian Richards Stadium, North Sound",2,4.1,West Indies,Australia,SA Campbelle,SR Taylor,EA Perry,1,0,,,,,,,,,
1150553,2018/19,2018-11-22,"Sir Vivian Richards Stadium, North Sound",2,4.2,West Indies,Australia,SR Taylor,SA Campbelle,EA Perry,0,0,,,,,,,,,
1150553,2018/19,2018-11-22,"Sir Vivian Richards Stadium, North Sound",2,4.3,West Indies,Australia,SR Taylor,SA Campbelle,EA Perry,1,0,,,,,,,,,
1150553,2018/19,2018-11-22,"Sir Vivian Richards Stadium, North Sound",2,4.4,West Indies,Australia,SA Campbelle,SR Taylor,EA Perry,0,0,,,,,,,,,
1150553,2018/19,2018-11-22,"Sir Vivian Richards Stadium, North Sound",2,4.5,West Indies,Australia,SA Campbelle,SR Taylor,EA Perry,0,0,,,,,,,,,
1150553,2018/19,2018-11-22,"Sir Vivian Richards Stadium, North Sound",2,4.6,West Indies,Australia,SA Campbelle,SR Taylor,EA Perry,0,0,,,,,,caught,SA Campbelle,,
1150553,2018/19,2018-11-22,"Sir Vivian Richards Stadium, North Sound",2,5.1,West Indies,Australia,SR Taylor,NY McLean,ML Schutt,0,0,,,,,,,,,
1150553,2018/19,2018-11-22,"Sir Vivian Richards Stadium, North Sound",2,5.2,West Indies,Australia,SR Taylor,NY McLean,ML Schutt,0,0,,,,,,,,,
1150553,2018/19,2018-11-22,"Sir Vivian Richards Stadium, North Sound",2,5.3,West Indies,Australia,SR Taylor,NY McLean,ML Schutt,0,0,,,,,,,,,
1150553,2018/19,2018-11-22,"Sir Vivian Richards Stadium, North Sound",2,5.4,West Indies,Australia,SR Taylor,NY McLean,ML Schutt,0,0,,,,,,,,,
1150553,2018/19,2018-11-22,"Sir Vivian Richards Stadium, North Sound",2,5.5,West Indies,Australia,SR Taylor,NY McLean,ML Schutt,1,0,,,,,,,,,
1150553,2018/19,2018-11-22,"Sir Vivian Richards Stadium, North Sound",2,5.6,West Indies,Australia,NY McLean,SR Taylor,ML Schutt,0,0,,,,,,,,,
1150553,2018/19,2018-11-22,"Sir Vivian Richards Stadium, North Sound",2,6.1,West Indies,Australia,SR Taylor,NY McLean,DM Kimmince,1,0,,,,,,,,,
1150553,2018/19,2018-11-22,"Sir Vivian Richards Stadium, North Sound",2,6.2,West Indies,Australia,NY McLean,SR Taylor,DM Kimmince,0,0,,,,,,caught,NY McLean,,
1150553,2018/19,2018-11-22,"Sir Vivian Richards Stadium, North Sound",2,6.3,West Indies,Australia,Kycia A Knight,SR Taylor,DM Kimmince,1,0,,,,,,,,,
1150553,2018/19,2018-11-22,"Sir Vivian Richards Stadium, North Sound",2,6.4,West Indies,Australia,SR Taylor,Kycia A Knight,DM Kimmince,0,0,,,,,,,,,
1150553,2018/19,2018-11-22,"Sir Vivian Richards Stadium, North Sound",2,6.5,West Indies,Australia,SR Taylor,Kycia A Knight,DM Kimmince,1,0,,,,,,,,,
1150553,2018/19,2018-11-22,"Sir Vivian Richards Stadium, North Sound",2,6.6,West Indies,Australia,Kycia A Knight,SR Taylor,DM Kimmince,1,0,,,,,,,,,
1150553,2018/19,2018-11-22,"Sir Vivian Richards Stadium, North Sound",2,7.1,West Indies,Australia,Kycia A Knight,SR Taylor,A Gardner,1,0,,,,,,,,,
1150553,2018/19,2018-11-22,"Sir Vivian Richards Stadium, North Sound",2,7.2,West Indies,Australia,SR Taylor,Kycia A Knight,A Gardner,1,0,,,,,,,,,
1150553,2018/19,2018-11-22,"Sir Vivian Richards Stadium, North Sound",2,7.3,West Indies,Australia,Kycia A Knight,SR Taylor,A Gardner,0,0,,,,,,,,,
1150553,2018/19,2018-11-22,"Sir Vivian Richards Stadium, North Sound",2,7.4,West Indies,Australia,Kycia A Knight,SR Taylor,A Gardner,1,0,,,,,,,,,
1150553,2018/19,2018-11-22,"Sir Vivian Richards Stadium, North Sound",2,7.5,West Indies,Australia,SR Taylor,Kycia A Knight,A Gardner,0,0,,,,,,,,,
1150553,2018/19,2018-11-22,"Sir Vivian Richards Stadium, North Sound",2,7.6,West Indies,Australia,SR Taylor,Kycia A Knight,A Gardner,1,0,,,,,,,,,
1150553,2018/19,2018-11-22,"Sir Vivian Richards Stadium, North Sound",2,8.1,West Indies,Australia,SR Taylor,Kycia A Knight,DM Kimmince,0,0,,,,,,,,,
1150553,2018/19,2018-11-22,"Sir Vivian Richards Stadium, North Sound",2,8.2,West Indies,Australia,SR Taylor,Kycia A Knight,DM Kimmince,0,0,,,,,,,,,
1150553,2018/19,2018-11-22,"Sir Vivian Richards Stadium, North Sound",2,8.3,West Indies,Australia,SR Taylor,Kycia A Knight,DM Kimmince,2,0,,,,,,,,,
1150553,2018/19,2018-11-22,"Sir Vivian Richards Stadium, North Sound",2,8.4,West Indies,Australia,SR Taylor,Kycia A Knight,DM Kimmince,0,0,,,,,,,,,
1150553,2018/19,2018-11-22,"Sir Vivian Richards Stadium, North Sound",2,8.5,West Indies,Australia,SR Taylor,Kycia A Knight,DM Kimmince,0,0,,,,,,,,,
1150553,2018/19,2018-11-22,"Sir Vivian Richards Stadium, North Sound",2,8.6,West Indies,Australia,SR Taylor,Kycia A Knight,DM Kimmince,1,0,,,,,,,,,
1150553,2018/19,2018-11-22,"Sir Vivian Richards Stadium, North Sound",2,9.1,West Indies,Australia,SR Taylor,Kycia A Knight,G Wareham,4,0,,,,,,,,,
1150553,2018/19,2018-11-22,"Sir Vivian Richards Stadium, North Sound",2,9.2,West Indies,Australia,SR Taylor,Kycia A Knight,G Wareham,0,0,,,,,,,,,
1150553,2018/19,2018-11-22,"Sir Vivian Richards Stadium, North Sound",2,9.3,West Indies,Australia,SR Taylor,Kycia A Knight,G Wareham,0,0,,,,,,,,,
1150553,2018/19,2018-11-22,"Sir Vivian Richards Stadium, North Sound",2,9.4,West Indies,Australia,SR Taylor,Kycia A Knight,G Wareham,1,0,,,,,,,,,
1150553,2018/19,2018-11-22,"Sir Vivian Richards Stadium, North Sound",2,9.5,West Indies,Australia,Kycia A Knight,SR Taylor,G Wareham,2,0,,,,,,,,,
1150553,2018/19,2018-11-22,"Sir Vivian Richards Stadium, North Sound",2,9.6,West Indies,Australia,Kycia A Knight,SR Taylor,G Wareham,0,0,,,,,,,,,
1150553,2018/19,2018-11-22,"Sir Vivian Richards Stadium, North Sound",2,10.1,West Indies,Australia,SR Taylor,Kycia A Knight,S Molineux,0,0,,,,,,caught,SR Taylor,,
1150553,2018/19,2018-11-22,"Sir Vivian Richards Stadium, North Sound",2,10.2,West Indies,Australia,Kycia A Knight,B Cooper,S Molineux,1,0,,,,,,,,,
1150553,2018/19,2018-11-22,"Sir Vivian Richards Stadium, North Sound",2,10.3,West Indies,Australia,B Cooper,Kycia A Knight,S Molineux,0,0,,,,,,,,,
1150553,2018/19,2018-11-22,"Sir Vivian Richards Stadium, North Sound",2,10.4,West Indies,Australia,B Cooper,Kycia A Knight,S Molineux,0,0,,,,,,,,,
1150553,2018/19,2018-11-22,"Sir Vivian Richards Stadium, North Sound",2,10.5,West Indies,Australia,B Cooper,Kycia A Knight,S Molineux,0,0,,,,,,,,,
1150553,2018/19,2018-11-22,"Sir Vivian Richards Stadium, North Sound",2,10.6,West Indies,Australia,B Cooper,Kycia A Knight,S Molineux,0,0,,,,,,,,,
1150553,2018/19,2018-11-22,"Sir Vivian Richards Stadium, North Sound",2,11.1,West Indies,Australia,Kycia A Knight,B Cooper,A Gardner,0,0,,,,,,caught,Kycia A Knight,,
1150553,2018/19,2018-11-22,"Sir Vivian Richards Stadium, North Sound",2,11.2,West Indies,Australia,B Cooper,CA Henry,A Gardner,0,0,,,,,,,,,
1150553,2018/19,2018-11-22,"Sir Vivian Richards Stadium, North Sound",2,11.3,West Indies,Australia,B Cooper,CA Henry,A Gardner,1,0,,,,,,,,,
1150553,2018/19,2018-11-22,"Sir Vivian Richards Stadium, North Sound",2,11.4,West Indies,Australia,CA Henry,B Cooper,A Gardner,4,0,,,,,,,,,
1150553,2018/19,2018-11-22,"Sir Vivian Richards Stadium, North Sound",2,11.5,West Indies,Australia,CA Henry,B Cooper,A Gardner,0,0,,,,,,,,,
1150553,2018/19,2018-11-22,"Sir Vivian Richards Stadium, North Sound",2,11.6,West Indies,Australia,CA Henry,B Cooper,A Gardner,0,0,,,,,,,,,
1150553,2018/19,2018-11-22,"Sir Vivian Richards Stadium, North Sound",2,12.1,West Indies,Australia,B Cooper,CA Henry,DM Kimmince,0,1,1,,,,,,,,
1150553,2018/19,2018-11-22,"Sir Vivian Richards Stadium, North Sound",2,12.2,West Indies,Australia,B Cooper,CA Henry,DM Kimmince,1,0,,,,,,,,,
1150553,2018/19,2018-11-22,"Sir Vivian Richards Stadium, North Sound",2,12.3,West Indies,Australia,CA Henry,B Cooper,DM Kimmince,1,0,,,,,,,,,
1150553,2018/19,2018-11-22,"Sir Vivian Richards Stadium, North Sound",2,12.4,West Indies,Australia,B Cooper,CA Henry,DM Kimmince,0,0,,,,,,,,,
1150553,2018/19,2018-11-22,"Sir Vivian Richards Stadium, North Sound",2,12.5,West Indies,Australia,B Cooper,CA Henry,DM Kimmince,0,0,,,,,,,,,
1150553,2018/19,2018-11-22,"Sir Vivian Richards Stadium, North Sound",2,12.6,West Indies,Australia,B Cooper,CA Henry,DM Kimmince,0,0,,,,,,caught,B Cooper,,
1150553,2018/19,2018-11-22,"Sir Vivian Richards Stadium, North Sound",2,12.7,West Indies,Australia,CA Henry,ASS Fletcher,DM Kimmince,1,0,,,,,,,,,
1150553,2018/19,2018-11-22,"Sir Vivian Richards Stadium, North Sound",2,13.1,West Indies,Australia,CA Henry,ASS Fletcher,A Gardner,1,0,,,,,,,,,
1150553,2018/19,2018-11-22,"Sir Vivian Richards Stadium, North Sound",2,13.2,West Indies,Australia,ASS Fletcher,CA Henry,A Gardner,1,0,,,,,,,,,
1150553,2018/19,2018-11-22,"Sir Vivian Richards Stadium, North Sound",2,13.3,West Indies,Australia,CA Henry,ASS Fletcher,A Gardner,0,0,,,,,,,,,
1150553,2018/19,2018-11-22,"Sir Vivian Richards Stadium, North Sound",2,13.4,West Indies,Australia,CA Henry,ASS Fletcher,A Gardner,0,0,,,,,,,,,
1150553,2018/19,2018-11-22,"Sir Vivian Richards Stadium, North Sound",2,13.5,West Indies,Australia,CA Henry,ASS Fletcher,A Gardner,0,0,,,,,,,,,
1150553,2018/19,2018-11-22,"Sir Vivian Richards Stadium, North Sound",2,13.6,West Indies,Australia,CA Henry,ASS Fletcher,A Gardner,0,0,,,,,,,,,
1150553,2018/19,2018-11-22,"Sir Vivian Richards Stadium, North Sound",2,14.1,West Indies,Australia,ASS Fletcher,CA Henry,ML Schutt,1,0,,,,,,,,,
1150553,2018/19,2018-11-22,"Sir Vivian Richards Stadium, North Sound",2,14.2,West Indies,Australia,CA Henry,ASS Fletcher,ML Schutt,0,0,,,,,,,,,
1150553,2018/19,2018-11-22,"Sir Vivian Richards Stadium, North Sound",2,14.3,West Indies,Australia,CA Henry,ASS Fletcher,ML Schutt,1,0,,,,,,,,,
1150553,2018/19,2018-11-22,"Sir Vivian Richards Stadium, North Sound",2,14.4,West Indies,Australia,ASS Fletcher,CA Henry,ML Schutt,1,0,,,,,,,,,
1150553,2018/19,2018-11-22,"Sir Vivian Richards Stadium, North Sound",2,14.5,West Indies,Australia,CA Henry,ASS Fletcher,ML Schutt,0,1,1,,,,,,,,
1150553,2018/19,2018-11-22,"Sir Vivian Richards Stadium, North Sound",2,14.6,West Indies,Australia,CA Henry,ASS Fletcher,ML Schutt,0,0,,,,,,caught,CA Henry,,
1150553,2018/19,2018-11-22,"Sir Vivian Richards Stadium, North Sound",2,14.7,West Indies,Australia,SS Connell,ASS Fletcher,ML Schutt,0,0,,,,,,,,,
1150553,2018/19,2018-11-22,"Sir Vivian Richards Stadium, North Sound",2,15.1,West Indies,Australia,ASS Fletcher,SS Connell,A Gardner,0,0,,,,,,bowled,ASS Fletcher,,
1150553,2018/19,2018-11-22,"Sir Vivian Richards Stadium, North Sound",2,15.2,West Indies,Australia,SC Selman,SS Connell,A Gardner,0,0,,,,,,,,,
1150553,2018/19,2018-11-22,"Sir Vivian Richards Stadium, North Sound",2,15.3,West Indies,Australia,SC Selman,SS Connell,A Gardner,0,1,1,,,,,,,,
1150553,2018/19,2018-11-22,"Sir Vivian Richards Stadium, North Sound",2,15.4,West Indies,Australia,SC Selman,SS Connell,A Gardner,0,1,,,,1,,,,,
1150553,2018/19,2018-11-22,"Sir Vivian Richards Stadium, North Sound",2,15.5,West Indies,Australia,SS Connell,SC Selman,A Gardner,1,0,,,,,,,,,
1150553,2018/19,2018-11-22,"Sir Vivian Richards Stadium, North Sound",2,15.6,West Indies,Australia,SC Selman,SS Connell,A Gardner,1,0,,,,,,,,,
1150553,2018/19,2018-11-22,"Sir Vivian Richards Stadium, North Sound",2,15.7,West Indies,Australia,SS Connell,SC Selman,A Gardner,1,0,,,,,,,,,
1150553,2018/19,2018-11-22,"Sir Vivian Richards Stadium, North Sound",2,16.1,West Indies,Australia,SS Connell,SC Selman,DM Kimmince,1,0,,,,,,,,,
1150553,2018/19,2018-11-22,"Sir Vivian Richards Stadium, North Sound",2,16.2,West Indies,Australia,SC Selman,SS Connell,DM Kimmince,1,0,,,,,,,,,
1150553,2018/19,2018-11-22,"Sir Vivian Richards Stadium, North Sound",2,16.3,West Indies,Australia,SS Connell,SC Selman,DM Kimmince,0,0,,,,,,,,,
1150553,2018/19,2018-11-22,"Sir Vivian Richards Stadium, North Sound",2,16.4,West Indies,Australia,SS Connell,SC Selman,DM Kimmince,2,0,,,,,,,,,
1150553,2018/19,2018-11-22,"Sir Vivian Richards Stadium, North Sound",2,16.5,West Indies,Australia,SS Connell,SC Selman,DM Kimmince,1,0,,,,,,,,,
1150553,2018/19,2018-11-22,"Sir Vivian Richards Stadium, North Sound",2,16.6,West Indies,Australia,SC Selman,SS Connell,DM Kimmince,1,0,,,,,,,,,
1150553,2018/19,2018-11-22,"Sir Vivian Richards Stadium, North Sound",2,17.1,West Indies,Australia,SC Selman,SS Connell,G Wareham,0,0,,,,,,,,,
1150553,2018/19,2018-11-22,"Sir Vivian Richards Stadium, North Sound",2,17.2,West Indies,Australia,SC Selman,SS Connell,G Wareham,0,0,,,,,,,,,
1150553,2018/19,2018-11-22,"Sir Vivian Richards Stadium, North Sound",2,17.3,West Indies,Australia,SC Selman,SS Connell,G Wareham,0,0,,,,,,stumped,SC Selman,,
