match_id,season,start_date,venue,innings,ball,batting_team,bowling_team,striker,non_striker,bowler,runs_off_bat,extras,wides,noballs,byes,legbyes,penalty,wicket_type,player_dismissed,other_wicket_type,other_player_dismissed
1150534,2018/19,2018-11-09,Providence Stadium,1,0.1,Australia,Pakistan,AJ Healy,BL Mooney,Anam Amin,0,0,,,,,,,,,
1150534,2018/19,2018-11-09,Providence Stadium,1,0.2,Australia,Pakistan,AJ Healy,BL Mooney,Anam Amin,0,1,1,,,,,,,,
1150534,2018/19,2018-11-09,Providence Stadium,1,0.3,Australia,Pakistan,AJ Healy,BL Mooney,Anam Amin,1,0,,,,,,,,,
1150534,2018/19,2018-11-09,Providence Stadium,1,0.4,Australia,Pakistan,BL Mooney,AJ Healy,Anam Amin,0,0,,,,,,,,,
1150534,2018/19,2018-11-09,Providence Stadium,1,0.5,Australia,Pakistan,BL Mooney,AJ Healy,Anam Amin,1,0,,,,,,,,,
1150534,2018/19,2018-11-09,Providence Stadium,1,0.6,Australia,Pakistan,AJ Healy,BL Mooney,Anam Amin,6,0,,,,,,,,,
1150534,2018/19,2018-11-09,Providence Stadium,1,0.7,Australia,Pakistan,AJ Healy,BL Mooney,Anam Amin,1,0,,,,,,,,,
1150534,2018/19,2018-11-09,Providence Stadium,1,1.1,Australia,Pakistan,AJ Healy,BL Mooney,Sana Mir,0,0,,,,,,,,,
1150534,2018/19,2018-11-09,Providence Stadium,1,1.2,Australia,Pakistan,AJ Healy,BL Mooney,Sana Mir,4,0,,,,,,,,,
1150534,2018/19,2018-11-09,Providence Stadium,1,1.3,Australia,Pakistan,AJ Healy,BL Mooney,Sana Mir,4,0,,,,,,,,,
1150534,2018/19,2018-11-09,Providence Stadium,1,1.4,Australia,Pakistan,AJ Healy,BL Mooney,Sana Mir,0,0,,,,,,,,,
1150534,2018/19,2018-11-09,Providence Stadium,1,1.5,Australia,Pakistan,AJ Healy,BL Mooney,Sana Mir,0,0,,,,,,,,,
1150534,2018/19,2018-11-09,Providence Stadium,1,1.6,Australia,Pakistan,AJ Healy,BL Mooney,Sana Mir,1,0,,,,,,,,,
1150534,2018/19,2018-11-09,Providence Stadium,1,2.1,Australia,Pakistan,AJ Healy,BL Mooney,Nida Dar,2,0,,,,,,,,,
1150534,2018/19,2018-11-09,Providence Stadium,1,2.2,Australia,Pakistan,AJ Healy,BL Mooney,Nida Dar,0,0,,,,,,,,,
1150534,2018/19,2018-11-09,Providence Stadium,1,2.3,Australia,Pakistan,AJ Healy,BL Mooney,Nida Dar,4,0,,,,,,,,,
1150534,2018/19,2018-11-09,Providence Stadium,1,2.4,Australia,Pakistan,AJ Healy,BL Mooney,Nida Dar,4,0,,,,,,,,,
1150534,2018/19,2018-11-09,Providence Stadium,1,2.5,Australia,Pakistan,AJ Healy,BL Mooney,Nida Dar,4,0,,,,,,,,,
1150534,2018/19,2018-11-09,Providence Stadium,1,2.6,Australia,Pakistan,AJ Healy,BL Mooney,Nida Dar,0,0,,,,,,,,,
1150534,2018/19,2018-11-09,Providence Stadium,1,3.1,Australia,Pakistan,BL Mooney,AJ Healy,Sana Mir,0,0,,,,,,,,,
1150534,2018/19,2018-11-09,Providence Stadium,1,3.2,Australia,Pakistan,BL Mooney,AJ Healy,Sana Mir,1,0,,,,,,,,,
1150534,2018/19,2018-11-09,Providence Stadium,1,3.3,Australia,Pakistan,AJ Healy,BL Mooney,Sana Mir,1,0,,,,,,,,,
1150534,2018/19,2018-11-09,Providence Stadium,1,3.4,Australia,Pakistan,BL Mooney,AJ Healy,Sana Mir,4,0,,,,,,,,,
1150534,2018/19,2018-11-09,Providence Stadium,1,3.5,Australia,Pakistan,BL Mooney,AJ Healy,Sana Mir,1,0,,,,,,,,,
1150534,2018/19,2018-11-09,Providence Stadium,1,3.6,Australia,Pakistan,AJ Healy,BL Mooney,Sana Mir,0,0,,,,,,,,,
1150534,2018/19,2018-11-09,Providence Stadium,1,4.1,Australia,Pakistan,BL Mooney,AJ Healy,Anam Amin,0,0,,,,,,,,,
1150534,2018/19,2018-11-09,Providence Stadium,1,4.2,Australia,Pakistan,BL Mooney,AJ Healy,Anam Amin,2,0,,,,,,,,,
1150534,2018/19,2018-11-09,Providence Stadium,1,4.3,Australia,Pakistan,BL Mooney,AJ Healy,Anam Amin,0,0,,,,,,,,,
1150534,2018/19,2018-11-09,Providence Stadium,1,4.4,Australia,Pakistan,BL Mooney,AJ Healy,Anam Amin,1,0,,,,,,,,,
1150534,2018/19,2018-11-09,Providence Stadium,1,4.5,Australia,Pakistan,AJ Healy,BL Mooney,Anam Amin,0,0,,,,,,,,,
1150534,2018/19,2018-11-09,Providence Stadium,1,4.6,Australia,Pakistan,AJ Healy,BL Mooney,Anam Amin,0,0,,,,,,,,,
1150534,2018/19,2018-11-09,Providence Stadium,1,5.1,Australia,Pakistan,BL Mooney,AJ Healy,Nashra Sandhu,4,0,,,,,,,,,
1150534,2018/19,2018-11-09,Providence Stadium,1,5.2,Australia,Pakistan,BL Mooney,AJ Healy,Nashra Sandhu,2,0,,,,,,,,,
1150534,2018/19,2018-11-09,Providence Stadium,1,5.3,Australia,Pakistan,BL Mooney,AJ Healy,Nashra Sandhu,1,0,,,,,,,,,
1150534,2018/19,2018-11-09,Providence Stadium,1,5.4,Australia,Pakistan,AJ Healy,BL Mooney,Nashra Sandhu,0,0,,,,,,,,,
1150534,2018/19,2018-11-09,Providence Stadium,1,5.5,Australia,Pakistan,AJ Healy,BL Mooney,Nashra Sandhu,4,0,,,,,,,,,
1150534,2018/19,2018-11-09,Providence Stadium,1,5.6,Australia,Pakistan,AJ Healy,BL Mooney,Nashra Sandhu,4,0,,,,,,,,,
1150534,2018/19,2018-11-09,Providence Stadium,1,6.1,Australia,Pakistan,BL Mooney,AJ Healy,Nida Dar,1,0,,,,,,,,,
1150534,2018/19,2018-11-09,Providence Stadium,1,6.2,Australia,Pakistan,AJ Healy,BL Mooney,Nida Dar,1,0,,,,,,,,,
1150534,2018/19,2018-11-09,Providence Stadium,1,6.3,Australia,Pakistan,BL Mooney,AJ Healy,Nida Dar,4,0,,,,,,,,,
1150534,2018/19,2018-11-09,Providence Stadium,1,6.4,Australia,Pakistan,BL Mooney,AJ Healy,Nida Dar,0,0,,,,,,,,,
1150534,2018/19,2018-11-09,Providence Stadium,1,6.5,Australia,Pakistan,BL Mooney,AJ Healy,Nida Dar,0,0,,,,,,,,,
1150534,2018/19,2018-11-09,Providence Stadium,1,6.6,Australia,Pakistan,BL Mooney,AJ Healy,Nida Dar,0,0,,,,,,,,,
1150534,2018/19,2018-11-09,Providence Stadium,1,7.1,Australia,Pakistan,AJ Healy,BL Mooney,Aliya Riaz,0,0,,,,,,,,,
1150534,2018/19,2018-11-09,Providence Stadium,1,7.2,Australia,Pakistan,AJ Healy,BL Mooney,Aliya Riaz,1,0,,,,,,,,,
1150534,2018/19,2018-11-09,Providence Stadium,1,7.3,Australia,Pakistan,BL Mooney,AJ Healy,Aliya Riaz,1,0,,,,,,,,,
1150534,2018/19,2018-11-09,Providence Stadium,1,7.4,Australia,Pakistan,AJ Healy,BL Mooney,Aliya Riaz,2,0,,,,,,,,,
1150534,2018/19,2018-11-09,Providence Stadium,1,7.5,Australia,Pakistan,AJ Healy,BL Mooney,Aliya Riaz,4,0,,,,,,,,,
1150534,2018/19,2018-11-09,Providence Stadium,1,7.6,Australia,Pakistan,AJ Healy,BL Mooney,Aliya Riaz,0,0,,,,,,caught,AJ Healy,,
1150534,2018/19,2018-11-09,Providence Stadium,1,8.1,Australia,Pakistan,BL Mooney,MM Lanning,Nida Dar,1,0,,,,,,,,,
1150534,2018/19,2018-11-09,Providence Stadium,1,8.2,Australia,Pakistan,MM Lanning,BL Mooney,Nida Dar,0,0,,,,,,,,,
1150534,2018/19,2018-11-09,Providence Stadium,1,8.3,Australia,Pakistan,MM Lanning,BL Mooney,Nida Dar,3,0,,,,,,,,,
1150534,2018/19,2018-11-09,Providence Stadium,1,8.4,Australia,Pakistan,BL Mooney,MM Lanning,Nida Dar,0,0,,,,,,,,,
1150534,2018/19,2018-11-09,Providence Stadium,1,8.5,Australia,Pakistan,BL Mooney,MM Lanning,Nida Dar,1,0,,,,,,,,,
1150534,2018/19,2018-11-09,Providence Stadium,1,8.6,Australia,Pakistan,MM Lanning,BL Mooney,Nida Dar,0,0,,,,,,,,,
1150534,2018/19,2018-11-09,Providence Stadium,1,9.1,Australia,Pakistan,BL Mooney,MM Lanning,Aliya Riaz,0,0,,,,,,,,,
1150534,2018/19,2018-11-09,Providence Stadium,1,9.2,Australia,Pakistan,BL Mooney,MM Lanning,Aliya Riaz,1,0,,,,,,,,,
1150534,2018/19,2018-11-09,Providence Stadium,1,9.3,Australia,Pakistan,MM Lanning,BL Mooney,Aliya Riaz,0,0,,,,,,,,,
1150534,2018/19,2018-11-09,Providence Stadium,1,9.4,Australia,Pakistan,MM Lanning,BL Mooney,Aliya Riaz,2,0,,,,,,,,,
1150534,2018/19,2018-11-09,Providence Stadium,1,9.5,Australia,Pakistan,MM Lanning,BL Mooney,Aliya Riaz,0,0,,,,,,,,,
1150534,2018/19,2018-11-09,Providence Stadium,1,9.6,Australia,Pakistan,MM Lanning,BL Mooney,Aliya Riaz,0,0,,,,,,,,,
1150534,2018/19,2018-11-09,Providence Stadium,1,10.1,Australia,Pakistan,BL Mooney,MM Lanning,Sana Mir,1,0,,,,,,,,,
1150534,2018/19,2018-11-09,Providence Stadium,1,10.2,Australia,Pakistan,MM Lanning,BL Mooney,Sana Mir,0,0,,,,,,,,,
1150534,2018/19,2018-11-09,Providence Stadium,1,10.3,Australia,Pakistan,MM Lanning,BL Mooney,Sana Mir,1,0,,,,,,,,,
1150534,2018/19,2018-11-09,Providence Stadium,1,10.4,Australia,Pakistan,BL Mooney,MM Lanning,Sana Mir,1,0,,,,,,,,,
1150534,2018/19,2018-11-09,Providence Stadium,1,10.5,Australia,Pakistan,MM Lanning,BL Mooney,Sana Mir,0,0,,,,,,,,,
1150534,2018/19,2018-11-09,Providence Stadium,1,10.6,Australia,Pakistan,MM Lanning,BL Mooney,Sana Mir,0,0,,,,,,,,,
1150534,2018/19,2018-11-09,Providence Stadium,1,11.1,Australia,Pakistan,BL Mooney,MM Lanning,Aliya Riaz,1,0,,,,,,,,,
1150534,2018/19,2018-11-09,Providence Stadium,1,11.2,Australia,Pakistan,MM Lanning,BL Mooney,Aliya Riaz,1,0,,,,,,,,,
1150534,2018/19,2018-11-09,Providence Stadium,1,11.3,Australia,Pakistan,BL Mooney,MM Lanning,Aliya Riaz,2,0,,,,,,,,,
1150534,2018/19,2018-11-09,Providence Stadium,1,11.4,Australia,Pakistan,BL Mooney,MM Lanning,Aliya Riaz,1,0,,,,,,,,,
1150534,2018/19,2018-11-09,Providence Stadium,1,11.5,Australia,Pakistan,MM Lanning,BL Mooney,Aliya Riaz,2,0,,,,,,,,,
1150534,2018/19,2018-11-09,Providence Stadium,1,11.6,Australia,Pakistan,MM Lanning,BL Mooney,Aliya Riaz,0,0,,,,,,,,,
1150534,2018/19,2018-11-09,Providence Stadium,1,12.1,Australia,Pakistan,BL Mooney,MM Lanning,Nashra Sandhu,1,0,,,,,,,,,
1150534,2018/19,2018-11-09,Providence Stadium,1,12.2,Australia,Pakistan,MM Lanning,BL Mooney,Nashra Sandhu,1,0,,,,,,,,,
1150534,2018/19,2018-11-09,Providence Stadium,1,12.3,Australia,Pakistan,BL Mooney,MM Lanning,Nashra Sandhu,1,0,,,,,,,,,
1150534,2018/19,2018-11-09,Providence Stadium,1,12.4,Australia,Pakistan,MM Lanning,BL Mooney,Nashra Sandhu,1,0,,,,,,,,,
1150534,2018/19,2018-11-09,Providence Stadium,1,12.5,Australia,Pakistan,BL Mooney,MM Lanning,Nashra Sandhu,4,0,,,,,,,,,
1150534,2018/19,2018-11-09,Providence Stadium,1,12.6,Australia,Pakistan,BL Mooney,MM Lanning,Nashra Sandhu,1,0,,,,,,,,,
1150534,2018/19,2018-11-09,Providence Stadium,1,13.1,Australia,Pakistan,BL Mooney,MM Lanning,Anam Amin,0,0,,,,,,,,,
1150534,2018/19,2018-11-09,Providence Stadium,1,13.2,Australia,Pakistan,BL Mooney,MM Lanning,Anam Amin,0,0,,,,,,,,,
1150534,2018/19,2018-11-09,Providence Stadium,1,13.3,Australia,Pakistan,BL Mooney,MM Lanning,Anam Amin,4,0,,,,,,,,,
1150534,2018/19,2018-11-09,Providence Stadium,1,13.4,Australia,Pakistan,BL Mooney,MM Lanning,Anam Amin,4,0,,,,,,,,,
1150534,2018/19,2018-11-09,Providence Stadium,1,13.5,Australia,Pakistan,BL Mooney,MM Lanning,Anam Amin,1,0,,,,,,,,,
1150534,2018/19,2018-11-09,Providence Stadium,1,13.6,Australia,Pakistan,MM Lanning,BL Mooney,Anam Amin,0,0,,,,,,,,,
1150534,2018/19,2018-11-09,Providence Stadium,1,14.1,Australia,Pakistan,BL Mooney,MM Lanning,Nashra Sandhu,0,0,,,,,,caught,BL Mooney,,
1150534,2018/19,2018-11-09,Providence Stadium,1,14.2,Australia,Pakistan,MM Lanning,A Gardner,Nashra Sandhu,6,0,,,,,,,,,
1150534,2018/19,2018-11-09,Providence Stadium,1,14.3,Australia,Pakistan,MM Lanning,A Gardner,Nashra Sandhu,1,0,,,,,,,,,
1150534,2018/19,2018-11-09,Providence Stadium,1,14.4,Australia,Pakistan,A Gardner,MM Lanning,Nashra Sandhu,0,0,,,,,,,,,
1150534,2018/19,2018-11-09,Providence Stadium,1,14.5,Australia,Pakistan,A Gardner,MM Lanning,Nashra Sandhu,1,0,,,,,,,,,
1150534,2018/19,2018-11-09,Providence Stadium,1,14.6,Australia,Pakistan,MM Lanning,A Gardner,Nashra Sandhu,1,0,,,,,,,,,
1150534,2018/19,2018-11-09,Providence Stadium,1,15.1,Australia,Pakistan,MM Lanning,A Gardner,Anam Amin,1,0,,,,,,,,,
1150534,2018/19,2018-11-09,Providence Stadium,1,15.2,Australia,Pakistan,A Gardner,MM Lanning,Anam Amin,1,0,,,,,,,,,
1150534,2018/19,2018-11-09,Providence Stadium,1,15.3,Australia,Pakistan,MM Lanning,A Gardner,Anam Amin,0,0,,,,,,,,,
1150534,2018/19,2018-11-09,Providence Stadium,1,15.4,Australia,Pakistan,MM Lanning,A Gardner,Anam Amin,4,0,,,,,,,,,
1150534,2018/19,2018-11-09,Providence Stadium,1,15.5,Australia,Pakistan,MM Lanning,A Gardner,Anam Amin,4,0,,,,,,,,,
1150534,2018/19,2018-11-09,Providence Stadium,1,15.6,Australia,Pakistan,MM Lanning,A Gardner,Anam Amin,2,0,,,,,,,,,
1150534,2018/19,2018-11-09,Providence Stadium,1,16.1,Australia,Pakistan,A Gardner,MM Lanning,Nida Dar,2,0,,,,,,,,,
1150534,2018/19,2018-11-09,Providence Stadium,1,16.2,Australia,Pakistan,A Gardner,MM Lanning,Nida Dar,1,0,,,,,,,,,
1150534,2018/19,2018-11-09,Providence Stadium,1,16.3,Australia,Pakistan,MM Lanning,A Gardner,Nida Dar,1,0,,,,,,,,,
1150534,2018/19,2018-11-09,Providence Stadium,1,16.4,Australia,Pakistan,A Gardner,MM Lanning,Nida Dar,1,0,,,,,,,,,
1150534,2018/19,2018-11-09,Providence Stadium,1,16.5,Australia,Pakistan,MM Lanning,A Gardner,Nida Dar,1,0,,,,,,,,,
1150534,2018/19,2018-11-09,Providence Stadium,1,16.6,Australia,Pakistan,A Gardner,MM Lanning,Nida Dar,0,0,,,,,,,,,
1150534,2018/19,2018-11-09,Providence Stadium,1,17.1,Australia,Pakistan,MM Lanning,A Gardner,Nashra Sandhu,1,0,,,,,,,,,
1150534,2018/19,2018-11-09,Providence Stadium,1,17.2,Australia,Pakistan,A Gardner,MM Lanning,Nashra Sandhu,1,0,,,,,,,,,
1150534,2018/19,2018-11-09,Providence Stadium,1,17.3,Australia,Pakistan,MM Lanning,A Gardner,Nashra Sandhu,1,0,,,,,,,,,
1150534,2018/19,2018-11-09,Providence Stadium,1,17.4,Australia,Pakistan,A Gardner,MM Lanning,Nashra Sandhu,6,0,,,,,,,,,
1150534,2018/19,2018-11-09,Providence Stadium,1,17.5,Australia,Pakistan,A Gardner,MM Lanning,Nashra Sandhu,0,0,,,,,,caught,A Gardner,,
1150534,2018/19,2018-11-09,Providence Stadium,1,17.6,Australia,Pakistan,MM Lanning,EJ Villani,Nashra Sandhu,1,0,,,,,,,,,
1150534,2018/19,2018-11-09,Providence Stadium,1,18.1,Australia,Pakistan,MM Lanning,EJ Villani,Sana Mir,1,0,,,,,,,,,
1150534,2018/19,2018-11-09,Providence Stadium,1,18.2,Australia,Pakistan,EJ Villani,MM Lanning,Sana Mir,4,0,,,,,,,,,
1150534,2018/19,2018-11-09,Providence Stadium,1,18.3,Australia,Pakistan,EJ Villani,MM Lanning,Sana Mir,2,0,,,,,,,,,
1150534,2018/19,2018-11-09,Providence Stadium,1,18.4,Australia,Pakistan,EJ Villani,MM Lanning,Sana Mir,1,0,,,,,,,,,
1150534,2018/19,2018-11-09,Providence Stadium,1,18.5,Australia,Pakistan,MM Lanning,EJ Villani,Sana Mir,4,0,,,,,,,,,
1150534,2018/19,2018-11-09,Providence Stadium,1,18.6,Australia,Pakistan,MM Lanning,EJ Villani,Sana Mir,1,0,,,,,,,,,
1150534,2018/19,2018-11-09,Providence Stadium,1,19.1,Australia,Pakistan,MM Lanning,EJ Villani,Aliya Riaz,0,0,,,,,,bowled,MM Lanning,,
1150534,2018/19,2018-11-09,Providence Stadium,1,19.2,Australia,Pakistan,RL Haynes,EJ Villani,Aliya Riaz,1,0,,,,,,,,,
1150534,2018/19,2018-11-09,Providence Stadium,1,19.3,Australia,Pakistan,EJ Villani,RL Haynes,Aliya Riaz,0,0,,,,,,,,,
1150534,2018/19,2018-11-09,Providence Stadium,1,19.4,Australia,Pakistan,EJ Villani,RL Haynes,Aliya Riaz,0,0,,,,,,run out,EJ Villani,,
1150534,2018/19,2018-11-09,Providence Stadium,1,19.5,Australia,Pakistan,EA Perry,RL Haynes,Aliya Riaz,2,0,,,,,,,,,
1150534,2018/19,2018-11-09,Providence Stadium,1,19.6,Australia,Pakistan,EA Perry,RL Haynes,Aliya Riaz,4,0,,,,,,,,,
1150534,2018/19,2018-11-09,Providence Stadium,2,0.1,Pakistan,Australia,Ayesha Zafar,Nahida Khan,ML Schutt,0,0,,,,,,,,,
1150534,2018/19,2018-11-09,Providence Stadium,2,0.2,Pakistan,Australia,Ayesha Zafar,Nahida Khan,ML Schutt,0,0,,,,,,,,,
1150534,2018/19,2018-11-09,Providence Stadium,2,0.3,Pakistan,Australia,Ayesha Zafar,Nahida Khan,ML Schutt,2,0,,,,,,,,,
1150534,2018/19,2018-11-09,Providence Stadium,2,0.4,Pakistan,Australia,Ayesha Zafar,Nahida Khan,ML Schutt,0,0,,,,,,,,,
1150534,2018/19,2018-11-09,Providence Stadium,2,0.5,Pakistan,Australia,Ayesha Zafar,Nahida Khan,ML Schutt,0,0,,,,,,,,,
1150534,2018/19,2018-11-09,Providence Stadium,2,0.6,Pakistan,Australia,Ayesha Zafar,Nahida Khan,ML Schutt,0,0,,,,,,bowled,Ayesha Zafar,,
1150534,2018/19,2018-11-09,Providence Stadium,2,1.1,Pakistan,Australia,Nahida Khan,Umaima Sohail,S Molineux,1,0,,,,,,,,,
1150534,2018/19,2018-11-09,Providence Stadium,2,1.2,Pakistan,Australia,Umaima Sohail,Nahida Khan,S Molineux,1,0,,,,,,,,,
1150534,2018/19,2018-11-09,Providence Stadium,2,1.3,Pakistan,Australia,Nahida Khan,Umaima Sohail,S Molineux,0,0,,,,,,,,,
1150534,2018/19,2018-11-09,Providence Stadium,2,1.4,Pakistan,Australia,Nahida Khan,Umaima Sohail,S Molineux,0,0,,,,,,,,,
1150534,2018/19,2018-11-09,Providence Stadium,2,1.5,Pakistan,Australia,Nahida Khan,Umaima Sohail,S Molineux,0,0,,,,,,,,,
1150534,2018/19,2018-11-09,Providence Stadium,2,1.6,Pakistan,Australia,Nahida Khan,Umaima Sohail,S Molineux,0,0,,,,,,,,,
1150534,2018/19,2018-11-09,Providence Stadium,2,2.1,Pakistan,Australia,Umaima Sohail,Nahida Khan,EA Perry,0,0,,,,,,,,,
1150534,2018/19,2018-11-09,Providence Stadium,2,2.2,Pakistan,Australia,Umaima Sohail,Nahida Khan,EA Perry,5,0,,,,,,,,,
1150534,2018/19,2018-11-09,Providence Stadium,2,2.3,Pakistan,Australia,Nahida Khan,Umaima Sohail,EA Perry,1,0,,,,,,,,,
1150534,2018/19,2018-11-09,Providence Stadium,2,2.4,Pakistan,Australia,Umaima Sohail,Nahida Khan,EA Perry,2,0,,,,,,,,,
1150534,2018/19,2018-11-09,Providence Stadium,2,2.5,Pakistan,Australia,Umaima Sohail,Nahida Khan,EA Perry,4,0,,,,,,,,,
1150534,2018/19,2018-11-09,Providence Stadium,2,2.6,Pakistan,Australia,Umaima Sohail,Nahida Khan,EA Perry,0,0,,,,,,,,,
1150534,2018/19,2018-11-09,Providence Stadium,2,3.1,Pakistan,Australia,Nahida Khan,Umaima Sohail,S Molineux,1,0,,,,,,,,,
1150534,2018/19,2018-11-09,Providence Stadium,2,3.2,Pakistan,Australia,Umaima Sohail,Nahida Khan,S Molineux,1,0,,,,,,,,,
1150534,2018/19,2018-11-09,Providence Stadium,2,3.3,Pakistan,Australia,Nahida Khan,Umaima Sohail,S Molineux,0,0,,,,,,,,,
1150534,2018/19,2018-11-09,Providence Stadium,2,3.4,Pakistan,Australia,Nahida Khan,Umaima Sohail,S Molineux,1,0,,,,,,,,,
1150534,2018/19,2018-11-09,Providence Stadium,2,3.5,Pakistan,Australia,Umaima Sohail,Nahida Khan,S Molineux,4,0,,,,,,,,,
1150534,2018/19,2018-11-09,Providence Stadium,2,3.6,Pakistan,Australia,Umaima Sohail,Nahida Khan,S Molineux,1,0,,,,,,,,,
1150534,2018/19,2018-11-09,Providence Stadium,2,4.1,Pakistan,Australia,Umaima Sohail,Nahida Khan,ML Schutt,1,0,,,,,,,,,
1150534,2018/19,2018-11-09,Providence Stadium,2,4.2,Pakistan,Australia,Nahida Khan,Umaima Sohail,ML Schutt,0,0,,,,,,,,,
1150534,2018/19,2018-11-09,Providence Stadium,2,4.3,Pakistan,Australia,Nahida Khan,Umaima Sohail,ML Schutt,1,0,,,,,,,,,
1150534,2018/19,2018-11-09,Providence Stadium,2,4.4,Pakistan,Australia,Umaima Sohail,Nahida Khan,ML Schutt,1,0,,,,,,,,,
1150534,2018/19,2018-11-09,Providence Stadium,2,4.5,Pakistan,Australia,Nahida Khan,Umaima Sohail,ML Schutt,0,0,,,,,,run out,Umaima Sohail,,
1150534,2018/19,2018-11-09,Providence Stadium,2,4.6,Pakistan,Australia,Bismah Maroof,Nahida Khan,ML Schutt,0,0,,,,,,,,,
1150534,2018/19,2018-11-09,Providence Stadium,2,5.1,Pakistan,Australia,Nahida Khan,Bismah Maroof,DM Kimmince,0,0,,,,,,,,,
1150534,2018/19,2018-11-09,Providence Stadium,2,5.2,Pakistan,Australia,Nahida Khan,Bismah Maroof,DM Kimmince,4,0,,,,,,,,,
1150534,2018/19,2018-11-09,Providence Stadium,2,5.3,Pakistan,Australia,Nahida Khan,Bismah Maroof,DM Kimmince,0,0,,,,,,caught and bowled,Nahida Khan,,
1150534,2018/19,2018-11-09,Providence Stadium,2,5.4,Pakistan,Australia,Javeria Khan,Bismah Maroof,DM Kimmince,0,0,,,,,,,,,
1150534,2018/19,2018-11-09,Providence Stadium,2,5.5,Pakistan,Australia,Javeria Khan,Bismah Maroof,DM Kimmince,1,0,,,,,,,,,
1150534,2018/19,2018-11-09,Providence Stadium,2,5.6,Pakistan,Australia,Bismah Maroof,Javeria Khan,DM Kimmince,1,0,,,,,,,,,
1150534,2018/19,2018-11-09,Providence Stadium,2,6.1,Pakistan,Australia,Bismah Maroof,Javeria Khan,G Wareham,4,0,,,,,,,,,
1150534,2018/19,2018-11-09,Providence Stadium,2,6.2,Pakistan,Australia,Bismah Maroof,Javeria Khan,G Wareham,1,0,,,,,,,,,
1150534,2018/19,2018-11-09,Providence Stadium,2,6.3,Pakistan,Australia,Javeria Khan,Bismah Maroof,G Wareham,1,0,,,,,,,,,
1150534,2018/19,2018-11-09,Providence Stadium,2,6.4,Pakistan,Australia,Bismah Maroof,Javeria Khan,G Wareham,0,0,,,,,,,,,
1150534,2018/19,2018-11-09,Providence Stadium,2,6.5,Pakistan,Australia,Bismah Maroof,Javeria Khan,G Wareham,1,0,,,,,,,,,
1150534,2018/19,2018-11-09,Providence Stadium,2,6.6,Pakistan,Australia,Javeria Khan,Bismah Maroof,G Wareham,2,0,,,,,,,,,
1150534,2018/19,2018-11-09,Providence Stadium,2,7.1,Pakistan,Australia,Bismah Maroof,Javeria Khan,A Gardner,0,0,,,,,,,,,
1150534,2018/19,2018-11-09,Providence Stadium,2,7.2,Pakistan,Australia,Bismah Maroof,Javeria Khan,A Gardner,0,1,1,,,,,,,,
1150534,2018/19,2018-11-09,Providence Stadium,2,7.3,Pakistan,Australia,Bismah Maroof,Javeria Khan,A Gardner,1,0,,,,,,,,,
1150534,2018/19,2018-11-09,Providence Stadium,2,7.4,Pakistan,Australia,Javeria Khan,Bismah Maroof,A Gardner,1,0,,,,,,,,,
1150534,2018/19,2018-11-09,Providence Stadium,2,7.5,Pakistan,Australia,Bismah Maroof,Javeria Khan,A Gardner,2,0,,,,,,,,,
1150534,2018/19,2018-11-09,Providence Stadium,2,7.6,Pakistan,Australia,Bismah Maroof,Javeria Khan,A Gardner,0,0,,,,,,,,,
1150534,2018/19,2018-11-09,Providence Stadium,2,7.7,Pakistan,Australia,Bismah Maroof,Javeria Khan,A Gardner,1,0,,,,,,,,,
1150534,2018/19,2018-11-09,Providence Stadium,2,8.1,Pakistan,Australia,Bismah Maroof,Javeria Khan,DM Kimmince,1,0,,,,,,,,,
1150534,2018/19,2018-11-09,Providence Stadium,2,8.2,Pakistan,Australia,Javeria Khan,Bismah Maroof,DM Kimmince,1,0,,,,,,,,,
1150534,2018/19,2018-11-09,Providence Stadium,2,8.3,Pakistan,Australia,Bismah Maroof,Javeria Khan,DM Kimmince,1,0,,,,,,,,,
1150534,2018/19,2018-11-09,Providence Stadium,2,8.4,Pakistan,Australia,Javeria Khan,Bismah Maroof,DM Kimmince,0,1,1,,,,,,,,
1150534,2018/19,2018-11-09,Providence Stadium,2,8.5,Pakistan,Australia,Javeria Khan,Bismah Maroof,DM Kimmince,0,0,,,,,,,,,
1150534,2018/19,2018-11-09,Providence Stadium,2,8.6,Pakistan,Australia,Javeria Khan,Bismah Maroof,DM Kimmince,1,0,,,,,,,,,
1150534,2018/19,2018-11-09,Providence Stadium,2,8.7,Pakistan,Australia,Bismah Maroof,Javeria Khan,DM Kimmince,4,0,,,,,,,,,
1150534,2018/19,2018-11-09,Providence Stadium,2,9.1,Pakistan,Australia,Javeria Khan,Bismah Maroof,A Gardner,0,0,,,,,,,,,
1150534,2018/19,2018-11-09,Providence Stadium,2,9.2,Pakistan,Australia,Javeria Khan,Bismah Maroof,A Gardner,0,4,,,4,,,,,,
1150534,2018/19,2018-11-09,Providence Stadium,2,9.3,Pakistan,Australia,Javeria Khan,Bismah Maroof,A Gardner,1,0,,,,,,,,,
1150534,2018/19,2018-11-09,Providence Stadium,2,9.4,Pakistan,Australia,Bismah Maroof,Javeria Khan,A Gardner,1,0,,,,,,,,,
1150534,2018/19,2018-11-09,Providence Stadium,2,9.5,Pakistan,Australia,Javeria Khan,Bismah Maroof,A Gardner,0,0,,,,,,,,,
1150534,2018/19,2018-11-09,Providence Stadium,2,9.6,Pakistan,Australia,Javeria Khan,Bismah Maroof,A Gardner,1,0,,,,,,,,,
1150534,2018/19,2018-11-09,Providence Stadium,2,10.1,Pakistan,Australia,Javeria Khan,Bismah Maroof,S Molineux,0,0,,,,,,caught,Javeria Khan,,
1150534,2018/19,2018-11-09,Providence Stadium,2,10.2,Pakistan,Australia,Nida Dar,Bismah Maroof,S Molineux,1,0,,,,,,,,,
1150534,2018/19,2018-11-09,Providence Stadium,2,10.3,Pakistan,Australia,Bismah Maroof,Nida Dar,S Molineux,1,0,,,,,,,,,
1150534,2018/19,2018-11-09,Providence Stadium,2,10.4,Pakistan,Australia,Nida Dar,Bismah Maroof,S Molineux,1,0,,,,,,,,,
1150534,2018/19,2018-11-09,Providence Stadium,2,10.5,Pakistan,Australia,Bismah Maroof,Nida Dar,S Molineux,1,0,,,,,,,,,
1150534,2018/19,2018-11-09,Providence Stadium,2,10.6,Pakistan,Australia,Nida Dar,Bismah Maroof,S Molineux,1,0,,,,,,,,,
1150534,2018/19,2018-11-09,Providence Stadium,2,11.1,Pakistan,Australia,Nida Dar,Bismah Maroof,DM Kimmince,1,0,,,,,,,,,
1150534,2018/19,2018-11-09,Providence Stadium,2,11.2,Pakistan,Australia,Bismah Maroof,Nida Dar,DM Kimmince,0,0,,,,,,,,,
1150534,2018/19,2018-11-09,Providence Stadium,2,11.3,Pakistan,Australia,Bismah Maroof,Nida Dar,DM Kimmince,0,0,,,,,,,,,
1150534,2018/19,2018-11-09,Providence Stadium,2,11.4,Pakistan,Australia,Bismah Maroof,Nida Dar,DM Kimmince,1,0,,,,,,,,,
1150534,2018/19,2018-11-09,Providence Stadium,2,11.5,Pakistan,Australia,Nida Dar,Bismah Maroof,DM Kimmince,0,0,,,,,,,,,
1150534,2018/19,2018-11-09,Providence Stadium,2,11.6,Pakistan,Australia,Nida Dar,Bismah Maroof,DM Kimmince,0,0,,,,,,,,,
1150534,2018/19,2018-11-09,Providence Stadium,2,12.1,Pakistan,Australia,Bismah Maroof,Nida Dar,G Wareham,1,0,,,,,,,,,
1150534,2018/19,2018-11-09,Providence Stadium,2,12.2,Pakistan,Australia,Nida Dar,Bismah Maroof,G Wareham,0,0,,,,,,stumped,Nida Dar,,
1150534,2018/19,2018-11-09,Providence Stadium,2,12.3,Pakistan,Australia,Aliya Riaz,Bismah Maroof,G Wareham,1,0,,,,,,,,,
1150534,2018/19,2018-11-09,Providence Stadium,2,12.4,Pakistan,Australia,Bismah Maroof,Aliya Riaz,G Wareham,1,0,,,,,,,,,
1150534,2018/19,2018-11-09,Providence Stadium,2,12.5,Pakistan,Australia,Aliya Riaz,Bismah Maroof,G Wareham,0,0,,,,,,,,,
1150534,2018/19,2018-11-09,Providence Stadium,2,12.6,Pakistan,Australia,Aliya Riaz,Bismah Maroof,G Wareham,0,0,,,,,,caught,Aliya Riaz,,
1150534,2018/19,2018-11-09,Providence Stadium,2,13.1,Pakistan,Australia,Bismah Maroof,Sana Mir,A Gardner,2,0,,,,,,,,,
1150534,2018/19,2018-11-09,Providence Stadium,2,13.2,Pakistan,Australia,Bismah Maroof,Sana Mir,A Gardner,1,0,,,,,,,,,
1150534,2018/19,2018-11-09,Providence Stadium,2,13.3,Pakistan,Australia,Sana Mir,Bismah Maroof,A Gardner,1,0,,,,,,,,,
1150534,2018/19,2018-11-09,Providence Stadium,2,13.4,Pakistan,Australia,Bismah Maroof,Sana Mir,A Gardner,0,0,,,,,,caught,Bismah Maroof,,
1150534,2018/19,2018-11-09,Providence Stadium,2,13.5,Pakistan,Australia,Sana Mir,Sidra Nawaz,A Gardner,1,0,,,,,,,,,
1150534,2018/19,2018-11-09,Providence Stadium,2,13.6,Pakistan,Australia,Sidra Nawaz,Sana Mir,A Gardner,1,0,,,,,,,,,
1150534,2018/19,2018-11-09,Providence Stadium,2,14.1,Pakistan,Australia,Sidra Nawaz,Sana Mir,G Wareham,1,0,,,,,,,,,
1150534,2018/19,2018-11-09,Providence Stadium,2,14.2,Pakistan,Australia,Sana Mir,Sidra Nawaz,G Wareham,1,0,,,,,,,,,
1150534,2018/19,2018-11-09,Providence Stadium,2,14.3,Pakistan,Australia,Sidra Nawaz,Sana Mir,G Wareham,0,0,,,,,,,,,
1150534,2018/19,2018-11-09,Providence Stadium,2,14.4,Pakistan,Australia,Sidra Nawaz,Sana Mir,G Wareham,1,0,,,,,,,,,
1150534,2018/19,2018-11-09,Providence Stadium,2,14.5,Pakistan,Australia,Sana Mir,Sidra Nawaz,G Wareham,1,0,,,,,,,,,
1150534,2018/19,2018-11-09,Providence Stadium,2,14.6,Pakistan,Australia,Sidra Nawaz,Sana Mir,G Wareham,2,0,,,,,,,,,
1150534,2018/19,2018-11-09,Providence Stadium,2,15.1,Pakistan,Australia,Sana Mir,Sidra Nawaz,ML Schutt,0,0,,,,,,,,,
1150534,2018/19,2018-11-09,Providence Stadium,2,15.2,Pakistan,Australia,Sana Mir,Sidra Nawaz,ML Schutt,0,0,,,,,,,,,
1150534,2018/19,2018-11-09,Providence Stadium,2,15.3,Pakistan,Australia,Sana Mir,Sidra Nawaz,ML Schutt,1,0,,,,,,,,,
1150534,2018/19,2018-11-09,Providence Stadium,2,15.4,Pakistan,Australia,Sidra Nawaz,Sana Mir,ML Schutt,1,0,,,,,,,,,
1150534,2018/19,2018-11-09,Providence Stadium,2,15.5,Pakistan,Australia,Sana Mir,Sidra Nawaz,ML Schutt,4,0,,,,,,,,,
1150534,2018/19,2018-11-09,Providence Stadium,2,15.6,Pakistan,Australia,Sana Mir,Sidra Nawaz,ML Schutt,0,0,,,,,,,,,
1150534,2018/19,2018-11-09,Providence Stadium,2,16.1,Pakistan,Australia,Sidra Nawaz,Sana Mir,DM Kimmince,1,0,,,,,,,,,
1150534,2018/19,2018-11-09,Providence Stadium,2,16.2,Pakistan,Australia,Sana Mir,Sidra Nawaz,DM Kimmince,1,0,,,,,,,,,
1150534,2018/19,2018-11-09,Providence Stadium,2,16.3,Pakistan,Australia,Sidra Nawaz,Sana Mir,DM Kimmince,1,0,,,,,,,,,
1150534,2018/19,2018-11-09,Providence Stadium,2,16.4,Pakistan,Australia,Sana Mir,Sidra Nawaz,DM Kimmince,0,1,,,1,,,,,,
1150534,2018/19,2018-11-09,Providence Stadium,2,16.5,Pakistan,Australia,Sidra Nawaz,Sana Mir,DM Kimmince,1,0,,,,,,,,,
1150534,2018/19,2018-11-09,Providence Stadium,2,16.6,Pakistan,Australia,Sana Mir,Sidra Nawaz,DM Kimmince,0,0,,,,,,,,,
1150534,2018/19,2018-11-09,Providence Stadium,2,17.1,Pakistan,Australia,Sidra Nawaz,Sana Mir,A Gardner,1,0,,,,,,,,,
1150534,2018/19,2018-11-09,Providence Stadium,2,17.2,Pakistan,Australia,Sana Mir,Sidra Nawaz,A Gardner,1,0,,,,,,,,,
1150534,2018/19,2018-11-09,Providence Stadium,2,17.3,Pakistan,Australia,Sidra Nawaz,Sana Mir,A Gardner,1,0,,,,,,,,,
1150534,2018/19,2018-11-09,Providence Stadium,2,17.4,Pakistan,Australia,Sana Mir,Sidra Nawaz,A Gardner,0,0,,,,,,,,,
1150534,2018/19,2018-11-09,Providence Stadium,2,17.5,Pakistan,Australia,Sana Mir,Sidra Nawaz,A Gardner,4,0,,,,,,,,,
1150534,2018/19,2018-11-09,Providence Stadium,2,17.6,Pakistan,Australia,Sana Mir,Sidra Nawaz,A Gardner,1,0,,,,,,,,,
1150534,2018/19,2018-11-09,Providence Stadium,2,18.1,Pakistan,Australia,Sana Mir,Sidra Nawaz,S Molineux,0,1,1,,,,,,,,
1150534,2018/19,2018-11-09,Providence Stadium,2,18.2,Pakistan,Australia,Sana Mir,Sidra Nawaz,S Molineux,1,0,,,,,,,,,
1150534,2018/19,2018-11-09,Providence Stadium,2,18.3,Pakistan,Australia,Sidra Nawaz,Sana Mir,S Molineux,1,0,,,,,,,,,
1150534,2018/19,2018-11-09,Providence Stadium,2,18.4,Pakistan,Australia,Sana Mir,Sidra Nawaz,S Molineux,1,0,,,,,,,,,
1150534,2018/19,2018-11-09,Providence Stadium,2,18.5,Pakistan,Australia,Sidra Nawaz,Sana Mir,S Molineux,1,0,,,,,,,,,
1150534,2018/19,2018-11-09,Providence Stadium,2,18.6,Pakistan,Australia,Sana Mir,Sidra Nawaz,S Molineux,1,0,,,,,,,,,
1150534,2018/19,2018-11-09,Providence Stadium,2,18.7,Pakistan,Australia,Sidra Nawaz,Sana Mir,S Molineux,0,0,,,,,,,,,
1150534,2018/19,2018-11-09,Providence Stadium,2,19.1,Pakistan,Australia,Sana Mir,Sidra Nawaz,ML Schutt,0,0,,,,,,,,,
1150534,2018/19,2018-11-09,Providence Stadium,2,19.2,Pakistan,Australia,Sana Mir,Sidra Nawaz,ML Schutt,1,0,,,,,,,,,
1150534,2018/19,2018-11-09,Providence Stadium,2,19.3,Pakistan,Australia,Sidra Nawaz,Sana Mir,ML Schutt,0,1,1,,,,,,,,
1150534,2018/19,2018-11-09,Providence Stadium,2,19.4,Pakistan,Australia,Sidra Nawaz,Sana Mir,ML Schutt,0,0,,,,,,stumped,Sidra Nawaz,,
1150534,2018/19,2018-11-09,Providence Stadium,2,19.5,Pakistan,Australia,Nashra Sandhu,Sana Mir,ML Schutt,0,0,,,,,,,,,
1150534,2018/19,2018-11-09,Providence Stadium,2,19.6,Pakistan,Australia,Nashra Sandhu,Sana Mir,ML Schutt,0,0,,,,,,,,,
1150534,2018/19,2018-11-09,Providence Stadium,2,19.7,Pakistan,Australia,Nashra Sandhu,Sana Mir,ML Schutt,0,0,,,,,,,,,
