match_id,season,start_date,venue,innings,ball,batting_team,bowling_team,striker,non_striker,bowler,runs_off_bat,extras,wides,noballs,byes,legbyes,penalty,wicket_type,player_dismissed,other_wicket_type,other_player_dismissed
1150546,2018/19,2018-11-15,Providence Stadium,1,0.1,New Zealand,Pakistan,SFM Devine,SW Bates,Sana Mir,1,0,,,,,,,,,
1150546,2018/19,2018-11-15,Providence Stadium,1,0.2,New Zealand,Pakistan,SW Bates,SFM Devine,Sana Mir,0,0,,,,,,,,,
1150546,2018/19,2018-11-15,Providence Stadium,1,0.3,New Zealand,Pakistan,SW Bates,SFM Devine,Sana Mir,0,0,,,,,,,,,
1150546,2018/19,2018-11-15,Providence Stadium,1,0.4,New Zealand,Pakistan,SW Bates,SFM Devine,Sana Mir,1,0,,,,,,,,,
1150546,2018/19,2018-11-15,Providence Stadium,1,0.5,New Zealand,Pakistan,SFM Devine,SW Bates,Sana Mir,0,1,1,,,,,,,,
1150546,2018/19,2018-11-15,Providence Stadium,1,0.6,New Zealand,Pakistan,SFM Devine,SW Bates,Sana Mir,2,0,,,,,,,,,
1150546,2018/19,2018-11-15,Providence Stadium,1,0.7,New Zealand,Pakistan,SFM Devine,SW Bates,Sana Mir,1,0,,,,,,,,,
1150546,2018/19,2018-11-15,Providence Stadium,1,1.1,New Zealand,Pakistan,SFM Devine,SW Bates,Aiman Anwer,0,4,,,,4,,,,,
1150546,2018/19,2018-11-15,Providence Stadium,1,1.2,New Zealand,Pakistan,SFM Devine,SW Bates,Aiman Anwer,1,0,,,,,,,,,
1150546,2018/19,2018-11-15,Providence Stadium,1,1.3,New Zealand,Pakistan,SW Bates,SFM Devine,Aiman Anwer,4,0,,,,,,,,,
1150546,2018/19,2018-11-15,Providence Stadium,1,1.4,New Zealand,Pakistan,SW Bates,SFM Devine,Aiman Anwer,0,0,,,,,,,,,
1150546,2018/19,2018-11-15,Providence Stadium,1,1.5,New Zealand,Pakistan,SW Bates,SFM Devine,Aiman Anwer,0,0,,,,,,,,,
1150546,2018/19,2018-11-15,Providence Stadium,1,1.6,New Zealand,Pakistan,SW Bates,SFM Devine,Aiman Anwer,0,0,,,,,,,,,
1150546,2018/19,2018-11-15,Providence Stadium,1,2.1,New Zealand,Pakistan,SFM Devine,SW Bates,Sana Mir,1,0,,,,,,,,,
1150546,2018/19,2018-11-15,Providence Stadium,1,2.2,New Zealand,Pakistan,SW Bates,SFM Devine,Sana Mir,4,0,,,,,,,,,
1150546,2018/19,2018-11-15,Providence Stadium,1,2.3,New Zealand,Pakistan,SW Bates,SFM Devine,Sana Mir,0,0,,,,,,,,,
1150546,2018/19,2018-11-15,Providence Stadium,1,2.4,New Zealand,Pakistan,SW Bates,SFM Devine,Sana Mir,1,0,,,,,,,,,
1150546,2018/19,2018-11-15,Providence Stadium,1,2.5,New Zealand,Pakistan,SFM Devine,SW Bates,Sana Mir,1,0,,,,,,,,,
1150546,2018/19,2018-11-15,Providence Stadium,1,2.6,New Zealand,Pakistan,SW Bates,SFM Devine,Sana Mir,1,0,,,,,,,,,
1150546,2018/19,2018-11-15,Providence Stadium,1,3.1,New Zealand,Pakistan,SW Bates,SFM Devine,Aiman Anwer,1,0,,,,,,,,,
1150546,2018/19,2018-11-15,Providence Stadium,1,3.2,New Zealand,Pakistan,SFM Devine,SW Bates,Aiman Anwer,0,0,,,,,,,,,
1150546,2018/19,2018-11-15,Providence Stadium,1,3.3,New Zealand,Pakistan,SFM Devine,SW Bates,Aiman Anwer,0,1,1,,,,,,,,
1150546,2018/19,2018-11-15,Providence Stadium,1,3.4,New Zealand,Pakistan,SFM Devine,SW Bates,Aiman Anwer,0,0,,,,,,,,,
1150546,2018/19,2018-11-15,Providence Stadium,1,3.5,New Zealand,Pakistan,SFM Devine,SW Bates,Aiman Anwer,4,0,,,,,,,,,
1150546,2018/19,2018-11-15,Providence Stadium,1,3.6,New Zealand,Pakistan,SFM Devine,SW Bates,Aiman Anwer,1,0,,,,,,,,,
1150546,2018/19,2018-11-15,Providence Stadium,1,3.7,New Zealand,Pakistan,SW Bates,SFM Devine,Aiman Anwer,3,0,,,,,,,,,
1150546,2018/19,2018-11-15,Providence Stadium,1,4.1,New Zealand,Pakistan,SW Bates,SFM Devine,Nida Dar,0,0,,,,,,,,,
1150546,2018/19,2018-11-15,Providence Stadium,1,4.2,New Zealand,Pakistan,SW Bates,SFM Devine,Nida Dar,0,0,,,,,,,,,
1150546,2018/19,2018-11-15,Providence Stadium,1,4.3,New Zealand,Pakistan,SW Bates,SFM Devine,Nida Dar,0,0,,,,,,,,,
1150546,2018/19,2018-11-15,Providence Stadium,1,4.4,New Zealand,Pakistan,SW Bates,SFM Devine,Nida Dar,4,0,,,,,,,,,
1150546,2018/19,2018-11-15,Providence Stadium,1,4.5,New Zealand,Pakistan,SW Bates,SFM Devine,Nida Dar,0,0,,,,,,,,,
1150546,2018/19,2018-11-15,Providence Stadium,1,4.6,New Zealand,Pakistan,SW Bates,SFM Devine,Nida Dar,0,0,,,,,,,,,
1150546,2018/19,2018-11-15,Providence Stadium,1,5.1,New Zealand,Pakistan,SFM Devine,SW Bates,Nashra Sandhu,0,0,,,,,,,,,
1150546,2018/19,2018-11-15,Providence Stadium,1,5.2,New Zealand,Pakistan,SFM Devine,SW Bates,Nashra Sandhu,1,0,,,,,,,,,
1150546,2018/19,2018-11-15,Providence Stadium,1,5.3,New Zealand,Pakistan,SW Bates,SFM Devine,Nashra Sandhu,0,0,,,,,,,,,
1150546,2018/19,2018-11-15,Providence Stadium,1,5.4,New Zealand,Pakistan,SW Bates,SFM Devine,Nashra Sandhu,1,0,,,,,,,,,
1150546,2018/19,2018-11-15,Providence Stadium,1,5.5,New Zealand,Pakistan,SFM Devine,SW Bates,Nashra Sandhu,0,0,,,,,,,,,
1150546,2018/19,2018-11-15,Providence Stadium,1,5.6,New Zealand,Pakistan,SFM Devine,SW Bates,Nashra Sandhu,0,0,,,,,,,,,
1150546,2018/19,2018-11-15,Providence Stadium,1,6.1,New Zealand,Pakistan,SW Bates,SFM Devine,Nida Dar,2,0,,,,,,,,,
1150546,2018/19,2018-11-15,Providence Stadium,1,6.2,New Zealand,Pakistan,SW Bates,SFM Devine,Nida Dar,1,0,,,,,,,,,
1150546,2018/19,2018-11-15,Providence Stadium,1,6.3,New Zealand,Pakistan,SFM Devine,SW Bates,Nida Dar,1,0,,,,,,,,,
1150546,2018/19,2018-11-15,Providence Stadium,1,6.4,New Zealand,Pakistan,SW Bates,SFM Devine,Nida Dar,4,0,,,,,,,,,
1150546,2018/19,2018-11-15,Providence Stadium,1,6.5,New Zealand,Pakistan,SW Bates,SFM Devine,Nida Dar,1,0,,,,,,,,,
1150546,2018/19,2018-11-15,Providence Stadium,1,6.6,New Zealand,Pakistan,SFM Devine,SW Bates,Nida Dar,0,0,,,,,,,,,
1150546,2018/19,2018-11-15,Providence Stadium,1,7.1,New Zealand,Pakistan,SW Bates,SFM Devine,Nashra Sandhu,4,0,,,,,,,,,
1150546,2018/19,2018-11-15,Providence Stadium,1,7.2,New Zealand,Pakistan,SW Bates,SFM Devine,Nashra Sandhu,1,0,,,,,,,,,
1150546,2018/19,2018-11-15,Providence Stadium,1,7.3,New Zealand,Pakistan,SFM Devine,SW Bates,Nashra Sandhu,2,0,,,,,,,,,
1150546,2018/19,2018-11-15,Providence Stadium,1,7.4,New Zealand,Pakistan,SFM Devine,SW Bates,Nashra Sandhu,1,0,,,,,,,,,
1150546,2018/19,2018-11-15,Providence Stadium,1,7.5,New Zealand,Pakistan,SW Bates,SFM Devine,Nashra Sandhu,0,0,,,,,,,,,
1150546,2018/19,2018-11-15,Providence Stadium,1,7.6,New Zealand,Pakistan,SW Bates,SFM Devine,Nashra Sandhu,1,0,,,,,,,,,
1150546,2018/19,2018-11-15,Providence Stadium,1,8.1,New Zealand,Pakistan,SW Bates,SFM Devine,Nida Dar,1,0,,,,,,,,,
1150546,2018/19,2018-11-15,Providence Stadium,1,8.2,New Zealand,Pakistan,SFM Devine,SW Bates,Nida Dar,1,0,,,,,,,,,
1150546,2018/19,2018-11-15,Providence Stadium,1,8.3,New Zealand,Pakistan,SW Bates,SFM Devine,Nida Dar,0,0,,,,,,caught and bowled,SW Bates,,
1150546,2018/19,2018-11-15,Providence Stadium,1,8.4,New Zealand,Pakistan,AE Satterthwaite,SFM Devine,Nida Dar,1,0,,,,,,,,,
1150546,2018/19,2018-11-15,Providence Stadium,1,8.5,New Zealand,Pakistan,SFM Devine,AE Satterthwaite,Nida Dar,1,0,,,,,,,,,
1150546,2018/19,2018-11-15,Providence Stadium,1,8.6,New Zealand,Pakistan,AE Satterthwaite,SFM Devine,Nida Dar,1,0,,,,,,,,,
1150546,2018/19,2018-11-15,Providence Stadium,1,9.1,New Zealand,Pakistan,AE Satterthwaite,SFM Devine,Aliya Riaz,0,1,,,,1,,,,,
1150546,2018/19,2018-11-15,Providence Stadium,1,9.2,New Zealand,Pakistan,SFM Devine,AE Satterthwaite,Aliya Riaz,0,2,2,,,,,,,,
1150546,2018/19,2018-11-15,Providence Stadium,1,9.3,New Zealand,Pakistan,AE Satterthwaite,SFM Devine,Aliya Riaz,0,0,,,,,,,,,
1150546,2018/19,2018-11-15,Providence Stadium,1,9.4,New Zealand,Pakistan,AE Satterthwaite,SFM Devine,Aliya Riaz,0,0,,,,,,,,,
1150546,2018/19,2018-11-15,Providence Stadium,1,9.5,New Zealand,Pakistan,AE Satterthwaite,SFM Devine,Aliya Riaz,0,0,,,,,,,,,
1150546,2018/19,2018-11-15,Providence Stadium,1,9.6,New Zealand,Pakistan,AE Satterthwaite,SFM Devine,Aliya Riaz,0,0,,,,,,,,,
1150546,2018/19,2018-11-15,Providence Stadium,1,9.7,New Zealand,Pakistan,AE Satterthwaite,SFM Devine,Aliya Riaz,1,0,,,,,,,,,
1150546,2018/19,2018-11-15,Providence Stadium,1,10.1,New Zealand,Pakistan,AE Satterthwaite,SFM Devine,Sana Mir,1,0,,,,,,,,,
1150546,2018/19,2018-11-15,Providence Stadium,1,10.2,New Zealand,Pakistan,SFM Devine,AE Satterthwaite,Sana Mir,1,0,,,,,,,,,
1150546,2018/19,2018-11-15,Providence Stadium,1,10.3,New Zealand,Pakistan,AE Satterthwaite,SFM Devine,Sana Mir,1,0,,,,,,,,,
1150546,2018/19,2018-11-15,Providence Stadium,1,10.4,New Zealand,Pakistan,SFM Devine,AE Satterthwaite,Sana Mir,0,0,,,,,,,,,
1150546,2018/19,2018-11-15,Providence Stadium,1,10.5,New Zealand,Pakistan,SFM Devine,AE Satterthwaite,Sana Mir,4,0,,,,,,,,,
1150546,2018/19,2018-11-15,Providence Stadium,1,10.6,New Zealand,Pakistan,SFM Devine,AE Satterthwaite,Sana Mir,1,0,,,,,,,,,
1150546,2018/19,2018-11-15,Providence Stadium,1,11.1,New Zealand,Pakistan,SFM Devine,AE Satterthwaite,Aliya Riaz,0,0,,,,,,,,,
1150546,2018/19,2018-11-15,Providence Stadium,1,11.2,New Zealand,Pakistan,SFM Devine,AE Satterthwaite,Aliya Riaz,0,0,,,,,,,,,
1150546,2018/19,2018-11-15,Providence Stadium,1,11.3,New Zealand,Pakistan,SFM Devine,AE Satterthwaite,Aliya Riaz,1,0,,,,,,,,,
1150546,2018/19,2018-11-15,Providence Stadium,1,11.4,New Zealand,Pakistan,AE Satterthwaite,SFM Devine,Aliya Riaz,1,0,,,,,,,,,
1150546,2018/19,2018-11-15,Providence Stadium,1,11.5,New Zealand,Pakistan,SFM Devine,AE Satterthwaite,Aliya Riaz,0,0,,,,,,,,,
1150546,2018/19,2018-11-15,Providence Stadium,1,11.6,New Zealand,Pakistan,SFM Devine,AE Satterthwaite,Aliya Riaz,6,0,,,,,,,,,
1150546,2018/19,2018-11-15,Providence Stadium,1,12.1,New Zealand,Pakistan,AE Satterthwaite,SFM Devine,Aiman Anwer,1,0,,,,,,,,,
1150546,2018/19,2018-11-15,Providence Stadium,1,12.2,New Zealand,Pakistan,SFM Devine,AE Satterthwaite,Aiman Anwer,0,0,,,,,,caught,SFM Devine,,
1150546,2018/19,2018-11-15,Providence Stadium,1,12.3,New Zealand,Pakistan,AE Satterthwaite,KJ Martin,Aiman Anwer,1,0,,,,,,,,,
1150546,2018/19,2018-11-15,Providence Stadium,1,12.4,New Zealand,Pakistan,KJ Martin,AE Satterthwaite,Aiman Anwer,2,0,,,,,,,,,
1150546,2018/19,2018-11-15,Providence Stadium,1,12.5,New Zealand,Pakistan,KJ Martin,AE Satterthwaite,Aiman Anwer,0,0,,,,,,,,,
1150546,2018/19,2018-11-15,Providence Stadium,1,12.6,New Zealand,Pakistan,KJ Martin,AE Satterthwaite,Aiman Anwer,2,0,,,,,,,,,
1150546,2018/19,2018-11-15,Providence Stadium,1,13.1,New Zealand,Pakistan,AE Satterthwaite,KJ Martin,Aliya Riaz,1,0,,,,,,,,,
1150546,2018/19,2018-11-15,Providence Stadium,1,13.2,New Zealand,Pakistan,KJ Martin,AE Satterthwaite,Aliya Riaz,0,0,,,,,,,,,
1150546,2018/19,2018-11-15,Providence Stadium,1,13.3,New Zealand,Pakistan,KJ Martin,AE Satterthwaite,Aliya Riaz,2,0,,,,,,,,,
1150546,2018/19,2018-11-15,Providence Stadium,1,13.4,New Zealand,Pakistan,KJ Martin,AE Satterthwaite,Aliya Riaz,0,0,,,,,,,,,
1150546,2018/19,2018-11-15,Providence Stadium,1,13.5,New Zealand,Pakistan,KJ Martin,AE Satterthwaite,Aliya Riaz,1,0,,,,,,,,,
1150546,2018/19,2018-11-15,Providence Stadium,1,13.6,New Zealand,Pakistan,AE Satterthwaite,KJ Martin,Aliya Riaz,4,0,,,,,,,,,
1150546,2018/19,2018-11-15,Providence Stadium,1,14.1,New Zealand,Pakistan,KJ Martin,AE Satterthwaite,Nida Dar,0,0,,,,,,,,,
1150546,2018/19,2018-11-15,Providence Stadium,1,14.2,New Zealand,Pakistan,KJ Martin,AE Satterthwaite,Nida Dar,0,0,,,,,,,,,
1150546,2018/19,2018-11-15,Providence Stadium,1,14.3,New Zealand,Pakistan,KJ Martin,AE Satterthwaite,Nida Dar,1,0,,,,,,,,,
1150546,2018/19,2018-11-15,Providence Stadium,1,14.4,New Zealand,Pakistan,AE Satterthwaite,KJ Martin,Nida Dar,0,0,,,,,,,,,
1150546,2018/19,2018-11-15,Providence Stadium,1,14.5,New Zealand,Pakistan,AE Satterthwaite,KJ Martin,Nida Dar,1,0,,,,,,,,,
1150546,2018/19,2018-11-15,Providence Stadium,1,14.6,New Zealand,Pakistan,KJ Martin,AE Satterthwaite,Nida Dar,0,0,,,,,,,,,
1150546,2018/19,2018-11-15,Providence Stadium,1,15.1,New Zealand,Pakistan,AE Satterthwaite,KJ Martin,Nashra Sandhu,1,0,,,,,,,,,
1150546,2018/19,2018-11-15,Providence Stadium,1,15.2,New Zealand,Pakistan,KJ Martin,AE Satterthwaite,Nashra Sandhu,0,0,,,,,,,,,
1150546,2018/19,2018-11-15,Providence Stadium,1,15.3,New Zealand,Pakistan,KJ Martin,AE Satterthwaite,Nashra Sandhu,0,0,,,,,,,,,
1150546,2018/19,2018-11-15,Providence Stadium,1,15.4,New Zealand,Pakistan,KJ Martin,AE Satterthwaite,Nashra Sandhu,1,0,,,,,,,,,
1150546,2018/19,2018-11-15,Providence Stadium,1,15.5,New Zealand,Pakistan,AE Satterthwaite,KJ Martin,Nashra Sandhu,2,0,,,,,,,,,
1150546,2018/19,2018-11-15,Providence Stadium,1,15.6,New Zealand,Pakistan,AE Satterthwaite,KJ Martin,Nashra Sandhu,1,0,,,,,,,,,
1150546,2018/19,2018-11-15,Providence Stadium,1,16.1,New Zealand,Pakistan,AE Satterthwaite,KJ Martin,Aiman Anwer,1,0,,,,,,,,,
1150546,2018/19,2018-11-15,Providence Stadium,1,16.2,New Zealand,Pakistan,KJ Martin,AE Satterthwaite,Aiman Anwer,4,0,,,,,,,,,
1150546,2018/19,2018-11-15,Providence Stadium,1,16.3,New Zealand,Pakistan,KJ Martin,AE Satterthwaite,Aiman Anwer,1,0,,,,,,,,,
1150546,2018/19,2018-11-15,Providence Stadium,1,16.4,New Zealand,Pakistan,AE Satterthwaite,KJ Martin,Aiman Anwer,1,0,,,,,,,,,
1150546,2018/19,2018-11-15,Providence Stadium,1,16.5,New Zealand,Pakistan,KJ Martin,AE Satterthwaite,Aiman Anwer,0,0,,,,,,,,,
1150546,2018/19,2018-11-15,Providence Stadium,1,16.6,New Zealand,Pakistan,KJ Martin,AE Satterthwaite,Aiman Anwer,1,0,,,,,,,,,
1150546,2018/19,2018-11-15,Providence Stadium,1,17.1,New Zealand,Pakistan,KJ Martin,AE Satterthwaite,Nashra Sandhu,1,0,,,,,,,,,
1150546,2018/19,2018-11-15,Providence Stadium,1,17.2,New Zealand,Pakistan,AE Satterthwaite,KJ Martin,Nashra Sandhu,0,0,,,,,,,,,
1150546,2018/19,2018-11-15,Providence Stadium,1,17.3,New Zealand,Pakistan,AE Satterthwaite,KJ Martin,Nashra Sandhu,1,1,,1,,,,,,,
1150546,2018/19,2018-11-15,Providence Stadium,1,17.4,New Zealand,Pakistan,KJ Martin,AE Satterthwaite,Nashra Sandhu,1,0,,,,,,,,,
1150546,2018/19,2018-11-15,Providence Stadium,1,17.5,New Zealand,Pakistan,AE Satterthwaite,KJ Martin,Nashra Sandhu,2,0,,,,,,,,,
1150546,2018/19,2018-11-15,Providence Stadium,1,17.6,New Zealand,Pakistan,AE Satterthwaite,KJ Martin,Nashra Sandhu,2,0,,,,,,,,,
1150546,2018/19,2018-11-15,Providence Stadium,1,17.7,New Zealand,Pakistan,AE Satterthwaite,KJ Martin,Nashra Sandhu,1,0,,,,,,,,,
1150546,2018/19,2018-11-15,Providence Stadium,1,18.1,New Zealand,Pakistan,AE Satterthwaite,KJ Martin,Sana Mir,0,0,,,,,,stumped,AE Satterthwaite,,
1150546,2018/19,2018-11-15,Providence Stadium,1,18.2,New Zealand,Pakistan,LM Kasperek,KJ Martin,Sana Mir,1,0,,,,,,,,,
1150546,2018/19,2018-11-15,Providence Stadium,1,18.3,New Zealand,Pakistan,KJ Martin,LM Kasperek,Sana Mir,6,0,,,,,,,,,
1150546,2018/19,2018-11-15,Providence Stadium,1,18.4,New Zealand,Pakistan,KJ Martin,LM Kasperek,Sana Mir,4,0,,,,,,,,,
1150546,2018/19,2018-11-15,Providence Stadium,1,18.5,New Zealand,Pakistan,KJ Martin,LM Kasperek,Sana Mir,2,0,,,,,,,,,
1150546,2018/19,2018-11-15,Providence Stadium,1,18.6,New Zealand,Pakistan,KJ Martin,LM Kasperek,Sana Mir,0,0,,,,,,caught,KJ Martin,,
1150546,2018/19,2018-11-15,Providence Stadium,1,19.1,New Zealand,Pakistan,LM Kasperek,ML Green,Aliya Riaz,0,0,,,,,,bowled,LM Kasperek,,
1150546,2018/19,2018-11-15,Providence Stadium,1,19.2,New Zealand,Pakistan,JM Watkin,ML Green,Aliya Riaz,0,0,,,,,,caught,JM Watkin,,
1150546,2018/19,2018-11-15,Providence Stadium,1,19.3,New Zealand,Pakistan,ML Green,B Bezuidenhout,Aliya Riaz,0,1,1,,,,,,,,
1150546,2018/19,2018-11-15,Providence Stadium,1,19.4,New Zealand,Pakistan,ML Green,B Bezuidenhout,Aliya Riaz,4,0,,,,,,,,,
1150546,2018/19,2018-11-15,Providence Stadium,1,19.5,New Zealand,Pakistan,ML Green,B Bezuidenhout,Aliya Riaz,1,0,,,,,,,,,
1150546,2018/19,2018-11-15,Providence Stadium,1,19.6,New Zealand,Pakistan,B Bezuidenhout,ML Green,Aliya Riaz,0,1,,,,1,,,,,
1150546,2018/19,2018-11-15,Providence Stadium,1,19.7,New Zealand,Pakistan,ML Green,B Bezuidenhout,Aliya Riaz,4,0,,,,,,,,,
1150546,2018/19,2018-11-15,Providence Stadium,2,0.1,Pakistan,New Zealand,Ayesha Zafar,Javeria Khan,LMM Tahuhu,0,0,,,,,,,,,
1150546,2018/19,2018-11-15,Providence Stadium,2,0.2,Pakistan,New Zealand,Ayesha Zafar,Javeria Khan,LMM Tahuhu,4,0,,,,,,,,,
1150546,2018/19,2018-11-15,Providence Stadium,2,0.3,Pakistan,New Zealand,Ayesha Zafar,Javeria Khan,LMM Tahuhu,0,0,,,,,,,,,
1150546,2018/19,2018-11-15,Providence Stadium,2,0.4,Pakistan,New Zealand,Ayesha Zafar,Javeria Khan,LMM Tahuhu,0,0,,,,,,,,,
1150546,2018/19,2018-11-15,Providence Stadium,2,0.5,Pakistan,New Zealand,Ayesha Zafar,Javeria Khan,LMM Tahuhu,0,0,,,,,,,,,
1150546,2018/19,2018-11-15,Providence Stadium,2,0.6,Pakistan,New Zealand,Ayesha Zafar,Javeria Khan,LMM Tahuhu,0,0,,,,,,,,,
1150546,2018/19,2018-11-15,Providence Stadium,2,1.1,Pakistan,New Zealand,Javeria Khan,Ayesha Zafar,SFM Devine,0,0,,,,,,,,,
1150546,2018/19,2018-11-15,Providence Stadium,2,1.2,Pakistan,New Zealand,Javeria Khan,Ayesha Zafar,SFM Devine,4,0,,,,,,,,,
1150546,2018/19,2018-11-15,Providence Stadium,2,1.3,Pakistan,New Zealand,Javeria Khan,Ayesha Zafar,SFM Devine,4,0,,,,,,,,,
1150546,2018/19,2018-11-15,Providence Stadium,2,1.4,Pakistan,New Zealand,Javeria Khan,Ayesha Zafar,SFM Devine,1,0,,,,,,,,,
1150546,2018/19,2018-11-15,Providence Stadium,2,1.5,Pakistan,New Zealand,Ayesha Zafar,Javeria Khan,SFM Devine,0,0,,,,,,,,,
1150546,2018/19,2018-11-15,Providence Stadium,2,1.6,Pakistan,New Zealand,Ayesha Zafar,Javeria Khan,SFM Devine,4,0,,,,,,,,,
1150546,2018/19,2018-11-15,Providence Stadium,2,2.1,Pakistan,New Zealand,Javeria Khan,Ayesha Zafar,AC Kerr,0,0,,,,,,,,,
1150546,2018/19,2018-11-15,Providence Stadium,2,2.2,Pakistan,New Zealand,Javeria Khan,Ayesha Zafar,AC Kerr,0,0,,,,,,,,,
1150546,2018/19,2018-11-15,Providence Stadium,2,2.3,Pakistan,New Zealand,Javeria Khan,Ayesha Zafar,AC Kerr,4,0,,,,,,,,,
1150546,2018/19,2018-11-15,Providence Stadium,2,2.4,Pakistan,New Zealand,Javeria Khan,Ayesha Zafar,AC Kerr,2,0,,,,,,,,,
1150546,2018/19,2018-11-15,Providence Stadium,2,2.5,Pakistan,New Zealand,Javeria Khan,Ayesha Zafar,AC Kerr,4,0,,,,,,,,,
1150546,2018/19,2018-11-15,Providence Stadium,2,2.6,Pakistan,New Zealand,Javeria Khan,Ayesha Zafar,AC Kerr,4,0,,,,,,,,,
1150546,2018/19,2018-11-15,Providence Stadium,2,3.1,Pakistan,New Zealand,Ayesha Zafar,Javeria Khan,LM Kasperek,0,0,,,,,,caught,Ayesha Zafar,,
1150546,2018/19,2018-11-15,Providence Stadium,2,3.2,Pakistan,New Zealand,Umaima Sohail,Javeria Khan,LM Kasperek,0,0,,,,,,,,,
1150546,2018/19,2018-11-15,Providence Stadium,2,3.3,Pakistan,New Zealand,Umaima Sohail,Javeria Khan,LM Kasperek,0,0,,,,,,,,,
1150546,2018/19,2018-11-15,Providence Stadium,2,3.4,Pakistan,New Zealand,Umaima Sohail,Javeria Khan,LM Kasperek,0,0,,,,,,,,,
1150546,2018/19,2018-11-15,Providence Stadium,2,3.5,Pakistan,New Zealand,Umaima Sohail,Javeria Khan,LM Kasperek,1,0,,,,,,,,,
1150546,2018/19,2018-11-15,Providence Stadium,2,3.6,Pakistan,New Zealand,Javeria Khan,Umaima Sohail,LM Kasperek,2,0,,,,,,,,,
1150546,2018/19,2018-11-15,Providence Stadium,2,4.1,Pakistan,New Zealand,Umaima Sohail,Javeria Khan,LMM Tahuhu,0,0,,,,,,bowled,Umaima Sohail,,
1150546,2018/19,2018-11-15,Providence Stadium,2,4.2,Pakistan,New Zealand,Bismah Maroof,Javeria Khan,LMM Tahuhu,1,0,,,,,,,,,
1150546,2018/19,2018-11-15,Providence Stadium,2,4.3,Pakistan,New Zealand,Javeria Khan,Bismah Maroof,LMM Tahuhu,1,0,,,,,,,,,
1150546,2018/19,2018-11-15,Providence Stadium,2,4.4,Pakistan,New Zealand,Bismah Maroof,Javeria Khan,LMM Tahuhu,0,1,1,,,,,,,,
1150546,2018/19,2018-11-15,Providence Stadium,2,4.5,Pakistan,New Zealand,Bismah Maroof,Javeria Khan,LMM Tahuhu,0,1,1,,,,,,,,
1150546,2018/19,2018-11-15,Providence Stadium,2,4.6,Pakistan,New Zealand,Bismah Maroof,Javeria Khan,LMM Tahuhu,0,1,1,,,,,,,,
1150546,2018/19,2018-11-15,Providence Stadium,2,4.7,Pakistan,New Zealand,Bismah Maroof,Javeria Khan,LMM Tahuhu,0,0,,,,,,,,,
1150546,2018/19,2018-11-15,Providence Stadium,2,4.8,Pakistan,New Zealand,Bismah Maroof,Javeria Khan,LMM Tahuhu,1,0,,,,,,,,,
1150546,2018/19,2018-11-15,Providence Stadium,2,4.9,Pakistan,New Zealand,Javeria Khan,Bismah Maroof,LMM Tahuhu,1,0,,,,,,,,,
1150546,2018/19,2018-11-15,Providence Stadium,2,5.1,Pakistan,New Zealand,Javeria Khan,Bismah Maroof,LM Kasperek,1,0,,,,,,,,,
1150546,2018/19,2018-11-15,Providence Stadium,2,5.2,Pakistan,New Zealand,Bismah Maroof,Javeria Khan,LM Kasperek,1,0,,,,,,,,,
1150546,2018/19,2018-11-15,Providence Stadium,2,5.3,Pakistan,New Zealand,Javeria Khan,Bismah Maroof,LM Kasperek,4,0,,,,,,,,,
1150546,2018/19,2018-11-15,Providence Stadium,2,5.4,Pakistan,New Zealand,Javeria Khan,Bismah Maroof,LM Kasperek,0,0,,,,,,,,,
1150546,2018/19,2018-11-15,Providence Stadium,2,5.5,Pakistan,New Zealand,Javeria Khan,Bismah Maroof,LM Kasperek,0,0,,,,,,,,,
1150546,2018/19,2018-11-15,Providence Stadium,2,5.6,Pakistan,New Zealand,Javeria Khan,Bismah Maroof,LM Kasperek,2,0,,,,,,,,,
1150546,2018/19,2018-11-15,Providence Stadium,2,6.1,Pakistan,New Zealand,Bismah Maroof,Javeria Khan,JM Watkin,1,0,,,,,,,,,
1150546,2018/19,2018-11-15,Providence Stadium,2,6.2,Pakistan,New Zealand,Javeria Khan,Bismah Maroof,JM Watkin,1,0,,,,,,,,,
1150546,2018/19,2018-11-15,Providence Stadium,2,6.3,Pakistan,New Zealand,Bismah Maroof,Javeria Khan,JM Watkin,0,1,1,,,,,,,,
1150546,2018/19,2018-11-15,Providence Stadium,2,6.4,Pakistan,New Zealand,Bismah Maroof,Javeria Khan,JM Watkin,0,0,,,,,,caught,Bismah Maroof,,
1150546,2018/19,2018-11-15,Providence Stadium,2,6.5,Pakistan,New Zealand,Nida Dar,Javeria Khan,JM Watkin,1,0,,,,,,,,,
1150546,2018/19,2018-11-15,Providence Stadium,2,6.6,Pakistan,New Zealand,Javeria Khan,Nida Dar,JM Watkin,0,0,,,,,,,,,
1150546,2018/19,2018-11-15,Providence Stadium,2,6.7,Pakistan,New Zealand,Javeria Khan,Nida Dar,JM Watkin,0,0,,,,,,,,,
1150546,2018/19,2018-11-15,Providence Stadium,2,7.1,Pakistan,New Zealand,Nida Dar,Javeria Khan,AC Kerr,0,0,,,,,,,,,
1150546,2018/19,2018-11-15,Providence Stadium,2,7.2,Pakistan,New Zealand,Nida Dar,Javeria Khan,AC Kerr,0,0,,,,,,,,,
1150546,2018/19,2018-11-15,Providence Stadium,2,7.3,Pakistan,New Zealand,Nida Dar,Javeria Khan,AC Kerr,0,0,,,,,,,,,
1150546,2018/19,2018-11-15,Providence Stadium,2,7.4,Pakistan,New Zealand,Nida Dar,Javeria Khan,AC Kerr,1,0,,,,,,,,,
1150546,2018/19,2018-11-15,Providence Stadium,2,7.5,Pakistan,New Zealand,Javeria Khan,Nida Dar,AC Kerr,1,0,,,,,,,,,
1150546,2018/19,2018-11-15,Providence Stadium,2,7.6,Pakistan,New Zealand,Nida Dar,Javeria Khan,AC Kerr,1,0,,,,,,,,,
1150546,2018/19,2018-11-15,Providence Stadium,2,8.1,Pakistan,New Zealand,Nida Dar,Javeria Khan,JM Watkin,1,0,,,,,,,,,
1150546,2018/19,2018-11-15,Providence Stadium,2,8.2,Pakistan,New Zealand,Javeria Khan,Nida Dar,JM Watkin,0,0,,,,,,caught,Javeria Khan,,
1150546,2018/19,2018-11-15,Providence Stadium,2,8.3,Pakistan,New Zealand,Muneeba Ali,Nida Dar,JM Watkin,0,0,,,,,,,,,
1150546,2018/19,2018-11-15,Providence Stadium,2,8.4,Pakistan,New Zealand,Muneeba Ali,Nida Dar,JM Watkin,0,0,,,,,,,,,
1150546,2018/19,2018-11-15,Providence Stadium,2,8.5,Pakistan,New Zealand,Muneeba Ali,Nida Dar,JM Watkin,0,0,,,,,,,,,
1150546,2018/19,2018-11-15,Providence Stadium,2,8.6,Pakistan,New Zealand,Muneeba Ali,Nida Dar,JM Watkin,0,0,,,,,,,,,
1150546,2018/19,2018-11-15,Providence Stadium,2,9.1,Pakistan,New Zealand,Nida Dar,Muneeba Ali,AC Kerr,1,0,,,,,,,,,
1150546,2018/19,2018-11-15,Providence Stadium,2,9.2,Pakistan,New Zealand,Muneeba Ali,Nida Dar,AC Kerr,0,0,,,,,,caught,Muneeba Ali,,
1150546,2018/19,2018-11-15,Providence Stadium,2,9.3,Pakistan,New Zealand,Aliya Riaz,Nida Dar,AC Kerr,0,0,,,,,,,,,
1150546,2018/19,2018-11-15,Providence Stadium,2,9.4,Pakistan,New Zealand,Aliya Riaz,Nida Dar,AC Kerr,0,0,,,,,,,,,
1150546,2018/19,2018-11-15,Providence Stadium,2,9.5,Pakistan,New Zealand,Aliya Riaz,Nida Dar,AC Kerr,0,0,,,,,,,,,
1150546,2018/19,2018-11-15,Providence Stadium,2,9.6,Pakistan,New Zealand,Aliya Riaz,Nida Dar,AC Kerr,0,0,,,,,,,,,
1150546,2018/19,2018-11-15,Providence Stadium,2,10.1,Pakistan,New Zealand,Nida Dar,Aliya Riaz,LMM Tahuhu,1,0,,,,,,,,,
1150546,2018/19,2018-11-15,Providence Stadium,2,10.2,Pakistan,New Zealand,Aliya Riaz,Nida Dar,LMM Tahuhu,0,1,1,,,,,,,,
1150546,2018/19,2018-11-15,Providence Stadium,2,10.3,Pakistan,New Zealand,Aliya Riaz,Nida Dar,LMM Tahuhu,0,0,,,,,,,,,
1150546,2018/19,2018-11-15,Providence Stadium,2,10.4,Pakistan,New Zealand,Aliya Riaz,Nida Dar,LMM Tahuhu,0,1,1,,,,,,,,
1150546,2018/19,2018-11-15,Providence Stadium,2,10.5,Pakistan,New Zealand,Aliya Riaz,Nida Dar,LMM Tahuhu,0,0,,,,,,,,,
1150546,2018/19,2018-11-15,Providence Stadium,2,10.6,Pakistan,New Zealand,Aliya Riaz,Nida Dar,LMM Tahuhu,0,0,,,,,,,,,
1150546,2018/19,2018-11-15,Providence Stadium,2,10.7,Pakistan,New Zealand,Aliya Riaz,Nida Dar,LMM Tahuhu,4,0,,,,,,,,,
1150546,2018/19,2018-11-15,Providence Stadium,2,10.8,Pakistan,New Zealand,Aliya Riaz,Nida Dar,LMM Tahuhu,0,0,,,,,,,,,
1150546,2018/19,2018-11-15,Providence Stadium,2,11.1,Pakistan,New Zealand,Nida Dar,Aliya Riaz,LM Kasperek,0,0,,,,,,,,,
1150546,2018/19,2018-11-15,Providence Stadium,2,11.2,Pakistan,New Zealand,Nida Dar,Aliya Riaz,LM Kasperek,4,0,,,,,,,,,
1150546,2018/19,2018-11-15,Providence Stadium,2,11.3,Pakistan,New Zealand,Nida Dar,Aliya Riaz,LM Kasperek,1,0,,,,,,,,,
1150546,2018/19,2018-11-15,Providence Stadium,2,11.4,Pakistan,New Zealand,Aliya Riaz,Nida Dar,LM Kasperek,0,0,,,,,,,,,
1150546,2018/19,2018-11-15,Providence Stadium,2,11.5,Pakistan,New Zealand,Aliya Riaz,Nida Dar,LM Kasperek,0,0,,,,,,,,,
1150546,2018/19,2018-11-15,Providence Stadium,2,11.6,Pakistan,New Zealand,Aliya Riaz,Nida Dar,LM Kasperek,2,0,,,,,,,,,
1150546,2018/19,2018-11-15,Providence Stadium,2,12.1,Pakistan,New Zealand,Nida Dar,Aliya Riaz,JM Watkin,0,0,,,,,,,,,
1150546,2018/19,2018-11-15,Providence Stadium,2,12.2,Pakistan,New Zealand,Nida Dar,Aliya Riaz,JM Watkin,0,0,,,,,,caught,Nida Dar,,
1150546,2018/19,2018-11-15,Providence Stadium,2,12.3,Pakistan,New Zealand,Aliya Riaz,Sana Mir,JM Watkin,0,1,1,,,,,,,,
1150546,2018/19,2018-11-15,Providence Stadium,2,12.4,Pakistan,New Zealand,Aliya Riaz,Sana Mir,JM Watkin,0,0,,,,,,,,,
1150546,2018/19,2018-11-15,Providence Stadium,2,12.5,Pakistan,New Zealand,Aliya Riaz,Sana Mir,JM Watkin,1,0,,,,,,,,,
1150546,2018/19,2018-11-15,Providence Stadium,2,12.6,Pakistan,New Zealand,Sana Mir,Aliya Riaz,JM Watkin,0,0,,,,,,,,,
1150546,2018/19,2018-11-15,Providence Stadium,2,12.7,Pakistan,New Zealand,Sana Mir,Aliya Riaz,JM Watkin,0,0,,,,,,,,,
1150546,2018/19,2018-11-15,Providence Stadium,2,13.1,Pakistan,New Zealand,Aliya Riaz,Sana Mir,HM Rowe,1,0,,,,,,,,,
1150546,2018/19,2018-11-15,Providence Stadium,2,13.2,Pakistan,New Zealand,Sana Mir,Aliya Riaz,HM Rowe,0,0,,,,,,,,,
1150546,2018/19,2018-11-15,Providence Stadium,2,13.3,Pakistan,New Zealand,Sana Mir,Aliya Riaz,HM Rowe,1,0,,,,,,,,,
1150546,2018/19,2018-11-15,Providence Stadium,2,13.4,Pakistan,New Zealand,Aliya Riaz,Sana Mir,HM Rowe,1,0,,,,,,,,,
1150546,2018/19,2018-11-15,Providence Stadium,2,13.5,Pakistan,New Zealand,Sana Mir,Aliya Riaz,HM Rowe,1,0,,,,,,,,,
1150546,2018/19,2018-11-15,Providence Stadium,2,13.6,Pakistan,New Zealand,Aliya Riaz,Sana Mir,HM Rowe,1,0,,,,,,,,,
1150546,2018/19,2018-11-15,Providence Stadium,2,14.1,Pakistan,New Zealand,Aliya Riaz,Sana Mir,JM Watkin,0,0,,,,,,,,,
1150546,2018/19,2018-11-15,Providence Stadium,2,14.2,Pakistan,New Zealand,Aliya Riaz,Sana Mir,JM Watkin,0,1,,,,1,,,,,
1150546,2018/19,2018-11-15,Providence Stadium,2,14.3,Pakistan,New Zealand,Sana Mir,Aliya Riaz,JM Watkin,1,0,,,,,,,,,
1150546,2018/19,2018-11-15,Providence Stadium,2,14.4,Pakistan,New Zealand,Aliya Riaz,Sana Mir,JM Watkin,0,0,,,,,,,,,
1150546,2018/19,2018-11-15,Providence Stadium,2,14.5,Pakistan,New Zealand,Aliya Riaz,Sana Mir,JM Watkin,0,0,,,,,,,,,
1150546,2018/19,2018-11-15,Providence Stadium,2,14.6,Pakistan,New Zealand,Aliya Riaz,Sana Mir,JM Watkin,1,0,,,,,,,,,
1150546,2018/19,2018-11-15,Providence Stadium,2,15.1,Pakistan,New Zealand,Aliya Riaz,Sana Mir,HM Rowe,0,0,,,,,,,,,
1150546,2018/19,2018-11-15,Providence Stadium,2,15.2,Pakistan,New Zealand,Aliya Riaz,Sana Mir,HM Rowe,1,0,,,,,,run out,Aliya Riaz,,
1150546,2018/19,2018-11-15,Providence Stadium,2,15.3,Pakistan,New Zealand,Sana Mir,Aiman Anwer,HM Rowe,0,0,,,,,,,,,
1150546,2018/19,2018-11-15,Providence Stadium,2,15.4,Pakistan,New Zealand,Sana Mir,Aiman Anwer,HM Rowe,0,0,,,,,,,,,
1150546,2018/19,2018-11-15,Providence Stadium,2,15.5,Pakistan,New Zealand,Sana Mir,Aiman Anwer,HM Rowe,0,0,,,,,,,,,
1150546,2018/19,2018-11-15,Providence Stadium,2,15.6,Pakistan,New Zealand,Sana Mir,Aiman Anwer,HM Rowe,0,0,,,,,,caught,Sana Mir,,
1150546,2018/19,2018-11-15,Providence Stadium,2,16.1,Pakistan,New Zealand,Sidra Nawaz,Aiman Anwer,LM Kasperek,1,0,,,,,,,,,
1150546,2018/19,2018-11-15,Providence Stadium,2,16.2,Pakistan,New Zealand,Aiman Anwer,Sidra Nawaz,LM Kasperek,0,0,,,,,,,,,
1150546,2018/19,2018-11-15,Providence Stadium,2,16.3,Pakistan,New Zealand,Aiman Anwer,Sidra Nawaz,LM Kasperek,1,0,,,,,,,,,
1150546,2018/19,2018-11-15,Providence Stadium,2,16.4,Pakistan,New Zealand,Sidra Nawaz,Aiman Anwer,LM Kasperek,1,0,,,,,,,,,
1150546,2018/19,2018-11-15,Providence Stadium,2,16.5,Pakistan,New Zealand,Aiman Anwer,Sidra Nawaz,LM Kasperek,1,0,,,,,,,,,
1150546,2018/19,2018-11-15,Providence Stadium,2,16.6,Pakistan,New Zealand,Sidra Nawaz,Aiman Anwer,LM Kasperek,0,0,,,,,,,,,
1150546,2018/19,2018-11-15,Providence Stadium,2,17.1,Pakistan,New Zealand,Aiman Anwer,Sidra Nawaz,AC Kerr,1,0,,,,,,,,,
1150546,2018/19,2018-11-15,Providence Stadium,2,17.2,Pakistan,New Zealand,Sidra Nawaz,Aiman Anwer,AC Kerr,0,0,,,,,,bowled,Sidra Nawaz,,
1150546,2018/19,2018-11-15,Providence Stadium,2,17.3,Pakistan,New Zealand,Nashra Sandhu,Aiman Anwer,AC Kerr,0,0,,,,,,,,,
1150546,2018/19,2018-11-15,Providence Stadium,2,17.4,Pakistan,New Zealand,Nashra Sandhu,Aiman Anwer,AC Kerr,1,0,,,,,,,,,
1150546,2018/19,2018-11-15,Providence Stadium,2,17.5,Pakistan,New Zealand,Aiman Anwer,Nashra Sandhu,AC Kerr,1,0,,,,,,,,,
1150546,2018/19,2018-11-15,Providence Stadium,2,17.6,Pakistan,New Zealand,Nashra Sandhu,Aiman Anwer,AC Kerr,0,0,,,,,,lbw,Nashra Sandhu,,
