match_id,season,start_date,venue,innings,ball,batting_team,bowling_team,striker,non_striker,bowler,runs_off_bat,extras,wides,noballs,byes,legbyes,penalty,wicket_type,player_dismissed,other_wicket_type,other_player_dismissed
1150549,2018/19,2018-11-17,Providence Stadium,1,0.1,India,Australia,T Bhatia,S Mandhana,TJ Vlaeminck,0,0,,,,,,,,,
1150549,2018/19,2018-11-17,Providence Stadium,1,0.2,India,Australia,T Bhatia,S Mandhana,TJ Vlaeminck,0,0,,,,,,,,,
1150549,2018/19,2018-11-17,Providence Stadium,1,0.3,India,Australia,T Bhatia,S Mandhana,TJ Vlaeminck,0,0,,,,,,,,,
1150549,2018/19,2018-11-17,Providence Stadium,1,0.4,India,Australia,T Bhatia,S Mandhana,TJ Vlaeminck,1,0,,,,,,,,,
1150549,2018/19,2018-11-17,Providence Stadium,1,0.5,India,Australia,S Mandhana,T Bhatia,TJ Vlaeminck,0,0,,,,,,,,,
1150549,2018/19,2018-11-17,Providence Stadium,1,0.6,India,Australia,S Mandhana,T Bhatia,TJ Vlaeminck,1,0,,,,,,,,,
1150549,2018/19,2018-11-17,Providence Stadium,1,1.1,India,Australia,S Mandhana,T Bhatia,A Gardner,1,0,,,,,,,,,
1150549,2018/19,2018-11-17,Providence Stadium,1,1.2,India,Australia,T Bhatia,S Mandhana,A Gardner,1,0,,,,,,,,,
1150549,2018/19,2018-11-17,Providence Stadium,1,1.3,India,Australia,S Mandhana,T Bhatia,A Gardner,1,0,,,,,,,,,
1150549,2018/19,2018-11-17,Providence Stadium,1,1.4,India,Australia,T Bhatia,S Mandhana,A Gardner,0,0,,,,,,,,,
1150549,2018/19,2018-11-17,Providence Stadium,1,1.5,India,Australia,T Bhatia,S Mandhana,A Gardner,0,0,,,,,,caught,T Bhatia,,
1150549,2018/19,2018-11-17,Providence Stadium,1,1.6,India,Australia,S Mandhana,JI Rodrigues,A Gardner,0,0,,,,,,,,,
1150549,2018/19,2018-11-17,Providence Stadium,1,2.1,India,Australia,JI Rodrigues,S Mandhana,TJ Vlaeminck,0,0,,,,,,,,,
1150549,2018/19,2018-11-17,Providence Stadium,1,2.2,India,Australia,JI Rodrigues,S Mandhana,TJ Vlaeminck,1,0,,,,,,,,,
1150549,2018/19,2018-11-17,Providence Stadium,1,2.3,India,Australia,S Mandhana,JI Rodrigues,TJ Vlaeminck,4,0,,,,,,,,,
1150549,2018/19,2018-11-17,Providence Stadium,1,2.4,India,Australia,S Mandhana,JI Rodrigues,TJ Vlaeminck,0,0,,,,,,,,,
1150549,2018/19,2018-11-17,Providence Stadium,1,2.5,India,Australia,S Mandhana,JI Rodrigues,TJ Vlaeminck,0,0,,,,,,,,,
1150549,2018/19,2018-11-17,Providence Stadium,1,2.6,India,Australia,S Mandhana,JI Rodrigues,TJ Vlaeminck,0,2,2,,,,,,,,
1150549,2018/19,2018-11-17,Providence Stadium,1,2.7,India,Australia,JI Rodrigues,S Mandhana,TJ Vlaeminck,0,0,,,,,,,,,
1150549,2018/19,2018-11-17,Providence Stadium,1,3.1,India,Australia,S Mandhana,JI Rodrigues,ML Schutt,1,0,,,,,,,,,
1150549,2018/19,2018-11-17,Providence Stadium,1,3.2,India,Australia,JI Rodrigues,S Mandhana,ML Schutt,1,0,,,,,,,,,
1150549,2018/19,2018-11-17,Providence Stadium,1,3.3,India,Australia,S Mandhana,JI Rodrigues,ML Schutt,0,0,,,,,,,,,
1150549,2018/19,2018-11-17,Providence Stadium,1,3.4,India,Australia,S Mandhana,JI Rodrigues,ML Schutt,0,0,,,,,,,,,
1150549,2018/19,2018-11-17,Providence Stadium,1,3.5,India,Australia,S Mandhana,JI Rodrigues,ML Schutt,4,0,,,,,,,,,
1150549,2018/19,2018-11-17,Providence Stadium,1,3.6,India,Australia,S Mandhana,JI Rodrigues,ML Schutt,2,0,,,,,,,,,
1150549,2018/19,2018-11-17,Providence Stadium,1,4.1,India,Australia,JI Rodrigues,S Mandhana,S Molineux,1,0,,,,,,,,,
1150549,2018/19,2018-11-17,Providence Stadium,1,4.2,India,Australia,S Mandhana,JI Rodrigues,S Molineux,6,0,,,,,,,,,
1150549,2018/19,2018-11-17,Providence Stadium,1,4.3,India,Australia,S Mandhana,JI Rodrigues,S Molineux,4,0,,,,,,,,,
1150549,2018/19,2018-11-17,Providence Stadium,1,4.4,India,Australia,S Mandhana,JI Rodrigues,S Molineux,0,0,,,,,,,,,
1150549,2018/19,2018-11-17,Providence Stadium,1,4.5,India,Australia,S Mandhana,JI Rodrigues,S Molineux,1,0,,,,,,,,,
1150549,2018/19,2018-11-17,Providence Stadium,1,4.6,India,Australia,JI Rodrigues,S Mandhana,S Molineux,0,1,1,,,,,,,,
1150549,2018/19,2018-11-17,Providence Stadium,1,4.7,India,Australia,JI Rodrigues,S Mandhana,S Molineux,0,0,,,,,,,,,
1150549,2018/19,2018-11-17,Providence Stadium,1,5.1,India,Australia,S Mandhana,JI Rodrigues,ML Schutt,0,0,,,,,,,,,
1150549,2018/19,2018-11-17,Providence Stadium,1,5.2,India,Australia,S Mandhana,JI Rodrigues,ML Schutt,1,0,,,,,,,,,
1150549,2018/19,2018-11-17,Providence Stadium,1,5.3,India,Australia,JI Rodrigues,S Mandhana,ML Schutt,1,0,,,,,,,,,
1150549,2018/19,2018-11-17,Providence Stadium,1,5.4,India,Australia,S Mandhana,JI Rodrigues,ML Schutt,6,0,,,,,,,,,
1150549,2018/19,2018-11-17,Providence Stadium,1,5.5,India,Australia,S Mandhana,JI Rodrigues,ML Schutt,4,0,,,,,,,,,
1150549,2018/19,2018-11-17,Providence Stadium,1,5.6,India,Australia,S Mandhana,JI Rodrigues,ML Schutt,1,0,,,,,,,,,
1150549,2018/19,2018-11-17,Providence Stadium,1,6.1,India,Australia,S Mandhana,JI Rodrigues,DM Kimmince,1,0,,,,,,,,,
1150549,2018/19,2018-11-17,Providence Stadium,1,6.2,India,Australia,JI Rodrigues,S Mandhana,DM Kimmince,2,0,,,,,,,,,
1150549,2018/19,2018-11-17,Providence Stadium,1,6.3,India,Australia,JI Rodrigues,S Mandhana,DM Kimmince,0,0,,,,,,caught,JI Rodrigues,,
1150549,2018/19,2018-11-17,Providence Stadium,1,6.4,India,Australia,H Kaur,S Mandhana,DM Kimmince,1,0,,,,,,,,,
1150549,2018/19,2018-11-17,Providence Stadium,1,6.5,India,Australia,S Mandhana,H Kaur,DM Kimmince,1,0,,,,,,,,,
1150549,2018/19,2018-11-17,Providence Stadium,1,6.6,India,Australia,H Kaur,S Mandhana,DM Kimmince,1,0,,,,,,,,,
1150549,2018/19,2018-11-17,Providence Stadium,1,7.1,India,Australia,H Kaur,S Mandhana,EA Perry,1,0,,,,,,,,,
1150549,2018/19,2018-11-17,Providence Stadium,1,7.2,India,Australia,S Mandhana,H Kaur,EA Perry,0,0,,,,,,,,,
1150549,2018/19,2018-11-17,Providence Stadium,1,7.3,India,Australia,S Mandhana,H Kaur,EA Perry,1,0,,,,,,,,,
1150549,2018/19,2018-11-17,Providence Stadium,1,7.4,India,Australia,H Kaur,S Mandhana,EA Perry,0,0,,,,,,,,,
1150549,2018/19,2018-11-17,Providence Stadium,1,7.5,India,Australia,H Kaur,S Mandhana,EA Perry,1,0,,,,,,,,,
1150549,2018/19,2018-11-17,Providence Stadium,1,7.6,India,Australia,S Mandhana,H Kaur,EA Perry,4,0,,,,,,,,,
1150549,2018/19,2018-11-17,Providence Stadium,1,8.1,India,Australia,H Kaur,S Mandhana,S Molineux,0,0,,,,,,,,,
1150549,2018/19,2018-11-17,Providence Stadium,1,8.2,India,Australia,H Kaur,S Mandhana,S Molineux,1,0,,,,,,,,,
1150549,2018/19,2018-11-17,Providence Stadium,1,8.3,India,Australia,S Mandhana,H Kaur,S Molineux,1,0,,,,,,,,,
1150549,2018/19,2018-11-17,Providence Stadium,1,8.4,India,Australia,H Kaur,S Mandhana,S Molineux,1,0,,,,,,,,,
1150549,2018/19,2018-11-17,Providence Stadium,1,8.5,India,Australia,S Mandhana,H Kaur,S Molineux,1,0,,,,,,,,,
1150549,2018/19,2018-11-17,Providence Stadium,1,8.6,India,Australia,H Kaur,S Mandhana,S Molineux,6,0,,,,,,,,,
1150549,2018/19,2018-11-17,Providence Stadium,1,9.1,India,Australia,S Mandhana,H Kaur,A Gardner,2,0,,,,,,,,,
1150549,2018/19,2018-11-17,Providence Stadium,1,9.2,India,Australia,S Mandhana,H Kaur,A Gardner,4,0,,,,,,,,,
1150549,2018/19,2018-11-17,Providence Stadium,1,9.3,India,Australia,S Mandhana,H Kaur,A Gardner,1,0,,,,,,,,,
1150549,2018/19,2018-11-17,Providence Stadium,1,9.4,India,Australia,H Kaur,S Mandhana,A Gardner,0,0,,,,,,,,,
1150549,2018/19,2018-11-17,Providence Stadium,1,9.5,India,Australia,H Kaur,S Mandhana,A Gardner,6,0,,,,,,,,,
1150549,2018/19,2018-11-17,Providence Stadium,1,9.6,India,Australia,H Kaur,S Mandhana,A Gardner,1,0,,,,,,,,,
1150549,2018/19,2018-11-17,Providence Stadium,1,10.1,India,Australia,H Kaur,S Mandhana,DM Kimmince,0,1,1,,,,,,,,
1150549,2018/19,2018-11-17,Providence Stadium,1,10.2,India,Australia,H Kaur,S Mandhana,DM Kimmince,1,0,,,,,,,,,
1150549,2018/19,2018-11-17,Providence Stadium,1,10.3,India,Australia,S Mandhana,H Kaur,DM Kimmince,1,0,,,,,,,,,
1150549,2018/19,2018-11-17,Providence Stadium,1,10.4,India,Australia,H Kaur,S Mandhana,DM Kimmince,0,0,,,,,,,,,
1150549,2018/19,2018-11-17,Providence Stadium,1,10.5,India,Australia,H Kaur,S Mandhana,DM Kimmince,4,0,,,,,,,,,
1150549,2018/19,2018-11-17,Providence Stadium,1,10.6,India,Australia,H Kaur,S Mandhana,DM Kimmince,0,0,,,,,,,,,
1150549,2018/19,2018-11-17,Providence Stadium,1,10.7,India,Australia,H Kaur,S Mandhana,DM Kimmince,1,0,,,,,,,,,
1150549,2018/19,2018-11-17,Providence Stadium,1,11.1,India,Australia,H Kaur,S Mandhana,S Molineux,0,0,,,,,,,,,
1150549,2018/19,2018-11-17,Providence Stadium,1,11.2,India,Australia,H Kaur,S Mandhana,S Molineux,1,0,,,,,,,,,
1150549,2018/19,2018-11-17,Providence Stadium,1,11.3,India,Australia,S Mandhana,H Kaur,S Molineux,0,0,,,,,,,,,
1150549,2018/19,2018-11-17,Providence Stadium,1,11.4,India,Australia,S Mandhana,H Kaur,S Molineux,1,0,,,,,,,,,
1150549,2018/19,2018-11-17,Providence Stadium,1,11.5,India,Australia,H Kaur,S Mandhana,S Molineux,0,5,5,,,,,,,,
1150549,2018/19,2018-11-17,Providence Stadium,1,11.6,India,Australia,H Kaur,S Mandhana,S Molineux,6,0,,,,,,,,,
1150549,2018/19,2018-11-17,Providence Stadium,1,11.7,India,Australia,H Kaur,S Mandhana,S Molineux,1,0,,,,,,,,,
1150549,2018/19,2018-11-17,Providence Stadium,1,12.1,India,Australia,H Kaur,S Mandhana,ML Schutt,1,0,,,,,,,,,
1150549,2018/19,2018-11-17,Providence Stadium,1,12.2,India,Australia,S Mandhana,H Kaur,ML Schutt,0,0,,,,,,,,,
1150549,2018/19,2018-11-17,Providence Stadium,1,12.3,India,Australia,S Mandhana,H Kaur,ML Schutt,1,0,,,,,,,,,
1150549,2018/19,2018-11-17,Providence Stadium,1,12.4,India,Australia,H Kaur,S Mandhana,ML Schutt,0,0,,,,,,,,,
1150549,2018/19,2018-11-17,Providence Stadium,1,12.5,India,Australia,H Kaur,S Mandhana,ML Schutt,1,0,,,,,,,,,
1150549,2018/19,2018-11-17,Providence Stadium,1,12.6,India,Australia,S Mandhana,H Kaur,ML Schutt,0,1,1,,,,,,,,
1150549,2018/19,2018-11-17,Providence Stadium,1,12.7,India,Australia,S Mandhana,H Kaur,ML Schutt,0,0,,,,,,,,,
1150549,2018/19,2018-11-17,Providence Stadium,1,13.1,India,Australia,H Kaur,S Mandhana,DM Kimmince,4,0,,,,,,,,,
1150549,2018/19,2018-11-17,Providence Stadium,1,13.2,India,Australia,H Kaur,S Mandhana,DM Kimmince,4,0,,,,,,,,,
1150549,2018/19,2018-11-17,Providence Stadium,1,13.3,India,Australia,H Kaur,S Mandhana,DM Kimmince,0,0,,,,,,caught,H Kaur,,
1150549,2018/19,2018-11-17,Providence Stadium,1,13.4,India,Australia,S Mandhana,V Krishnamurthy,DM Kimmince,1,0,,,,,,,,,
1150549,2018/19,2018-11-17,Providence Stadium,1,13.5,India,Australia,V Krishnamurthy,S Mandhana,DM Kimmince,1,0,,,,,,,,,
1150549,2018/19,2018-11-17,Providence Stadium,1,13.6,India,Australia,S Mandhana,V Krishnamurthy,DM Kimmince,1,0,,,,,,,,,
1150549,2018/19,2018-11-17,Providence Stadium,1,14.1,India,Australia,S Mandhana,V Krishnamurthy,S Molineux,0,1,1,,,,,,,,
1150549,2018/19,2018-11-17,Providence Stadium,1,14.2,India,Australia,S Mandhana,V Krishnamurthy,S Molineux,4,0,,,,,,,,,
1150549,2018/19,2018-11-17,Providence Stadium,1,14.3,India,Australia,S Mandhana,V Krishnamurthy,S Molineux,0,0,,,,,,,,,
1150549,2018/19,2018-11-17,Providence Stadium,1,14.4,India,Australia,S Mandhana,V Krishnamurthy,S Molineux,0,0,,,,,,,,,
1150549,2018/19,2018-11-17,Providence Stadium,1,14.5,India,Australia,S Mandhana,V Krishnamurthy,S Molineux,1,0,,,,,,,,,
1150549,2018/19,2018-11-17,Providence Stadium,1,14.6,India,Australia,V Krishnamurthy,S Mandhana,S Molineux,1,0,,,,,,,,,
1150549,2018/19,2018-11-17,Providence Stadium,1,14.7,India,Australia,S Mandhana,V Krishnamurthy,S Molineux,1,0,,,,,,,,,
1150549,2018/19,2018-11-17,Providence Stadium,1,15.1,India,Australia,S Mandhana,V Krishnamurthy,A Gardner,1,0,,,,,,,,,
1150549,2018/19,2018-11-17,Providence Stadium,1,15.2,India,Australia,V Krishnamurthy,S Mandhana,A Gardner,1,0,,,,,,,,,
1150549,2018/19,2018-11-17,Providence Stadium,1,15.3,India,Australia,S Mandhana,V Krishnamurthy,A Gardner,1,0,,,,,,,,,
1150549,2018/19,2018-11-17,Providence Stadium,1,15.4,India,Australia,V Krishnamurthy,S Mandhana,A Gardner,0,0,,,,,,caught,V Krishnamurthy,,
1150549,2018/19,2018-11-17,Providence Stadium,1,15.5,India,Australia,D Hemalatha,S Mandhana,A Gardner,1,0,,,,,,,,,
1150549,2018/19,2018-11-17,Providence Stadium,1,15.6,India,Australia,S Mandhana,D Hemalatha,A Gardner,4,0,,,,,,,,,
1150549,2018/19,2018-11-17,Providence Stadium,1,16.1,India,Australia,D Hemalatha,S Mandhana,EA Perry,0,0,,,,,,,,,
1150549,2018/19,2018-11-17,Providence Stadium,1,16.2,India,Australia,D Hemalatha,S Mandhana,EA Perry,0,0,,,,,,bowled,D Hemalatha,,
1150549,2018/19,2018-11-17,Providence Stadium,1,16.3,India,Australia,DB Sharma,S Mandhana,EA Perry,0,0,,,,,,,,,
1150549,2018/19,2018-11-17,Providence Stadium,1,16.4,India,Australia,DB Sharma,S Mandhana,EA Perry,1,0,,,,,,,,,
1150549,2018/19,2018-11-17,Providence Stadium,1,16.5,India,Australia,S Mandhana,DB Sharma,EA Perry,0,0,,,,,,,,,
1150549,2018/19,2018-11-17,Providence Stadium,1,16.6,India,Australia,S Mandhana,DB Sharma,EA Perry,0,0,,,,,,,,,
1150549,2018/19,2018-11-17,Providence Stadium,1,17.1,India,Australia,DB Sharma,S Mandhana,DM Kimmince,1,0,,,,,,,,,
1150549,2018/19,2018-11-17,Providence Stadium,1,17.2,India,Australia,S Mandhana,DB Sharma,DM Kimmince,6,0,,,,,,,,,
1150549,2018/19,2018-11-17,Providence Stadium,1,17.3,India,Australia,S Mandhana,DB Sharma,DM Kimmince,0,0,,,,,,,,,
1150549,2018/19,2018-11-17,Providence Stadium,1,17.4,India,Australia,S Mandhana,DB Sharma,DM Kimmince,0,3,3,,,,,,,,
1150549,2018/19,2018-11-17,Providence Stadium,1,17.5,India,Australia,S Mandhana,DB Sharma,DM Kimmince,4,0,,,,,,,,,
1150549,2018/19,2018-11-17,Providence Stadium,1,17.6,India,Australia,S Mandhana,DB Sharma,DM Kimmince,3,0,,,,,,,,,
1150549,2018/19,2018-11-17,Providence Stadium,1,17.7,India,Australia,DB Sharma,S Mandhana,DM Kimmince,0,0,,,,,,,,,
1150549,2018/19,2018-11-17,Providence Stadium,1,18.1,India,Australia,S Mandhana,DB Sharma,ML Schutt,0,0,,,,,,caught,S Mandhana,,
1150549,2018/19,2018-11-17,Providence Stadium,1,18.2,India,Australia,DB Sharma,A Reddy,ML Schutt,1,0,,,,,,,,,
1150549,2018/19,2018-11-17,Providence Stadium,1,18.3,India,Australia,A Reddy,DB Sharma,ML Schutt,1,0,,,,,,,,,
1150549,2018/19,2018-11-17,Providence Stadium,1,18.4,India,Australia,DB Sharma,A Reddy,ML Schutt,1,0,,,,,,,,,
1150549,2018/19,2018-11-17,Providence Stadium,1,18.5,India,Australia,A Reddy,DB Sharma,ML Schutt,1,0,,,,,,,,,
1150549,2018/19,2018-11-17,Providence Stadium,1,18.6,India,Australia,DB Sharma,A Reddy,ML Schutt,1,0,,,,,,,,,
1150549,2018/19,2018-11-17,Providence Stadium,1,19.1,India,Australia,DB Sharma,A Reddy,EA Perry,2,0,,,,,,,,,
1150549,2018/19,2018-11-17,Providence Stadium,1,19.2,India,Australia,DB Sharma,A Reddy,EA Perry,1,0,,,,,,,,,
1150549,2018/19,2018-11-17,Providence Stadium,1,19.3,India,Australia,A Reddy,DB Sharma,EA Perry,4,0,,,,,,,,,
1150549,2018/19,2018-11-17,Providence Stadium,1,19.4,India,Australia,A Reddy,DB Sharma,EA Perry,0,0,,,,,,caught,A Reddy,,
1150549,2018/19,2018-11-17,Providence Stadium,1,19.5,India,Australia,RP Yadav,DB Sharma,EA Perry,1,0,,,,,,,,,
1150549,2018/19,2018-11-17,Providence Stadium,1,19.6,India,Australia,DB Sharma,RP Yadav,EA Perry,0,0,,,,,,bowled,DB Sharma,,
1150549,2018/19,2018-11-17,Providence Stadium,2,0.1,Australia,India,BL Mooney,EJ Villani,A Reddy,0,0,,,,,,,,,
1150549,2018/19,2018-11-17,Providence Stadium,2,0.2,Australia,India,BL Mooney,EJ Villani,A Reddy,2,0,,,,,,,,,
1150549,2018/19,2018-11-17,Providence Stadium,2,0.3,Australia,India,BL Mooney,EJ Villani,A Reddy,4,0,,,,,,,,,
1150549,2018/19,2018-11-17,Providence Stadium,2,0.4,Australia,India,BL Mooney,EJ Villani,A Reddy,4,0,,,,,,,,,
1150549,2018/19,2018-11-17,Providence Stadium,2,0.5,Australia,India,BL Mooney,EJ Villani,A Reddy,0,0,,,,,,,,,
1150549,2018/19,2018-11-17,Providence Stadium,2,0.6,Australia,India,BL Mooney,EJ Villani,A Reddy,1,0,,,,,,,,,
1150549,2018/19,2018-11-17,Providence Stadium,2,1.1,Australia,India,BL Mooney,EJ Villani,AA Patil,1,0,,,,,,,,,
1150549,2018/19,2018-11-17,Providence Stadium,2,1.2,Australia,India,EJ Villani,BL Mooney,AA Patil,0,0,,,,,,,,,
1150549,2018/19,2018-11-17,Providence Stadium,2,1.3,Australia,India,EJ Villani,BL Mooney,AA Patil,0,0,,,,,,,,,
1150549,2018/19,2018-11-17,Providence Stadium,2,1.4,Australia,India,EJ Villani,BL Mooney,AA Patil,1,0,,,,,,,,,
1150549,2018/19,2018-11-17,Providence Stadium,2,1.5,Australia,India,BL Mooney,EJ Villani,AA Patil,0,0,,,,,,,,,
1150549,2018/19,2018-11-17,Providence Stadium,2,1.6,Australia,India,BL Mooney,EJ Villani,AA Patil,1,0,,,,,,,,,
1150549,2018/19,2018-11-17,Providence Stadium,2,2.1,Australia,India,BL Mooney,EJ Villani,DB Sharma,0,1,1,,,,,,,,
1150549,2018/19,2018-11-17,Providence Stadium,2,2.2,Australia,India,BL Mooney,EJ Villani,DB Sharma,0,0,,,,,,,,,
1150549,2018/19,2018-11-17,Providence Stadium,2,2.3,Australia,India,BL Mooney,EJ Villani,DB Sharma,0,0,,,,,,,,,
1150549,2018/19,2018-11-17,Providence Stadium,2,2.4,Australia,India,BL Mooney,EJ Villani,DB Sharma,0,0,,,,,,,,,
1150549,2018/19,2018-11-17,Providence Stadium,2,2.5,Australia,India,BL Mooney,EJ Villani,DB Sharma,0,1,1,,,,,,,,
1150549,2018/19,2018-11-17,Providence Stadium,2,2.6,Australia,India,BL Mooney,EJ Villani,DB Sharma,1,0,,,,,,,,,
1150549,2018/19,2018-11-17,Providence Stadium,2,2.7,Australia,India,EJ Villani,BL Mooney,DB Sharma,2,0,,,,,,,,,
1150549,2018/19,2018-11-17,Providence Stadium,2,2.8,Australia,India,EJ Villani,BL Mooney,DB Sharma,1,0,,,,,,,,,
1150549,2018/19,2018-11-17,Providence Stadium,2,3.1,Australia,India,EJ Villani,BL Mooney,AA Patil,0,0,,,,,,,,,
1150549,2018/19,2018-11-17,Providence Stadium,2,3.2,Australia,India,EJ Villani,BL Mooney,AA Patil,1,0,,,,,,,,,
1150549,2018/19,2018-11-17,Providence Stadium,2,3.3,Australia,India,BL Mooney,EJ Villani,AA Patil,1,0,,,,,,,,,
1150549,2018/19,2018-11-17,Providence Stadium,2,3.4,Australia,India,EJ Villani,BL Mooney,AA Patil,1,0,,,,,,,,,
1150549,2018/19,2018-11-17,Providence Stadium,2,3.5,Australia,India,BL Mooney,EJ Villani,AA Patil,0,0,,,,,,,,,
1150549,2018/19,2018-11-17,Providence Stadium,2,3.6,Australia,India,BL Mooney,EJ Villani,AA Patil,4,0,,,,,,,,,
1150549,2018/19,2018-11-17,Providence Stadium,2,4.1,Australia,India,EJ Villani,BL Mooney,DB Sharma,0,0,,,,,,caught,EJ Villani,,
1150549,2018/19,2018-11-17,Providence Stadium,2,4.2,Australia,India,BL Mooney,A Gardner,DB Sharma,0,0,,,,,,bowled,BL Mooney,,
1150549,2018/19,2018-11-17,Providence Stadium,2,4.3,Australia,India,MM Lanning,A Gardner,DB Sharma,2,0,,,,,,,,,
1150549,2018/19,2018-11-17,Providence Stadium,2,4.4,Australia,India,MM Lanning,A Gardner,DB Sharma,1,0,,,,,,,,,
1150549,2018/19,2018-11-17,Providence Stadium,2,4.5,Australia,India,A Gardner,MM Lanning,DB Sharma,1,0,,,,,,,,,
1150549,2018/19,2018-11-17,Providence Stadium,2,4.6,Australia,India,MM Lanning,A Gardner,DB Sharma,0,0,,,,,,,,,
1150549,2018/19,2018-11-17,Providence Stadium,2,5.1,Australia,India,A Gardner,MM Lanning,A Reddy,0,0,,,,,,,,,
1150549,2018/19,2018-11-17,Providence Stadium,2,5.2,Australia,India,A Gardner,MM Lanning,A Reddy,0,0,,,,,,,,,
1150549,2018/19,2018-11-17,Providence Stadium,2,5.3,Australia,India,A Gardner,MM Lanning,A Reddy,0,0,,,,,,,,,
1150549,2018/19,2018-11-17,Providence Stadium,2,5.4,Australia,India,A Gardner,MM Lanning,A Reddy,4,0,,,,,,,,,
1150549,2018/19,2018-11-17,Providence Stadium,2,5.5,Australia,India,A Gardner,MM Lanning,A Reddy,4,0,,,,,,,,,
1150549,2018/19,2018-11-17,Providence Stadium,2,5.6,Australia,India,A Gardner,MM Lanning,A Reddy,0,0,,,,,,,,,
1150549,2018/19,2018-11-17,Providence Stadium,2,6.1,Australia,India,MM Lanning,A Gardner,DB Sharma,0,0,,,,,,,,,
1150549,2018/19,2018-11-17,Providence Stadium,2,6.2,Australia,India,MM Lanning,A Gardner,DB Sharma,4,0,,,,,,,,,
1150549,2018/19,2018-11-17,Providence Stadium,2,6.3,Australia,India,MM Lanning,A Gardner,DB Sharma,0,0,,,,,,,,,
1150549,2018/19,2018-11-17,Providence Stadium,2,6.4,Australia,India,MM Lanning,A Gardner,DB Sharma,0,0,,,,,,,,,
1150549,2018/19,2018-11-17,Providence Stadium,2,6.5,Australia,India,MM Lanning,A Gardner,DB Sharma,0,0,,,,,,,,,
1150549,2018/19,2018-11-17,Providence Stadium,2,6.6,Australia,India,MM Lanning,A Gardner,DB Sharma,0,1,,,,1,,,,,
1150549,2018/19,2018-11-17,Providence Stadium,2,7.1,Australia,India,MM Lanning,A Gardner,RP Yadav,1,0,,,,,,,,,
1150549,2018/19,2018-11-17,Providence Stadium,2,7.2,Australia,India,A Gardner,MM Lanning,RP Yadav,1,0,,,,,,,,,
1150549,2018/19,2018-11-17,Providence Stadium,2,7.3,Australia,India,MM Lanning,A Gardner,RP Yadav,0,0,,,,,,,,,
1150549,2018/19,2018-11-17,Providence Stadium,2,7.4,Australia,India,MM Lanning,A Gardner,RP Yadav,0,0,,,,,,,,,
1150549,2018/19,2018-11-17,Providence Stadium,2,7.5,Australia,India,MM Lanning,A Gardner,RP Yadav,1,0,,,,,,,,,
1150549,2018/19,2018-11-17,Providence Stadium,2,7.6,Australia,India,A Gardner,MM Lanning,RP Yadav,1,0,,,,,,,,,
1150549,2018/19,2018-11-17,Providence Stadium,2,8.1,Australia,India,A Gardner,MM Lanning,Poonam Yadav,0,0,,,,,,,,,
1150549,2018/19,2018-11-17,Providence Stadium,2,8.2,Australia,India,A Gardner,MM Lanning,Poonam Yadav,6,0,,,,,,,,,
1150549,2018/19,2018-11-17,Providence Stadium,2,8.3,Australia,India,A Gardner,MM Lanning,Poonam Yadav,0,0,,,,,,,,,
1150549,2018/19,2018-11-17,Providence Stadium,2,8.4,Australia,India,A Gardner,MM Lanning,Poonam Yadav,1,0,,,,,,,,,
1150549,2018/19,2018-11-17,Providence Stadium,2,8.5,Australia,India,MM Lanning,A Gardner,Poonam Yadav,0,0,,,,,,,,,
1150549,2018/19,2018-11-17,Providence Stadium,2,8.6,Australia,India,MM Lanning,A Gardner,Poonam Yadav,1,0,,,,,,,,,
1150549,2018/19,2018-11-17,Providence Stadium,2,9.1,Australia,India,MM Lanning,A Gardner,RP Yadav,0,0,,,,,,caught,MM Lanning,,
1150549,2018/19,2018-11-17,Providence Stadium,2,9.2,Australia,India,A Gardner,RL Haynes,RP Yadav,0,0,,,,,,,,,
1150549,2018/19,2018-11-17,Providence Stadium,2,9.3,Australia,India,A Gardner,RL Haynes,RP Yadav,0,0,,,,,,,,,
1150549,2018/19,2018-11-17,Providence Stadium,2,9.4,Australia,India,A Gardner,RL Haynes,RP Yadav,1,0,,,,,,,,,
1150549,2018/19,2018-11-17,Providence Stadium,2,9.5,Australia,India,RL Haynes,A Gardner,RP Yadav,0,0,,,,,,,,,
1150549,2018/19,2018-11-17,Providence Stadium,2,9.6,Australia,India,RL Haynes,A Gardner,RP Yadav,0,0,,,,,,,,,
1150549,2018/19,2018-11-17,Providence Stadium,2,10.1,Australia,India,A Gardner,RL Haynes,Poonam Yadav,0,0,,,,,,,,,
1150549,2018/19,2018-11-17,Providence Stadium,2,10.2,Australia,India,A Gardner,RL Haynes,Poonam Yadav,1,0,,,,,,,,,
1150549,2018/19,2018-11-17,Providence Stadium,2,10.3,Australia,India,RL Haynes,A Gardner,Poonam Yadav,1,0,,,,,,,,,
1150549,2018/19,2018-11-17,Providence Stadium,2,10.4,Australia,India,A Gardner,RL Haynes,Poonam Yadav,0,0,,,,,,caught,A Gardner,,
1150549,2018/19,2018-11-17,Providence Stadium,2,10.5,Australia,India,RL Haynes,EA Perry,Poonam Yadav,1,0,,,,,,,,,
1150549,2018/19,2018-11-17,Providence Stadium,2,10.6,Australia,India,EA Perry,RL Haynes,Poonam Yadav,1,0,,,,,,,,,
1150549,2018/19,2018-11-17,Providence Stadium,2,11.1,Australia,India,EA Perry,RL Haynes,RP Yadav,0,0,,,,,,,,,
1150549,2018/19,2018-11-17,Providence Stadium,2,11.2,Australia,India,EA Perry,RL Haynes,RP Yadav,1,0,,,,,,,,,
1150549,2018/19,2018-11-17,Providence Stadium,2,11.3,Australia,India,RL Haynes,EA Perry,RP Yadav,0,0,,,,,,,,,
1150549,2018/19,2018-11-17,Providence Stadium,2,11.4,Australia,India,RL Haynes,EA Perry,RP Yadav,1,0,,,,,,,,,
1150549,2018/19,2018-11-17,Providence Stadium,2,11.5,Australia,India,EA Perry,RL Haynes,RP Yadav,0,0,,,,,,,,,
1150549,2018/19,2018-11-17,Providence Stadium,2,11.6,Australia,India,EA Perry,RL Haynes,RP Yadav,1,0,,,,,,,,,
1150549,2018/19,2018-11-17,Providence Stadium,2,12.1,Australia,India,EA Perry,RL Haynes,H Kaur,1,0,,,,,,,,,
1150549,2018/19,2018-11-17,Providence Stadium,2,12.2,Australia,India,RL Haynes,EA Perry,H Kaur,2,0,,,,,,,,,
1150549,2018/19,2018-11-17,Providence Stadium,2,12.3,Australia,India,RL Haynes,EA Perry,H Kaur,1,0,,,,,,,,,
1150549,2018/19,2018-11-17,Providence Stadium,2,12.4,Australia,India,EA Perry,RL Haynes,H Kaur,0,0,,,,,,,,,
1150549,2018/19,2018-11-17,Providence Stadium,2,12.5,Australia,India,EA Perry,RL Haynes,H Kaur,1,0,,,,,,,,,
1150549,2018/19,2018-11-17,Providence Stadium,2,12.6,Australia,India,RL Haynes,EA Perry,H Kaur,0,0,,,,,,,,,
1150549,2018/19,2018-11-17,Providence Stadium,2,13.1,Australia,India,EA Perry,RL Haynes,Poonam Yadav,2,0,,,,,,,,,
1150549,2018/19,2018-11-17,Providence Stadium,2,13.2,Australia,India,EA Perry,RL Haynes,Poonam Yadav,2,0,,,,,,,,,
1150549,2018/19,2018-11-17,Providence Stadium,2,13.3,Australia,India,EA Perry,RL Haynes,Poonam Yadav,1,0,,,,,,,,,
1150549,2018/19,2018-11-17,Providence Stadium,2,13.4,Australia,India,RL Haynes,EA Perry,Poonam Yadav,1,0,,,,,,,,,
1150549,2018/19,2018-11-17,Providence Stadium,2,13.5,Australia,India,EA Perry,RL Haynes,Poonam Yadav,0,0,,,,,,,,,
1150549,2018/19,2018-11-17,Providence Stadium,2,13.6,Australia,India,EA Perry,RL Haynes,Poonam Yadav,1,0,,,,,,,,,
1150549,2018/19,2018-11-17,Providence Stadium,2,14.1,Australia,India,EA Perry,RL Haynes,H Kaur,4,0,,,,,,,,,
1150549,2018/19,2018-11-17,Providence Stadium,2,14.2,Australia,India,EA Perry,RL Haynes,H Kaur,4,0,,,,,,,,,
1150549,2018/19,2018-11-17,Providence Stadium,2,14.3,Australia,India,EA Perry,RL Haynes,H Kaur,0,0,,,,,,,,,
1150549,2018/19,2018-11-17,Providence Stadium,2,14.4,Australia,India,EA Perry,RL Haynes,H Kaur,4,0,,,,,,,,,
1150549,2018/19,2018-11-17,Providence Stadium,2,14.5,Australia,India,EA Perry,RL Haynes,H Kaur,1,0,,,,,,,,,
1150549,2018/19,2018-11-17,Providence Stadium,2,14.6,Australia,India,RL Haynes,EA Perry,H Kaur,1,0,,,,,,,,,
1150549,2018/19,2018-11-17,Providence Stadium,2,15.1,Australia,India,RL Haynes,EA Perry,Poonam Yadav,0,0,,,,,,stumped,RL Haynes,,
1150549,2018/19,2018-11-17,Providence Stadium,2,15.2,Australia,India,S Molineux,EA Perry,Poonam Yadav,1,0,,,,,,,,,
1150549,2018/19,2018-11-17,Providence Stadium,2,15.3,Australia,India,EA Perry,S Molineux,Poonam Yadav,2,0,,,,,,,,,
1150549,2018/19,2018-11-17,Providence Stadium,2,15.4,Australia,India,EA Perry,S Molineux,Poonam Yadav,1,0,,,,,,,,,
1150549,2018/19,2018-11-17,Providence Stadium,2,15.5,Australia,India,S Molineux,EA Perry,Poonam Yadav,4,0,,,,,,,,,
1150549,2018/19,2018-11-17,Providence Stadium,2,15.6,Australia,India,S Molineux,EA Perry,Poonam Yadav,1,0,,,,,,,,,
1150549,2018/19,2018-11-17,Providence Stadium,2,16.1,Australia,India,S Molineux,EA Perry,AA Patil,2,0,,,,,,,,,
1150549,2018/19,2018-11-17,Providence Stadium,2,16.2,Australia,India,S Molineux,EA Perry,AA Patil,0,0,,,,,,,,,
1150549,2018/19,2018-11-17,Providence Stadium,2,16.3,Australia,India,S Molineux,EA Perry,AA Patil,1,0,,,,,,,,,
1150549,2018/19,2018-11-17,Providence Stadium,2,16.4,Australia,India,EA Perry,S Molineux,AA Patil,1,0,,,,,,,,,
1150549,2018/19,2018-11-17,Providence Stadium,2,16.5,Australia,India,S Molineux,EA Perry,AA Patil,0,0,,,,,,,,,
1150549,2018/19,2018-11-17,Providence Stadium,2,16.6,Australia,India,S Molineux,EA Perry,AA Patil,0,0,,,,,,caught,S Molineux,,
1150549,2018/19,2018-11-17,Providence Stadium,2,17.1,Australia,India,DM Kimmince,EA Perry,RP Yadav,0,0,,,,,,,,,
1150549,2018/19,2018-11-17,Providence Stadium,2,17.2,Australia,India,DM Kimmince,EA Perry,RP Yadav,1,0,,,,,,,,,
1150549,2018/19,2018-11-17,Providence Stadium,2,17.3,Australia,India,EA Perry,DM Kimmince,RP Yadav,1,0,,,,,,,,,
1150549,2018/19,2018-11-17,Providence Stadium,2,17.4,Australia,India,DM Kimmince,EA Perry,RP Yadav,0,0,,,,,,caught and bowled,DM Kimmince,,
1150549,2018/19,2018-11-17,Providence Stadium,2,17.5,Australia,India,EA Perry,ML Schutt,RP Yadav,1,0,,,,,,,,,
1150549,2018/19,2018-11-17,Providence Stadium,2,17.6,Australia,India,ML Schutt,EA Perry,RP Yadav,2,0,,,,,,,,,
1150549,2018/19,2018-11-17,Providence Stadium,2,18.1,Australia,India,EA Perry,ML Schutt,DB Sharma,0,0,,,,,,,,,
1150549,2018/19,2018-11-17,Providence Stadium,2,18.2,Australia,India,EA Perry,ML Schutt,DB Sharma,6,0,,,,,,,,,
1150549,2018/19,2018-11-17,Providence Stadium,2,18.3,Australia,India,EA Perry,ML Schutt,DB Sharma,1,0,,,,,,,,,
1150549,2018/19,2018-11-17,Providence Stadium,2,18.4,Australia,India,ML Schutt,EA Perry,DB Sharma,1,0,,,,,,,,,
1150549,2018/19,2018-11-17,Providence Stadium,2,18.5,Australia,India,EA Perry,ML Schutt,DB Sharma,1,0,,,,,,,,,
1150549,2018/19,2018-11-17,Providence Stadium,2,18.6,Australia,India,ML Schutt,EA Perry,DB Sharma,1,0,,,,,,,,,
1150549,2018/19,2018-11-17,Providence Stadium,2,19.1,Australia,India,ML Schutt,EA Perry,AA Patil,0,0,,,,,,caught,ML Schutt,,
1150549,2018/19,2018-11-17,Providence Stadium,2,19.2,Australia,India,EA Perry,TJ Vlaeminck,AA Patil,1,0,,,,,,,,,
1150549,2018/19,2018-11-17,Providence Stadium,2,19.3,Australia,India,TJ Vlaeminck,EA Perry,AA Patil,0,0,,,,,,,,,
1150549,2018/19,2018-11-17,Providence Stadium,2,19.4,Australia,India,TJ Vlaeminck,EA Perry,AA Patil,0,0,,,,,,stumped,TJ Vlaeminck,,
