match_id,season,start_date,venue,innings,ball,batting_team,bowling_team,striker,non_striker,bowler,runs_off_bat,extras,wides,noballs,byes,legbyes,penalty,wicket_type,player_dismissed,other_wicket_type,other_player_dismissed
1150538,2018/19,2018-11-11,Providence Stadium,1,0.1,Ireland,Australia,CMA Shillington,CNIM Joyce,ML Schutt,0,0,,,,,,,,,
1150538,2018/19,2018-11-11,Providence Stadium,1,0.2,Ireland,Australia,CMA Shillington,CNIM Joyce,ML Schutt,0,0,,,,,,,,,
1150538,2018/19,2018-11-11,Providence Stadium,1,0.3,Ireland,Australia,CMA Shillington,CNIM Joyce,ML Schutt,0,0,,,,,,,,,
1150538,2018/19,2018-11-11,Providence Stadium,1,0.4,Ireland,Australia,CMA Shillington,CNIM Joyce,ML Schutt,1,0,,,,,,,,,
1150538,2018/19,2018-11-11,Providence Stadium,1,0.5,Ireland,Australia,CNIM Joyce,CMA Shillington,ML Schutt,1,0,,,,,,,,,
1150538,2018/19,2018-11-11,Providence Stadium,1,0.6,Ireland,Australia,CMA Shillington,CNIM Joyce,ML Schutt,4,0,,,,,,,,,
1150538,2018/19,2018-11-11,Providence Stadium,1,1.1,Ireland,Australia,CNIM Joyce,CMA Shillington,S Molineux,0,0,,,,,,,,,
1150538,2018/19,2018-11-11,Providence Stadium,1,1.2,Ireland,Australia,CNIM Joyce,CMA Shillington,S Molineux,0,0,,,,,,,,,
1150538,2018/19,2018-11-11,Providence Stadium,1,1.3,Ireland,Australia,CNIM Joyce,CMA Shillington,S Molineux,0,0,,,,,,,,,
1150538,2018/19,2018-11-11,Providence Stadium,1,1.4,Ireland,Australia,CNIM Joyce,CMA Shillington,S Molineux,1,0,,,,,,,,,
1150538,2018/19,2018-11-11,Providence Stadium,1,1.5,Ireland,Australia,CMA Shillington,CNIM Joyce,S Molineux,0,0,,,,,,,,,
1150538,2018/19,2018-11-11,Providence Stadium,1,1.6,Ireland,Australia,CMA Shillington,CNIM Joyce,S Molineux,4,0,,,,,,,,,
1150538,2018/19,2018-11-11,Providence Stadium,1,2.1,Ireland,Australia,CNIM Joyce,CMA Shillington,EA Perry,0,1,,1,,,,,,,
1150538,2018/19,2018-11-11,Providence Stadium,1,2.2,Ireland,Australia,CNIM Joyce,CMA Shillington,EA Perry,0,0,,,,,,,,,
1150538,2018/19,2018-11-11,Providence Stadium,1,2.3,Ireland,Australia,CNIM Joyce,CMA Shillington,EA Perry,0,0,,,,,,,,,
1150538,2018/19,2018-11-11,Providence Stadium,1,2.4,Ireland,Australia,CNIM Joyce,CMA Shillington,EA Perry,0,0,,,,,,,,,
1150538,2018/19,2018-11-11,Providence Stadium,1,2.5,Ireland,Australia,CNIM Joyce,CMA Shillington,EA Perry,0,0,,,,,,,,,
1150538,2018/19,2018-11-11,Providence Stadium,1,2.6,Ireland,Australia,CNIM Joyce,CMA Shillington,EA Perry,4,0,,,,,,,,,
1150538,2018/19,2018-11-11,Providence Stadium,1,2.7,Ireland,Australia,CNIM Joyce,CMA Shillington,EA Perry,0,0,,,,,,,,,
1150538,2018/19,2018-11-11,Providence Stadium,1,3.1,Ireland,Australia,CMA Shillington,CNIM Joyce,S Molineux,1,0,,,,,,,,,
1150538,2018/19,2018-11-11,Providence Stadium,1,3.2,Ireland,Australia,CNIM Joyce,CMA Shillington,S Molineux,0,0,,,,,,,,,
1150538,2018/19,2018-11-11,Providence Stadium,1,3.3,Ireland,Australia,CNIM Joyce,CMA Shillington,S Molineux,0,0,,,,,,,,,
1150538,2018/19,2018-11-11,Providence Stadium,1,3.4,Ireland,Australia,CNIM Joyce,CMA Shillington,S Molineux,0,0,,,,,,,,,
1150538,2018/19,2018-11-11,Providence Stadium,1,3.5,Ireland,Australia,CNIM Joyce,CMA Shillington,S Molineux,1,0,,,,,,,,,
1150538,2018/19,2018-11-11,Providence Stadium,1,3.6,Ireland,Australia,CMA Shillington,CNIM Joyce,S Molineux,1,0,,,,,,,,,
1150538,2018/19,2018-11-11,Providence Stadium,1,4.1,Ireland,Australia,CMA Shillington,CNIM Joyce,ML Schutt,0,0,,,,,,,,,
1150538,2018/19,2018-11-11,Providence Stadium,1,4.2,Ireland,Australia,CMA Shillington,CNIM Joyce,ML Schutt,1,0,,,,,,,,,
1150538,2018/19,2018-11-11,Providence Stadium,1,4.3,Ireland,Australia,CNIM Joyce,CMA Shillington,ML Schutt,0,0,,,,,,,,,
1150538,2018/19,2018-11-11,Providence Stadium,1,4.4,Ireland,Australia,CNIM Joyce,CMA Shillington,ML Schutt,0,0,,,,,,,,,
1150538,2018/19,2018-11-11,Providence Stadium,1,4.5,Ireland,Australia,CNIM Joyce,CMA Shillington,ML Schutt,1,0,,,,,,,,,
1150538,2018/19,2018-11-11,Providence Stadium,1,4.6,Ireland,Australia,CMA Shillington,CNIM Joyce,ML Schutt,4,0,,,,,,,,,
1150538,2018/19,2018-11-11,Providence Stadium,1,5.1,Ireland,Australia,CNIM Joyce,CMA Shillington,DM Kimmince,0,0,,,,,,,,,
1150538,2018/19,2018-11-11,Providence Stadium,1,5.2,Ireland,Australia,CNIM Joyce,CMA Shillington,DM Kimmince,0,0,,,,,,,,,
1150538,2018/19,2018-11-11,Providence Stadium,1,5.3,Ireland,Australia,CNIM Joyce,CMA Shillington,DM Kimmince,0,0,,,,,,,,,
1150538,2018/19,2018-11-11,Providence Stadium,1,5.4,Ireland,Australia,CNIM Joyce,CMA Shillington,DM Kimmince,1,0,,,,,,,,,
1150538,2018/19,2018-11-11,Providence Stadium,1,5.5,Ireland,Australia,CMA Shillington,CNIM Joyce,DM Kimmince,0,0,,,,,,,,,
1150538,2018/19,2018-11-11,Providence Stadium,1,5.6,Ireland,Australia,CMA Shillington,CNIM Joyce,DM Kimmince,1,0,,,,,,,,,
1150538,2018/19,2018-11-11,Providence Stadium,1,6.1,Ireland,Australia,CMA Shillington,CNIM Joyce,G Wareham,1,0,,,,,,,,,
1150538,2018/19,2018-11-11,Providence Stadium,1,6.2,Ireland,Australia,CNIM Joyce,CMA Shillington,G Wareham,0,0,,,,,,,,,
1150538,2018/19,2018-11-11,Providence Stadium,1,6.3,Ireland,Australia,CNIM Joyce,CMA Shillington,G Wareham,1,0,,,,,,,,,
1150538,2018/19,2018-11-11,Providence Stadium,1,6.4,Ireland,Australia,CMA Shillington,CNIM Joyce,G Wareham,1,0,,,,,,,,,
1150538,2018/19,2018-11-11,Providence Stadium,1,6.5,Ireland,Australia,CNIM Joyce,CMA Shillington,G Wareham,0,0,,,,,,,,,
1150538,2018/19,2018-11-11,Providence Stadium,1,6.6,Ireland,Australia,CNIM Joyce,CMA Shillington,G Wareham,0,0,,,,,,run out,CNIM Joyce,,
1150538,2018/19,2018-11-11,Providence Stadium,1,7.1,Ireland,Australia,GH Lewis,CMA Shillington,EA Perry,0,0,,,,,,,,,
1150538,2018/19,2018-11-11,Providence Stadium,1,7.2,Ireland,Australia,GH Lewis,CMA Shillington,EA Perry,0,0,,,,,,,,,
1150538,2018/19,2018-11-11,Providence Stadium,1,7.3,Ireland,Australia,GH Lewis,CMA Shillington,EA Perry,1,0,,,,,,,,,
1150538,2018/19,2018-11-11,Providence Stadium,1,7.4,Ireland,Australia,CMA Shillington,GH Lewis,EA Perry,0,0,,,,,,,,,
1150538,2018/19,2018-11-11,Providence Stadium,1,7.5,Ireland,Australia,CMA Shillington,GH Lewis,EA Perry,0,0,,,,,,bowled,CMA Shillington,,
1150538,2018/19,2018-11-11,Providence Stadium,1,7.6,Ireland,Australia,EAJ Richardson,GH Lewis,EA Perry,0,0,,,,,,,,,
1150538,2018/19,2018-11-11,Providence Stadium,1,8.1,Ireland,Australia,GH Lewis,EAJ Richardson,G Wareham,1,0,,,,,,,,,
1150538,2018/19,2018-11-11,Providence Stadium,1,8.2,Ireland,Australia,EAJ Richardson,GH Lewis,G Wareham,1,0,,,,,,,,,
1150538,2018/19,2018-11-11,Providence Stadium,1,8.3,Ireland,Australia,GH Lewis,EAJ Richardson,G Wareham,0,0,,,,,,,,,
1150538,2018/19,2018-11-11,Providence Stadium,1,8.4,Ireland,Australia,GH Lewis,EAJ Richardson,G Wareham,0,0,,,,,,,,,
1150538,2018/19,2018-11-11,Providence Stadium,1,8.5,Ireland,Australia,GH Lewis,EAJ Richardson,G Wareham,1,0,,,,,,,,,
1150538,2018/19,2018-11-11,Providence Stadium,1,8.6,Ireland,Australia,EAJ Richardson,GH Lewis,G Wareham,0,0,,,,,,,,,
1150538,2018/19,2018-11-11,Providence Stadium,1,9.1,Ireland,Australia,GH Lewis,EAJ Richardson,EA Perry,1,0,,,,,,,,,
1150538,2018/19,2018-11-11,Providence Stadium,1,9.2,Ireland,Australia,EAJ Richardson,GH Lewis,EA Perry,0,0,,,,,,bowled,EAJ Richardson,,
1150538,2018/19,2018-11-11,Providence Stadium,1,9.3,Ireland,Australia,IMHC Joyce,GH Lewis,EA Perry,0,0,,,,,,,,,
1150538,2018/19,2018-11-11,Providence Stadium,1,9.4,Ireland,Australia,IMHC Joyce,GH Lewis,EA Perry,0,0,,,,,,,,,
1150538,2018/19,2018-11-11,Providence Stadium,1,9.5,Ireland,Australia,IMHC Joyce,GH Lewis,EA Perry,0,0,,,,,,,,,
1150538,2018/19,2018-11-11,Providence Stadium,1,9.6,Ireland,Australia,IMHC Joyce,GH Lewis,EA Perry,0,0,,,,,,,,,
1150538,2018/19,2018-11-11,Providence Stadium,1,10.1,Ireland,Australia,GH Lewis,IMHC Joyce,DM Kimmince,0,1,1,,,,,,,,
1150538,2018/19,2018-11-11,Providence Stadium,1,10.2,Ireland,Australia,GH Lewis,IMHC Joyce,DM Kimmince,0,0,,,,,,,,,
1150538,2018/19,2018-11-11,Providence Stadium,1,10.3,Ireland,Australia,GH Lewis,IMHC Joyce,DM Kimmince,1,0,,,,,,,,,
1150538,2018/19,2018-11-11,Providence Stadium,1,10.4,Ireland,Australia,IMHC Joyce,GH Lewis,DM Kimmince,0,0,,,,,,,,,
1150538,2018/19,2018-11-11,Providence Stadium,1,10.5,Ireland,Australia,IMHC Joyce,GH Lewis,DM Kimmince,1,0,,,,,,,,,
1150538,2018/19,2018-11-11,Providence Stadium,1,10.6,Ireland,Australia,GH Lewis,IMHC Joyce,DM Kimmince,0,0,,,,,,,,,
1150538,2018/19,2018-11-11,Providence Stadium,1,10.7,Ireland,Australia,GH Lewis,IMHC Joyce,DM Kimmince,1,0,,,,,,,,,
1150538,2018/19,2018-11-11,Providence Stadium,1,11.1,Ireland,Australia,GH Lewis,IMHC Joyce,A Gardner,1,0,,,,,,,,,
1150538,2018/19,2018-11-11,Providence Stadium,1,11.2,Ireland,Australia,IMHC Joyce,GH Lewis,A Gardner,0,0,,,,,,bowled,IMHC Joyce,,
1150538,2018/19,2018-11-11,Providence Stadium,1,11.3,Ireland,Australia,L Delany,GH Lewis,A Gardner,0,0,,,,,,,,,
1150538,2018/19,2018-11-11,Providence Stadium,1,11.4,Ireland,Australia,L Delany,GH Lewis,A Gardner,0,0,,,,,,,,,
1150538,2018/19,2018-11-11,Providence Stadium,1,11.5,Ireland,Australia,L Delany,GH Lewis,A Gardner,0,0,,,,,,,,,
1150538,2018/19,2018-11-11,Providence Stadium,1,11.6,Ireland,Australia,L Delany,GH Lewis,A Gardner,4,0,,,,,,,,,
1150538,2018/19,2018-11-11,Providence Stadium,1,12.1,Ireland,Australia,GH Lewis,L Delany,DM Kimmince,0,0,,,,,,,,,
1150538,2018/19,2018-11-11,Providence Stadium,1,12.2,Ireland,Australia,GH Lewis,L Delany,DM Kimmince,0,0,,,,,,,,,
1150538,2018/19,2018-11-11,Providence Stadium,1,12.3,Ireland,Australia,GH Lewis,L Delany,DM Kimmince,1,0,,,,,,,,,
1150538,2018/19,2018-11-11,Providence Stadium,1,12.4,Ireland,Australia,L Delany,GH Lewis,DM Kimmince,0,0,,,,,,,,,
1150538,2018/19,2018-11-11,Providence Stadium,1,12.5,Ireland,Australia,L Delany,GH Lewis,DM Kimmince,1,0,,,,,,,,,
1150538,2018/19,2018-11-11,Providence Stadium,1,12.6,Ireland,Australia,GH Lewis,L Delany,DM Kimmince,0,0,,,,,,run out,GH Lewis,,
1150538,2018/19,2018-11-11,Providence Stadium,1,13.1,Ireland,Australia,KJ Garth,L Delany,S Molineux,1,0,,,,,,,,,
1150538,2018/19,2018-11-11,Providence Stadium,1,13.2,Ireland,Australia,L Delany,KJ Garth,S Molineux,1,0,,,,,,,,,
1150538,2018/19,2018-11-11,Providence Stadium,1,13.3,Ireland,Australia,KJ Garth,L Delany,S Molineux,0,0,,,,,,,,,
1150538,2018/19,2018-11-11,Providence Stadium,1,13.4,Ireland,Australia,KJ Garth,L Delany,S Molineux,1,0,,,,,,,,,
1150538,2018/19,2018-11-11,Providence Stadium,1,13.5,Ireland,Australia,L Delany,KJ Garth,S Molineux,0,0,,,,,,,,,
1150538,2018/19,2018-11-11,Providence Stadium,1,13.6,Ireland,Australia,L Delany,KJ Garth,S Molineux,0,0,,,,,,,,,
1150538,2018/19,2018-11-11,Providence Stadium,1,14.1,Ireland,Australia,KJ Garth,L Delany,G Wareham,0,0,,,,,,,,,
1150538,2018/19,2018-11-11,Providence Stadium,1,14.2,Ireland,Australia,KJ Garth,L Delany,G Wareham,0,0,,,,,,,,,
1150538,2018/19,2018-11-11,Providence Stadium,1,14.3,Ireland,Australia,KJ Garth,L Delany,G Wareham,1,0,,,,,,,,,
1150538,2018/19,2018-11-11,Providence Stadium,1,14.4,Ireland,Australia,L Delany,KJ Garth,G Wareham,1,0,,,,,,,,,
1150538,2018/19,2018-11-11,Providence Stadium,1,14.5,Ireland,Australia,KJ Garth,L Delany,G Wareham,0,0,,,,,,,,,
1150538,2018/19,2018-11-11,Providence Stadium,1,14.6,Ireland,Australia,KJ Garth,L Delany,G Wareham,0,0,,,,,,,,,
1150538,2018/19,2018-11-11,Providence Stadium,1,15.1,Ireland,Australia,L Delany,KJ Garth,EA Perry,0,0,,,,,,,,,
1150538,2018/19,2018-11-11,Providence Stadium,1,15.2,Ireland,Australia,L Delany,KJ Garth,EA Perry,1,0,,,,,,,,,
1150538,2018/19,2018-11-11,Providence Stadium,1,15.3,Ireland,Australia,KJ Garth,L Delany,EA Perry,1,0,,,,,,,,,
1150538,2018/19,2018-11-11,Providence Stadium,1,15.4,Ireland,Australia,L Delany,KJ Garth,EA Perry,1,0,,,,,,,,,
1150538,2018/19,2018-11-11,Providence Stadium,1,15.5,Ireland,Australia,KJ Garth,L Delany,EA Perry,0,1,1,,,,,,,,
1150538,2018/19,2018-11-11,Providence Stadium,1,15.6,Ireland,Australia,KJ Garth,L Delany,EA Perry,1,0,,,,,,,,,
1150538,2018/19,2018-11-11,Providence Stadium,1,15.7,Ireland,Australia,L Delany,KJ Garth,EA Perry,0,0,,,,,,,,,
1150538,2018/19,2018-11-11,Providence Stadium,1,16.1,Ireland,Australia,KJ Garth,L Delany,ML Schutt,4,0,,,,,,,,,
1150538,2018/19,2018-11-11,Providence Stadium,1,16.2,Ireland,Australia,KJ Garth,L Delany,ML Schutt,1,0,,,,,,,,,
1150538,2018/19,2018-11-11,Providence Stadium,1,16.3,Ireland,Australia,L Delany,KJ Garth,ML Schutt,1,0,,,,,,,,,
1150538,2018/19,2018-11-11,Providence Stadium,1,16.4,Ireland,Australia,KJ Garth,L Delany,ML Schutt,0,0,,,,,,,,,
1150538,2018/19,2018-11-11,Providence Stadium,1,16.5,Ireland,Australia,KJ Garth,L Delany,ML Schutt,1,0,,,,,,,,,
1150538,2018/19,2018-11-11,Providence Stadium,1,16.6,Ireland,Australia,L Delany,KJ Garth,ML Schutt,0,0,,,,,,,,,
1150538,2018/19,2018-11-11,Providence Stadium,1,17.1,Ireland,Australia,KJ Garth,L Delany,DM Kimmince,0,1,1,,,,,,,,
1150538,2018/19,2018-11-11,Providence Stadium,1,17.2,Ireland,Australia,KJ Garth,L Delany,DM Kimmince,0,5,5,,,,,,,,
1150538,2018/19,2018-11-11,Providence Stadium,1,17.3,Ireland,Australia,KJ Garth,L Delany,DM Kimmince,2,0,,,,,,,,,
1150538,2018/19,2018-11-11,Providence Stadium,1,17.4,Ireland,Australia,KJ Garth,L Delany,DM Kimmince,0,0,,,,,,,,,
1150538,2018/19,2018-11-11,Providence Stadium,1,17.5,Ireland,Australia,KJ Garth,L Delany,DM Kimmince,1,0,,,,,,,,,
1150538,2018/19,2018-11-11,Providence Stadium,1,17.6,Ireland,Australia,L Delany,KJ Garth,DM Kimmince,1,0,,,,,,,,,
1150538,2018/19,2018-11-11,Providence Stadium,1,17.7,Ireland,Australia,KJ Garth,L Delany,DM Kimmince,0,0,,,,,,,,,
1150538,2018/19,2018-11-11,Providence Stadium,1,17.8,Ireland,Australia,KJ Garth,L Delany,DM Kimmince,1,0,,,,,,,,,
1150538,2018/19,2018-11-11,Providence Stadium,1,18.1,Ireland,Australia,KJ Garth,L Delany,S Molineux,1,0,,,,,,,,,
1150538,2018/19,2018-11-11,Providence Stadium,1,18.2,Ireland,Australia,L Delany,KJ Garth,S Molineux,1,0,,,,,,,,,
1150538,2018/19,2018-11-11,Providence Stadium,1,18.3,Ireland,Australia,KJ Garth,L Delany,S Molineux,2,0,,,,,,,,,
1150538,2018/19,2018-11-11,Providence Stadium,1,18.4,Ireland,Australia,KJ Garth,L Delany,S Molineux,1,0,,,,,,,,,
1150538,2018/19,2018-11-11,Providence Stadium,1,18.5,Ireland,Australia,L Delany,KJ Garth,S Molineux,1,0,,,,,,,,,
1150538,2018/19,2018-11-11,Providence Stadium,1,18.6,Ireland,Australia,KJ Garth,L Delany,S Molineux,1,0,,,,,,,,,
1150538,2018/19,2018-11-11,Providence Stadium,1,19.1,Ireland,Australia,KJ Garth,L Delany,ML Schutt,0,1,,,1,,,,,,
1150538,2018/19,2018-11-11,Providence Stadium,1,19.2,Ireland,Australia,L Delany,KJ Garth,ML Schutt,1,0,,,,,,,,,
1150538,2018/19,2018-11-11,Providence Stadium,1,19.3,Ireland,Australia,KJ Garth,L Delany,ML Schutt,4,0,,,,,,,,,
1150538,2018/19,2018-11-11,Providence Stadium,1,19.4,Ireland,Australia,KJ Garth,L Delany,ML Schutt,0,0,,,,,,bowled,KJ Garth,,
1150538,2018/19,2018-11-11,Providence Stadium,1,19.5,Ireland,Australia,SM Kavanagh,L Delany,ML Schutt,2,0,,,,,,,,,
1150538,2018/19,2018-11-11,Providence Stadium,1,19.6,Ireland,Australia,SM Kavanagh,L Delany,ML Schutt,4,0,,,,,,,,,
1150538,2018/19,2018-11-11,Providence Stadium,2,0.1,Australia,Ireland,AJ Healy,BL Mooney,EAJ Richardson,0,0,,,,,,,,,
1150538,2018/19,2018-11-11,Providence Stadium,2,0.2,Australia,Ireland,AJ Healy,BL Mooney,EAJ Richardson,1,0,,,,,,,,,
1150538,2018/19,2018-11-11,Providence Stadium,2,0.3,Australia,Ireland,BL Mooney,AJ Healy,EAJ Richardson,0,0,,,,,,,,,
1150538,2018/19,2018-11-11,Providence Stadium,2,0.4,Australia,Ireland,BL Mooney,AJ Healy,EAJ Richardson,1,0,,,,,,,,,
1150538,2018/19,2018-11-11,Providence Stadium,2,0.5,Australia,Ireland,AJ Healy,BL Mooney,EAJ Richardson,4,1,,1,,,,,,,
1150538,2018/19,2018-11-11,Providence Stadium,2,0.6,Australia,Ireland,AJ Healy,BL Mooney,EAJ Richardson,0,0,,,,,,,,,
1150538,2018/19,2018-11-11,Providence Stadium,2,0.7,Australia,Ireland,AJ Healy,BL Mooney,EAJ Richardson,2,0,,,,,,,,,
1150538,2018/19,2018-11-11,Providence Stadium,2,1.1,Australia,Ireland,BL Mooney,AJ Healy,LK O'Reilly,0,0,,,,,,,,,
1150538,2018/19,2018-11-11,Providence Stadium,2,1.2,Australia,Ireland,BL Mooney,AJ Healy,LK O'Reilly,0,1,1,,,,,,,,
1150538,2018/19,2018-11-11,Providence Stadium,2,1.3,Australia,Ireland,BL Mooney,AJ Healy,LK O'Reilly,0,1,1,,,,,,,,
1150538,2018/19,2018-11-11,Providence Stadium,2,1.4,Australia,Ireland,BL Mooney,AJ Healy,LK O'Reilly,0,0,,,,,,,,,
1150538,2018/19,2018-11-11,Providence Stadium,2,1.5,Australia,Ireland,BL Mooney,AJ Healy,LK O'Reilly,0,1,1,,,,,,,,
1150538,2018/19,2018-11-11,Providence Stadium,2,1.6,Australia,Ireland,BL Mooney,AJ Healy,LK O'Reilly,1,0,,,,,,,,,
1150538,2018/19,2018-11-11,Providence Stadium,2,1.7,Australia,Ireland,AJ Healy,BL Mooney,LK O'Reilly,1,0,,,,,,,,,
1150538,2018/19,2018-11-11,Providence Stadium,2,1.8,Australia,Ireland,BL Mooney,AJ Healy,LK O'Reilly,0,1,1,,,,,,,,
1150538,2018/19,2018-11-11,Providence Stadium,2,1.9,Australia,Ireland,BL Mooney,AJ Healy,LK O'Reilly,0,0,,,,,,,,,
1150538,2018/19,2018-11-11,Providence Stadium,2,1.10,Australia,Ireland,BL Mooney,AJ Healy,LK O'Reilly,0,1,1,,,,,,,,
1150538,2018/19,2018-11-11,Providence Stadium,2,1.11,Australia,Ireland,BL Mooney,AJ Healy,LK O'Reilly,1,0,,,,,,,,,
1150538,2018/19,2018-11-11,Providence Stadium,2,2.1,Australia,Ireland,BL Mooney,AJ Healy,CJ Metcalfe,1,0,,,,,,,,,
1150538,2018/19,2018-11-11,Providence Stadium,2,2.2,Australia,Ireland,AJ Healy,BL Mooney,CJ Metcalfe,4,0,,,,,,,,,
1150538,2018/19,2018-11-11,Providence Stadium,2,2.3,Australia,Ireland,AJ Healy,BL Mooney,CJ Metcalfe,0,0,,,,,,,,,
1150538,2018/19,2018-11-11,Providence Stadium,2,2.4,Australia,Ireland,AJ Healy,BL Mooney,CJ Metcalfe,2,0,,,,,,,,,
1150538,2018/19,2018-11-11,Providence Stadium,2,2.5,Australia,Ireland,AJ Healy,BL Mooney,CJ Metcalfe,4,0,,,,,,,,,
1150538,2018/19,2018-11-11,Providence Stadium,2,2.6,Australia,Ireland,AJ Healy,BL Mooney,CJ Metcalfe,1,0,,,,,,,,,
1150538,2018/19,2018-11-11,Providence Stadium,2,3.1,Australia,Ireland,AJ Healy,BL Mooney,L Delany,4,0,,,,,,,,,
1150538,2018/19,2018-11-11,Providence Stadium,2,3.2,Australia,Ireland,AJ Healy,BL Mooney,L Delany,4,0,,,,,,,,,
1150538,2018/19,2018-11-11,Providence Stadium,2,3.3,Australia,Ireland,AJ Healy,BL Mooney,L Delany,1,0,,,,,,,,,
1150538,2018/19,2018-11-11,Providence Stadium,2,3.4,Australia,Ireland,BL Mooney,AJ Healy,L Delany,0,2,,,,2,,,,,
1150538,2018/19,2018-11-11,Providence Stadium,2,3.5,Australia,Ireland,BL Mooney,AJ Healy,L Delany,0,0,,,,,,,,,
1150538,2018/19,2018-11-11,Providence Stadium,2,3.6,Australia,Ireland,BL Mooney,AJ Healy,L Delany,4,0,,,,,,,,,
1150538,2018/19,2018-11-11,Providence Stadium,2,4.1,Australia,Ireland,AJ Healy,BL Mooney,IMHC Joyce,4,0,,,,,,,,,
1150538,2018/19,2018-11-11,Providence Stadium,2,4.2,Australia,Ireland,AJ Healy,BL Mooney,IMHC Joyce,0,0,,,,,,,,,
1150538,2018/19,2018-11-11,Providence Stadium,2,4.3,Australia,Ireland,AJ Healy,BL Mooney,IMHC Joyce,4,0,,,,,,,,,
1150538,2018/19,2018-11-11,Providence Stadium,2,4.4,Australia,Ireland,AJ Healy,BL Mooney,IMHC Joyce,0,0,,,,,,,,,
1150538,2018/19,2018-11-11,Providence Stadium,2,4.5,Australia,Ireland,AJ Healy,BL Mooney,IMHC Joyce,4,0,,,,,,,,,
1150538,2018/19,2018-11-11,Providence Stadium,2,4.6,Australia,Ireland,AJ Healy,BL Mooney,IMHC Joyce,4,0,,,,,,,,,
1150538,2018/19,2018-11-11,Providence Stadium,2,5.1,Australia,Ireland,BL Mooney,AJ Healy,KJ Garth,0,0,,,,,,,,,
1150538,2018/19,2018-11-11,Providence Stadium,2,5.2,Australia,Ireland,BL Mooney,AJ Healy,KJ Garth,4,0,,,,,,,,,
1150538,2018/19,2018-11-11,Providence Stadium,2,5.3,Australia,Ireland,BL Mooney,AJ Healy,KJ Garth,2,0,,,,,,,,,
1150538,2018/19,2018-11-11,Providence Stadium,2,5.4,Australia,Ireland,BL Mooney,AJ Healy,KJ Garth,0,0,,,,,,caught,BL Mooney,,
1150538,2018/19,2018-11-11,Providence Stadium,2,5.5,Australia,Ireland,EA Perry,AJ Healy,KJ Garth,1,0,,,,,,,,,
1150538,2018/19,2018-11-11,Providence Stadium,2,5.6,Australia,Ireland,AJ Healy,EA Perry,KJ Garth,6,0,,,,,,,,,
1150538,2018/19,2018-11-11,Providence Stadium,2,6.1,Australia,Ireland,EA Perry,AJ Healy,EAJ Richardson,1,0,,,,,,,,,
1150538,2018/19,2018-11-11,Providence Stadium,2,6.2,Australia,Ireland,AJ Healy,EA Perry,EAJ Richardson,1,0,,,,,,,,,
1150538,2018/19,2018-11-11,Providence Stadium,2,6.3,Australia,Ireland,EA Perry,AJ Healy,EAJ Richardson,0,0,,,,,,,,,
1150538,2018/19,2018-11-11,Providence Stadium,2,6.4,Australia,Ireland,EA Perry,AJ Healy,EAJ Richardson,0,0,,,,,,,,,
1150538,2018/19,2018-11-11,Providence Stadium,2,6.5,Australia,Ireland,EA Perry,AJ Healy,EAJ Richardson,0,0,,,,,,,,,
1150538,2018/19,2018-11-11,Providence Stadium,2,6.6,Australia,Ireland,EA Perry,AJ Healy,EAJ Richardson,6,0,,,,,,,,,
1150538,2018/19,2018-11-11,Providence Stadium,2,7.1,Australia,Ireland,AJ Healy,EA Perry,KJ Garth,0,0,,,,,,,,,
1150538,2018/19,2018-11-11,Providence Stadium,2,7.2,Australia,Ireland,AJ Healy,EA Perry,KJ Garth,1,0,,,,,,,,,
1150538,2018/19,2018-11-11,Providence Stadium,2,7.3,Australia,Ireland,EA Perry,AJ Healy,KJ Garth,1,0,,,,,,,,,
1150538,2018/19,2018-11-11,Providence Stadium,2,7.4,Australia,Ireland,AJ Healy,EA Perry,KJ Garth,0,0,,,,,,,,,
1150538,2018/19,2018-11-11,Providence Stadium,2,7.5,Australia,Ireland,AJ Healy,EA Perry,KJ Garth,0,1,,,1,,,,,,
1150538,2018/19,2018-11-11,Providence Stadium,2,7.6,Australia,Ireland,EA Perry,AJ Healy,KJ Garth,0,0,,,,,,,,,
1150538,2018/19,2018-11-11,Providence Stadium,2,8.1,Australia,Ireland,AJ Healy,EA Perry,LK O'Reilly,0,0,,,,,,,,,
1150538,2018/19,2018-11-11,Providence Stadium,2,8.2,Australia,Ireland,AJ Healy,EA Perry,LK O'Reilly,0,0,,,,,,,,,
1150538,2018/19,2018-11-11,Providence Stadium,2,8.3,Australia,Ireland,AJ Healy,EA Perry,LK O'Reilly,1,0,,,,,,,,,
1150538,2018/19,2018-11-11,Providence Stadium,2,8.4,Australia,Ireland,EA Perry,AJ Healy,LK O'Reilly,0,1,,,,1,,,,,
1150538,2018/19,2018-11-11,Providence Stadium,2,8.5,Australia,Ireland,AJ Healy,EA Perry,LK O'Reilly,1,0,,,,,,,,,
1150538,2018/19,2018-11-11,Providence Stadium,2,8.6,Australia,Ireland,EA Perry,AJ Healy,LK O'Reilly,0,0,,,,,,,,,
1150538,2018/19,2018-11-11,Providence Stadium,2,9.1,Australia,Ireland,AJ Healy,EA Perry,KJ Garth,2,0,,,,,,,,,
