match_id,season,start_date,venue,innings,ball,batting_team,bowling_team,striker,non_striker,bowler,runs_off_bat,extras,wides,noballs,byes,legbyes,penalty,wicket_type,player_dismissed,other_wicket_type,other_player_dismissed
1150533,2018/19,2018-11-09,Providence Stadium,1,0.1,India,New Zealand,T Bhatia,S Mandhana,JM Watkin,4,0,,,,,,,,,
1150533,2018/19,2018-11-09,Providence Stadium,1,0.2,India,New Zealand,T Bhatia,S Mandhana,JM Watkin,0,0,,,,,,,,,
1150533,2018/19,2018-11-09,Providence Stadium,1,0.3,India,New Zealand,T Bhatia,S Mandhana,JM Watkin,4,0,,,,,,,,,
1150533,2018/19,2018-11-09,Providence Stadium,1,0.4,India,New Zealand,T Bhatia,S Mandhana,JM Watkin,0,0,,,,,,,,,
1150533,2018/19,2018-11-09,Providence Stadium,1,0.5,India,New Zealand,T Bhatia,S Mandhana,JM Watkin,1,0,,,,,,,,,
1150533,2018/19,2018-11-09,Providence Stadium,1,0.6,India,New Zealand,S Mandhana,T Bhatia,JM Watkin,0,0,,,,,,,,,
1150533,2018/19,2018-11-09,Providence Stadium,1,1.1,India,New Zealand,T Bhatia,S Mandhana,LMM Tahuhu,0,0,,,,,,bowled,T Bhatia,,
1150533,2018/19,2018-11-09,Providence Stadium,1,1.2,India,New Zealand,JI Rodrigues,S Mandhana,LMM Tahuhu,2,0,,,,,,,,,
1150533,2018/19,2018-11-09,Providence Stadium,1,1.3,India,New Zealand,JI Rodrigues,S Mandhana,LMM Tahuhu,0,0,,,,,,,,,
1150533,2018/19,2018-11-09,Providence Stadium,1,1.4,India,New Zealand,JI Rodrigues,S Mandhana,LMM Tahuhu,0,2,,,,2,,,,,
1150533,2018/19,2018-11-09,Providence Stadium,1,1.5,India,New Zealand,JI Rodrigues,S Mandhana,LMM Tahuhu,0,0,,,,,,,,,
1150533,2018/19,2018-11-09,Providence Stadium,1,1.6,India,New Zealand,JI Rodrigues,S Mandhana,LMM Tahuhu,1,0,,,,,,,,,
1150533,2018/19,2018-11-09,Providence Stadium,1,2.1,India,New Zealand,JI Rodrigues,S Mandhana,LM Kasperek,1,0,,,,,,,,,
1150533,2018/19,2018-11-09,Providence Stadium,1,2.2,India,New Zealand,S Mandhana,JI Rodrigues,LM Kasperek,2,0,,,,,,,,,
1150533,2018/19,2018-11-09,Providence Stadium,1,2.3,India,New Zealand,S Mandhana,JI Rodrigues,LM Kasperek,0,0,,,,,,,,,
1150533,2018/19,2018-11-09,Providence Stadium,1,2.4,India,New Zealand,S Mandhana,JI Rodrigues,LM Kasperek,0,0,,,,,,,,,
1150533,2018/19,2018-11-09,Providence Stadium,1,2.5,India,New Zealand,S Mandhana,JI Rodrigues,LM Kasperek,0,0,,,,,,,,,
1150533,2018/19,2018-11-09,Providence Stadium,1,2.6,India,New Zealand,S Mandhana,JI Rodrigues,LM Kasperek,0,0,,,,,,,,,
1150533,2018/19,2018-11-09,Providence Stadium,1,3.1,India,New Zealand,JI Rodrigues,S Mandhana,LMM Tahuhu,0,0,,,,,,,,,
1150533,2018/19,2018-11-09,Providence Stadium,1,3.2,India,New Zealand,JI Rodrigues,S Mandhana,LMM Tahuhu,4,0,,,,,,,,,
1150533,2018/19,2018-11-09,Providence Stadium,1,3.3,India,New Zealand,JI Rodrigues,S Mandhana,LMM Tahuhu,0,0,,,,,,,,,
1150533,2018/19,2018-11-09,Providence Stadium,1,3.4,India,New Zealand,JI Rodrigues,S Mandhana,LMM Tahuhu,0,1,,,,1,,,,,
1150533,2018/19,2018-11-09,Providence Stadium,1,3.5,India,New Zealand,S Mandhana,JI Rodrigues,LMM Tahuhu,0,0,,,,,,caught,S Mandhana,,
1150533,2018/19,2018-11-09,Providence Stadium,1,3.6,India,New Zealand,D Hemalatha,JI Rodrigues,LMM Tahuhu,2,0,,,,,,,,,
1150533,2018/19,2018-11-09,Providence Stadium,1,4.1,India,New Zealand,JI Rodrigues,D Hemalatha,HNK Jensen,1,0,,,,,,,,,
1150533,2018/19,2018-11-09,Providence Stadium,1,4.2,India,New Zealand,D Hemalatha,JI Rodrigues,HNK Jensen,1,0,,,,,,,,,
1150533,2018/19,2018-11-09,Providence Stadium,1,4.3,India,New Zealand,JI Rodrigues,D Hemalatha,HNK Jensen,1,0,,,,,,,,,
1150533,2018/19,2018-11-09,Providence Stadium,1,4.4,India,New Zealand,D Hemalatha,JI Rodrigues,HNK Jensen,2,0,,,,,,,,,
1150533,2018/19,2018-11-09,Providence Stadium,1,4.5,India,New Zealand,D Hemalatha,JI Rodrigues,HNK Jensen,4,0,,,,,,,,,
1150533,2018/19,2018-11-09,Providence Stadium,1,4.6,India,New Zealand,D Hemalatha,JI Rodrigues,HNK Jensen,4,0,,,,,,,,,
1150533,2018/19,2018-11-09,Providence Stadium,1,5.1,India,New Zealand,JI Rodrigues,D Hemalatha,LM Kasperek,0,0,,,,,,,,,
1150533,2018/19,2018-11-09,Providence Stadium,1,5.2,India,New Zealand,JI Rodrigues,D Hemalatha,LM Kasperek,1,0,,,,,,,,,
1150533,2018/19,2018-11-09,Providence Stadium,1,5.3,India,New Zealand,D Hemalatha,JI Rodrigues,LM Kasperek,2,0,,,,,,,,,
1150533,2018/19,2018-11-09,Providence Stadium,1,5.4,India,New Zealand,D Hemalatha,JI Rodrigues,LM Kasperek,0,0,,,,,,caught,D Hemalatha,,
1150533,2018/19,2018-11-09,Providence Stadium,1,5.5,India,New Zealand,H Kaur,JI Rodrigues,LM Kasperek,0,0,,,,,,,,,
1150533,2018/19,2018-11-09,Providence Stadium,1,5.6,India,New Zealand,H Kaur,JI Rodrigues,LM Kasperek,1,0,,,,,,,,,
1150533,2018/19,2018-11-09,Providence Stadium,1,6.1,India,New Zealand,H Kaur,JI Rodrigues,AC Kerr,0,0,,,,,,,,,
1150533,2018/19,2018-11-09,Providence Stadium,1,6.2,India,New Zealand,H Kaur,JI Rodrigues,AC Kerr,0,0,,,,,,,,,
1150533,2018/19,2018-11-09,Providence Stadium,1,6.3,India,New Zealand,H Kaur,JI Rodrigues,AC Kerr,0,0,,,,,,,,,
1150533,2018/19,2018-11-09,Providence Stadium,1,6.4,India,New Zealand,H Kaur,JI Rodrigues,AC Kerr,1,0,,,,,,,,,
1150533,2018/19,2018-11-09,Providence Stadium,1,6.5,India,New Zealand,JI Rodrigues,H Kaur,AC Kerr,2,0,,,,,,,,,
1150533,2018/19,2018-11-09,Providence Stadium,1,6.6,India,New Zealand,JI Rodrigues,H Kaur,AC Kerr,1,0,,,,,,,,,
1150533,2018/19,2018-11-09,Providence Stadium,1,7.1,India,New Zealand,JI Rodrigues,H Kaur,SFM Devine,4,0,,,,,,,,,
1150533,2018/19,2018-11-09,Providence Stadium,1,7.2,India,New Zealand,JI Rodrigues,H Kaur,SFM Devine,1,0,,,,,,,,,
1150533,2018/19,2018-11-09,Providence Stadium,1,7.3,India,New Zealand,H Kaur,JI Rodrigues,SFM Devine,1,0,,,,,,,,,
1150533,2018/19,2018-11-09,Providence Stadium,1,7.4,India,New Zealand,JI Rodrigues,H Kaur,SFM Devine,1,0,,,,,,,,,
1150533,2018/19,2018-11-09,Providence Stadium,1,7.5,India,New Zealand,H Kaur,JI Rodrigues,SFM Devine,0,0,,,,,,,,,
1150533,2018/19,2018-11-09,Providence Stadium,1,7.6,India,New Zealand,H Kaur,JI Rodrigues,SFM Devine,0,0,,,,,,,,,
1150533,2018/19,2018-11-09,Providence Stadium,1,8.1,India,New Zealand,JI Rodrigues,H Kaur,AC Kerr,4,0,,,,,,,,,
1150533,2018/19,2018-11-09,Providence Stadium,1,8.2,India,New Zealand,JI Rodrigues,H Kaur,AC Kerr,1,0,,,,,,,,,
1150533,2018/19,2018-11-09,Providence Stadium,1,8.3,India,New Zealand,H Kaur,JI Rodrigues,AC Kerr,1,0,,,,,,,,,
1150533,2018/19,2018-11-09,Providence Stadium,1,8.4,India,New Zealand,JI Rodrigues,H Kaur,AC Kerr,1,0,,,,,,,,,
1150533,2018/19,2018-11-09,Providence Stadium,1,8.5,India,New Zealand,H Kaur,JI Rodrigues,AC Kerr,0,0,,,,,,,,,
1150533,2018/19,2018-11-09,Providence Stadium,1,8.6,India,New Zealand,H Kaur,JI Rodrigues,AC Kerr,1,0,,,,,,,,,
1150533,2018/19,2018-11-09,Providence Stadium,1,9.1,India,New Zealand,H Kaur,JI Rodrigues,JM Watkin,0,0,,,,,,,,,
1150533,2018/19,2018-11-09,Providence Stadium,1,9.2,India,New Zealand,H Kaur,JI Rodrigues,JM Watkin,6,0,,,,,,,,,
1150533,2018/19,2018-11-09,Providence Stadium,1,9.3,India,New Zealand,H Kaur,JI Rodrigues,JM Watkin,2,0,,,,,,,,,
1150533,2018/19,2018-11-09,Providence Stadium,1,9.4,India,New Zealand,H Kaur,JI Rodrigues,JM Watkin,1,0,,,,,,,,,
1150533,2018/19,2018-11-09,Providence Stadium,1,9.5,India,New Zealand,JI Rodrigues,H Kaur,JM Watkin,1,0,,,,,,,,,
1150533,2018/19,2018-11-09,Providence Stadium,1,9.6,India,New Zealand,H Kaur,JI Rodrigues,JM Watkin,6,0,,,,,,,,,
1150533,2018/19,2018-11-09,Providence Stadium,1,10.1,India,New Zealand,JI Rodrigues,H Kaur,LM Kasperek,1,0,,,,,,,,,
1150533,2018/19,2018-11-09,Providence Stadium,1,10.2,India,New Zealand,H Kaur,JI Rodrigues,LM Kasperek,1,0,,,,,,,,,
1150533,2018/19,2018-11-09,Providence Stadium,1,10.3,India,New Zealand,JI Rodrigues,H Kaur,LM Kasperek,2,0,,,,,,,,,
1150533,2018/19,2018-11-09,Providence Stadium,1,10.4,India,New Zealand,JI Rodrigues,H Kaur,LM Kasperek,1,0,,,,,,,,,
1150533,2018/19,2018-11-09,Providence Stadium,1,10.5,India,New Zealand,H Kaur,JI Rodrigues,LM Kasperek,0,0,,,,,,,,,
1150533,2018/19,2018-11-09,Providence Stadium,1,10.6,India,New Zealand,H Kaur,JI Rodrigues,LM Kasperek,0,0,,,,,,,,,
1150533,2018/19,2018-11-09,Providence Stadium,1,11.1,India,New Zealand,JI Rodrigues,H Kaur,LMM Tahuhu,0,0,,,,,,,,,
1150533,2018/19,2018-11-09,Providence Stadium,1,11.2,India,New Zealand,JI Rodrigues,H Kaur,LMM Tahuhu,4,0,,,,,,,,,
1150533,2018/19,2018-11-09,Providence Stadium,1,11.3,India,New Zealand,JI Rodrigues,H Kaur,LMM Tahuhu,0,1,,,,1,,,,,
1150533,2018/19,2018-11-09,Providence Stadium,1,11.4,India,New Zealand,H Kaur,JI Rodrigues,LMM Tahuhu,0,0,,,,,,,,,
1150533,2018/19,2018-11-09,Providence Stadium,1,11.5,India,New Zealand,H Kaur,JI Rodrigues,LMM Tahuhu,4,0,,,,,,,,,
1150533,2018/19,2018-11-09,Providence Stadium,1,11.6,India,New Zealand,H Kaur,JI Rodrigues,LMM Tahuhu,1,0,,,,,,,,,
1150533,2018/19,2018-11-09,Providence Stadium,1,12.1,India,New Zealand,H Kaur,JI Rodrigues,AC Kerr,0,0,,,,,,,,,
1150533,2018/19,2018-11-09,Providence Stadium,1,12.2,India,New Zealand,H Kaur,JI Rodrigues,AC Kerr,1,0,,,,,,,,,
1150533,2018/19,2018-11-09,Providence Stadium,1,12.3,India,New Zealand,JI Rodrigues,H Kaur,AC Kerr,0,0,,,,,,,,,
1150533,2018/19,2018-11-09,Providence Stadium,1,12.4,India,New Zealand,JI Rodrigues,H Kaur,AC Kerr,4,0,,,,,,,,,
1150533,2018/19,2018-11-09,Providence Stadium,1,12.5,India,New Zealand,JI Rodrigues,H Kaur,AC Kerr,1,0,,,,,,,,,
1150533,2018/19,2018-11-09,Providence Stadium,1,12.6,India,New Zealand,H Kaur,JI Rodrigues,AC Kerr,1,0,,,,,,,,,
1150533,2018/19,2018-11-09,Providence Stadium,1,13.1,India,New Zealand,H Kaur,JI Rodrigues,AE Satterthwaite,1,0,,,,,,,,,
1150533,2018/19,2018-11-09,Providence Stadium,1,13.2,India,New Zealand,JI Rodrigues,H Kaur,AE Satterthwaite,1,0,,,,,,,,,
1150533,2018/19,2018-11-09,Providence Stadium,1,13.3,India,New Zealand,H Kaur,JI Rodrigues,AE Satterthwaite,6,0,,,,,,,,,
1150533,2018/19,2018-11-09,Providence Stadium,1,13.4,India,New Zealand,H Kaur,JI Rodrigues,AE Satterthwaite,0,0,,,,,,,,,
1150533,2018/19,2018-11-09,Providence Stadium,1,13.5,India,New Zealand,H Kaur,JI Rodrigues,AE Satterthwaite,6,0,,,,,,,,,
1150533,2018/19,2018-11-09,Providence Stadium,1,13.6,India,New Zealand,H Kaur,JI Rodrigues,AE Satterthwaite,4,0,,,,,,,,,
1150533,2018/19,2018-11-09,Providence Stadium,1,14.1,India,New Zealand,JI Rodrigues,H Kaur,SFM Devine,1,0,,,,,,,,,
1150533,2018/19,2018-11-09,Providence Stadium,1,14.2,India,New Zealand,H Kaur,JI Rodrigues,SFM Devine,4,0,,,,,,,,,
1150533,2018/19,2018-11-09,Providence Stadium,1,14.3,India,New Zealand,H Kaur,JI Rodrigues,SFM Devine,1,0,,,,,,,,,
1150533,2018/19,2018-11-09,Providence Stadium,1,14.4,India,New Zealand,JI Rodrigues,H Kaur,SFM Devine,0,0,,,,,,,,,
1150533,2018/19,2018-11-09,Providence Stadium,1,14.5,India,New Zealand,JI Rodrigues,H Kaur,SFM Devine,1,0,,,,,,,,,
1150533,2018/19,2018-11-09,Providence Stadium,1,14.6,India,New Zealand,H Kaur,JI Rodrigues,SFM Devine,1,0,,,,,,,,,
1150533,2018/19,2018-11-09,Providence Stadium,1,15.1,India,New Zealand,H Kaur,JI Rodrigues,LM Kasperek,2,0,,,,,,,,,
1150533,2018/19,2018-11-09,Providence Stadium,1,15.2,India,New Zealand,H Kaur,JI Rodrigues,LM Kasperek,2,0,,,,,,,,,
1150533,2018/19,2018-11-09,Providence Stadium,1,15.3,India,New Zealand,H Kaur,JI Rodrigues,LM Kasperek,4,0,,,,,,,,,
1150533,2018/19,2018-11-09,Providence Stadium,1,15.4,India,New Zealand,H Kaur,JI Rodrigues,LM Kasperek,6,0,,,,,,,,,
1150533,2018/19,2018-11-09,Providence Stadium,1,15.5,India,New Zealand,H Kaur,JI Rodrigues,LM Kasperek,1,0,,,,,,,,,
1150533,2018/19,2018-11-09,Providence Stadium,1,15.6,India,New Zealand,JI Rodrigues,H Kaur,LM Kasperek,1,0,,,,,,,,,
1150533,2018/19,2018-11-09,Providence Stadium,1,16.1,India,New Zealand,JI Rodrigues,H Kaur,HNK Jensen,4,0,,,,,,,,,
1150533,2018/19,2018-11-09,Providence Stadium,1,16.2,India,New Zealand,JI Rodrigues,H Kaur,HNK Jensen,2,0,,,,,,,,,
1150533,2018/19,2018-11-09,Providence Stadium,1,16.3,India,New Zealand,JI Rodrigues,H Kaur,HNK Jensen,1,0,,,,,,,,,
1150533,2018/19,2018-11-09,Providence Stadium,1,16.4,India,New Zealand,H Kaur,JI Rodrigues,HNK Jensen,4,0,,,,,,,,,
1150533,2018/19,2018-11-09,Providence Stadium,1,16.5,India,New Zealand,H Kaur,JI Rodrigues,HNK Jensen,4,0,,,,,,,,,
1150533,2018/19,2018-11-09,Providence Stadium,1,16.6,India,New Zealand,H Kaur,JI Rodrigues,HNK Jensen,0,0,,,,,,,,,
1150533,2018/19,2018-11-09,Providence Stadium,1,17.1,India,New Zealand,JI Rodrigues,H Kaur,AC Kerr,4,0,,,,,,,,,
1150533,2018/19,2018-11-09,Providence Stadium,1,17.2,India,New Zealand,JI Rodrigues,H Kaur,AC Kerr,1,0,,,,,,,,,
1150533,2018/19,2018-11-09,Providence Stadium,1,17.3,India,New Zealand,H Kaur,JI Rodrigues,AC Kerr,4,0,,,,,,,,,
1150533,2018/19,2018-11-09,Providence Stadium,1,17.4,India,New Zealand,H Kaur,JI Rodrigues,AC Kerr,1,0,,,,,,,,,
1150533,2018/19,2018-11-09,Providence Stadium,1,17.5,India,New Zealand,JI Rodrigues,H Kaur,AC Kerr,1,0,,,,,,,,,
1150533,2018/19,2018-11-09,Providence Stadium,1,17.6,India,New Zealand,H Kaur,JI Rodrigues,AC Kerr,6,0,,,,,,,,,
1150533,2018/19,2018-11-09,Providence Stadium,1,18.1,India,New Zealand,JI Rodrigues,H Kaur,JM Watkin,2,0,,,,,,,,,
1150533,2018/19,2018-11-09,Providence Stadium,1,18.2,India,New Zealand,JI Rodrigues,H Kaur,JM Watkin,0,0,,,,,,stumped,JI Rodrigues,,
1150533,2018/19,2018-11-09,Providence Stadium,1,18.3,India,New Zealand,V Krishnamurthy,H Kaur,JM Watkin,0,0,,,,,,,,,
1150533,2018/19,2018-11-09,Providence Stadium,1,18.4,India,New Zealand,V Krishnamurthy,H Kaur,JM Watkin,1,0,,,,,,,,,
1150533,2018/19,2018-11-09,Providence Stadium,1,18.5,India,New Zealand,H Kaur,V Krishnamurthy,JM Watkin,6,0,,,,,,,,,
1150533,2018/19,2018-11-09,Providence Stadium,1,18.6,India,New Zealand,H Kaur,V Krishnamurthy,JM Watkin,6,0,,,,,,,,,
1150533,2018/19,2018-11-09,Providence Stadium,1,19.1,India,New Zealand,V Krishnamurthy,H Kaur,SFM Devine,1,0,,,,,,,,,
1150533,2018/19,2018-11-09,Providence Stadium,1,19.2,India,New Zealand,H Kaur,V Krishnamurthy,SFM Devine,2,0,,,,,,,,,
1150533,2018/19,2018-11-09,Providence Stadium,1,19.3,India,New Zealand,H Kaur,V Krishnamurthy,SFM Devine,2,0,,,,,,,,,
1150533,2018/19,2018-11-09,Providence Stadium,1,19.4,India,New Zealand,H Kaur,V Krishnamurthy,SFM Devine,2,0,,,,,,,,,
1150533,2018/19,2018-11-09,Providence Stadium,1,19.5,India,New Zealand,H Kaur,V Krishnamurthy,SFM Devine,0,0,,,,,,caught,H Kaur,,
1150533,2018/19,2018-11-09,Providence Stadium,1,19.6,India,New Zealand,RP Yadav,V Krishnamurthy,SFM Devine,0,0,,,,,,,,,
1150533,2018/19,2018-11-09,Providence Stadium,2,0.1,New Zealand,India,SW Bates,AM Peterson,A Reddy,4,0,,,,,,,,,
1150533,2018/19,2018-11-09,Providence Stadium,2,0.2,New Zealand,India,SW Bates,AM Peterson,A Reddy,0,0,,,,,,,,,
1150533,2018/19,2018-11-09,Providence Stadium,2,0.3,New Zealand,India,SW Bates,AM Peterson,A Reddy,2,0,,,,,,,,,
1150533,2018/19,2018-11-09,Providence Stadium,2,0.4,New Zealand,India,SW Bates,AM Peterson,A Reddy,1,0,,,,,,,,,
1150533,2018/19,2018-11-09,Providence Stadium,2,0.5,New Zealand,India,AM Peterson,SW Bates,A Reddy,0,0,,,,,,,,,
1150533,2018/19,2018-11-09,Providence Stadium,2,0.6,New Zealand,India,AM Peterson,SW Bates,A Reddy,4,0,,,,,,,,,
1150533,2018/19,2018-11-09,Providence Stadium,2,1.1,New Zealand,India,SW Bates,AM Peterson,RP Yadav,0,0,,,,,,,,,
1150533,2018/19,2018-11-09,Providence Stadium,2,1.2,New Zealand,India,SW Bates,AM Peterson,RP Yadav,0,0,,,,,,,,,
1150533,2018/19,2018-11-09,Providence Stadium,2,1.3,New Zealand,India,SW Bates,AM Peterson,RP Yadav,1,0,,,,,,,,,
1150533,2018/19,2018-11-09,Providence Stadium,2,1.4,New Zealand,India,AM Peterson,SW Bates,RP Yadav,0,0,,,,,,,,,
1150533,2018/19,2018-11-09,Providence Stadium,2,1.5,New Zealand,India,AM Peterson,SW Bates,RP Yadav,1,0,,,,,,,,,
1150533,2018/19,2018-11-09,Providence Stadium,2,1.6,New Zealand,India,SW Bates,AM Peterson,RP Yadav,0,0,,,,,,,,,
1150533,2018/19,2018-11-09,Providence Stadium,2,2.1,New Zealand,India,AM Peterson,SW Bates,DB Sharma,1,0,,,,,,,,,
1150533,2018/19,2018-11-09,Providence Stadium,2,2.2,New Zealand,India,SW Bates,AM Peterson,DB Sharma,0,0,,,,,,,,,
1150533,2018/19,2018-11-09,Providence Stadium,2,2.3,New Zealand,India,SW Bates,AM Peterson,DB Sharma,0,0,,,,,,,,,
1150533,2018/19,2018-11-09,Providence Stadium,2,2.4,New Zealand,India,SW Bates,AM Peterson,DB Sharma,0,2,2,,,,,,,,
1150533,2018/19,2018-11-09,Providence Stadium,2,2.5,New Zealand,India,AM Peterson,SW Bates,DB Sharma,1,0,,,,,,,,,
1150533,2018/19,2018-11-09,Providence Stadium,2,2.6,New Zealand,India,SW Bates,AM Peterson,DB Sharma,4,0,,,,,,,,,
1150533,2018/19,2018-11-09,Providence Stadium,2,2.7,New Zealand,India,SW Bates,AM Peterson,DB Sharma,1,0,,,,,,,,,
1150533,2018/19,2018-11-09,Providence Stadium,2,3.1,New Zealand,India,SW Bates,AM Peterson,RP Yadav,0,0,,,,,,,,,
1150533,2018/19,2018-11-09,Providence Stadium,2,3.2,New Zealand,India,SW Bates,AM Peterson,RP Yadav,4,0,,,,,,,,,
1150533,2018/19,2018-11-09,Providence Stadium,2,3.3,New Zealand,India,SW Bates,AM Peterson,RP Yadav,2,0,,,,,,,,,
1150533,2018/19,2018-11-09,Providence Stadium,2,3.4,New Zealand,India,SW Bates,AM Peterson,RP Yadav,4,0,,,,,,,,,
1150533,2018/19,2018-11-09,Providence Stadium,2,3.5,New Zealand,India,SW Bates,AM Peterson,RP Yadav,0,0,,,,,,,,,
1150533,2018/19,2018-11-09,Providence Stadium,2,3.6,New Zealand,India,SW Bates,AM Peterson,RP Yadav,1,0,,,,,,,,,
1150533,2018/19,2018-11-09,Providence Stadium,2,4.1,New Zealand,India,SW Bates,AM Peterson,DB Sharma,0,0,,,,,,,,,
1150533,2018/19,2018-11-09,Providence Stadium,2,4.2,New Zealand,India,SW Bates,AM Peterson,DB Sharma,1,0,,,,,,,,,
1150533,2018/19,2018-11-09,Providence Stadium,2,4.3,New Zealand,India,AM Peterson,SW Bates,DB Sharma,0,0,,,,,,,,,
1150533,2018/19,2018-11-09,Providence Stadium,2,4.4,New Zealand,India,AM Peterson,SW Bates,DB Sharma,1,0,,,,,,,,,
1150533,2018/19,2018-11-09,Providence Stadium,2,4.5,New Zealand,India,SW Bates,AM Peterson,DB Sharma,4,0,,,,,,,,,
1150533,2018/19,2018-11-09,Providence Stadium,2,4.6,New Zealand,India,SW Bates,AM Peterson,DB Sharma,1,0,,,,,,,,,
1150533,2018/19,2018-11-09,Providence Stadium,2,5.1,New Zealand,India,SW Bates,AM Peterson,A Reddy,2,0,,,,,,,,,
1150533,2018/19,2018-11-09,Providence Stadium,2,5.2,New Zealand,India,SW Bates,AM Peterson,A Reddy,1,0,,,,,,,,,
1150533,2018/19,2018-11-09,Providence Stadium,2,5.3,New Zealand,India,AM Peterson,SW Bates,A Reddy,2,0,,,,,,,,,
1150533,2018/19,2018-11-09,Providence Stadium,2,5.4,New Zealand,India,AM Peterson,SW Bates,A Reddy,0,1,,,1,,,,,,
1150533,2018/19,2018-11-09,Providence Stadium,2,5.5,New Zealand,India,SW Bates,AM Peterson,A Reddy,1,0,,,,,,,,,
1150533,2018/19,2018-11-09,Providence Stadium,2,5.6,New Zealand,India,AM Peterson,SW Bates,A Reddy,4,0,,,,,,,,,
1150533,2018/19,2018-11-09,Providence Stadium,2,6.1,New Zealand,India,SW Bates,AM Peterson,D Hemalatha,0,0,,,,,,,,,
1150533,2018/19,2018-11-09,Providence Stadium,2,6.2,New Zealand,India,SW Bates,AM Peterson,D Hemalatha,1,0,,,,,,,,,
1150533,2018/19,2018-11-09,Providence Stadium,2,6.3,New Zealand,India,AM Peterson,SW Bates,D Hemalatha,0,0,,,,,,caught,AM Peterson,,
1150533,2018/19,2018-11-09,Providence Stadium,2,6.4,New Zealand,India,SFM Devine,SW Bates,D Hemalatha,0,0,,,,,,,,,
1150533,2018/19,2018-11-09,Providence Stadium,2,6.5,New Zealand,India,SFM Devine,SW Bates,D Hemalatha,1,0,,,,,,,,,
1150533,2018/19,2018-11-09,Providence Stadium,2,6.6,New Zealand,India,SW Bates,SFM Devine,D Hemalatha,1,0,,,,,,,,,
1150533,2018/19,2018-11-09,Providence Stadium,2,7.1,New Zealand,India,SW Bates,SFM Devine,Poonam Yadav,0,0,,,,,,,,,
1150533,2018/19,2018-11-09,Providence Stadium,2,7.2,New Zealand,India,SW Bates,SFM Devine,Poonam Yadav,1,0,,,,,,,,,
1150533,2018/19,2018-11-09,Providence Stadium,2,7.3,New Zealand,India,SFM Devine,SW Bates,Poonam Yadav,1,0,,,,,,,,,
1150533,2018/19,2018-11-09,Providence Stadium,2,7.4,New Zealand,India,SW Bates,SFM Devine,Poonam Yadav,4,0,,,,,,,,,
1150533,2018/19,2018-11-09,Providence Stadium,2,7.5,New Zealand,India,SW Bates,SFM Devine,Poonam Yadav,1,0,,,,,,,,,
1150533,2018/19,2018-11-09,Providence Stadium,2,7.6,New Zealand,India,SFM Devine,SW Bates,Poonam Yadav,0,0,,,,,,,,,
1150533,2018/19,2018-11-09,Providence Stadium,2,8.1,New Zealand,India,SW Bates,SFM Devine,D Hemalatha,1,0,,,,,,,,,
1150533,2018/19,2018-11-09,Providence Stadium,2,8.2,New Zealand,India,SFM Devine,SW Bates,D Hemalatha,0,0,,,,,,,,,
1150533,2018/19,2018-11-09,Providence Stadium,2,8.3,New Zealand,India,SFM Devine,SW Bates,D Hemalatha,1,0,,,,,,,,,
1150533,2018/19,2018-11-09,Providence Stadium,2,8.4,New Zealand,India,SW Bates,SFM Devine,D Hemalatha,1,0,,,,,,,,,
1150533,2018/19,2018-11-09,Providence Stadium,2,8.5,New Zealand,India,SFM Devine,SW Bates,D Hemalatha,6,0,,,,,,,,,
1150533,2018/19,2018-11-09,Providence Stadium,2,8.6,New Zealand,India,SFM Devine,SW Bates,D Hemalatha,0,0,,,,,,,,,
1150533,2018/19,2018-11-09,Providence Stadium,2,9.1,New Zealand,India,SW Bates,SFM Devine,Poonam Yadav,0,0,,,,,,,,,
1150533,2018/19,2018-11-09,Providence Stadium,2,9.2,New Zealand,India,SW Bates,SFM Devine,Poonam Yadav,3,0,,,,,,,,,
1150533,2018/19,2018-11-09,Providence Stadium,2,9.3,New Zealand,India,SFM Devine,SW Bates,Poonam Yadav,0,0,,,,,,caught,SFM Devine,,
1150533,2018/19,2018-11-09,Providence Stadium,2,9.4,New Zealand,India,JM Watkin,SW Bates,Poonam Yadav,0,0,,,,,,stumped,JM Watkin,,
1150533,2018/19,2018-11-09,Providence Stadium,2,9.5,New Zealand,India,AE Satterthwaite,SW Bates,Poonam Yadav,0,0,,,,,,,,,
1150533,2018/19,2018-11-09,Providence Stadium,2,9.6,New Zealand,India,AE Satterthwaite,SW Bates,Poonam Yadav,0,1,1,,,,,,,,
1150533,2018/19,2018-11-09,Providence Stadium,2,9.7,New Zealand,India,AE Satterthwaite,SW Bates,Poonam Yadav,0,0,,,,,,,,,
1150533,2018/19,2018-11-09,Providence Stadium,2,10.1,New Zealand,India,SW Bates,AE Satterthwaite,DB Sharma,1,0,,,,,,,,,
1150533,2018/19,2018-11-09,Providence Stadium,2,10.2,New Zealand,India,AE Satterthwaite,SW Bates,DB Sharma,0,0,,,,,,,,,
1150533,2018/19,2018-11-09,Providence Stadium,2,10.3,New Zealand,India,AE Satterthwaite,SW Bates,DB Sharma,0,0,,,,,,,,,
1150533,2018/19,2018-11-09,Providence Stadium,2,10.4,New Zealand,India,AE Satterthwaite,SW Bates,DB Sharma,1,0,,,,,,,,,
1150533,2018/19,2018-11-09,Providence Stadium,2,10.5,New Zealand,India,SW Bates,AE Satterthwaite,DB Sharma,4,0,,,,,,,,,
1150533,2018/19,2018-11-09,Providence Stadium,2,10.6,New Zealand,India,SW Bates,AE Satterthwaite,DB Sharma,1,0,,,,,,,,,
1150533,2018/19,2018-11-09,Providence Stadium,2,11.1,New Zealand,India,SW Bates,AE Satterthwaite,RP Yadav,4,0,,,,,,,,,
1150533,2018/19,2018-11-09,Providence Stadium,2,11.2,New Zealand,India,SW Bates,AE Satterthwaite,RP Yadav,2,0,,,,,,,,,
1150533,2018/19,2018-11-09,Providence Stadium,2,11.3,New Zealand,India,SW Bates,AE Satterthwaite,RP Yadav,1,0,,,,,,,,,
1150533,2018/19,2018-11-09,Providence Stadium,2,11.4,New Zealand,India,AE Satterthwaite,SW Bates,RP Yadav,0,0,,,,,,,,,
1150533,2018/19,2018-11-09,Providence Stadium,2,11.5,New Zealand,India,AE Satterthwaite,SW Bates,RP Yadav,1,0,,,,,,,,,
1150533,2018/19,2018-11-09,Providence Stadium,2,11.6,New Zealand,India,SW Bates,AE Satterthwaite,RP Yadav,1,0,,,,,,,,,
1150533,2018/19,2018-11-09,Providence Stadium,2,12.1,New Zealand,India,SW Bates,AE Satterthwaite,D Hemalatha,1,0,,,,,,,,,
1150533,2018/19,2018-11-09,Providence Stadium,2,12.2,New Zealand,India,AE Satterthwaite,SW Bates,D Hemalatha,1,0,,,,,,,,,
1150533,2018/19,2018-11-09,Providence Stadium,2,12.3,New Zealand,India,SW Bates,AE Satterthwaite,D Hemalatha,1,0,,,,,,,,,
1150533,2018/19,2018-11-09,Providence Stadium,2,12.4,New Zealand,India,AE Satterthwaite,SW Bates,D Hemalatha,0,0,,,,,,caught,AE Satterthwaite,,
1150533,2018/19,2018-11-09,Providence Stadium,2,12.5,New Zealand,India,SW Bates,KJ Martin,D Hemalatha,2,0,,,,,,,,,
1150533,2018/19,2018-11-09,Providence Stadium,2,12.6,New Zealand,India,SW Bates,KJ Martin,D Hemalatha,1,0,,,,,,,,,
1150533,2018/19,2018-11-09,Providence Stadium,2,13.1,New Zealand,India,SW Bates,KJ Martin,A Reddy,1,0,,,,,,,,,
1150533,2018/19,2018-11-09,Providence Stadium,2,13.2,New Zealand,India,KJ Martin,SW Bates,A Reddy,1,0,,,,,,,,,
1150533,2018/19,2018-11-09,Providence Stadium,2,13.3,New Zealand,India,SW Bates,KJ Martin,A Reddy,0,0,,,,,,,,,
1150533,2018/19,2018-11-09,Providence Stadium,2,13.4,New Zealand,India,SW Bates,KJ Martin,A Reddy,0,0,,,,,,caught,SW Bates,,
1150533,2018/19,2018-11-09,Providence Stadium,2,13.5,New Zealand,India,ML Green,KJ Martin,A Reddy,1,0,,,,,,,,,
1150533,2018/19,2018-11-09,Providence Stadium,2,13.6,New Zealand,India,KJ Martin,ML Green,A Reddy,4,0,,,,,,,,,
1150533,2018/19,2018-11-09,Providence Stadium,2,14.1,New Zealand,India,ML Green,KJ Martin,D Hemalatha,1,0,,,,,,,,,
1150533,2018/19,2018-11-09,Providence Stadium,2,14.2,New Zealand,India,KJ Martin,ML Green,D Hemalatha,0,0,,,,,,,,,
1150533,2018/19,2018-11-09,Providence Stadium,2,14.3,New Zealand,India,KJ Martin,ML Green,D Hemalatha,4,0,,,,,,,,,
1150533,2018/19,2018-11-09,Providence Stadium,2,14.4,New Zealand,India,KJ Martin,ML Green,D Hemalatha,0,1,1,,,,,,,,
1150533,2018/19,2018-11-09,Providence Stadium,2,14.5,New Zealand,India,KJ Martin,ML Green,D Hemalatha,1,0,,,,,,,,,
1150533,2018/19,2018-11-09,Providence Stadium,2,14.6,New Zealand,India,ML Green,KJ Martin,D Hemalatha,0,0,,,,,,caught,ML Green,,
1150533,2018/19,2018-11-09,Providence Stadium,2,14.7,New Zealand,India,KJ Martin,LM Kasperek,D Hemalatha,1,0,,,,,,,,,
1150533,2018/19,2018-11-09,Providence Stadium,2,15.1,New Zealand,India,KJ Martin,LM Kasperek,Poonam Yadav,0,0,,,,,,,,,
1150533,2018/19,2018-11-09,Providence Stadium,2,15.2,New Zealand,India,KJ Martin,LM Kasperek,Poonam Yadav,0,0,,,,,,,,,
1150533,2018/19,2018-11-09,Providence Stadium,2,15.3,New Zealand,India,KJ Martin,LM Kasperek,Poonam Yadav,4,0,,,,,,,,,
1150533,2018/19,2018-11-09,Providence Stadium,2,15.4,New Zealand,India,KJ Martin,LM Kasperek,Poonam Yadav,4,0,,,,,,,,,
1150533,2018/19,2018-11-09,Providence Stadium,2,15.5,New Zealand,India,KJ Martin,LM Kasperek,Poonam Yadav,0,0,,,,,,,,,
1150533,2018/19,2018-11-09,Providence Stadium,2,15.6,New Zealand,India,KJ Martin,LM Kasperek,Poonam Yadav,0,0,,,,,,,,,
1150533,2018/19,2018-11-09,Providence Stadium,2,16.1,New Zealand,India,LM Kasperek,KJ Martin,DB Sharma,1,0,,,,,,,,,
1150533,2018/19,2018-11-09,Providence Stadium,2,16.2,New Zealand,India,KJ Martin,LM Kasperek,DB Sharma,4,0,,,,,,,,,
1150533,2018/19,2018-11-09,Providence Stadium,2,16.3,New Zealand,India,KJ Martin,LM Kasperek,DB Sharma,0,0,,,,,,,,,
1150533,2018/19,2018-11-09,Providence Stadium,2,16.4,New Zealand,India,KJ Martin,LM Kasperek,DB Sharma,4,0,,,,,,,,,
1150533,2018/19,2018-11-09,Providence Stadium,2,16.5,New Zealand,India,KJ Martin,LM Kasperek,DB Sharma,0,0,,,,,,,,,
1150533,2018/19,2018-11-09,Providence Stadium,2,16.6,New Zealand,India,KJ Martin,LM Kasperek,DB Sharma,1,0,,,,,,,,,
1150533,2018/19,2018-11-09,Providence Stadium,2,17.1,New Zealand,India,KJ Martin,LM Kasperek,A Reddy,0,1,1,,,,,,,,
1150533,2018/19,2018-11-09,Providence Stadium,2,17.2,New Zealand,India,KJ Martin,LM Kasperek,A Reddy,0,0,,,,,,,,,
1150533,2018/19,2018-11-09,Providence Stadium,2,17.3,New Zealand,India,KJ Martin,LM Kasperek,A Reddy,0,0,,,,,,,,,
1150533,2018/19,2018-11-09,Providence Stadium,2,17.4,New Zealand,India,KJ Martin,LM Kasperek,A Reddy,4,0,,,,,,,,,
1150533,2018/19,2018-11-09,Providence Stadium,2,17.5,New Zealand,India,KJ Martin,LM Kasperek,A Reddy,1,0,,,,,,,,,
1150533,2018/19,2018-11-09,Providence Stadium,2,17.6,New Zealand,India,LM Kasperek,KJ Martin,A Reddy,1,0,,,,,,,,,
1150533,2018/19,2018-11-09,Providence Stadium,2,17.7,New Zealand,India,KJ Martin,LM Kasperek,A Reddy,1,0,,,,,,,,,
1150533,2018/19,2018-11-09,Providence Stadium,2,18.1,New Zealand,India,KJ Martin,LM Kasperek,Poonam Yadav,1,0,,,,,,,,,
1150533,2018/19,2018-11-09,Providence Stadium,2,18.2,New Zealand,India,LM Kasperek,KJ Martin,Poonam Yadav,4,0,,,,,,,,,
1150533,2018/19,2018-11-09,Providence Stadium,2,18.3,New Zealand,India,LM Kasperek,KJ Martin,Poonam Yadav,1,0,,,,,,,,,
1150533,2018/19,2018-11-09,Providence Stadium,2,18.4,New Zealand,India,KJ Martin,LM Kasperek,Poonam Yadav,4,0,,,,,,,,,
1150533,2018/19,2018-11-09,Providence Stadium,2,18.5,New Zealand,India,KJ Martin,LM Kasperek,Poonam Yadav,0,0,,,,,,caught,KJ Martin,,
1150533,2018/19,2018-11-09,Providence Stadium,2,18.6,New Zealand,India,LM Kasperek,HNK Jensen,Poonam Yadav,4,0,,,,,,,,,
1150533,2018/19,2018-11-09,Providence Stadium,2,19.1,New Zealand,India,HNK Jensen,LM Kasperek,RP Yadav,1,0,,,,,,,,,
1150533,2018/19,2018-11-09,Providence Stadium,2,19.2,New Zealand,India,LM Kasperek,HNK Jensen,RP Yadav,4,0,,,,,,,,,
1150533,2018/19,2018-11-09,Providence Stadium,2,19.3,New Zealand,India,LM Kasperek,HNK Jensen,RP Yadav,4,0,,,,,,,,,
1150533,2018/19,2018-11-09,Providence Stadium,2,19.4,New Zealand,India,LM Kasperek,HNK Jensen,RP Yadav,0,0,,,,,,,,,
1150533,2018/19,2018-11-09,Providence Stadium,2,19.5,New Zealand,India,LM Kasperek,HNK Jensen,RP Yadav,0,0,,,,,,caught,LM Kasperek,,
1150533,2018/19,2018-11-09,Providence Stadium,2,19.6,New Zealand,India,HNK Jensen,AC Kerr,RP Yadav,0,0,,,,,,stumped,HNK Jensen,,
