match_id,season,start_date,venue,innings,ball,batting_team,bowling_team,striker,non_striker,bowler,runs_off_bat,extras,wides,noballs,byes,legbyes,penalty,wicket_type,player_dismissed,other_wicket_type,other_player_dismissed
1150540,2018/19,2018-11-12,"Daren Sammy National Cricket Stadium, Gros Islet",1,0.1,Sri Lanka,South Africa,BYA Mendis,AC Jayangani,M Kapp,0,0,,,,,,,,,
1150540,2018/19,2018-11-12,"Daren Sammy National Cricket Stadium, Gros Islet",1,0.2,Sri Lanka,South Africa,BYA Mendis,AC Jayangani,M Kapp,1,0,,,,,,,,,
1150540,2018/19,2018-11-12,"Daren Sammy National Cricket Stadium, Gros Islet",1,0.3,Sri Lanka,South Africa,AC Jayangani,BYA Mendis,M Kapp,0,0,,,,,,,,,
1150540,2018/19,2018-11-12,"Daren Sammy National Cricket Stadium, Gros Islet",1,0.4,Sri Lanka,South Africa,AC Jayangani,BYA Mendis,M Kapp,1,0,,,,,,,,,
1150540,2018/19,2018-11-12,"Daren Sammy National Cricket Stadium, Gros Islet",1,0.5,Sri Lanka,South Africa,BYA Mendis,AC Jayangani,M Kapp,0,0,,,,,,,,,
1150540,2018/19,2018-11-12,"Daren Sammy National Cricket Stadium, Gros Islet",1,0.6,Sri Lanka,South Africa,BYA Mendis,AC Jayangani,M Kapp,0,0,,,,,,,,,
1150540,2018/19,2018-11-12,"Daren Sammy National Cricket Stadium, Gros Islet",1,1.1,Sri Lanka,South Africa,AC Jayangani,BYA Mendis,S Ismail,0,0,,,,,,,,,
1150540,2018/19,2018-11-12,"Daren Sammy National Cricket Stadium, Gros Islet",1,1.2,Sri Lanka,South Africa,AC Jayangani,BYA Mendis,S Ismail,0,0,,,,,,,,,
1150540,2018/19,2018-11-12,"Daren Sammy National Cricket Stadium, Gros Islet",1,1.3,Sri Lanka,South Africa,AC Jayangani,BYA Mendis,S Ismail,0,0,,,,,,,,,
1150540,2018/19,2018-11-12,"Daren Sammy National Cricket Stadium, Gros Islet",1,1.4,Sri Lanka,South Africa,AC Jayangani,BYA Mendis,S Ismail,0,0,,,,,,,,,
1150540,2018/19,2018-11-12,"Daren Sammy National Cricket Stadium, Gros Islet",1,1.5,Sri Lanka,South Africa,AC Jayangani,BYA Mendis,S Ismail,0,0,,,,,,,,,
1150540,2018/19,2018-11-12,"Daren Sammy National Cricket Stadium, Gros Islet",1,1.6,Sri Lanka,South Africa,AC Jayangani,BYA Mendis,S Ismail,1,0,,,,,,,,,
1150540,2018/19,2018-11-12,"Daren Sammy National Cricket Stadium, Gros Islet",1,2.1,Sri Lanka,South Africa,AC Jayangani,BYA Mendis,M Kapp,1,0,,,,,,,,,
1150540,2018/19,2018-11-12,"Daren Sammy National Cricket Stadium, Gros Islet",1,2.2,Sri Lanka,South Africa,BYA Mendis,AC Jayangani,M Kapp,0,0,,,,,,,,,
1150540,2018/19,2018-11-12,"Daren Sammy National Cricket Stadium, Gros Islet",1,2.3,Sri Lanka,South Africa,BYA Mendis,AC Jayangani,M Kapp,0,1,,,,1,,,,,
1150540,2018/19,2018-11-12,"Daren Sammy National Cricket Stadium, Gros Islet",1,2.4,Sri Lanka,South Africa,AC Jayangani,BYA Mendis,M Kapp,0,0,,,,,,lbw,AC Jayangani,,
1150540,2018/19,2018-11-12,"Daren Sammy National Cricket Stadium, Gros Islet",1,2.5,Sri Lanka,South Africa,GWHM Perera,BYA Mendis,M Kapp,0,0,,,,,,,,,
1150540,2018/19,2018-11-12,"Daren Sammy National Cricket Stadium, Gros Islet",1,2.6,Sri Lanka,South Africa,GWHM Perera,BYA Mendis,M Kapp,0,0,,,,,,,,,
1150540,2018/19,2018-11-12,"Daren Sammy National Cricket Stadium, Gros Islet",1,3.1,Sri Lanka,South Africa,BYA Mendis,GWHM Perera,S Ismail,0,0,,,,,,,,,
1150540,2018/19,2018-11-12,"Daren Sammy National Cricket Stadium, Gros Islet",1,3.2,Sri Lanka,South Africa,BYA Mendis,GWHM Perera,S Ismail,0,0,,,,,,bowled,BYA Mendis,,
1150540,2018/19,2018-11-12,"Daren Sammy National Cricket Stadium, Gros Islet",1,3.3,Sri Lanka,South Africa,HASD Siriwardene,GWHM Perera,S Ismail,0,1,1,,,,,,,,
1150540,2018/19,2018-11-12,"Daren Sammy National Cricket Stadium, Gros Islet",1,3.4,Sri Lanka,South Africa,HASD Siriwardene,GWHM Perera,S Ismail,0,0,,,,,,,,,
1150540,2018/19,2018-11-12,"Daren Sammy National Cricket Stadium, Gros Islet",1,3.5,Sri Lanka,South Africa,HASD Siriwardene,GWHM Perera,S Ismail,0,0,,,,,,,,,
1150540,2018/19,2018-11-12,"Daren Sammy National Cricket Stadium, Gros Islet",1,3.6,Sri Lanka,South Africa,HASD Siriwardene,GWHM Perera,S Ismail,0,5,5,,,,,,,,
1150540,2018/19,2018-11-12,"Daren Sammy National Cricket Stadium, Gros Islet",1,3.7,Sri Lanka,South Africa,HASD Siriwardene,GWHM Perera,S Ismail,0,0,,,,,,,,,
1150540,2018/19,2018-11-12,"Daren Sammy National Cricket Stadium, Gros Islet",1,3.8,Sri Lanka,South Africa,HASD Siriwardene,GWHM Perera,S Ismail,0,0,,,,,,,,,
1150540,2018/19,2018-11-12,"Daren Sammy National Cricket Stadium, Gros Islet",1,4.1,Sri Lanka,South Africa,GWHM Perera,HASD Siriwardene,M Kapp,0,0,,,,,,,,,
1150540,2018/19,2018-11-12,"Daren Sammy National Cricket Stadium, Gros Islet",1,4.2,Sri Lanka,South Africa,GWHM Perera,HASD Siriwardene,M Kapp,1,0,,,,,,,,,
1150540,2018/19,2018-11-12,"Daren Sammy National Cricket Stadium, Gros Islet",1,4.3,Sri Lanka,South Africa,HASD Siriwardene,GWHM Perera,M Kapp,0,0,,,,,,,,,
1150540,2018/19,2018-11-12,"Daren Sammy National Cricket Stadium, Gros Islet",1,4.4,Sri Lanka,South Africa,HASD Siriwardene,GWHM Perera,M Kapp,0,0,,,,,,,,,
1150540,2018/19,2018-11-12,"Daren Sammy National Cricket Stadium, Gros Islet",1,4.5,Sri Lanka,South Africa,HASD Siriwardene,GWHM Perera,M Kapp,0,0,,,,,,,,,
1150540,2018/19,2018-11-12,"Daren Sammy National Cricket Stadium, Gros Islet",1,4.6,Sri Lanka,South Africa,HASD Siriwardene,GWHM Perera,M Kapp,2,0,,,,,,,,,
1150540,2018/19,2018-11-12,"Daren Sammy National Cricket Stadium, Gros Islet",1,5.1,Sri Lanka,South Africa,GWHM Perera,HASD Siriwardene,S Ismail,0,0,,,,,,,,,
1150540,2018/19,2018-11-12,"Daren Sammy National Cricket Stadium, Gros Islet",1,5.2,Sri Lanka,South Africa,GWHM Perera,HASD Siriwardene,S Ismail,1,0,,,,,,,,,
1150540,2018/19,2018-11-12,"Daren Sammy National Cricket Stadium, Gros Islet",1,5.3,Sri Lanka,South Africa,HASD Siriwardene,GWHM Perera,S Ismail,1,0,,,,,,,,,
1150540,2018/19,2018-11-12,"Daren Sammy National Cricket Stadium, Gros Islet",1,5.4,Sri Lanka,South Africa,GWHM Perera,HASD Siriwardene,S Ismail,0,0,,,,,,,,,
1150540,2018/19,2018-11-12,"Daren Sammy National Cricket Stadium, Gros Islet",1,5.5,Sri Lanka,South Africa,GWHM Perera,HASD Siriwardene,S Ismail,0,0,,,,,,,,,
1150540,2018/19,2018-11-12,"Daren Sammy National Cricket Stadium, Gros Islet",1,5.6,Sri Lanka,South Africa,GWHM Perera,HASD Siriwardene,S Ismail,0,0,,,,,,,,,
1150540,2018/19,2018-11-12,"Daren Sammy National Cricket Stadium, Gros Islet",1,6.1,Sri Lanka,South Africa,HASD Siriwardene,GWHM Perera,M Klaas,0,0,,,,,,,,,
1150540,2018/19,2018-11-12,"Daren Sammy National Cricket Stadium, Gros Islet",1,6.2,Sri Lanka,South Africa,HASD Siriwardene,GWHM Perera,M Klaas,0,0,,,,,,,,,
1150540,2018/19,2018-11-12,"Daren Sammy National Cricket Stadium, Gros Islet",1,6.3,Sri Lanka,South Africa,HASD Siriwardene,GWHM Perera,M Klaas,1,0,,,,,,,,,
1150540,2018/19,2018-11-12,"Daren Sammy National Cricket Stadium, Gros Islet",1,6.4,Sri Lanka,South Africa,GWHM Perera,HASD Siriwardene,M Klaas,0,0,,,,,,,,,
1150540,2018/19,2018-11-12,"Daren Sammy National Cricket Stadium, Gros Islet",1,6.5,Sri Lanka,South Africa,GWHM Perera,HASD Siriwardene,M Klaas,0,0,,,,,,,,,
1150540,2018/19,2018-11-12,"Daren Sammy National Cricket Stadium, Gros Islet",1,6.6,Sri Lanka,South Africa,GWHM Perera,HASD Siriwardene,M Klaas,4,0,,,,,,,,,
1150540,2018/19,2018-11-12,"Daren Sammy National Cricket Stadium, Gros Islet",1,7.1,Sri Lanka,South Africa,HASD Siriwardene,GWHM Perera,M Daniels,4,0,,,,,,,,,
1150540,2018/19,2018-11-12,"Daren Sammy National Cricket Stadium, Gros Islet",1,7.2,Sri Lanka,South Africa,HASD Siriwardene,GWHM Perera,M Daniels,0,0,,,,,,,,,
1150540,2018/19,2018-11-12,"Daren Sammy National Cricket Stadium, Gros Islet",1,7.3,Sri Lanka,South Africa,HASD Siriwardene,GWHM Perera,M Daniels,0,0,,,,,,,,,
1150540,2018/19,2018-11-12,"Daren Sammy National Cricket Stadium, Gros Islet",1,7.4,Sri Lanka,South Africa,HASD Siriwardene,GWHM Perera,M Daniels,1,0,,,,,,,,,
1150540,2018/19,2018-11-12,"Daren Sammy National Cricket Stadium, Gros Islet",1,7.5,Sri Lanka,South Africa,GWHM Perera,HASD Siriwardene,M Daniels,0,0,,,,,,caught,GWHM Perera,,
1150540,2018/19,2018-11-12,"Daren Sammy National Cricket Stadium, Gros Islet",1,7.6,Sri Lanka,South Africa,OU Ranasinghe,HASD Siriwardene,M Daniels,0,1,1,,,,,,,,
1150540,2018/19,2018-11-12,"Daren Sammy National Cricket Stadium, Gros Islet",1,7.7,Sri Lanka,South Africa,OU Ranasinghe,HASD Siriwardene,M Daniels,0,0,,,,,,,,,
1150540,2018/19,2018-11-12,"Daren Sammy National Cricket Stadium, Gros Islet",1,8.1,Sri Lanka,South Africa,HASD Siriwardene,OU Ranasinghe,M Klaas,0,0,,,,,,,,,
1150540,2018/19,2018-11-12,"Daren Sammy National Cricket Stadium, Gros Islet",1,8.2,Sri Lanka,South Africa,HASD Siriwardene,OU Ranasinghe,M Klaas,0,0,,,,,,,,,
1150540,2018/19,2018-11-12,"Daren Sammy National Cricket Stadium, Gros Islet",1,8.3,Sri Lanka,South Africa,HASD Siriwardene,OU Ranasinghe,M Klaas,0,0,,,,,,,,,
1150540,2018/19,2018-11-12,"Daren Sammy National Cricket Stadium, Gros Islet",1,8.4,Sri Lanka,South Africa,HASD Siriwardene,OU Ranasinghe,M Klaas,1,0,,,,,,,,,
1150540,2018/19,2018-11-12,"Daren Sammy National Cricket Stadium, Gros Islet",1,8.5,Sri Lanka,South Africa,OU Ranasinghe,HASD Siriwardene,M Klaas,0,1,1,,,,,,,,
1150540,2018/19,2018-11-12,"Daren Sammy National Cricket Stadium, Gros Islet",1,8.6,Sri Lanka,South Africa,OU Ranasinghe,HASD Siriwardene,M Klaas,1,0,,,,,,,,,
1150540,2018/19,2018-11-12,"Daren Sammy National Cricket Stadium, Gros Islet",1,8.7,Sri Lanka,South Africa,HASD Siriwardene,OU Ranasinghe,M Klaas,6,0,,,,,,,,,
1150540,2018/19,2018-11-12,"Daren Sammy National Cricket Stadium, Gros Islet",1,9.1,Sri Lanka,South Africa,OU Ranasinghe,HASD Siriwardene,M Daniels,0,1,1,,,,,,,,
1150540,2018/19,2018-11-12,"Daren Sammy National Cricket Stadium, Gros Islet",1,9.2,Sri Lanka,South Africa,OU Ranasinghe,HASD Siriwardene,M Daniels,0,0,,,,,,,,,
1150540,2018/19,2018-11-12,"Daren Sammy National Cricket Stadium, Gros Islet",1,9.3,Sri Lanka,South Africa,OU Ranasinghe,HASD Siriwardene,M Daniels,0,0,,,,,,,,,
1150540,2018/19,2018-11-12,"Daren Sammy National Cricket Stadium, Gros Islet",1,9.4,Sri Lanka,South Africa,OU Ranasinghe,HASD Siriwardene,M Daniels,0,0,,,,,,,,,
1150540,2018/19,2018-11-12,"Daren Sammy National Cricket Stadium, Gros Islet",1,9.5,Sri Lanka,South Africa,OU Ranasinghe,HASD Siriwardene,M Daniels,1,0,,,,,,,,,
1150540,2018/19,2018-11-12,"Daren Sammy National Cricket Stadium, Gros Islet",1,9.6,Sri Lanka,South Africa,HASD Siriwardene,OU Ranasinghe,M Daniels,4,0,,,,,,,,,
1150540,2018/19,2018-11-12,"Daren Sammy National Cricket Stadium, Gros Islet",1,9.7,Sri Lanka,South Africa,HASD Siriwardene,OU Ranasinghe,M Daniels,0,0,,,,,,,,,
1150540,2018/19,2018-11-12,"Daren Sammy National Cricket Stadium, Gros Islet",1,10.1,Sri Lanka,South Africa,OU Ranasinghe,HASD Siriwardene,D van Niekerk,0,0,,,,,,,,,
1150540,2018/19,2018-11-12,"Daren Sammy National Cricket Stadium, Gros Islet",1,10.2,Sri Lanka,South Africa,OU Ranasinghe,HASD Siriwardene,D van Niekerk,1,0,,,,,,,,,
1150540,2018/19,2018-11-12,"Daren Sammy National Cricket Stadium, Gros Islet",1,10.3,Sri Lanka,South Africa,HASD Siriwardene,OU Ranasinghe,D van Niekerk,0,0,,,,,,,,,
1150540,2018/19,2018-11-12,"Daren Sammy National Cricket Stadium, Gros Islet",1,10.4,Sri Lanka,South Africa,HASD Siriwardene,OU Ranasinghe,D van Niekerk,1,0,,,,,,,,,
1150540,2018/19,2018-11-12,"Daren Sammy National Cricket Stadium, Gros Islet",1,10.5,Sri Lanka,South Africa,OU Ranasinghe,HASD Siriwardene,D van Niekerk,0,0,,,,,,,,,
1150540,2018/19,2018-11-12,"Daren Sammy National Cricket Stadium, Gros Islet",1,10.6,Sri Lanka,South Africa,OU Ranasinghe,HASD Siriwardene,D van Niekerk,0,0,,,,,,,,,
1150540,2018/19,2018-11-12,"Daren Sammy National Cricket Stadium, Gros Islet",1,11.1,Sri Lanka,South Africa,HASD Siriwardene,OU Ranasinghe,TS Sekhukhune,0,0,,,,,,,,,
1150540,2018/19,2018-11-12,"Daren Sammy National Cricket Stadium, Gros Islet",1,11.2,Sri Lanka,South Africa,HASD Siriwardene,OU Ranasinghe,TS Sekhukhune,0,0,,,,,,bowled,HASD Siriwardene,,
1150540,2018/19,2018-11-12,"Daren Sammy National Cricket Stadium, Gros Islet",1,11.3,Sri Lanka,South Africa,NND de Silva,OU Ranasinghe,TS Sekhukhune,1,0,,,,,,,,,
1150540,2018/19,2018-11-12,"Daren Sammy National Cricket Stadium, Gros Islet",1,11.4,Sri Lanka,South Africa,OU Ranasinghe,NND de Silva,TS Sekhukhune,0,0,,,,,,,,,
1150540,2018/19,2018-11-12,"Daren Sammy National Cricket Stadium, Gros Islet",1,11.5,Sri Lanka,South Africa,OU Ranasinghe,NND de Silva,TS Sekhukhune,0,0,,,,,,,,,
1150540,2018/19,2018-11-12,"Daren Sammy National Cricket Stadium, Gros Islet",1,11.6,Sri Lanka,South Africa,OU Ranasinghe,NND de Silva,TS Sekhukhune,1,0,,,,,,,,,
1150540,2018/19,2018-11-12,"Daren Sammy National Cricket Stadium, Gros Islet",1,12.1,Sri Lanka,South Africa,OU Ranasinghe,NND de Silva,D van Niekerk,0,0,,,,,,,,,
1150540,2018/19,2018-11-12,"Daren Sammy National Cricket Stadium, Gros Islet",1,12.2,Sri Lanka,South Africa,OU Ranasinghe,NND de Silva,D van Niekerk,1,0,,,,,,,,,
1150540,2018/19,2018-11-12,"Daren Sammy National Cricket Stadium, Gros Islet",1,12.3,Sri Lanka,South Africa,NND de Silva,OU Ranasinghe,D van Niekerk,0,0,,,,,,,,,
1150540,2018/19,2018-11-12,"Daren Sammy National Cricket Stadium, Gros Islet",1,12.4,Sri Lanka,South Africa,NND de Silva,OU Ranasinghe,D van Niekerk,0,0,,,,,,,,,
1150540,2018/19,2018-11-12,"Daren Sammy National Cricket Stadium, Gros Islet",1,12.5,Sri Lanka,South Africa,NND de Silva,OU Ranasinghe,D van Niekerk,1,0,,,,,,,,,
1150540,2018/19,2018-11-12,"Daren Sammy National Cricket Stadium, Gros Islet",1,12.6,Sri Lanka,South Africa,OU Ranasinghe,NND de Silva,D van Niekerk,0,0,,,,,,caught,OU Ranasinghe,,
1150540,2018/19,2018-11-12,"Daren Sammy National Cricket Stadium, Gros Islet",1,13.1,Sri Lanka,South Africa,NND de Silva,LE Kaushalya,TS Sekhukhune,1,0,,,,,,,,,
1150540,2018/19,2018-11-12,"Daren Sammy National Cricket Stadium, Gros Islet",1,13.2,Sri Lanka,South Africa,LE Kaushalya,NND de Silva,TS Sekhukhune,0,0,,,,,,,,,
1150540,2018/19,2018-11-12,"Daren Sammy National Cricket Stadium, Gros Islet",1,13.3,Sri Lanka,South Africa,LE Kaushalya,NND de Silva,TS Sekhukhune,1,0,,,,,,,,,
1150540,2018/19,2018-11-12,"Daren Sammy National Cricket Stadium, Gros Islet",1,13.4,Sri Lanka,South Africa,NND de Silva,LE Kaushalya,TS Sekhukhune,1,0,,,,,,,,,
1150540,2018/19,2018-11-12,"Daren Sammy National Cricket Stadium, Gros Islet",1,13.5,Sri Lanka,South Africa,LE Kaushalya,NND de Silva,TS Sekhukhune,0,0,,,,,,,,,
1150540,2018/19,2018-11-12,"Daren Sammy National Cricket Stadium, Gros Islet",1,13.6,Sri Lanka,South Africa,LE Kaushalya,NND de Silva,TS Sekhukhune,0,0,,,,,,,,,
1150540,2018/19,2018-11-12,"Daren Sammy National Cricket Stadium, Gros Islet",1,14.1,Sri Lanka,South Africa,NND de Silva,LE Kaushalya,D van Niekerk,0,0,,,,,,,,,
1150540,2018/19,2018-11-12,"Daren Sammy National Cricket Stadium, Gros Islet",1,14.2,Sri Lanka,South Africa,NND de Silva,LE Kaushalya,D van Niekerk,0,0,,,,,,,,,
1150540,2018/19,2018-11-12,"Daren Sammy National Cricket Stadium, Gros Islet",1,14.3,Sri Lanka,South Africa,NND de Silva,LE Kaushalya,D van Niekerk,1,0,,,,,,,,,
1150540,2018/19,2018-11-12,"Daren Sammy National Cricket Stadium, Gros Islet",1,14.4,Sri Lanka,South Africa,LE Kaushalya,NND de Silva,D van Niekerk,0,0,,,,,,,,,
1150540,2018/19,2018-11-12,"Daren Sammy National Cricket Stadium, Gros Islet",1,14.5,Sri Lanka,South Africa,LE Kaushalya,NND de Silva,D van Niekerk,1,0,,,,,,,,,
1150540,2018/19,2018-11-12,"Daren Sammy National Cricket Stadium, Gros Islet",1,14.6,Sri Lanka,South Africa,NND de Silva,LE Kaushalya,D van Niekerk,1,0,,,,,,,,,
1150540,2018/19,2018-11-12,"Daren Sammy National Cricket Stadium, Gros Islet",1,15.1,Sri Lanka,South Africa,NND de Silva,LE Kaushalya,TS Sekhukhune,0,5,5,,,,,,,,
1150540,2018/19,2018-11-12,"Daren Sammy National Cricket Stadium, Gros Islet",1,15.2,Sri Lanka,South Africa,NND de Silva,LE Kaushalya,TS Sekhukhune,0,0,,,,,,,,,
1150540,2018/19,2018-11-12,"Daren Sammy National Cricket Stadium, Gros Islet",1,15.3,Sri Lanka,South Africa,NND de Silva,LE Kaushalya,TS Sekhukhune,1,0,,,,,,,,,
1150540,2018/19,2018-11-12,"Daren Sammy National Cricket Stadium, Gros Islet",1,15.4,Sri Lanka,South Africa,LE Kaushalya,NND de Silva,TS Sekhukhune,0,1,1,,,,,,,,
1150540,2018/19,2018-11-12,"Daren Sammy National Cricket Stadium, Gros Islet",1,15.5,Sri Lanka,South Africa,LE Kaushalya,NND de Silva,TS Sekhukhune,0,1,,,,1,,,,,
1150540,2018/19,2018-11-12,"Daren Sammy National Cricket Stadium, Gros Islet",1,15.6,Sri Lanka,South Africa,NND de Silva,LE Kaushalya,TS Sekhukhune,1,0,,,,,,,,,
1150540,2018/19,2018-11-12,"Daren Sammy National Cricket Stadium, Gros Islet",1,15.7,Sri Lanka,South Africa,LE Kaushalya,NND de Silva,TS Sekhukhune,1,0,,,,,,,,,
1150540,2018/19,2018-11-12,"Daren Sammy National Cricket Stadium, Gros Islet",1,15.8,Sri Lanka,South Africa,NND de Silva,LE Kaushalya,TS Sekhukhune,1,0,,,,,,,,,
1150540,2018/19,2018-11-12,"Daren Sammy National Cricket Stadium, Gros Islet",1,16.1,Sri Lanka,South Africa,NND de Silva,LE Kaushalya,M Klaas,1,0,,,,,,,,,
1150540,2018/19,2018-11-12,"Daren Sammy National Cricket Stadium, Gros Islet",1,16.2,Sri Lanka,South Africa,LE Kaushalya,NND de Silva,M Klaas,1,0,,,,,,,,,
1150540,2018/19,2018-11-12,"Daren Sammy National Cricket Stadium, Gros Islet",1,16.3,Sri Lanka,South Africa,NND de Silva,LE Kaushalya,M Klaas,0,0,,,,,,bowled,NND de Silva,,
1150540,2018/19,2018-11-12,"Daren Sammy National Cricket Stadium, Gros Islet",1,16.4,Sri Lanka,South Africa,MADD Surangika,LE Kaushalya,M Klaas,4,0,,,,,,,,,
1150540,2018/19,2018-11-12,"Daren Sammy National Cricket Stadium, Gros Islet",1,16.5,Sri Lanka,South Africa,MADD Surangika,LE Kaushalya,M Klaas,1,0,,,,,,,,,
1150540,2018/19,2018-11-12,"Daren Sammy National Cricket Stadium, Gros Islet",1,16.6,Sri Lanka,South Africa,LE Kaushalya,MADD Surangika,M Klaas,0,1,1,,,,,,,,
1150540,2018/19,2018-11-12,"Daren Sammy National Cricket Stadium, Gros Islet",1,16.7,Sri Lanka,South Africa,LE Kaushalya,MADD Surangika,M Klaas,1,0,,,,,,,,,
1150540,2018/19,2018-11-12,"Daren Sammy National Cricket Stadium, Gros Islet",1,17.1,Sri Lanka,South Africa,LE Kaushalya,MADD Surangika,TS Sekhukhune,0,1,,,1,,,,,,
1150540,2018/19,2018-11-12,"Daren Sammy National Cricket Stadium, Gros Islet",1,17.2,Sri Lanka,South Africa,MADD Surangika,LE Kaushalya,TS Sekhukhune,4,0,,,,,,,,,
1150540,2018/19,2018-11-12,"Daren Sammy National Cricket Stadium, Gros Islet",1,17.3,Sri Lanka,South Africa,MADD Surangika,LE Kaushalya,TS Sekhukhune,4,0,,,,,,,,,
1150540,2018/19,2018-11-12,"Daren Sammy National Cricket Stadium, Gros Islet",1,17.4,Sri Lanka,South Africa,MADD Surangika,LE Kaushalya,TS Sekhukhune,0,0,,,,,,,,,
1150540,2018/19,2018-11-12,"Daren Sammy National Cricket Stadium, Gros Islet",1,17.5,Sri Lanka,South Africa,MADD Surangika,LE Kaushalya,TS Sekhukhune,0,1,1,,,,,,,,
1150540,2018/19,2018-11-12,"Daren Sammy National Cricket Stadium, Gros Islet",1,17.6,Sri Lanka,South Africa,MADD Surangika,LE Kaushalya,TS Sekhukhune,4,0,,,,,,,,,
1150540,2018/19,2018-11-12,"Daren Sammy National Cricket Stadium, Gros Islet",1,17.7,Sri Lanka,South Africa,MADD Surangika,LE Kaushalya,TS Sekhukhune,1,0,,,,,,,,,
1150540,2018/19,2018-11-12,"Daren Sammy National Cricket Stadium, Gros Islet",1,18.1,Sri Lanka,South Africa,MADD Surangika,LE Kaushalya,M Kapp,0,0,,,,,,,,,
1150540,2018/19,2018-11-12,"Daren Sammy National Cricket Stadium, Gros Islet",1,18.2,Sri Lanka,South Africa,MADD Surangika,LE Kaushalya,M Kapp,1,0,,,,,,,,,
1150540,2018/19,2018-11-12,"Daren Sammy National Cricket Stadium, Gros Islet",1,18.3,Sri Lanka,South Africa,LE Kaushalya,MADD Surangika,M Kapp,0,0,,,,,,,,,
1150540,2018/19,2018-11-12,"Daren Sammy National Cricket Stadium, Gros Islet",1,18.4,Sri Lanka,South Africa,LE Kaushalya,MADD Surangika,M Kapp,4,0,,,,,,,,,
1150540,2018/19,2018-11-12,"Daren Sammy National Cricket Stadium, Gros Islet",1,18.5,Sri Lanka,South Africa,LE Kaushalya,MADD Surangika,M Kapp,0,0,,,,,,,,,
1150540,2018/19,2018-11-12,"Daren Sammy National Cricket Stadium, Gros Islet",1,18.6,Sri Lanka,South Africa,LE Kaushalya,MADD Surangika,M Kapp,0,2,2,,,,,,,,
1150540,2018/19,2018-11-12,"Daren Sammy National Cricket Stadium, Gros Islet",1,18.7,Sri Lanka,South Africa,MADD Surangika,LE Kaushalya,M Kapp,0,1,,,,1,,,,,
1150540,2018/19,2018-11-12,"Daren Sammy National Cricket Stadium, Gros Islet",1,19.1,Sri Lanka,South Africa,MADD Surangika,LE Kaushalya,S Ismail,0,0,,,,,,,,,
1150540,2018/19,2018-11-12,"Daren Sammy National Cricket Stadium, Gros Islet",1,19.2,Sri Lanka,South Africa,MADD Surangika,LE Kaushalya,S Ismail,1,0,,,,,,,,,
1150540,2018/19,2018-11-12,"Daren Sammy National Cricket Stadium, Gros Islet",1,19.3,Sri Lanka,South Africa,LE Kaushalya,MADD Surangika,S Ismail,0,0,,,,,,bowled,LE Kaushalya,,
1150540,2018/19,2018-11-12,"Daren Sammy National Cricket Stadium, Gros Islet",1,19.4,Sri Lanka,South Africa,SS Weerakkody,MADD Surangika,S Ismail,0,0,,,,,,,,,
1150540,2018/19,2018-11-12,"Daren Sammy National Cricket Stadium, Gros Islet",1,19.5,Sri Lanka,South Africa,SS Weerakkody,MADD Surangika,S Ismail,0,0,,,,,,bowled,SS Weerakkody,,
1150540,2018/19,2018-11-12,"Daren Sammy National Cricket Stadium, Gros Islet",1,19.6,Sri Lanka,South Africa,KDU Prabodhani,MADD Surangika,S Ismail,0,1,,,1,,,,,,
1150540,2018/19,2018-11-12,"Daren Sammy National Cricket Stadium, Gros Islet",2,0.1,South Africa,Sri Lanka,L Lee,L Wolvaardt,KDU Prabodhani,0,0,,,,,,,,,
1150540,2018/19,2018-11-12,"Daren Sammy National Cricket Stadium, Gros Islet",2,0.2,South Africa,Sri Lanka,L Lee,L Wolvaardt,KDU Prabodhani,1,0,,,,,,,,,
1150540,2018/19,2018-11-12,"Daren Sammy National Cricket Stadium, Gros Islet",2,0.3,South Africa,Sri Lanka,L Wolvaardt,L Lee,KDU Prabodhani,0,0,,,,,,,,,
1150540,2018/19,2018-11-12,"Daren Sammy National Cricket Stadium, Gros Islet",2,0.4,South Africa,Sri Lanka,L Wolvaardt,L Lee,KDU Prabodhani,0,0,,,,,,,,,
1150540,2018/19,2018-11-12,"Daren Sammy National Cricket Stadium, Gros Islet",2,0.5,South Africa,Sri Lanka,L Wolvaardt,L Lee,KDU Prabodhani,4,0,,,,,,,,,
1150540,2018/19,2018-11-12,"Daren Sammy National Cricket Stadium, Gros Islet",2,0.6,South Africa,Sri Lanka,L Wolvaardt,L Lee,KDU Prabodhani,0,1,1,,,,,,,,
1150540,2018/19,2018-11-12,"Daren Sammy National Cricket Stadium, Gros Islet",2,0.7,South Africa,Sri Lanka,L Wolvaardt,L Lee,KDU Prabodhani,0,0,,,,,,bowled,L Wolvaardt,,
1150540,2018/19,2018-11-12,"Daren Sammy National Cricket Stadium, Gros Islet",2,1.1,South Africa,Sri Lanka,L Lee,M Kapp,SS Weerakkody,0,0,,,,,,caught,L Lee,,
1150540,2018/19,2018-11-12,"Daren Sammy National Cricket Stadium, Gros Islet",2,1.2,South Africa,Sri Lanka,D van Niekerk,M Kapp,SS Weerakkody,0,0,,,,,,,,,
1150540,2018/19,2018-11-12,"Daren Sammy National Cricket Stadium, Gros Islet",2,1.3,South Africa,Sri Lanka,D van Niekerk,M Kapp,SS Weerakkody,4,0,,,,,,,,,
1150540,2018/19,2018-11-12,"Daren Sammy National Cricket Stadium, Gros Islet",2,1.4,South Africa,Sri Lanka,D van Niekerk,M Kapp,SS Weerakkody,0,0,,,,,,,,,
1150540,2018/19,2018-11-12,"Daren Sammy National Cricket Stadium, Gros Islet",2,1.5,South Africa,Sri Lanka,D van Niekerk,M Kapp,SS Weerakkody,0,0,,,,,,,,,
1150540,2018/19,2018-11-12,"Daren Sammy National Cricket Stadium, Gros Islet",2,1.6,South Africa,Sri Lanka,D van Niekerk,M Kapp,SS Weerakkody,0,0,,,,,,,,,
1150540,2018/19,2018-11-12,"Daren Sammy National Cricket Stadium, Gros Islet",2,2.1,South Africa,Sri Lanka,M Kapp,D van Niekerk,KDU Prabodhani,0,0,,,,,,,,,
1150540,2018/19,2018-11-12,"Daren Sammy National Cricket Stadium, Gros Islet",2,2.2,South Africa,Sri Lanka,M Kapp,D van Niekerk,KDU Prabodhani,0,0,,,,,,,,,
1150540,2018/19,2018-11-12,"Daren Sammy National Cricket Stadium, Gros Islet",2,2.3,South Africa,Sri Lanka,M Kapp,D van Niekerk,KDU Prabodhani,0,0,,,,,,,,,
1150540,2018/19,2018-11-12,"Daren Sammy National Cricket Stadium, Gros Islet",2,2.4,South Africa,Sri Lanka,M Kapp,D van Niekerk,KDU Prabodhani,0,0,,,,,,,,,
1150540,2018/19,2018-11-12,"Daren Sammy National Cricket Stadium, Gros Islet",2,2.5,South Africa,Sri Lanka,M Kapp,D van Niekerk,KDU Prabodhani,0,0,,,,,,,,,
1150540,2018/19,2018-11-12,"Daren Sammy National Cricket Stadium, Gros Islet",2,2.6,South Africa,Sri Lanka,M Kapp,D van Niekerk,KDU Prabodhani,4,0,,,,,,,,,
1150540,2018/19,2018-11-12,"Daren Sammy National Cricket Stadium, Gros Islet",2,3.1,South Africa,Sri Lanka,D van Niekerk,M Kapp,SS Weerakkody,0,0,,,,,,,,,
1150540,2018/19,2018-11-12,"Daren Sammy National Cricket Stadium, Gros Islet",2,3.2,South Africa,Sri Lanka,D van Niekerk,M Kapp,SS Weerakkody,0,0,,,,,,,,,
1150540,2018/19,2018-11-12,"Daren Sammy National Cricket Stadium, Gros Islet",2,3.3,South Africa,Sri Lanka,D van Niekerk,M Kapp,SS Weerakkody,1,0,,,,,,,,,
1150540,2018/19,2018-11-12,"Daren Sammy National Cricket Stadium, Gros Islet",2,3.4,South Africa,Sri Lanka,M Kapp,D van Niekerk,SS Weerakkody,0,1,1,,,,,,,,
1150540,2018/19,2018-11-12,"Daren Sammy National Cricket Stadium, Gros Islet",2,3.5,South Africa,Sri Lanka,M Kapp,D van Niekerk,SS Weerakkody,0,0,,,,,,,,,
1150540,2018/19,2018-11-12,"Daren Sammy National Cricket Stadium, Gros Islet",2,3.6,South Africa,Sri Lanka,M Kapp,D van Niekerk,SS Weerakkody,4,0,,,,,,,,,
1150540,2018/19,2018-11-12,"Daren Sammy National Cricket Stadium, Gros Islet",2,3.7,South Africa,Sri Lanka,M Kapp,D van Niekerk,SS Weerakkody,0,0,,,,,,,,,
1150540,2018/19,2018-11-12,"Daren Sammy National Cricket Stadium, Gros Islet",2,4.1,South Africa,Sri Lanka,D van Niekerk,M Kapp,KDU Prabodhani,4,0,,,,,,,,,
1150540,2018/19,2018-11-12,"Daren Sammy National Cricket Stadium, Gros Islet",2,4.2,South Africa,Sri Lanka,D van Niekerk,M Kapp,KDU Prabodhani,0,2,2,,,,,,,,
1150540,2018/19,2018-11-12,"Daren Sammy National Cricket Stadium, Gros Islet",2,4.3,South Africa,Sri Lanka,M Kapp,D van Niekerk,KDU Prabodhani,0,0,,,,,,,,,
1150540,2018/19,2018-11-12,"Daren Sammy National Cricket Stadium, Gros Islet",2,4.4,South Africa,Sri Lanka,M Kapp,D van Niekerk,KDU Prabodhani,0,0,,,,,,,,,
1150540,2018/19,2018-11-12,"Daren Sammy National Cricket Stadium, Gros Islet",2,4.5,South Africa,Sri Lanka,M Kapp,D van Niekerk,KDU Prabodhani,0,0,,,,,,,,,
1150540,2018/19,2018-11-12,"Daren Sammy National Cricket Stadium, Gros Islet",2,4.6,South Africa,Sri Lanka,M Kapp,D van Niekerk,KDU Prabodhani,0,0,,,,,,,,,
1150540,2018/19,2018-11-12,"Daren Sammy National Cricket Stadium, Gros Islet",2,4.7,South Africa,Sri Lanka,M Kapp,D van Niekerk,KDU Prabodhani,1,0,,,,,,,,,
1150540,2018/19,2018-11-12,"Daren Sammy National Cricket Stadium, Gros Islet",2,5.1,South Africa,Sri Lanka,M Kapp,D van Niekerk,BMSM Kumari,1,0,,,,,,,,,
1150540,2018/19,2018-11-12,"Daren Sammy National Cricket Stadium, Gros Islet",2,5.2,South Africa,Sri Lanka,D van Niekerk,M Kapp,BMSM Kumari,0,0,,,,,,,,,
1150540,2018/19,2018-11-12,"Daren Sammy National Cricket Stadium, Gros Islet",2,5.3,South Africa,Sri Lanka,D van Niekerk,M Kapp,BMSM Kumari,0,0,,,,,,,,,
1150540,2018/19,2018-11-12,"Daren Sammy National Cricket Stadium, Gros Islet",2,5.4,South Africa,Sri Lanka,D van Niekerk,M Kapp,BMSM Kumari,1,0,,,,,,,,,
1150540,2018/19,2018-11-12,"Daren Sammy National Cricket Stadium, Gros Islet",2,5.5,South Africa,Sri Lanka,M Kapp,D van Niekerk,BMSM Kumari,0,1,1,,,,,,,,
1150540,2018/19,2018-11-12,"Daren Sammy National Cricket Stadium, Gros Islet",2,5.6,South Africa,Sri Lanka,M Kapp,D van Niekerk,BMSM Kumari,4,0,,,,,,,,,
1150540,2018/19,2018-11-12,"Daren Sammy National Cricket Stadium, Gros Islet",2,5.7,South Africa,Sri Lanka,M Kapp,D van Niekerk,BMSM Kumari,0,0,,,,,,,,,
1150540,2018/19,2018-11-12,"Daren Sammy National Cricket Stadium, Gros Islet",2,6.1,South Africa,Sri Lanka,D van Niekerk,M Kapp,SS Weerakkody,0,0,,,,,,,,,
1150540,2018/19,2018-11-12,"Daren Sammy National Cricket Stadium, Gros Islet",2,6.2,South Africa,Sri Lanka,D van Niekerk,M Kapp,SS Weerakkody,1,0,,,,,,,,,
1150540,2018/19,2018-11-12,"Daren Sammy National Cricket Stadium, Gros Islet",2,6.3,South Africa,Sri Lanka,M Kapp,D van Niekerk,SS Weerakkody,0,0,,,,,,,,,
1150540,2018/19,2018-11-12,"Daren Sammy National Cricket Stadium, Gros Islet",2,6.4,South Africa,Sri Lanka,M Kapp,D van Niekerk,SS Weerakkody,1,0,,,,,,,,,
1150540,2018/19,2018-11-12,"Daren Sammy National Cricket Stadium, Gros Islet",2,6.5,South Africa,Sri Lanka,D van Niekerk,M Kapp,SS Weerakkody,1,0,,,,,,,,,
1150540,2018/19,2018-11-12,"Daren Sammy National Cricket Stadium, Gros Islet",2,6.6,South Africa,Sri Lanka,M Kapp,D van Niekerk,SS Weerakkody,1,0,,,,,,,,,
1150540,2018/19,2018-11-12,"Daren Sammy National Cricket Stadium, Gros Islet",2,7.1,South Africa,Sri Lanka,M Kapp,D van Niekerk,HASD Siriwardene,0,0,,,,,,,,,
1150540,2018/19,2018-11-12,"Daren Sammy National Cricket Stadium, Gros Islet",2,7.2,South Africa,Sri Lanka,M Kapp,D van Niekerk,HASD Siriwardene,1,0,,,,,,,,,
1150540,2018/19,2018-11-12,"Daren Sammy National Cricket Stadium, Gros Islet",2,7.3,South Africa,Sri Lanka,D van Niekerk,M Kapp,HASD Siriwardene,0,0,,,,,,,,,
1150540,2018/19,2018-11-12,"Daren Sammy National Cricket Stadium, Gros Islet",2,7.4,South Africa,Sri Lanka,D van Niekerk,M Kapp,HASD Siriwardene,0,0,,,,,,,,,
1150540,2018/19,2018-11-12,"Daren Sammy National Cricket Stadium, Gros Islet",2,7.5,South Africa,Sri Lanka,D van Niekerk,M Kapp,HASD Siriwardene,0,0,,,,,,,,,
1150540,2018/19,2018-11-12,"Daren Sammy National Cricket Stadium, Gros Islet",2,7.6,South Africa,Sri Lanka,D van Niekerk,M Kapp,HASD Siriwardene,1,0,,,,,,,,,
1150540,2018/19,2018-11-12,"Daren Sammy National Cricket Stadium, Gros Islet",2,8.1,South Africa,Sri Lanka,D van Niekerk,M Kapp,OU Ranasinghe,1,0,,,,,,,,,
1150540,2018/19,2018-11-12,"Daren Sammy National Cricket Stadium, Gros Islet",2,8.2,South Africa,Sri Lanka,M Kapp,D van Niekerk,OU Ranasinghe,2,0,,,,,,,,,
1150540,2018/19,2018-11-12,"Daren Sammy National Cricket Stadium, Gros Islet",2,8.3,South Africa,Sri Lanka,M Kapp,D van Niekerk,OU Ranasinghe,0,0,,,,,,,,,
1150540,2018/19,2018-11-12,"Daren Sammy National Cricket Stadium, Gros Islet",2,8.4,South Africa,Sri Lanka,M Kapp,D van Niekerk,OU Ranasinghe,6,0,,,,,,,,,
1150540,2018/19,2018-11-12,"Daren Sammy National Cricket Stadium, Gros Islet",2,8.5,South Africa,Sri Lanka,M Kapp,D van Niekerk,OU Ranasinghe,0,0,,,,,,,,,
1150540,2018/19,2018-11-12,"Daren Sammy National Cricket Stadium, Gros Islet",2,8.6,South Africa,Sri Lanka,M Kapp,D van Niekerk,OU Ranasinghe,0,0,,,,,,,,,
1150540,2018/19,2018-11-12,"Daren Sammy National Cricket Stadium, Gros Islet",2,9.1,South Africa,Sri Lanka,D van Niekerk,M Kapp,HASD Siriwardene,0,0,,,,,,,,,
1150540,2018/19,2018-11-12,"Daren Sammy National Cricket Stadium, Gros Islet",2,9.2,South Africa,Sri Lanka,D van Niekerk,M Kapp,HASD Siriwardene,1,0,,,,,,,,,
1150540,2018/19,2018-11-12,"Daren Sammy National Cricket Stadium, Gros Islet",2,9.3,South Africa,Sri Lanka,M Kapp,D van Niekerk,HASD Siriwardene,0,0,,,,,,,,,
1150540,2018/19,2018-11-12,"Daren Sammy National Cricket Stadium, Gros Islet",2,9.4,South Africa,Sri Lanka,M Kapp,D van Niekerk,HASD Siriwardene,0,0,,,,,,,,,
1150540,2018/19,2018-11-12,"Daren Sammy National Cricket Stadium, Gros Islet",2,9.5,South Africa,Sri Lanka,M Kapp,D van Niekerk,HASD Siriwardene,1,0,,,,,,,,,
1150540,2018/19,2018-11-12,"Daren Sammy National Cricket Stadium, Gros Islet",2,9.6,South Africa,Sri Lanka,D van Niekerk,M Kapp,HASD Siriwardene,0,0,,,,,,,,,
1150540,2018/19,2018-11-12,"Daren Sammy National Cricket Stadium, Gros Islet",2,10.1,South Africa,Sri Lanka,M Kapp,D van Niekerk,OU Ranasinghe,1,0,,,,,,,,,
1150540,2018/19,2018-11-12,"Daren Sammy National Cricket Stadium, Gros Islet",2,10.2,South Africa,Sri Lanka,D van Niekerk,M Kapp,OU Ranasinghe,1,0,,,,,,,,,
1150540,2018/19,2018-11-12,"Daren Sammy National Cricket Stadium, Gros Islet",2,10.3,South Africa,Sri Lanka,M Kapp,D van Niekerk,OU Ranasinghe,1,0,,,,,,,,,
1150540,2018/19,2018-11-12,"Daren Sammy National Cricket Stadium, Gros Islet",2,10.4,South Africa,Sri Lanka,D van Niekerk,M Kapp,OU Ranasinghe,1,0,,,,,,,,,
1150540,2018/19,2018-11-12,"Daren Sammy National Cricket Stadium, Gros Islet",2,10.5,South Africa,Sri Lanka,M Kapp,D van Niekerk,OU Ranasinghe,1,0,,,,,,,,,
1150540,2018/19,2018-11-12,"Daren Sammy National Cricket Stadium, Gros Islet",2,10.6,South Africa,Sri Lanka,D van Niekerk,M Kapp,OU Ranasinghe,1,0,,,,,,,,,
1150540,2018/19,2018-11-12,"Daren Sammy National Cricket Stadium, Gros Islet",2,11.1,South Africa,Sri Lanka,D van Niekerk,M Kapp,NND de Silva,0,0,,,,,,,,,
1150540,2018/19,2018-11-12,"Daren Sammy National Cricket Stadium, Gros Islet",2,11.2,South Africa,Sri Lanka,D van Niekerk,M Kapp,NND de Silva,2,0,,,,,,,,,
1150540,2018/19,2018-11-12,"Daren Sammy National Cricket Stadium, Gros Islet",2,11.3,South Africa,Sri Lanka,D van Niekerk,M Kapp,NND de Silva,1,0,,,,,,,,,
1150540,2018/19,2018-11-12,"Daren Sammy National Cricket Stadium, Gros Islet",2,11.4,South Africa,Sri Lanka,M Kapp,D van Niekerk,NND de Silva,4,0,,,,,,,,,
1150540,2018/19,2018-11-12,"Daren Sammy National Cricket Stadium, Gros Islet",2,11.5,South Africa,Sri Lanka,M Kapp,D van Niekerk,NND de Silva,0,1,1,,,,,,,,
1150540,2018/19,2018-11-12,"Daren Sammy National Cricket Stadium, Gros Islet",2,11.6,South Africa,Sri Lanka,M Kapp,D van Niekerk,NND de Silva,0,0,,,,,,,,,
1150540,2018/19,2018-11-12,"Daren Sammy National Cricket Stadium, Gros Islet",2,11.7,South Africa,Sri Lanka,M Kapp,D van Niekerk,NND de Silva,1,0,,,,,,,,,
1150540,2018/19,2018-11-12,"Daren Sammy National Cricket Stadium, Gros Islet",2,12.1,South Africa,Sri Lanka,M Kapp,D van Niekerk,AC Jayangani,1,0,,,,,,,,,
1150540,2018/19,2018-11-12,"Daren Sammy National Cricket Stadium, Gros Islet",2,12.2,South Africa,Sri Lanka,D van Niekerk,M Kapp,AC Jayangani,0,0,,,,,,,,,
1150540,2018/19,2018-11-12,"Daren Sammy National Cricket Stadium, Gros Islet",2,12.3,South Africa,Sri Lanka,D van Niekerk,M Kapp,AC Jayangani,1,0,,,,,,,,,
1150540,2018/19,2018-11-12,"Daren Sammy National Cricket Stadium, Gros Islet",2,12.4,South Africa,Sri Lanka,M Kapp,D van Niekerk,AC Jayangani,1,0,,,,,,,,,
1150540,2018/19,2018-11-12,"Daren Sammy National Cricket Stadium, Gros Islet",2,12.5,South Africa,Sri Lanka,D van Niekerk,M Kapp,AC Jayangani,1,0,,,,,,,,,
1150540,2018/19,2018-11-12,"Daren Sammy National Cricket Stadium, Gros Islet",2,12.6,South Africa,Sri Lanka,M Kapp,D van Niekerk,AC Jayangani,1,0,,,,,,,,,
1150540,2018/19,2018-11-12,"Daren Sammy National Cricket Stadium, Gros Islet",2,13.1,South Africa,Sri Lanka,M Kapp,D van Niekerk,HASD Siriwardene,0,0,,,,,,,,,
1150540,2018/19,2018-11-12,"Daren Sammy National Cricket Stadium, Gros Islet",2,13.2,South Africa,Sri Lanka,M Kapp,D van Niekerk,HASD Siriwardene,0,0,,,,,,,,,
1150540,2018/19,2018-11-12,"Daren Sammy National Cricket Stadium, Gros Islet",2,13.3,South Africa,Sri Lanka,M Kapp,D van Niekerk,HASD Siriwardene,0,0,,,,,,,,,
1150540,2018/19,2018-11-12,"Daren Sammy National Cricket Stadium, Gros Islet",2,13.4,South Africa,Sri Lanka,M Kapp,D van Niekerk,HASD Siriwardene,1,0,,,,,,,,,
1150540,2018/19,2018-11-12,"Daren Sammy National Cricket Stadium, Gros Islet",2,13.5,South Africa,Sri Lanka,D van Niekerk,M Kapp,HASD Siriwardene,1,0,,,,,,,,,
1150540,2018/19,2018-11-12,"Daren Sammy National Cricket Stadium, Gros Islet",2,13.6,South Africa,Sri Lanka,M Kapp,D van Niekerk,HASD Siriwardene,0,0,,,,,,lbw,M Kapp,,
1150540,2018/19,2018-11-12,"Daren Sammy National Cricket Stadium, Gros Islet",2,14.1,South Africa,Sri Lanka,D van Niekerk,M du Preez,AC Jayangani,0,1,1,,,,,,,,
1150540,2018/19,2018-11-12,"Daren Sammy National Cricket Stadium, Gros Islet",2,14.2,South Africa,Sri Lanka,D van Niekerk,M du Preez,AC Jayangani,0,0,,,,,,,,,
1150540,2018/19,2018-11-12,"Daren Sammy National Cricket Stadium, Gros Islet",2,14.3,South Africa,Sri Lanka,D van Niekerk,M du Preez,AC Jayangani,1,0,,,,,,,,,
1150540,2018/19,2018-11-12,"Daren Sammy National Cricket Stadium, Gros Islet",2,14.4,South Africa,Sri Lanka,M du Preez,D van Niekerk,AC Jayangani,0,1,,1,,,,,,,
1150540,2018/19,2018-11-12,"Daren Sammy National Cricket Stadium, Gros Islet",2,14.5,South Africa,Sri Lanka,M du Preez,D van Niekerk,AC Jayangani,1,0,,,,,,,,,
1150540,2018/19,2018-11-12,"Daren Sammy National Cricket Stadium, Gros Islet",2,14.6,South Africa,Sri Lanka,D van Niekerk,M du Preez,AC Jayangani,1,0,,,,,,,,,
1150540,2018/19,2018-11-12,"Daren Sammy National Cricket Stadium, Gros Islet",2,14.7,South Africa,Sri Lanka,M du Preez,D van Niekerk,AC Jayangani,0,0,,,,,,,,,
1150540,2018/19,2018-11-12,"Daren Sammy National Cricket Stadium, Gros Islet",2,14.8,South Africa,Sri Lanka,M du Preez,D van Niekerk,AC Jayangani,1,0,,,,,,,,,
1150540,2018/19,2018-11-12,"Daren Sammy National Cricket Stadium, Gros Islet",2,15.1,South Africa,Sri Lanka,M du Preez,D van Niekerk,HASD Siriwardene,0,0,,,,,,,,,
1150540,2018/19,2018-11-12,"Daren Sammy National Cricket Stadium, Gros Islet",2,15.2,South Africa,Sri Lanka,M du Preez,D van Niekerk,HASD Siriwardene,0,0,,,,,,,,,
1150540,2018/19,2018-11-12,"Daren Sammy National Cricket Stadium, Gros Islet",2,15.3,South Africa,Sri Lanka,M du Preez,D van Niekerk,HASD Siriwardene,0,0,,,,,,,,,
1150540,2018/19,2018-11-12,"Daren Sammy National Cricket Stadium, Gros Islet",2,15.4,South Africa,Sri Lanka,M du Preez,D van Niekerk,HASD Siriwardene,4,0,,,,,,,,,
1150540,2018/19,2018-11-12,"Daren Sammy National Cricket Stadium, Gros Islet",2,15.5,South Africa,Sri Lanka,M du Preez,D van Niekerk,HASD Siriwardene,1,0,,,,,,,,,
1150540,2018/19,2018-11-12,"Daren Sammy National Cricket Stadium, Gros Islet",2,15.6,South Africa,Sri Lanka,D van Niekerk,M du Preez,HASD Siriwardene,1,0,,,,,,,,,
1150540,2018/19,2018-11-12,"Daren Sammy National Cricket Stadium, Gros Islet",2,16.1,South Africa,Sri Lanka,D van Niekerk,M du Preez,KDU Prabodhani,0,0,,,,,,,,,
1150540,2018/19,2018-11-12,"Daren Sammy National Cricket Stadium, Gros Islet",2,16.2,South Africa,Sri Lanka,D van Niekerk,M du Preez,KDU Prabodhani,0,0,,,,,,,,,
1150540,2018/19,2018-11-12,"Daren Sammy National Cricket Stadium, Gros Islet",2,16.3,South Africa,Sri Lanka,D van Niekerk,M du Preez,KDU Prabodhani,1,0,,,,,,,,,
1150540,2018/19,2018-11-12,"Daren Sammy National Cricket Stadium, Gros Islet",2,16.4,South Africa,Sri Lanka,M du Preez,D van Niekerk,KDU Prabodhani,4,0,,,,,,,,,
1150540,2018/19,2018-11-12,"Daren Sammy National Cricket Stadium, Gros Islet",2,16.5,South Africa,Sri Lanka,M du Preez,D van Niekerk,KDU Prabodhani,0,0,,,,,,,,,
1150540,2018/19,2018-11-12,"Daren Sammy National Cricket Stadium, Gros Islet",2,16.6,South Africa,Sri Lanka,M du Preez,D van Niekerk,KDU Prabodhani,0,0,,,,,,,,,
1150540,2018/19,2018-11-12,"Daren Sammy National Cricket Stadium, Gros Islet",2,17.1,South Africa,Sri Lanka,D van Niekerk,M du Preez,SS Weerakkody,2,0,,,,,,,,,
1150540,2018/19,2018-11-12,"Daren Sammy National Cricket Stadium, Gros Islet",2,17.2,South Africa,Sri Lanka,D van Niekerk,M du Preez,SS Weerakkody,0,0,,,,,,,,,
1150540,2018/19,2018-11-12,"Daren Sammy National Cricket Stadium, Gros Islet",2,17.3,South Africa,Sri Lanka,D van Niekerk,M du Preez,SS Weerakkody,2,0,,,,,,,,,
1150540,2018/19,2018-11-12,"Daren Sammy National Cricket Stadium, Gros Islet",2,17.4,South Africa,Sri Lanka,D van Niekerk,M du Preez,SS Weerakkody,1,0,,,,,,,,,
1150540,2018/19,2018-11-12,"Daren Sammy National Cricket Stadium, Gros Islet",2,17.5,South Africa,Sri Lanka,M du Preez,D van Niekerk,SS Weerakkody,1,0,,,,,,,,,
1150540,2018/19,2018-11-12,"Daren Sammy National Cricket Stadium, Gros Islet",2,17.6,South Africa,Sri Lanka,D van Niekerk,M du Preez,SS Weerakkody,0,1,1,,,,,,,,
1150540,2018/19,2018-11-12,"Daren Sammy National Cricket Stadium, Gros Islet",2,17.7,South Africa,Sri Lanka,D van Niekerk,M du Preez,SS Weerakkody,0,0,,,,,,,,,
1150540,2018/19,2018-11-12,"Daren Sammy National Cricket Stadium, Gros Islet",2,18.1,South Africa,Sri Lanka,M du Preez,D van Niekerk,BMSM Kumari,0,1,1,,,,,,,,
1150540,2018/19,2018-11-12,"Daren Sammy National Cricket Stadium, Gros Islet",2,18.2,South Africa,Sri Lanka,M du Preez,D van Niekerk,BMSM Kumari,0,0,,,,,,,,,
1150540,2018/19,2018-11-12,"Daren Sammy National Cricket Stadium, Gros Islet",2,18.3,South Africa,Sri Lanka,M du Preez,D van Niekerk,BMSM Kumari,0,0,,,,,,,,,
1150540,2018/19,2018-11-12,"Daren Sammy National Cricket Stadium, Gros Islet",2,18.4,South Africa,Sri Lanka,M du Preez,D van Niekerk,BMSM Kumari,4,0,,,,,,,,,
