match_id,season,start_date,venue,innings,ball,batting_team,bowling_team,striker,non_striker,bowler,runs_off_bat,extras,wides,noballs,byes,legbyes,penalty,wicket_type,player_dismissed,other_wicket_type,other_player_dismissed
1150554,2018/19,2018-11-22,"Sir Vivian Richards Stadium, North Sound",1,0.1,India,England,T Bhatia,S Mandhana,A Shrubsole,2,0,,,,,,,,,
1150554,2018/19,2018-11-22,"Sir Vivian Richards Stadium, North Sound",1,0.2,India,England,T Bhatia,S Mandhana,A Shrubsole,0,0,,,,,,,,,
1150554,2018/19,2018-11-22,"Sir Vivian Richards Stadium, North Sound",1,0.3,India,England,T Bhatia,S Mandhana,A Shrubsole,0,0,,,,,,,,,
1150554,2018/19,2018-11-22,"Sir Vivian Richards Stadium, North Sound",1,0.4,India,England,T Bhatia,S Mandhana,A Shrubsole,0,0,,,,,,,,,
1150554,2018/19,2018-11-22,"Sir Vivian Richards Stadium, North Sound",1,0.5,India,England,T Bhatia,S Mandhana,A Shrubsole,1,0,,,,,,,,,
1150554,2018/19,2018-11-22,"Sir Vivian Richards Stadium, North Sound",1,0.6,India,England,S Mandhana,T Bhatia,A Shrubsole,0,0,,,,,,,,,
1150554,2018/19,2018-11-22,"Sir Vivian Richards Stadium, North Sound",1,1.1,India,England,T Bhatia,S Mandhana,NR Sciver,0,0,,,,,,,,,
1150554,2018/19,2018-11-22,"Sir Vivian Richards Stadium, North Sound",1,1.2,India,England,T Bhatia,S Mandhana,NR Sciver,1,0,,,,,,,,,
1150554,2018/19,2018-11-22,"Sir Vivian Richards Stadium, North Sound",1,1.3,India,England,S Mandhana,T Bhatia,NR Sciver,0,0,,,,,,,,,
1150554,2018/19,2018-11-22,"Sir Vivian Richards Stadium, North Sound",1,1.4,India,England,S Mandhana,T Bhatia,NR Sciver,4,0,,,,,,,,,
1150554,2018/19,2018-11-22,"Sir Vivian Richards Stadium, North Sound",1,1.5,India,England,S Mandhana,T Bhatia,NR Sciver,0,0,,,,,,,,,
1150554,2018/19,2018-11-22,"Sir Vivian Richards Stadium, North Sound",1,1.6,India,England,S Mandhana,T Bhatia,NR Sciver,1,0,,,,,,,,,
1150554,2018/19,2018-11-22,"Sir Vivian Richards Stadium, North Sound",1,2.1,India,England,S Mandhana,T Bhatia,A Shrubsole,0,0,,,,,,,,,
1150554,2018/19,2018-11-22,"Sir Vivian Richards Stadium, North Sound",1,2.2,India,England,S Mandhana,T Bhatia,A Shrubsole,0,0,,,,,,,,,
1150554,2018/19,2018-11-22,"Sir Vivian Richards Stadium, North Sound",1,2.3,India,England,S Mandhana,T Bhatia,A Shrubsole,2,0,,,,,,,,,
1150554,2018/19,2018-11-22,"Sir Vivian Richards Stadium, North Sound",1,2.4,India,England,S Mandhana,T Bhatia,A Shrubsole,2,0,,,,,,,,,
1150554,2018/19,2018-11-22,"Sir Vivian Richards Stadium, North Sound",1,2.5,India,England,S Mandhana,T Bhatia,A Shrubsole,4,0,,,,,,,,,
1150554,2018/19,2018-11-22,"Sir Vivian Richards Stadium, North Sound",1,2.6,India,England,S Mandhana,T Bhatia,A Shrubsole,1,0,,,,,,,,,
1150554,2018/19,2018-11-22,"Sir Vivian Richards Stadium, North Sound",1,3.1,India,England,S Mandhana,T Bhatia,S Ecclestone,4,0,,,,,,,,,
1150554,2018/19,2018-11-22,"Sir Vivian Richards Stadium, North Sound",1,3.2,India,England,S Mandhana,T Bhatia,S Ecclestone,0,0,,,,,,,,,
1150554,2018/19,2018-11-22,"Sir Vivian Richards Stadium, North Sound",1,3.3,India,England,S Mandhana,T Bhatia,S Ecclestone,0,0,,,,,,,,,
1150554,2018/19,2018-11-22,"Sir Vivian Richards Stadium, North Sound",1,3.4,India,England,S Mandhana,T Bhatia,S Ecclestone,6,0,,,,,,,,,
1150554,2018/19,2018-11-22,"Sir Vivian Richards Stadium, North Sound",1,3.5,India,England,S Mandhana,T Bhatia,S Ecclestone,0,0,,,,,,,,,
1150554,2018/19,2018-11-22,"Sir Vivian Richards Stadium, North Sound",1,3.6,India,England,S Mandhana,T Bhatia,S Ecclestone,0,0,,,,,,,,,
1150554,2018/19,2018-11-22,"Sir Vivian Richards Stadium, North Sound",1,4.1,India,England,T Bhatia,S Mandhana,D Hazell,0,2,,,2,,,,,,
1150554,2018/19,2018-11-22,"Sir Vivian Richards Stadium, North Sound",1,4.2,India,England,T Bhatia,S Mandhana,D Hazell,0,0,,,,,,,,,
1150554,2018/19,2018-11-22,"Sir Vivian Richards Stadium, North Sound",1,4.3,India,England,T Bhatia,S Mandhana,D Hazell,0,0,,,,,,,,,
1150554,2018/19,2018-11-22,"Sir Vivian Richards Stadium, North Sound",1,4.4,India,England,T Bhatia,S Mandhana,D Hazell,1,0,,,,,,,,,
1150554,2018/19,2018-11-22,"Sir Vivian Richards Stadium, North Sound",1,4.5,India,England,S Mandhana,T Bhatia,D Hazell,0,0,,,,,,,,,
1150554,2018/19,2018-11-22,"Sir Vivian Richards Stadium, North Sound",1,4.6,India,England,S Mandhana,T Bhatia,D Hazell,4,0,,,,,,,,,
1150554,2018/19,2018-11-22,"Sir Vivian Richards Stadium, North Sound",1,5.1,India,England,T Bhatia,S Mandhana,S Ecclestone,1,0,,,,,,,,,
1150554,2018/19,2018-11-22,"Sir Vivian Richards Stadium, North Sound",1,5.2,India,England,S Mandhana,T Bhatia,S Ecclestone,1,0,,,,,,,,,
1150554,2018/19,2018-11-22,"Sir Vivian Richards Stadium, North Sound",1,5.3,India,England,T Bhatia,S Mandhana,S Ecclestone,1,0,,,,,,,,,
1150554,2018/19,2018-11-22,"Sir Vivian Richards Stadium, North Sound",1,5.4,India,England,S Mandhana,T Bhatia,S Ecclestone,4,0,,,,,,,,,
1150554,2018/19,2018-11-22,"Sir Vivian Richards Stadium, North Sound",1,5.5,India,England,S Mandhana,T Bhatia,S Ecclestone,1,0,,,,,,,,,
1150554,2018/19,2018-11-22,"Sir Vivian Richards Stadium, North Sound",1,5.6,India,England,S Mandhana,T Bhatia,S Ecclestone,0,0,,,,,,caught and bowled,S Mandhana,,
1150554,2018/19,2018-11-22,"Sir Vivian Richards Stadium, North Sound",1,6.1,India,England,T Bhatia,JI Rodrigues,D Hazell,1,0,,,,,,,,,
1150554,2018/19,2018-11-22,"Sir Vivian Richards Stadium, North Sound",1,6.2,India,England,JI Rodrigues,T Bhatia,D Hazell,1,0,,,,,,,,,
1150554,2018/19,2018-11-22,"Sir Vivian Richards Stadium, North Sound",1,6.3,India,England,T Bhatia,JI Rodrigues,D Hazell,1,0,,,,,,,,,
1150554,2018/19,2018-11-22,"Sir Vivian Richards Stadium, North Sound",1,6.4,India,England,JI Rodrigues,T Bhatia,D Hazell,1,0,,,,,,,,,
1150554,2018/19,2018-11-22,"Sir Vivian Richards Stadium, North Sound",1,6.5,India,England,T Bhatia,JI Rodrigues,D Hazell,0,0,,,,,,,,,
1150554,2018/19,2018-11-22,"Sir Vivian Richards Stadium, North Sound",1,6.6,India,England,T Bhatia,JI Rodrigues,D Hazell,1,0,,,,,,,,,
1150554,2018/19,2018-11-22,"Sir Vivian Richards Stadium, North Sound",1,7.1,India,England,T Bhatia,JI Rodrigues,KL Gordon,1,0,,,,,,,,,
1150554,2018/19,2018-11-22,"Sir Vivian Richards Stadium, North Sound",1,7.2,India,England,JI Rodrigues,T Bhatia,KL Gordon,0,0,,,,,,,,,
1150554,2018/19,2018-11-22,"Sir Vivian Richards Stadium, North Sound",1,7.3,India,England,JI Rodrigues,T Bhatia,KL Gordon,0,0,,,,,,,,,
1150554,2018/19,2018-11-22,"Sir Vivian Richards Stadium, North Sound",1,7.4,India,England,JI Rodrigues,T Bhatia,KL Gordon,0,0,,,,,,,,,
1150554,2018/19,2018-11-22,"Sir Vivian Richards Stadium, North Sound",1,7.5,India,England,JI Rodrigues,T Bhatia,KL Gordon,0,0,,,,,,,,,
1150554,2018/19,2018-11-22,"Sir Vivian Richards Stadium, North Sound",1,7.6,India,England,JI Rodrigues,T Bhatia,KL Gordon,1,0,,,,,,,,,
1150554,2018/19,2018-11-22,"Sir Vivian Richards Stadium, North Sound",1,8.1,India,England,JI Rodrigues,T Bhatia,HC Knight,0,0,,,,,,,,,
1150554,2018/19,2018-11-22,"Sir Vivian Richards Stadium, North Sound",1,8.2,India,England,JI Rodrigues,T Bhatia,HC Knight,2,0,,,,,,,,,
1150554,2018/19,2018-11-22,"Sir Vivian Richards Stadium, North Sound",1,8.3,India,England,JI Rodrigues,T Bhatia,HC Knight,1,0,,,,,,,,,
1150554,2018/19,2018-11-22,"Sir Vivian Richards Stadium, North Sound",1,8.4,India,England,T Bhatia,JI Rodrigues,HC Knight,0,0,,,,,,caught,T Bhatia,,
1150554,2018/19,2018-11-22,"Sir Vivian Richards Stadium, North Sound",1,8.5,India,England,JI Rodrigues,H Kaur,HC Knight,1,0,,,,,,,,,
1150554,2018/19,2018-11-22,"Sir Vivian Richards Stadium, North Sound",1,8.6,India,England,H Kaur,JI Rodrigues,HC Knight,1,0,,,,,,,,,
1150554,2018/19,2018-11-22,"Sir Vivian Richards Stadium, North Sound",1,9.1,India,England,H Kaur,JI Rodrigues,KL Gordon,0,0,,,,,,,,,
1150554,2018/19,2018-11-22,"Sir Vivian Richards Stadium, North Sound",1,9.2,India,England,H Kaur,JI Rodrigues,KL Gordon,1,0,,,,,,,,,
1150554,2018/19,2018-11-22,"Sir Vivian Richards Stadium, North Sound",1,9.3,India,England,JI Rodrigues,H Kaur,KL Gordon,1,0,,,,,,,,,
1150554,2018/19,2018-11-22,"Sir Vivian Richards Stadium, North Sound",1,9.4,India,England,H Kaur,JI Rodrigues,KL Gordon,1,0,,,,,,,,,
1150554,2018/19,2018-11-22,"Sir Vivian Richards Stadium, North Sound",1,9.5,India,England,JI Rodrigues,H Kaur,KL Gordon,0,0,,,,,,,,,
1150554,2018/19,2018-11-22,"Sir Vivian Richards Stadium, North Sound",1,9.6,India,England,JI Rodrigues,H Kaur,KL Gordon,1,0,,,,,,,,,
1150554,2018/19,2018-11-22,"Sir Vivian Richards Stadium, North Sound",1,10.1,India,England,JI Rodrigues,H Kaur,D Hazell,1,0,,,,,,,,,
1150554,2018/19,2018-11-22,"Sir Vivian Richards Stadium, North Sound",1,10.2,India,England,H Kaur,JI Rodrigues,D Hazell,1,0,,,,,,,,,
1150554,2018/19,2018-11-22,"Sir Vivian Richards Stadium, North Sound",1,10.3,India,England,JI Rodrigues,H Kaur,D Hazell,0,0,,,,,,,,,
1150554,2018/19,2018-11-22,"Sir Vivian Richards Stadium, North Sound",1,10.4,India,England,JI Rodrigues,H Kaur,D Hazell,1,0,,,,,,,,,
1150554,2018/19,2018-11-22,"Sir Vivian Richards Stadium, North Sound",1,10.5,India,England,H Kaur,JI Rodrigues,D Hazell,0,1,1,,,,,,,,
1150554,2018/19,2018-11-22,"Sir Vivian Richards Stadium, North Sound",1,10.6,India,England,H Kaur,JI Rodrigues,D Hazell,1,0,,,,,,,,,
1150554,2018/19,2018-11-22,"Sir Vivian Richards Stadium, North Sound",1,10.7,India,England,JI Rodrigues,H Kaur,D Hazell,0,0,,,,,,,,,
1150554,2018/19,2018-11-22,"Sir Vivian Richards Stadium, North Sound",1,11.1,India,England,H Kaur,JI Rodrigues,S Ecclestone,0,1,1,,,,,,,,
1150554,2018/19,2018-11-22,"Sir Vivian Richards Stadium, North Sound",1,11.2,India,England,H Kaur,JI Rodrigues,S Ecclestone,0,0,,,,,,,,,
1150554,2018/19,2018-11-22,"Sir Vivian Richards Stadium, North Sound",1,11.3,India,England,H Kaur,JI Rodrigues,S Ecclestone,0,0,,,,,,,,,
1150554,2018/19,2018-11-22,"Sir Vivian Richards Stadium, North Sound",1,11.4,India,England,H Kaur,JI Rodrigues,S Ecclestone,0,0,,,,,,,,,
1150554,2018/19,2018-11-22,"Sir Vivian Richards Stadium, North Sound",1,11.5,India,England,H Kaur,JI Rodrigues,S Ecclestone,1,0,,,,,,,,,
1150554,2018/19,2018-11-22,"Sir Vivian Richards Stadium, North Sound",1,11.6,India,England,JI Rodrigues,H Kaur,S Ecclestone,0,0,,,,,,,,,
1150554,2018/19,2018-11-22,"Sir Vivian Richards Stadium, North Sound",1,11.7,India,England,JI Rodrigues,H Kaur,S Ecclestone,1,0,,,,,,,,,
1150554,2018/19,2018-11-22,"Sir Vivian Richards Stadium, North Sound",1,12.1,India,England,JI Rodrigues,H Kaur,NR Sciver,1,0,,,,,,,,,
1150554,2018/19,2018-11-22,"Sir Vivian Richards Stadium, North Sound",1,12.2,India,England,H Kaur,JI Rodrigues,NR Sciver,0,0,,,,,,,,,
1150554,2018/19,2018-11-22,"Sir Vivian Richards Stadium, North Sound",1,12.3,India,England,H Kaur,JI Rodrigues,NR Sciver,0,0,,,,,,,,,
1150554,2018/19,2018-11-22,"Sir Vivian Richards Stadium, North Sound",1,12.4,India,England,H Kaur,JI Rodrigues,NR Sciver,1,0,,,,,,,,,
1150554,2018/19,2018-11-22,"Sir Vivian Richards Stadium, North Sound",1,12.5,India,England,JI Rodrigues,H Kaur,NR Sciver,4,0,,,,,,,,,
1150554,2018/19,2018-11-22,"Sir Vivian Richards Stadium, North Sound",1,12.6,India,England,JI Rodrigues,H Kaur,NR Sciver,4,0,,,,,,,,,
1150554,2018/19,2018-11-22,"Sir Vivian Richards Stadium, North Sound",1,13.1,India,England,H Kaur,JI Rodrigues,KL Gordon,6,0,,,,,,,,,
1150554,2018/19,2018-11-22,"Sir Vivian Richards Stadium, North Sound",1,13.2,India,England,H Kaur,JI Rodrigues,KL Gordon,1,0,,,,,,,,,
1150554,2018/19,2018-11-22,"Sir Vivian Richards Stadium, North Sound",1,13.3,India,England,JI Rodrigues,H Kaur,KL Gordon,4,0,,,,,,,,,
1150554,2018/19,2018-11-22,"Sir Vivian Richards Stadium, North Sound",1,13.4,India,England,JI Rodrigues,H Kaur,KL Gordon,0,0,,,,,,,,,
1150554,2018/19,2018-11-22,"Sir Vivian Richards Stadium, North Sound",1,13.5,India,England,JI Rodrigues,H Kaur,KL Gordon,1,0,,,,,,run out,JI Rodrigues,,
1150554,2018/19,2018-11-22,"Sir Vivian Richards Stadium, North Sound",1,13.6,India,England,V Krishnamurthy,H Kaur,KL Gordon,0,0,,,,,,,,,
1150554,2018/19,2018-11-22,"Sir Vivian Richards Stadium, North Sound",1,14.1,India,England,H Kaur,V Krishnamurthy,A Shrubsole,1,0,,,,,,,,,
1150554,2018/19,2018-11-22,"Sir Vivian Richards Stadium, North Sound",1,14.2,India,England,V Krishnamurthy,H Kaur,A Shrubsole,1,0,,,,,,,,,
1150554,2018/19,2018-11-22,"Sir Vivian Richards Stadium, North Sound",1,14.3,India,England,H Kaur,V Krishnamurthy,A Shrubsole,0,0,,,,,,,,,
1150554,2018/19,2018-11-22,"Sir Vivian Richards Stadium, North Sound",1,14.4,India,England,H Kaur,V Krishnamurthy,A Shrubsole,1,0,,,,,,,,,
1150554,2018/19,2018-11-22,"Sir Vivian Richards Stadium, North Sound",1,14.5,India,England,V Krishnamurthy,H Kaur,A Shrubsole,0,0,,,,,,,,,
1150554,2018/19,2018-11-22,"Sir Vivian Richards Stadium, North Sound",1,14.6,India,England,V Krishnamurthy,H Kaur,A Shrubsole,1,0,,,,,,,,,
1150554,2018/19,2018-11-22,"Sir Vivian Richards Stadium, North Sound",1,15.1,India,England,V Krishnamurthy,H Kaur,KL Gordon,0,0,,,,,,caught,V Krishnamurthy,,
1150554,2018/19,2018-11-22,"Sir Vivian Richards Stadium, North Sound",1,15.2,India,England,DB Sharma,H Kaur,KL Gordon,0,0,,,,,,,,,
1150554,2018/19,2018-11-22,"Sir Vivian Richards Stadium, North Sound",1,15.3,India,England,DB Sharma,H Kaur,KL Gordon,1,0,,,,,,,,,
1150554,2018/19,2018-11-22,"Sir Vivian Richards Stadium, North Sound",1,15.4,India,England,H Kaur,DB Sharma,KL Gordon,0,0,,,,,,,,,
1150554,2018/19,2018-11-22,"Sir Vivian Richards Stadium, North Sound",1,15.5,India,England,H Kaur,DB Sharma,KL Gordon,0,0,,,,,,caught,H Kaur,,
1150554,2018/19,2018-11-22,"Sir Vivian Richards Stadium, North Sound",1,15.6,India,England,DB Sharma,D Hemalatha,KL Gordon,0,1,1,,,,,,,,
1150554,2018/19,2018-11-22,"Sir Vivian Richards Stadium, North Sound",1,15.7,India,England,DB Sharma,D Hemalatha,KL Gordon,0,0,,,,,,,,,
1150554,2018/19,2018-11-22,"Sir Vivian Richards Stadium, North Sound",1,16.1,India,England,D Hemalatha,DB Sharma,HC Knight,0,0,,,,,,,,,
1150554,2018/19,2018-11-22,"Sir Vivian Richards Stadium, North Sound",1,16.2,India,England,D Hemalatha,DB Sharma,HC Knight,1,0,,,,,,,,,
1150554,2018/19,2018-11-22,"Sir Vivian Richards Stadium, North Sound",1,16.3,India,England,DB Sharma,D Hemalatha,HC Knight,2,0,,,,,,,,,
1150554,2018/19,2018-11-22,"Sir Vivian Richards Stadium, North Sound",1,16.4,India,England,DB Sharma,D Hemalatha,HC Knight,1,0,,,,,,,,,
1150554,2018/19,2018-11-22,"Sir Vivian Richards Stadium, North Sound",1,16.5,India,England,D Hemalatha,DB Sharma,HC Knight,0,0,,,,,,caught,D Hemalatha,,
1150554,2018/19,2018-11-22,"Sir Vivian Richards Stadium, North Sound",1,16.6,India,England,AA Patil,DB Sharma,HC Knight,0,0,,,,,,caught,AA Patil,,
1150554,2018/19,2018-11-22,"Sir Vivian Richards Stadium, North Sound",1,17.1,India,England,RP Yadav,DB Sharma,D Hazell,2,0,,,,,,,,,
1150554,2018/19,2018-11-22,"Sir Vivian Richards Stadium, North Sound",1,17.2,India,England,RP Yadav,DB Sharma,D Hazell,1,0,,,,,,,,,
1150554,2018/19,2018-11-22,"Sir Vivian Richards Stadium, North Sound",1,17.3,India,England,DB Sharma,RP Yadav,D Hazell,0,0,,,,,,,,,
1150554,2018/19,2018-11-22,"Sir Vivian Richards Stadium, North Sound",1,17.4,India,England,DB Sharma,RP Yadav,D Hazell,1,0,,,,,,,,,
1150554,2018/19,2018-11-22,"Sir Vivian Richards Stadium, North Sound",1,17.5,India,England,RP Yadav,DB Sharma,D Hazell,1,0,,,,,,,,,
1150554,2018/19,2018-11-22,"Sir Vivian Richards Stadium, North Sound",1,17.6,India,England,DB Sharma,RP Yadav,D Hazell,0,0,,,,,,,,,
1150554,2018/19,2018-11-22,"Sir Vivian Richards Stadium, North Sound",1,18.1,India,England,RP Yadav,DB Sharma,A Shrubsole,0,0,,,,,,run out,RP Yadav,,
1150554,2018/19,2018-11-22,"Sir Vivian Richards Stadium, North Sound",1,18.2,India,England,DB Sharma,A Reddy,A Shrubsole,1,0,,,,,,,,,
1150554,2018/19,2018-11-22,"Sir Vivian Richards Stadium, North Sound",1,18.3,India,England,A Reddy,DB Sharma,A Shrubsole,0,0,,,,,,,,,
1150554,2018/19,2018-11-22,"Sir Vivian Richards Stadium, North Sound",1,18.4,India,England,A Reddy,DB Sharma,A Shrubsole,0,0,,,,,,,,,
1150554,2018/19,2018-11-22,"Sir Vivian Richards Stadium, North Sound",1,18.5,India,England,A Reddy,DB Sharma,A Shrubsole,4,0,,,,,,,,,
1150554,2018/19,2018-11-22,"Sir Vivian Richards Stadium, North Sound",1,18.6,India,England,A Reddy,DB Sharma,A Shrubsole,2,0,,,,,,,,,
1150554,2018/19,2018-11-22,"Sir Vivian Richards Stadium, North Sound",1,19.1,India,England,DB Sharma,A Reddy,S Ecclestone,1,0,,,,,,,,,
1150554,2018/19,2018-11-22,"Sir Vivian Richards Stadium, North Sound",1,19.2,India,England,A Reddy,DB Sharma,S Ecclestone,0,0,,,,,,stumped,A Reddy,,
1150554,2018/19,2018-11-22,"Sir Vivian Richards Stadium, North Sound",1,19.3,India,England,Poonam Yadav,DB Sharma,S Ecclestone,0,0,,,,,,run out,DB Sharma,,
1150554,2018/19,2018-11-22,"Sir Vivian Richards Stadium, North Sound",2,0.1,England,India,DN Wyatt,TT Beaumont,DB Sharma,0,0,,,,,,,,,
1150554,2018/19,2018-11-22,"Sir Vivian Richards Stadium, North Sound",2,0.2,England,India,DN Wyatt,TT Beaumont,DB Sharma,1,0,,,,,,,,,
1150554,2018/19,2018-11-22,"Sir Vivian Richards Stadium, North Sound",2,0.3,England,India,TT Beaumont,DN Wyatt,DB Sharma,1,0,,,,,,,,,
1150554,2018/19,2018-11-22,"Sir Vivian Richards Stadium, North Sound",2,0.4,England,India,DN Wyatt,TT Beaumont,DB Sharma,0,0,,,,,,,,,
1150554,2018/19,2018-11-22,"Sir Vivian Richards Stadium, North Sound",2,0.5,England,India,DN Wyatt,TT Beaumont,DB Sharma,0,0,,,,,,,,,
1150554,2018/19,2018-11-22,"Sir Vivian Richards Stadium, North Sound",2,0.6,England,India,DN Wyatt,TT Beaumont,DB Sharma,1,0,,,,,,,,,
1150554,2018/19,2018-11-22,"Sir Vivian Richards Stadium, North Sound",2,1.1,England,India,DN Wyatt,TT Beaumont,RP Yadav,1,0,,,,,,,,,
1150554,2018/19,2018-11-22,"Sir Vivian Richards Stadium, North Sound",2,1.2,England,India,TT Beaumont,DN Wyatt,RP Yadav,0,0,,,,,,,,,
1150554,2018/19,2018-11-22,"Sir Vivian Richards Stadium, North Sound",2,1.3,England,India,TT Beaumont,DN Wyatt,RP Yadav,0,0,,,,,,caught,TT Beaumont,,
1150554,2018/19,2018-11-22,"Sir Vivian Richards Stadium, North Sound",2,1.4,England,India,AE Jones,DN Wyatt,RP Yadav,1,0,,,,,,,,,
1150554,2018/19,2018-11-22,"Sir Vivian Richards Stadium, North Sound",2,1.5,England,India,DN Wyatt,AE Jones,RP Yadav,0,0,,,,,,,,,
1150554,2018/19,2018-11-22,"Sir Vivian Richards Stadium, North Sound",2,1.6,England,India,DN Wyatt,AE Jones,RP Yadav,1,0,,,,,,,,,
1150554,2018/19,2018-11-22,"Sir Vivian Richards Stadium, North Sound",2,2.1,England,India,DN Wyatt,AE Jones,DB Sharma,0,0,,,,,,,,,
1150554,2018/19,2018-11-22,"Sir Vivian Richards Stadium, North Sound",2,2.2,England,India,DN Wyatt,AE Jones,DB Sharma,1,0,,,,,,,,,
1150554,2018/19,2018-11-22,"Sir Vivian Richards Stadium, North Sound",2,2.3,England,India,AE Jones,DN Wyatt,DB Sharma,1,0,,,,,,,,,
1150554,2018/19,2018-11-22,"Sir Vivian Richards Stadium, North Sound",2,2.4,England,India,DN Wyatt,AE Jones,DB Sharma,1,0,,,,,,,,,
1150554,2018/19,2018-11-22,"Sir Vivian Richards Stadium, North Sound",2,2.5,England,India,AE Jones,DN Wyatt,DB Sharma,4,0,,,,,,,,,
1150554,2018/19,2018-11-22,"Sir Vivian Richards Stadium, North Sound",2,2.6,England,India,AE Jones,DN Wyatt,DB Sharma,1,0,,,,,,,,,
1150554,2018/19,2018-11-22,"Sir Vivian Richards Stadium, North Sound",2,3.1,England,India,AE Jones,DN Wyatt,RP Yadav,0,0,,,,,,,,,
1150554,2018/19,2018-11-22,"Sir Vivian Richards Stadium, North Sound",2,3.2,England,India,AE Jones,DN Wyatt,RP Yadav,0,0,,,,,,,,,
1150554,2018/19,2018-11-22,"Sir Vivian Richards Stadium, North Sound",2,3.3,England,India,AE Jones,DN Wyatt,RP Yadav,1,0,,,,,,,,,
1150554,2018/19,2018-11-22,"Sir Vivian Richards Stadium, North Sound",2,3.4,England,India,DN Wyatt,AE Jones,RP Yadav,1,0,,,,,,,,,
1150554,2018/19,2018-11-22,"Sir Vivian Richards Stadium, North Sound",2,3.5,England,India,AE Jones,DN Wyatt,RP Yadav,6,0,,,,,,,,,
1150554,2018/19,2018-11-22,"Sir Vivian Richards Stadium, North Sound",2,3.6,England,India,AE Jones,DN Wyatt,RP Yadav,0,0,,,,,,,,,
1150554,2018/19,2018-11-22,"Sir Vivian Richards Stadium, North Sound",2,4.1,England,India,DN Wyatt,AE Jones,DB Sharma,0,0,,,,,,,,,
1150554,2018/19,2018-11-22,"Sir Vivian Richards Stadium, North Sound",2,4.2,England,India,DN Wyatt,AE Jones,DB Sharma,1,0,,,,,,,,,
1150554,2018/19,2018-11-22,"Sir Vivian Richards Stadium, North Sound",2,4.3,England,India,AE Jones,DN Wyatt,DB Sharma,0,0,,,,,,,,,
1150554,2018/19,2018-11-22,"Sir Vivian Richards Stadium, North Sound",2,4.4,England,India,AE Jones,DN Wyatt,DB Sharma,1,0,,,,,,,,,
1150554,2018/19,2018-11-22,"Sir Vivian Richards Stadium, North Sound",2,4.5,England,India,DN Wyatt,AE Jones,DB Sharma,0,0,,,,,,caught,DN Wyatt,,
1150554,2018/19,2018-11-22,"Sir Vivian Richards Stadium, North Sound",2,4.6,England,India,AE Jones,NR Sciver,DB Sharma,1,0,,,,,,,,,
1150554,2018/19,2018-11-22,"Sir Vivian Richards Stadium, North Sound",2,5.1,England,India,AE Jones,NR Sciver,RP Yadav,1,0,,,,,,,,,
1150554,2018/19,2018-11-22,"Sir Vivian Richards Stadium, North Sound",2,5.2,England,India,NR Sciver,AE Jones,RP Yadav,0,0,,,,,,,,,
1150554,2018/19,2018-11-22,"Sir Vivian Richards Stadium, North Sound",2,5.3,England,India,NR Sciver,AE Jones,RP Yadav,1,0,,,,,,,,,
1150554,2018/19,2018-11-22,"Sir Vivian Richards Stadium, North Sound",2,5.4,England,India,AE Jones,NR Sciver,RP Yadav,0,1,1,,,,,,,,
1150554,2018/19,2018-11-22,"Sir Vivian Richards Stadium, North Sound",2,5.5,England,India,AE Jones,NR Sciver,RP Yadav,0,0,,,,,,,,,
1150554,2018/19,2018-11-22,"Sir Vivian Richards Stadium, North Sound",2,5.6,England,India,AE Jones,NR Sciver,RP Yadav,1,0,,,,,,,,,
1150554,2018/19,2018-11-22,"Sir Vivian Richards Stadium, North Sound",2,5.7,England,India,NR Sciver,AE Jones,RP Yadav,1,0,,,,,,,,,
1150554,2018/19,2018-11-22,"Sir Vivian Richards Stadium, North Sound",2,6.1,England,India,NR Sciver,AE Jones,AA Patil,1,0,,,,,,,,,
1150554,2018/19,2018-11-22,"Sir Vivian Richards Stadium, North Sound",2,6.2,England,India,AE Jones,NR Sciver,AA Patil,0,1,1,,,,,,,,
1150554,2018/19,2018-11-22,"Sir Vivian Richards Stadium, North Sound",2,6.3,England,India,AE Jones,NR Sciver,AA Patil,1,0,,,,,,,,,
1150554,2018/19,2018-11-22,"Sir Vivian Richards Stadium, North Sound",2,6.4,England,India,NR Sciver,AE Jones,AA Patil,1,0,,,,,,,,,
1150554,2018/19,2018-11-22,"Sir Vivian Richards Stadium, North Sound",2,6.5,England,India,AE Jones,NR Sciver,AA Patil,1,0,,,,,,,,,
1150554,2018/19,2018-11-22,"Sir Vivian Richards Stadium, North Sound",2,6.6,England,India,NR Sciver,AE Jones,AA Patil,1,0,,,,,,,,,
1150554,2018/19,2018-11-22,"Sir Vivian Richards Stadium, North Sound",2,6.7,England,India,AE Jones,NR Sciver,AA Patil,1,0,,,,,,,,,
1150554,2018/19,2018-11-22,"Sir Vivian Richards Stadium, North Sound",2,7.1,England,India,AE Jones,NR Sciver,Poonam Yadav,2,0,,,,,,,,,
1150554,2018/19,2018-11-22,"Sir Vivian Richards Stadium, North Sound",2,7.2,England,India,AE Jones,NR Sciver,Poonam Yadav,1,0,,,,,,,,,
1150554,2018/19,2018-11-22,"Sir Vivian Richards Stadium, North Sound",2,7.3,England,India,NR Sciver,AE Jones,Poonam Yadav,2,0,,,,,,,,,
1150554,2018/19,2018-11-22,"Sir Vivian Richards Stadium, North Sound",2,7.4,England,India,NR Sciver,AE Jones,Poonam Yadav,0,0,,,,,,,,,
1150554,2018/19,2018-11-22,"Sir Vivian Richards Stadium, North Sound",2,7.5,England,India,NR Sciver,AE Jones,Poonam Yadav,0,0,,,,,,,,,
1150554,2018/19,2018-11-22,"Sir Vivian Richards Stadium, North Sound",2,7.6,England,India,NR Sciver,AE Jones,Poonam Yadav,2,0,,,,,,,,,
1150554,2018/19,2018-11-22,"Sir Vivian Richards Stadium, North Sound",2,8.1,England,India,AE Jones,NR Sciver,AA Patil,0,0,,,,,,,,,
1150554,2018/19,2018-11-22,"Sir Vivian Richards Stadium, North Sound",2,8.2,England,India,AE Jones,NR Sciver,AA Patil,1,0,,,,,,,,,
1150554,2018/19,2018-11-22,"Sir Vivian Richards Stadium, North Sound",2,8.3,England,India,NR Sciver,AE Jones,AA Patil,1,0,,,,,,,,,
1150554,2018/19,2018-11-22,"Sir Vivian Richards Stadium, North Sound",2,8.4,England,India,AE Jones,NR Sciver,AA Patil,1,0,,,,,,,,,
1150554,2018/19,2018-11-22,"Sir Vivian Richards Stadium, North Sound",2,8.5,England,India,NR Sciver,AE Jones,AA Patil,4,0,,,,,,,,,
1150554,2018/19,2018-11-22,"Sir Vivian Richards Stadium, North Sound",2,8.6,England,India,NR Sciver,AE Jones,AA Patil,1,0,,,,,,,,,
1150554,2018/19,2018-11-22,"Sir Vivian Richards Stadium, North Sound",2,9.1,England,India,NR Sciver,AE Jones,Poonam Yadav,0,0,,,,,,,,,
1150554,2018/19,2018-11-22,"Sir Vivian Richards Stadium, North Sound",2,9.2,England,India,NR Sciver,AE Jones,Poonam Yadav,0,0,,,,,,,,,
1150554,2018/19,2018-11-22,"Sir Vivian Richards Stadium, North Sound",2,9.3,England,India,NR Sciver,AE Jones,Poonam Yadav,4,0,,,,,,,,,
1150554,2018/19,2018-11-22,"Sir Vivian Richards Stadium, North Sound",2,9.4,England,India,NR Sciver,AE Jones,Poonam Yadav,2,0,,,,,,,,,
1150554,2018/19,2018-11-22,"Sir Vivian Richards Stadium, North Sound",2,9.5,England,India,NR Sciver,AE Jones,Poonam Yadav,1,0,,,,,,,,,
1150554,2018/19,2018-11-22,"Sir Vivian Richards Stadium, North Sound",2,9.6,England,India,AE Jones,NR Sciver,Poonam Yadav,1,0,,,,,,,,,
1150554,2018/19,2018-11-22,"Sir Vivian Richards Stadium, North Sound",2,10.1,England,India,AE Jones,NR Sciver,D Hemalatha,1,0,,,,,,,,,
1150554,2018/19,2018-11-22,"Sir Vivian Richards Stadium, North Sound",2,10.2,England,India,NR Sciver,AE Jones,D Hemalatha,4,0,,,,,,,,,
1150554,2018/19,2018-11-22,"Sir Vivian Richards Stadium, North Sound",2,10.3,England,India,NR Sciver,AE Jones,D Hemalatha,2,0,,,,,,,,,
1150554,2018/19,2018-11-22,"Sir Vivian Richards Stadium, North Sound",2,10.4,England,India,NR Sciver,AE Jones,D Hemalatha,1,0,,,,,,,,,
1150554,2018/19,2018-11-22,"Sir Vivian Richards Stadium, North Sound",2,10.5,England,India,AE Jones,NR Sciver,D Hemalatha,1,0,,,,,,,,,
1150554,2018/19,2018-11-22,"Sir Vivian Richards Stadium, North Sound",2,10.6,England,India,NR Sciver,AE Jones,D Hemalatha,1,0,,,,,,,,,
1150554,2018/19,2018-11-22,"Sir Vivian Richards Stadium, North Sound",2,11.1,England,India,AE Jones,NR Sciver,RP Yadav,0,0,,,,,,,,,
1150554,2018/19,2018-11-22,"Sir Vivian Richards Stadium, North Sound",2,11.2,England,India,AE Jones,NR Sciver,RP Yadav,1,0,,,,,,,,,
1150554,2018/19,2018-11-22,"Sir Vivian Richards Stadium, North Sound",2,11.3,England,India,NR Sciver,AE Jones,RP Yadav,1,0,,,,,,,,,
1150554,2018/19,2018-11-22,"Sir Vivian Richards Stadium, North Sound",2,11.4,England,India,AE Jones,NR Sciver,RP Yadav,1,0,,,,,,,,,
1150554,2018/19,2018-11-22,"Sir Vivian Richards Stadium, North Sound",2,11.5,England,India,NR Sciver,AE Jones,RP Yadav,1,0,,,,,,,,,
1150554,2018/19,2018-11-22,"Sir Vivian Richards Stadium, North Sound",2,11.6,England,India,AE Jones,NR Sciver,RP Yadav,0,0,,,,,,,,,
1150554,2018/19,2018-11-22,"Sir Vivian Richards Stadium, North Sound",2,12.1,England,India,NR Sciver,AE Jones,Poonam Yadav,1,0,,,,,,,,,
1150554,2018/19,2018-11-22,"Sir Vivian Richards Stadium, North Sound",2,12.2,England,India,AE Jones,NR Sciver,Poonam Yadav,1,0,,,,,,,,,
1150554,2018/19,2018-11-22,"Sir Vivian Richards Stadium, North Sound",2,12.3,England,India,NR Sciver,AE Jones,Poonam Yadav,1,0,,,,,,,,,
1150554,2018/19,2018-11-22,"Sir Vivian Richards Stadium, North Sound",2,12.4,England,India,AE Jones,NR Sciver,Poonam Yadav,1,0,,,,,,,,,
1150554,2018/19,2018-11-22,"Sir Vivian Richards Stadium, North Sound",2,12.5,England,India,NR Sciver,AE Jones,Poonam Yadav,1,0,,,,,,,,,
1150554,2018/19,2018-11-22,"Sir Vivian Richards Stadium, North Sound",2,12.6,England,India,AE Jones,NR Sciver,Poonam Yadav,0,0,,,,,,,,,
1150554,2018/19,2018-11-22,"Sir Vivian Richards Stadium, North Sound",2,13.1,England,India,NR Sciver,AE Jones,AA Patil,4,0,,,,,,,,,
1150554,2018/19,2018-11-22,"Sir Vivian Richards Stadium, North Sound",2,13.2,England,India,NR Sciver,AE Jones,AA Patil,1,0,,,,,,,,,
1150554,2018/19,2018-11-22,"Sir Vivian Richards Stadium, North Sound",2,13.3,England,India,AE Jones,NR Sciver,AA Patil,1,0,,,,,,,,,
1150554,2018/19,2018-11-22,"Sir Vivian Richards Stadium, North Sound",2,13.4,England,India,NR Sciver,AE Jones,AA Patil,1,0,,,,,,,,,
1150554,2018/19,2018-11-22,"Sir Vivian Richards Stadium, North Sound",2,13.5,England,India,AE Jones,NR Sciver,AA Patil,1,0,,,,,,,,,
1150554,2018/19,2018-11-22,"Sir Vivian Richards Stadium, North Sound",2,13.6,England,India,NR Sciver,AE Jones,AA Patil,0,0,,,,,,,,,
1150554,2018/19,2018-11-22,"Sir Vivian Richards Stadium, North Sound",2,14.1,England,India,AE Jones,NR Sciver,JI Rodrigues,1,0,,,,,,,,,
1150554,2018/19,2018-11-22,"Sir Vivian Richards Stadium, North Sound",2,14.2,England,India,NR Sciver,AE Jones,JI Rodrigues,1,0,,,,,,,,,
1150554,2018/19,2018-11-22,"Sir Vivian Richards Stadium, North Sound",2,14.3,England,India,AE Jones,NR Sciver,JI Rodrigues,0,0,,,,,,,,,
1150554,2018/19,2018-11-22,"Sir Vivian Richards Stadium, North Sound",2,14.4,England,India,AE Jones,NR Sciver,JI Rodrigues,2,0,,,,,,,,,
1150554,2018/19,2018-11-22,"Sir Vivian Richards Stadium, North Sound",2,14.5,England,India,AE Jones,NR Sciver,JI Rodrigues,2,0,,,,,,,,,
1150554,2018/19,2018-11-22,"Sir Vivian Richards Stadium, North Sound",2,14.6,England,India,AE Jones,NR Sciver,JI Rodrigues,0,0,,,,,,,,,
1150554,2018/19,2018-11-22,"Sir Vivian Richards Stadium, North Sound",2,15.1,England,India,NR Sciver,AE Jones,DB Sharma,1,0,,,,,,,,,
1150554,2018/19,2018-11-22,"Sir Vivian Richards Stadium, North Sound",2,15.2,England,India,AE Jones,NR Sciver,DB Sharma,1,0,,,,,,,,,
1150554,2018/19,2018-11-22,"Sir Vivian Richards Stadium, North Sound",2,15.3,England,India,NR Sciver,AE Jones,DB Sharma,2,0,,,,,,,,,
1150554,2018/19,2018-11-22,"Sir Vivian Richards Stadium, North Sound",2,15.4,England,India,NR Sciver,AE Jones,DB Sharma,1,0,,,,,,,,,
1150554,2018/19,2018-11-22,"Sir Vivian Richards Stadium, North Sound",2,15.5,England,India,AE Jones,NR Sciver,DB Sharma,4,0,,,,,,,,,
1150554,2018/19,2018-11-22,"Sir Vivian Richards Stadium, North Sound",2,15.6,England,India,AE Jones,NR Sciver,DB Sharma,1,0,,,,,,,,,
1150554,2018/19,2018-11-22,"Sir Vivian Richards Stadium, North Sound",2,16.1,England,India,AE Jones,NR Sciver,Poonam Yadav,1,0,,,,,,,,,
1150554,2018/19,2018-11-22,"Sir Vivian Richards Stadium, North Sound",2,16.2,England,India,NR Sciver,AE Jones,Poonam Yadav,1,0,,,,,,,,,
1150554,2018/19,2018-11-22,"Sir Vivian Richards Stadium, North Sound",2,16.3,England,India,AE Jones,NR Sciver,Poonam Yadav,1,0,,,,,,,,,
1150554,2018/19,2018-11-22,"Sir Vivian Richards Stadium, North Sound",2,16.4,England,India,NR Sciver,AE Jones,Poonam Yadav,4,0,,,,,,,,,
1150554,2018/19,2018-11-22,"Sir Vivian Richards Stadium, North Sound",2,16.5,England,India,NR Sciver,AE Jones,Poonam Yadav,1,0,,,,,,,,,
1150554,2018/19,2018-11-22,"Sir Vivian Richards Stadium, North Sound",2,16.6,England,India,AE Jones,NR Sciver,Poonam Yadav,1,0,,,,,,,,,
1150554,2018/19,2018-11-22,"Sir Vivian Richards Stadium, North Sound",2,17.1,England,India,AE Jones,NR Sciver,AA Patil,4,0,,,,,,,,,
