match_id,season,start_date,venue,innings,ball,batting_team,bowling_team,striker,non_striker,bowler,runs_off_bat,extras,wides,noballs,byes,legbyes,penalty,wicket_type,player_dismissed,other_wicket_type,other_player_dismissed
1150535,2018/19,2018-11-09,Providence Stadium,1,0.1,West Indies,Bangladesh,HK Matthews,DJS Dottin,Jahanara Alam,1,0,,,,,,,,,
1150535,2018/19,2018-11-09,Providence Stadium,1,0.2,West Indies,Bangladesh,DJS Dottin,HK Matthews,Jahanara Alam,1,0,,,,,,,,,
1150535,2018/19,2018-11-09,Providence Stadium,1,0.3,West Indies,Bangladesh,HK Matthews,DJS Dottin,Jahanara Alam,1,0,,,,,,,,,
1150535,2018/19,2018-11-09,Providence Stadium,1,0.4,West Indies,Bangladesh,DJS Dottin,HK Matthews,Jahanara Alam,6,0,,,,,,,,,
1150535,2018/19,2018-11-09,Providence Stadium,1,0.5,West Indies,Bangladesh,DJS Dottin,HK Matthews,Jahanara Alam,0,0,,,,,,,,,
1150535,2018/19,2018-11-09,Providence Stadium,1,0.6,West Indies,Bangladesh,DJS Dottin,HK Matthews,Jahanara Alam,0,0,,,,,,,,,
1150535,2018/19,2018-11-09,Providence Stadium,1,1.1,West Indies,Bangladesh,HK Matthews,DJS Dottin,Salma Khatun,0,0,,,,,,,,,
1150535,2018/19,2018-11-09,Providence Stadium,1,1.2,West Indies,Bangladesh,HK Matthews,DJS Dottin,Salma Khatun,0,0,,,,,,,,,
1150535,2018/19,2018-11-09,Providence Stadium,1,1.3,West Indies,Bangladesh,HK Matthews,DJS Dottin,Salma Khatun,1,0,,,,,,,,,
1150535,2018/19,2018-11-09,Providence Stadium,1,1.4,West Indies,Bangladesh,DJS Dottin,HK Matthews,Salma Khatun,0,0,,,,,,,,,
1150535,2018/19,2018-11-09,Providence Stadium,1,1.5,West Indies,Bangladesh,DJS Dottin,HK Matthews,Salma Khatun,1,0,,,,,,,,,
1150535,2018/19,2018-11-09,Providence Stadium,1,1.6,West Indies,Bangladesh,HK Matthews,DJS Dottin,Salma Khatun,3,0,,,,,,,,,
1150535,2018/19,2018-11-09,Providence Stadium,1,2.1,West Indies,Bangladesh,HK Matthews,DJS Dottin,Jahanara Alam,0,0,,,,,,caught,HK Matthews,,
1150535,2018/19,2018-11-09,Providence Stadium,1,2.2,West Indies,Bangladesh,DJS Dottin,SR Taylor,Jahanara Alam,0,0,,,,,,caught,DJS Dottin,,
1150535,2018/19,2018-11-09,Providence Stadium,1,2.3,West Indies,Bangladesh,SA Campbelle,SR Taylor,Jahanara Alam,0,1,1,,,,,,,,
1150535,2018/19,2018-11-09,Providence Stadium,1,2.4,West Indies,Bangladesh,SA Campbelle,SR Taylor,Jahanara Alam,0,0,,,,,,,,,
1150535,2018/19,2018-11-09,Providence Stadium,1,2.5,West Indies,Bangladesh,SA Campbelle,SR Taylor,Jahanara Alam,1,0,,,,,,,,,
1150535,2018/19,2018-11-09,Providence Stadium,1,2.6,West Indies,Bangladesh,SR Taylor,SA Campbelle,Jahanara Alam,1,0,,,,,,,,,
1150535,2018/19,2018-11-09,Providence Stadium,1,2.7,West Indies,Bangladesh,SA Campbelle,SR Taylor,Jahanara Alam,0,0,,,,,,,,,
1150535,2018/19,2018-11-09,Providence Stadium,1,3.1,West Indies,Bangladesh,SR Taylor,SA Campbelle,Salma Khatun,0,0,,,,,,,,,
1150535,2018/19,2018-11-09,Providence Stadium,1,3.2,West Indies,Bangladesh,SR Taylor,SA Campbelle,Salma Khatun,0,0,,,,,,,,,
1150535,2018/19,2018-11-09,Providence Stadium,1,3.3,West Indies,Bangladesh,SR Taylor,SA Campbelle,Salma Khatun,0,0,,,,,,,,,
1150535,2018/19,2018-11-09,Providence Stadium,1,3.4,West Indies,Bangladesh,SR Taylor,SA Campbelle,Salma Khatun,1,0,,,,,,,,,
1150535,2018/19,2018-11-09,Providence Stadium,1,3.5,West Indies,Bangladesh,SA Campbelle,SR Taylor,Salma Khatun,0,0,,,,,,,,,
1150535,2018/19,2018-11-09,Providence Stadium,1,3.6,West Indies,Bangladesh,SA Campbelle,SR Taylor,Salma Khatun,0,0,,,,,,lbw,SA Campbelle,,
1150535,2018/19,2018-11-09,Providence Stadium,1,4.1,West Indies,Bangladesh,SR Taylor,NY McLean,Jahanara Alam,1,0,,,,,,,,,
1150535,2018/19,2018-11-09,Providence Stadium,1,4.2,West Indies,Bangladesh,NY McLean,SR Taylor,Jahanara Alam,1,0,,,,,,,,,
1150535,2018/19,2018-11-09,Providence Stadium,1,4.3,West Indies,Bangladesh,SR Taylor,NY McLean,Jahanara Alam,0,0,,,,,,,,,
1150535,2018/19,2018-11-09,Providence Stadium,1,4.4,West Indies,Bangladesh,SR Taylor,NY McLean,Jahanara Alam,0,0,,,,,,,,,
1150535,2018/19,2018-11-09,Providence Stadium,1,4.5,West Indies,Bangladesh,SR Taylor,NY McLean,Jahanara Alam,0,0,,,,,,,,,
1150535,2018/19,2018-11-09,Providence Stadium,1,4.6,West Indies,Bangladesh,SR Taylor,NY McLean,Jahanara Alam,0,0,,,,,,,,,
1150535,2018/19,2018-11-09,Providence Stadium,1,5.1,West Indies,Bangladesh,NY McLean,SR Taylor,Khadija Tul Kubra,1,0,,,,,,,,,
1150535,2018/19,2018-11-09,Providence Stadium,1,5.2,West Indies,Bangladesh,SR Taylor,NY McLean,Khadija Tul Kubra,0,1,1,,,,,,,,
1150535,2018/19,2018-11-09,Providence Stadium,1,5.3,West Indies,Bangladesh,SR Taylor,NY McLean,Khadija Tul Kubra,0,0,,,,,,,,,
1150535,2018/19,2018-11-09,Providence Stadium,1,5.4,West Indies,Bangladesh,SR Taylor,NY McLean,Khadija Tul Kubra,0,0,,,,,,,,,
1150535,2018/19,2018-11-09,Providence Stadium,1,5.5,West Indies,Bangladesh,SR Taylor,NY McLean,Khadija Tul Kubra,1,0,,,,,,,,,
1150535,2018/19,2018-11-09,Providence Stadium,1,5.6,West Indies,Bangladesh,NY McLean,SR Taylor,Khadija Tul Kubra,0,0,,,,,,,,,
1150535,2018/19,2018-11-09,Providence Stadium,1,5.7,West Indies,Bangladesh,NY McLean,SR Taylor,Khadija Tul Kubra,0,0,,,,,,,,,
1150535,2018/19,2018-11-09,Providence Stadium,1,6.1,West Indies,Bangladesh,SR Taylor,NY McLean,Rumana Ahmed,1,0,,,,,,,,,
1150535,2018/19,2018-11-09,Providence Stadium,1,6.2,West Indies,Bangladesh,NY McLean,SR Taylor,Rumana Ahmed,0,0,,,,,,,,,
1150535,2018/19,2018-11-09,Providence Stadium,1,6.3,West Indies,Bangladesh,NY McLean,SR Taylor,Rumana Ahmed,1,0,,,,,,,,,
1150535,2018/19,2018-11-09,Providence Stadium,1,6.4,West Indies,Bangladesh,SR Taylor,NY McLean,Rumana Ahmed,0,0,,,,,,,,,
1150535,2018/19,2018-11-09,Providence Stadium,1,6.5,West Indies,Bangladesh,SR Taylor,NY McLean,Rumana Ahmed,0,0,,,,,,,,,
1150535,2018/19,2018-11-09,Providence Stadium,1,6.6,West Indies,Bangladesh,SR Taylor,NY McLean,Rumana Ahmed,1,0,,,,,,,,,
1150535,2018/19,2018-11-09,Providence Stadium,1,7.1,West Indies,Bangladesh,SR Taylor,NY McLean,Khadija Tul Kubra,0,0,,,,,,,,,
1150535,2018/19,2018-11-09,Providence Stadium,1,7.2,West Indies,Bangladesh,SR Taylor,NY McLean,Khadija Tul Kubra,0,0,,,,,,,,,
1150535,2018/19,2018-11-09,Providence Stadium,1,7.3,West Indies,Bangladesh,SR Taylor,NY McLean,Khadija Tul Kubra,1,0,,,,,,,,,
1150535,2018/19,2018-11-09,Providence Stadium,1,7.4,West Indies,Bangladesh,NY McLean,SR Taylor,Khadija Tul Kubra,6,0,,,,,,,,,
1150535,2018/19,2018-11-09,Providence Stadium,1,7.5,West Indies,Bangladesh,NY McLean,SR Taylor,Khadija Tul Kubra,2,0,,,,,,,,,
1150535,2018/19,2018-11-09,Providence Stadium,1,7.6,West Indies,Bangladesh,NY McLean,SR Taylor,Khadija Tul Kubra,0,0,,,,,,,,,
1150535,2018/19,2018-11-09,Providence Stadium,1,8.1,West Indies,Bangladesh,SR Taylor,NY McLean,Rumana Ahmed,1,0,,,,,,,,,
1150535,2018/19,2018-11-09,Providence Stadium,1,8.2,West Indies,Bangladesh,NY McLean,SR Taylor,Rumana Ahmed,0,0,,,,,,bowled,NY McLean,,
1150535,2018/19,2018-11-09,Providence Stadium,1,8.3,West Indies,Bangladesh,B Cooper,SR Taylor,Rumana Ahmed,0,0,,,,,,,,,
1150535,2018/19,2018-11-09,Providence Stadium,1,8.4,West Indies,Bangladesh,B Cooper,SR Taylor,Rumana Ahmed,0,0,,,,,,,,,
1150535,2018/19,2018-11-09,Providence Stadium,1,8.5,West Indies,Bangladesh,B Cooper,SR Taylor,Rumana Ahmed,0,0,,,,,,,,,
1150535,2018/19,2018-11-09,Providence Stadium,1,8.6,West Indies,Bangladesh,B Cooper,SR Taylor,Rumana Ahmed,1,0,,,,,,,,,
1150535,2018/19,2018-11-09,Providence Stadium,1,9.1,West Indies,Bangladesh,B Cooper,SR Taylor,Fahima Khatun,0,0,,,,,,,,,
1150535,2018/19,2018-11-09,Providence Stadium,1,9.2,West Indies,Bangladesh,B Cooper,SR Taylor,Fahima Khatun,1,0,,,,,,,,,
1150535,2018/19,2018-11-09,Providence Stadium,1,9.3,West Indies,Bangladesh,SR Taylor,B Cooper,Fahima Khatun,1,0,,,,,,,,,
1150535,2018/19,2018-11-09,Providence Stadium,1,9.4,West Indies,Bangladesh,B Cooper,SR Taylor,Fahima Khatun,1,0,,,,,,,,,
1150535,2018/19,2018-11-09,Providence Stadium,1,9.5,West Indies,Bangladesh,SR Taylor,B Cooper,Fahima Khatun,0,0,,,,,,,,,
1150535,2018/19,2018-11-09,Providence Stadium,1,9.6,West Indies,Bangladesh,SR Taylor,B Cooper,Fahima Khatun,0,0,,,,,,,,,
1150535,2018/19,2018-11-09,Providence Stadium,1,10.1,West Indies,Bangladesh,B Cooper,SR Taylor,Rumana Ahmed,1,0,,,,,,,,,
1150535,2018/19,2018-11-09,Providence Stadium,1,10.2,West Indies,Bangladesh,SR Taylor,B Cooper,Rumana Ahmed,0,0,,,,,,,,,
1150535,2018/19,2018-11-09,Providence Stadium,1,10.3,West Indies,Bangladesh,SR Taylor,B Cooper,Rumana Ahmed,0,0,,,,,,,,,
1150535,2018/19,2018-11-09,Providence Stadium,1,10.4,West Indies,Bangladesh,SR Taylor,B Cooper,Rumana Ahmed,1,0,,,,,,,,,
1150535,2018/19,2018-11-09,Providence Stadium,1,10.5,West Indies,Bangladesh,B Cooper,SR Taylor,Rumana Ahmed,0,0,,,,,,,,,
1150535,2018/19,2018-11-09,Providence Stadium,1,10.6,West Indies,Bangladesh,B Cooper,SR Taylor,Rumana Ahmed,1,0,,,,,,,,,
1150535,2018/19,2018-11-09,Providence Stadium,1,11.1,West Indies,Bangladesh,B Cooper,SR Taylor,Fahima Khatun,1,0,,,,,,,,,
1150535,2018/19,2018-11-09,Providence Stadium,1,11.2,West Indies,Bangladesh,SR Taylor,B Cooper,Fahima Khatun,1,0,,,,,,,,,
1150535,2018/19,2018-11-09,Providence Stadium,1,11.3,West Indies,Bangladesh,B Cooper,SR Taylor,Fahima Khatun,0,0,,,,,,,,,
1150535,2018/19,2018-11-09,Providence Stadium,1,11.4,West Indies,Bangladesh,B Cooper,SR Taylor,Fahima Khatun,1,0,,,,,,,,,
1150535,2018/19,2018-11-09,Providence Stadium,1,11.5,West Indies,Bangladesh,SR Taylor,B Cooper,Fahima Khatun,1,0,,,,,,,,,
1150535,2018/19,2018-11-09,Providence Stadium,1,11.6,West Indies,Bangladesh,B Cooper,SR Taylor,Fahima Khatun,0,0,,,,,,,,,
1150535,2018/19,2018-11-09,Providence Stadium,1,12.1,West Indies,Bangladesh,SR Taylor,B Cooper,Khadija Tul Kubra,1,0,,,,,,,,,
1150535,2018/19,2018-11-09,Providence Stadium,1,12.2,West Indies,Bangladesh,B Cooper,SR Taylor,Khadija Tul Kubra,0,0,,,,,,,,,
1150535,2018/19,2018-11-09,Providence Stadium,1,12.3,West Indies,Bangladesh,B Cooper,SR Taylor,Khadija Tul Kubra,0,0,,,,,,,,,
1150535,2018/19,2018-11-09,Providence Stadium,1,12.4,West Indies,Bangladesh,B Cooper,SR Taylor,Khadija Tul Kubra,1,0,,,,,,,,,
1150535,2018/19,2018-11-09,Providence Stadium,1,12.5,West Indies,Bangladesh,SR Taylor,B Cooper,Khadija Tul Kubra,1,0,,,,,,,,,
1150535,2018/19,2018-11-09,Providence Stadium,1,12.6,West Indies,Bangladesh,B Cooper,SR Taylor,Khadija Tul Kubra,0,0,,,,,,caught,B Cooper,,
1150535,2018/19,2018-11-09,Providence Stadium,1,13.1,West Indies,Bangladesh,SR Taylor,Kycia A Knight,Fahima Khatun,4,0,,,,,,,,,
1150535,2018/19,2018-11-09,Providence Stadium,1,13.2,West Indies,Bangladesh,SR Taylor,Kycia A Knight,Fahima Khatun,1,0,,,,,,,,,
1150535,2018/19,2018-11-09,Providence Stadium,1,13.3,West Indies,Bangladesh,Kycia A Knight,SR Taylor,Fahima Khatun,1,0,,,,,,,,,
1150535,2018/19,2018-11-09,Providence Stadium,1,13.4,West Indies,Bangladesh,SR Taylor,Kycia A Knight,Fahima Khatun,0,0,,,,,,,,,
1150535,2018/19,2018-11-09,Providence Stadium,1,13.5,West Indies,Bangladesh,SR Taylor,Kycia A Knight,Fahima Khatun,1,0,,,,,,,,,
1150535,2018/19,2018-11-09,Providence Stadium,1,13.6,West Indies,Bangladesh,Kycia A Knight,SR Taylor,Fahima Khatun,1,0,,,,,,,,,
1150535,2018/19,2018-11-09,Providence Stadium,1,14.1,West Indies,Bangladesh,Kycia A Knight,SR Taylor,Khadija Tul Kubra,1,0,,,,,,,,,
1150535,2018/19,2018-11-09,Providence Stadium,1,14.2,West Indies,Bangladesh,SR Taylor,Kycia A Knight,Khadija Tul Kubra,0,1,1,,,,,,,,
1150535,2018/19,2018-11-09,Providence Stadium,1,14.3,West Indies,Bangladesh,SR Taylor,Kycia A Knight,Khadija Tul Kubra,0,2,,,,2,,,,,
1150535,2018/19,2018-11-09,Providence Stadium,1,14.4,West Indies,Bangladesh,SR Taylor,Kycia A Knight,Khadija Tul Kubra,1,0,,,,,,,,,
1150535,2018/19,2018-11-09,Providence Stadium,1,14.5,West Indies,Bangladesh,Kycia A Knight,SR Taylor,Khadija Tul Kubra,0,0,,,,,,,,,
1150535,2018/19,2018-11-09,Providence Stadium,1,14.6,West Indies,Bangladesh,Kycia A Knight,SR Taylor,Khadija Tul Kubra,0,0,,,,,,,,,
1150535,2018/19,2018-11-09,Providence Stadium,1,14.7,West Indies,Bangladesh,Kycia A Knight,SR Taylor,Khadija Tul Kubra,1,0,,,,,,,,,
1150535,2018/19,2018-11-09,Providence Stadium,1,15.1,West Indies,Bangladesh,Kycia A Knight,SR Taylor,Fahima Khatun,1,0,,,,,,,,,
1150535,2018/19,2018-11-09,Providence Stadium,1,15.2,West Indies,Bangladesh,SR Taylor,Kycia A Knight,Fahima Khatun,1,0,,,,,,,,,
1150535,2018/19,2018-11-09,Providence Stadium,1,15.3,West Indies,Bangladesh,Kycia A Knight,SR Taylor,Fahima Khatun,1,0,,,,,,,,,
1150535,2018/19,2018-11-09,Providence Stadium,1,15.4,West Indies,Bangladesh,SR Taylor,Kycia A Knight,Fahima Khatun,4,0,,,,,,,,,
1150535,2018/19,2018-11-09,Providence Stadium,1,15.5,West Indies,Bangladesh,SR Taylor,Kycia A Knight,Fahima Khatun,1,0,,,,,,,,,
1150535,2018/19,2018-11-09,Providence Stadium,1,15.6,West Indies,Bangladesh,Kycia A Knight,SR Taylor,Fahima Khatun,1,0,,,,,,,,,
1150535,2018/19,2018-11-09,Providence Stadium,1,16.1,West Indies,Bangladesh,Kycia A Knight,SR Taylor,Salma Khatun,2,0,,,,,,,,,
1150535,2018/19,2018-11-09,Providence Stadium,1,16.2,West Indies,Bangladesh,Kycia A Knight,SR Taylor,Salma Khatun,0,0,,,,,,,,,
1150535,2018/19,2018-11-09,Providence Stadium,1,16.3,West Indies,Bangladesh,Kycia A Knight,SR Taylor,Salma Khatun,1,0,,,,,,,,,
1150535,2018/19,2018-11-09,Providence Stadium,1,16.4,West Indies,Bangladesh,SR Taylor,Kycia A Knight,Salma Khatun,0,0,,,,,,,,,
1150535,2018/19,2018-11-09,Providence Stadium,1,16.5,West Indies,Bangladesh,SR Taylor,Kycia A Knight,Salma Khatun,1,0,,,,,,,,,
1150535,2018/19,2018-11-09,Providence Stadium,1,16.6,West Indies,Bangladesh,Kycia A Knight,SR Taylor,Salma Khatun,1,0,,,,,,,,,
1150535,2018/19,2018-11-09,Providence Stadium,1,17.1,West Indies,Bangladesh,Kycia A Knight,SR Taylor,Rumana Ahmed,6,0,,,,,,,,,
1150535,2018/19,2018-11-09,Providence Stadium,1,17.2,West Indies,Bangladesh,Kycia A Knight,SR Taylor,Rumana Ahmed,0,0,,,,,,,,,
1150535,2018/19,2018-11-09,Providence Stadium,1,17.3,West Indies,Bangladesh,Kycia A Knight,SR Taylor,Rumana Ahmed,1,0,,,,,,,,,
1150535,2018/19,2018-11-09,Providence Stadium,1,17.4,West Indies,Bangladesh,SR Taylor,Kycia A Knight,Rumana Ahmed,1,0,,,,,,,,,
1150535,2018/19,2018-11-09,Providence Stadium,1,17.5,West Indies,Bangladesh,Kycia A Knight,SR Taylor,Rumana Ahmed,0,1,,,1,,,,,,
1150535,2018/19,2018-11-09,Providence Stadium,1,17.6,West Indies,Bangladesh,SR Taylor,Kycia A Knight,Rumana Ahmed,0,0,,,,,,caught,SR Taylor,,
1150535,2018/19,2018-11-09,Providence Stadium,1,18.1,West Indies,Bangladesh,Kycia A Knight,A Mohammed,Salma Khatun,2,0,,,,,,,,,
1150535,2018/19,2018-11-09,Providence Stadium,1,18.2,West Indies,Bangladesh,Kycia A Knight,A Mohammed,Salma Khatun,4,0,,,,,,,,,
1150535,2018/19,2018-11-09,Providence Stadium,1,18.3,West Indies,Bangladesh,Kycia A Knight,A Mohammed,Salma Khatun,1,0,,,,,,,,,
1150535,2018/19,2018-11-09,Providence Stadium,1,18.4,West Indies,Bangladesh,A Mohammed,Kycia A Knight,Salma Khatun,2,0,,,,,,,,,
1150535,2018/19,2018-11-09,Providence Stadium,1,18.5,West Indies,Bangladesh,A Mohammed,Kycia A Knight,Salma Khatun,0,0,,,,,,,,,
1150535,2018/19,2018-11-09,Providence Stadium,1,18.6,West Indies,Bangladesh,A Mohammed,Kycia A Knight,Salma Khatun,1,0,,,,,,,,,
1150535,2018/19,2018-11-09,Providence Stadium,1,19.1,West Indies,Bangladesh,A Mohammed,Kycia A Knight,Jahanara Alam,1,0,,,,,,,,,
1150535,2018/19,2018-11-09,Providence Stadium,1,19.2,West Indies,Bangladesh,Kycia A Knight,A Mohammed,Jahanara Alam,0,0,,,,,,,,,
1150535,2018/19,2018-11-09,Providence Stadium,1,19.3,West Indies,Bangladesh,Kycia A Knight,A Mohammed,Jahanara Alam,4,0,,,,,,,,,
1150535,2018/19,2018-11-09,Providence Stadium,1,19.4,West Indies,Bangladesh,Kycia A Knight,A Mohammed,Jahanara Alam,3,0,,,,,,,,,
1150535,2018/19,2018-11-09,Providence Stadium,1,19.5,West Indies,Bangladesh,A Mohammed,Kycia A Knight,Jahanara Alam,0,0,,,,,,run out,A Mohammed,,
1150535,2018/19,2018-11-09,Providence Stadium,1,19.6,West Indies,Bangladesh,Kycia A Knight,ASS Fletcher,Jahanara Alam,0,1,1,,,,,,,,
1150535,2018/19,2018-11-09,Providence Stadium,1,19.7,West Indies,Bangladesh,Kycia A Knight,ASS Fletcher,Jahanara Alam,0,0,,,,,,caught and bowled,Kycia A Knight,,
1150535,2018/19,2018-11-09,Providence Stadium,2,0.1,Bangladesh,West Indies,Shamima Sultana,Ayasha Rahman,SC Selman,1,0,,,,,,,,,
1150535,2018/19,2018-11-09,Providence Stadium,2,0.2,Bangladesh,West Indies,Ayasha Rahman,Shamima Sultana,SC Selman,1,0,,,,,,,,,
1150535,2018/19,2018-11-09,Providence Stadium,2,0.3,Bangladesh,West Indies,Shamima Sultana,Ayasha Rahman,SC Selman,0,0,,,,,,,,,
1150535,2018/19,2018-11-09,Providence Stadium,2,0.4,Bangladesh,West Indies,Shamima Sultana,Ayasha Rahman,SC Selman,0,0,,,,,,,,,
1150535,2018/19,2018-11-09,Providence Stadium,2,0.5,Bangladesh,West Indies,Shamima Sultana,Ayasha Rahman,SC Selman,4,0,,,,,,,,,
1150535,2018/19,2018-11-09,Providence Stadium,2,0.6,Bangladesh,West Indies,Shamima Sultana,Ayasha Rahman,SC Selman,0,0,,,,,,caught,Shamima Sultana,,
1150535,2018/19,2018-11-09,Providence Stadium,2,1.1,Bangladesh,West Indies,Ayasha Rahman,Jahanara Alam,SS Connell,0,0,,,,,,,,,
1150535,2018/19,2018-11-09,Providence Stadium,2,1.2,Bangladesh,West Indies,Ayasha Rahman,Jahanara Alam,SS Connell,0,0,,,,,,,,,
1150535,2018/19,2018-11-09,Providence Stadium,2,1.3,Bangladesh,West Indies,Ayasha Rahman,Jahanara Alam,SS Connell,0,1,1,,,,,,,,
1150535,2018/19,2018-11-09,Providence Stadium,2,1.4,Bangladesh,West Indies,Ayasha Rahman,Jahanara Alam,SS Connell,0,0,,,,,,,,,
1150535,2018/19,2018-11-09,Providence Stadium,2,1.5,Bangladesh,West Indies,Ayasha Rahman,Jahanara Alam,SS Connell,1,0,,,,,,,,,
1150535,2018/19,2018-11-09,Providence Stadium,2,1.6,Bangladesh,West Indies,Jahanara Alam,Ayasha Rahman,SS Connell,0,0,,,,,,,,,
1150535,2018/19,2018-11-09,Providence Stadium,2,1.7,Bangladesh,West Indies,Jahanara Alam,Ayasha Rahman,SS Connell,1,0,,,,,,,,,
1150535,2018/19,2018-11-09,Providence Stadium,2,2.1,Bangladesh,West Indies,Jahanara Alam,Ayasha Rahman,SC Selman,0,0,,,,,,,,,
1150535,2018/19,2018-11-09,Providence Stadium,2,2.2,Bangladesh,West Indies,Jahanara Alam,Ayasha Rahman,SC Selman,0,0,,,,,,,,,
1150535,2018/19,2018-11-09,Providence Stadium,2,2.3,Bangladesh,West Indies,Jahanara Alam,Ayasha Rahman,SC Selman,0,0,,,,,,,,,
1150535,2018/19,2018-11-09,Providence Stadium,2,2.4,Bangladesh,West Indies,Jahanara Alam,Ayasha Rahman,SC Selman,0,0,,,,,,,,,
1150535,2018/19,2018-11-09,Providence Stadium,2,2.5,Bangladesh,West Indies,Jahanara Alam,Ayasha Rahman,SC Selman,1,0,,,,,,,,,
1150535,2018/19,2018-11-09,Providence Stadium,2,2.6,Bangladesh,West Indies,Ayasha Rahman,Jahanara Alam,SC Selman,0,0,,,,,,,,,
1150535,2018/19,2018-11-09,Providence Stadium,2,3.1,Bangladesh,West Indies,Jahanara Alam,Ayasha Rahman,SS Connell,0,0,,,,,,,,,
1150535,2018/19,2018-11-09,Providence Stadium,2,3.2,Bangladesh,West Indies,Jahanara Alam,Ayasha Rahman,SS Connell,0,0,,,,,,,,,
1150535,2018/19,2018-11-09,Providence Stadium,2,3.3,Bangladesh,West Indies,Jahanara Alam,Ayasha Rahman,SS Connell,0,0,,,,,,,,,
1150535,2018/19,2018-11-09,Providence Stadium,2,3.4,Bangladesh,West Indies,Jahanara Alam,Ayasha Rahman,SS Connell,0,0,,,,,,,,,
1150535,2018/19,2018-11-09,Providence Stadium,2,3.5,Bangladesh,West Indies,Jahanara Alam,Ayasha Rahman,SS Connell,1,0,,,,,,,,,
1150535,2018/19,2018-11-09,Providence Stadium,2,3.6,Bangladesh,West Indies,Ayasha Rahman,Jahanara Alam,SS Connell,0,0,,,,,,,,,
1150535,2018/19,2018-11-09,Providence Stadium,2,4.1,Bangladesh,West Indies,Jahanara Alam,Ayasha Rahman,SC Selman,0,0,,,,,,,,,
1150535,2018/19,2018-11-09,Providence Stadium,2,4.2,Bangladesh,West Indies,Jahanara Alam,Ayasha Rahman,SC Selman,0,0,,,,,,,,,
1150535,2018/19,2018-11-09,Providence Stadium,2,4.3,Bangladesh,West Indies,Jahanara Alam,Ayasha Rahman,SC Selman,0,0,,,,,,,,,
1150535,2018/19,2018-11-09,Providence Stadium,2,4.4,Bangladesh,West Indies,Jahanara Alam,Ayasha Rahman,SC Selman,0,0,,,,,,,,,
1150535,2018/19,2018-11-09,Providence Stadium,2,4.5,Bangladesh,West Indies,Jahanara Alam,Ayasha Rahman,SC Selman,0,0,,,,,,,,,
1150535,2018/19,2018-11-09,Providence Stadium,2,4.6,Bangladesh,West Indies,Jahanara Alam,Ayasha Rahman,SC Selman,0,0,,,,,,caught,Jahanara Alam,,
1150535,2018/19,2018-11-09,Providence Stadium,2,5.1,Bangladesh,West Indies,Fargana Hoque,Ayasha Rahman,SR Taylor,1,0,,,,,,,,,
1150535,2018/19,2018-11-09,Providence Stadium,2,5.2,Bangladesh,West Indies,Ayasha Rahman,Fargana Hoque,SR Taylor,0,0,,,,,,,,,
1150535,2018/19,2018-11-09,Providence Stadium,2,5.3,Bangladesh,West Indies,Ayasha Rahman,Fargana Hoque,SR Taylor,0,2,,,2,,,,,,
1150535,2018/19,2018-11-09,Providence Stadium,2,5.4,Bangladesh,West Indies,Ayasha Rahman,Fargana Hoque,SR Taylor,0,0,,,,,,,,,
1150535,2018/19,2018-11-09,Providence Stadium,2,5.5,Bangladesh,West Indies,Ayasha Rahman,Fargana Hoque,SR Taylor,4,0,,,,,,,,,
1150535,2018/19,2018-11-09,Providence Stadium,2,5.6,Bangladesh,West Indies,Ayasha Rahman,Fargana Hoque,SR Taylor,0,1,1,,,,,,,,
1150535,2018/19,2018-11-09,Providence Stadium,2,5.7,Bangladesh,West Indies,Ayasha Rahman,Fargana Hoque,SR Taylor,0,0,,,,,,bowled,Ayasha Rahman,,
1150535,2018/19,2018-11-09,Providence Stadium,2,6.1,Bangladesh,West Indies,Fargana Hoque,Nigar Sultana,SC Selman,4,0,,,,,,,,,
1150535,2018/19,2018-11-09,Providence Stadium,2,6.2,Bangladesh,West Indies,Fargana Hoque,Nigar Sultana,SC Selman,0,0,,,,,,,,,
1150535,2018/19,2018-11-09,Providence Stadium,2,6.3,Bangladesh,West Indies,Fargana Hoque,Nigar Sultana,SC Selman,0,0,,,,,,,,,
1150535,2018/19,2018-11-09,Providence Stadium,2,6.4,Bangladesh,West Indies,Fargana Hoque,Nigar Sultana,SC Selman,1,0,,,,,,,,,
1150535,2018/19,2018-11-09,Providence Stadium,2,6.5,Bangladesh,West Indies,Nigar Sultana,Fargana Hoque,SC Selman,0,0,,,,,,,,,
1150535,2018/19,2018-11-09,Providence Stadium,2,6.6,Bangladesh,West Indies,Nigar Sultana,Fargana Hoque,SC Selman,0,0,,,,,,,,,
1150535,2018/19,2018-11-09,Providence Stadium,2,7.1,Bangladesh,West Indies,Fargana Hoque,Nigar Sultana,SR Taylor,1,0,,,,,,,,,
1150535,2018/19,2018-11-09,Providence Stadium,2,7.2,Bangladesh,West Indies,Nigar Sultana,Fargana Hoque,SR Taylor,0,0,,,,,,,,,
1150535,2018/19,2018-11-09,Providence Stadium,2,7.3,Bangladesh,West Indies,Nigar Sultana,Fargana Hoque,SR Taylor,1,0,,,,,,,,,
1150535,2018/19,2018-11-09,Providence Stadium,2,7.4,Bangladesh,West Indies,Fargana Hoque,Nigar Sultana,SR Taylor,1,0,,,,,,,,,
1150535,2018/19,2018-11-09,Providence Stadium,2,7.5,Bangladesh,West Indies,Nigar Sultana,Fargana Hoque,SR Taylor,0,0,,,,,,,,,
1150535,2018/19,2018-11-09,Providence Stadium,2,7.6,Bangladesh,West Indies,Nigar Sultana,Fargana Hoque,SR Taylor,1,0,,,,,,,,,
1150535,2018/19,2018-11-09,Providence Stadium,2,8.1,Bangladesh,West Indies,Nigar Sultana,Fargana Hoque,DJS Dottin,0,1,,,,1,,,,,
1150535,2018/19,2018-11-09,Providence Stadium,2,8.2,Bangladesh,West Indies,Fargana Hoque,Nigar Sultana,DJS Dottin,0,0,,,,,,caught and bowled,Fargana Hoque,,
1150535,2018/19,2018-11-09,Providence Stadium,2,8.3,Bangladesh,West Indies,Nigar Sultana,Rumana Ahmed,DJS Dottin,0,0,,,,,,,,,
1150535,2018/19,2018-11-09,Providence Stadium,2,8.4,Bangladesh,West Indies,Nigar Sultana,Rumana Ahmed,DJS Dottin,0,0,,,,,,bowled,Nigar Sultana,,
1150535,2018/19,2018-11-09,Providence Stadium,2,8.5,Bangladesh,West Indies,Sanjida Islam,Rumana Ahmed,DJS Dottin,0,0,,,,,,,,,
1150535,2018/19,2018-11-09,Providence Stadium,2,8.6,Bangladesh,West Indies,Sanjida Islam,Rumana Ahmed,DJS Dottin,0,0,,,,,,,,,
1150535,2018/19,2018-11-09,Providence Stadium,2,9.1,Bangladesh,West Indies,Rumana Ahmed,Sanjida Islam,ASS Fletcher,1,0,,,,,,,,,
1150535,2018/19,2018-11-09,Providence Stadium,2,9.2,Bangladesh,West Indies,Sanjida Islam,Rumana Ahmed,ASS Fletcher,2,0,,,,,,,,,
1150535,2018/19,2018-11-09,Providence Stadium,2,9.3,Bangladesh,West Indies,Sanjida Islam,Rumana Ahmed,ASS Fletcher,0,0,,,,,,,,,
1150535,2018/19,2018-11-09,Providence Stadium,2,9.4,Bangladesh,West Indies,Sanjida Islam,Rumana Ahmed,ASS Fletcher,0,0,,,,,,,,,
1150535,2018/19,2018-11-09,Providence Stadium,2,9.5,Bangladesh,West Indies,Sanjida Islam,Rumana Ahmed,ASS Fletcher,0,0,,,,,,,,,
1150535,2018/19,2018-11-09,Providence Stadium,2,9.6,Bangladesh,West Indies,Sanjida Islam,Rumana Ahmed,ASS Fletcher,0,0,,,,,,,,,
1150535,2018/19,2018-11-09,Providence Stadium,2,10.1,Bangladesh,West Indies,Rumana Ahmed,Sanjida Islam,DJS Dottin,0,1,1,,,,,,,,
1150535,2018/19,2018-11-09,Providence Stadium,2,10.2,Bangladesh,West Indies,Rumana Ahmed,Sanjida Islam,DJS Dottin,1,0,,,,,,,,,
1150535,2018/19,2018-11-09,Providence Stadium,2,10.3,Bangladesh,West Indies,Sanjida Islam,Rumana Ahmed,DJS Dottin,0,0,,,,,,,,,
1150535,2018/19,2018-11-09,Providence Stadium,2,10.4,Bangladesh,West Indies,Sanjida Islam,Rumana Ahmed,DJS Dottin,1,0,,,,,,,,,
1150535,2018/19,2018-11-09,Providence Stadium,2,10.5,Bangladesh,West Indies,Rumana Ahmed,Sanjida Islam,DJS Dottin,0,0,,,,,,bowled,Rumana Ahmed,,
1150535,2018/19,2018-11-09,Providence Stadium,2,10.6,Bangladesh,West Indies,Lata Mondal,Sanjida Islam,DJS Dottin,0,0,,,,,,,,,
1150535,2018/19,2018-11-09,Providence Stadium,2,10.7,Bangladesh,West Indies,Lata Mondal,Sanjida Islam,DJS Dottin,0,0,,,,,,bowled,Lata Mondal,,
1150535,2018/19,2018-11-09,Providence Stadium,2,11.1,Bangladesh,West Indies,Sanjida Islam,Fahima Khatun,ASS Fletcher,1,0,,,,,,,,,
1150535,2018/19,2018-11-09,Providence Stadium,2,11.2,Bangladesh,West Indies,Fahima Khatun,Sanjida Islam,ASS Fletcher,1,0,,,,,,,,,
1150535,2018/19,2018-11-09,Providence Stadium,2,11.3,Bangladesh,West Indies,Sanjida Islam,Fahima Khatun,ASS Fletcher,0,0,,,,,,bowled,Sanjida Islam,,
1150535,2018/19,2018-11-09,Providence Stadium,2,11.4,Bangladesh,West Indies,Salma Khatun,Fahima Khatun,ASS Fletcher,0,1,1,,,,,,,,
1150535,2018/19,2018-11-09,Providence Stadium,2,11.5,Bangladesh,West Indies,Salma Khatun,Fahima Khatun,ASS Fletcher,1,0,,,,,,,,,
1150535,2018/19,2018-11-09,Providence Stadium,2,11.6,Bangladesh,West Indies,Fahima Khatun,Salma Khatun,ASS Fletcher,1,0,,,,,,,,,
1150535,2018/19,2018-11-09,Providence Stadium,2,11.7,Bangladesh,West Indies,Salma Khatun,Fahima Khatun,ASS Fletcher,1,0,,,,,,,,,
1150535,2018/19,2018-11-09,Providence Stadium,2,12.1,Bangladesh,West Indies,Salma Khatun,Fahima Khatun,DJS Dottin,1,0,,,,,,,,,
1150535,2018/19,2018-11-09,Providence Stadium,2,12.2,Bangladesh,West Indies,Fahima Khatun,Salma Khatun,DJS Dottin,0,0,,,,,,,,,
1150535,2018/19,2018-11-09,Providence Stadium,2,12.3,Bangladesh,West Indies,Fahima Khatun,Salma Khatun,DJS Dottin,0,0,,,,,,,,,
1150535,2018/19,2018-11-09,Providence Stadium,2,12.4,Bangladesh,West Indies,Fahima Khatun,Salma Khatun,DJS Dottin,0,0,,,,,,,,,
1150535,2018/19,2018-11-09,Providence Stadium,2,12.5,Bangladesh,West Indies,Fahima Khatun,Salma Khatun,DJS Dottin,0,0,,,,,,,,,
1150535,2018/19,2018-11-09,Providence Stadium,2,12.6,Bangladesh,West Indies,Fahima Khatun,Salma Khatun,DJS Dottin,0,0,,,,,,,,,
1150535,2018/19,2018-11-09,Providence Stadium,2,13.1,Bangladesh,West Indies,Salma Khatun,Fahima Khatun,ASS Fletcher,0,0,,,,,,,,,
1150535,2018/19,2018-11-09,Providence Stadium,2,13.2,Bangladesh,West Indies,Salma Khatun,Fahima Khatun,ASS Fletcher,0,0,,,,,,,,,
1150535,2018/19,2018-11-09,Providence Stadium,2,13.3,Bangladesh,West Indies,Salma Khatun,Fahima Khatun,ASS Fletcher,0,0,,,,,,,,,
1150535,2018/19,2018-11-09,Providence Stadium,2,13.4,Bangladesh,West Indies,Salma Khatun,Fahima Khatun,ASS Fletcher,1,0,,,,,,,,,
1150535,2018/19,2018-11-09,Providence Stadium,2,13.5,Bangladesh,West Indies,Fahima Khatun,Salma Khatun,ASS Fletcher,1,0,,,,,,,,,
1150535,2018/19,2018-11-09,Providence Stadium,2,13.6,Bangladesh,West Indies,Salma Khatun,Fahima Khatun,ASS Fletcher,1,0,,,,,,,,,
1150535,2018/19,2018-11-09,Providence Stadium,2,14.1,Bangladesh,West Indies,Salma Khatun,Fahima Khatun,DJS Dottin,0,0,,,,,,bowled,Salma Khatun,,
1150535,2018/19,2018-11-09,Providence Stadium,2,14.2,Bangladesh,West Indies,Khadija Tul Kubra,Fahima Khatun,DJS Dottin,0,0,,,,,,,,,
1150535,2018/19,2018-11-09,Providence Stadium,2,14.3,Bangladesh,West Indies,Khadija Tul Kubra,Fahima Khatun,DJS Dottin,1,0,,,,,,,,,
1150535,2018/19,2018-11-09,Providence Stadium,2,14.4,Bangladesh,West Indies,Fahima Khatun,Khadija Tul Kubra,DJS Dottin,0,0,,,,,,run out,Khadija Tul Kubra,,
