match_id,season,start_date,venue,innings,ball,batting_team,bowling_team,striker,non_striker,bowler,runs_off_bat,extras,wides,noballs,byes,legbyes,penalty,wicket_type,player_dismissed,other_wicket_type,other_player_dismissed
1153860,2018/19,2019-02-10,Seddon Park,1,0.1,New Zealand,India,SFM Devine,SW Bates,DB Sharma,0,0,,,,,,,,,
1153860,2018/19,2019-02-10,Seddon Park,1,0.2,New Zealand,India,SFM Devine,SW Bates,DB Sharma,1,0,,,,,,,,,
1153860,2018/19,2019-02-10,Seddon Park,1,0.3,New Zealand,India,SW Bates,SFM Devine,DB Sharma,1,0,,,,,,,,,
1153860,2018/19,2019-02-10,Seddon Park,1,0.4,New Zealand,India,SFM Devine,SW Bates,DB Sharma,0,0,,,,,,,,,
1153860,2018/19,2019-02-10,Seddon Park,1,0.5,New Zealand,India,SFM Devine,SW Bates,DB Sharma,1,0,,,,,,,,,
1153860,2018/19,2019-02-10,Seddon Park,1,0.6,New Zealand,India,SW Bates,SFM Devine,DB Sharma,0,0,,,,,,,,,
1153860,2018/19,2019-02-10,Seddon Park,1,1.1,New Zealand,India,SFM Devine,SW Bates,M Joshi,4,0,,,,,,,,,
1153860,2018/19,2019-02-10,Seddon Park,1,1.2,New Zealand,India,SFM Devine,SW Bates,M Joshi,0,0,,,,,,,,,
1153860,2018/19,2019-02-10,Seddon Park,1,1.3,New Zealand,India,SFM Devine,SW Bates,M Joshi,1,0,,,,,,,,,
1153860,2018/19,2019-02-10,Seddon Park,1,1.4,New Zealand,India,SW Bates,SFM Devine,M Joshi,4,0,,,,,,,,,
1153860,2018/19,2019-02-10,Seddon Park,1,1.5,New Zealand,India,SW Bates,SFM Devine,M Joshi,0,0,,,,,,,,,
1153860,2018/19,2019-02-10,Seddon Park,1,1.6,New Zealand,India,SW Bates,SFM Devine,M Joshi,4,0,,,,,,,,,
1153860,2018/19,2019-02-10,Seddon Park,1,2.1,New Zealand,India,SFM Devine,SW Bates,DB Sharma,1,0,,,,,,,,,
1153860,2018/19,2019-02-10,Seddon Park,1,2.2,New Zealand,India,SW Bates,SFM Devine,DB Sharma,1,0,,,,,,,,,
1153860,2018/19,2019-02-10,Seddon Park,1,2.3,New Zealand,India,SFM Devine,SW Bates,DB Sharma,4,0,,,,,,,,,
1153860,2018/19,2019-02-10,Seddon Park,1,2.4,New Zealand,India,SFM Devine,SW Bates,DB Sharma,0,0,,,,,,,,,
1153860,2018/19,2019-02-10,Seddon Park,1,2.5,New Zealand,India,SFM Devine,SW Bates,DB Sharma,1,0,,,,,,,,,
1153860,2018/19,2019-02-10,Seddon Park,1,2.6,New Zealand,India,SW Bates,SFM Devine,DB Sharma,4,0,,,,,,,,,
1153860,2018/19,2019-02-10,Seddon Park,1,3.1,New Zealand,India,SFM Devine,SW Bates,RP Yadav,1,0,,,,,,,,,
1153860,2018/19,2019-02-10,Seddon Park,1,3.2,New Zealand,India,SW Bates,SFM Devine,RP Yadav,0,0,,,,,,,,,
1153860,2018/19,2019-02-10,Seddon Park,1,3.3,New Zealand,India,SW Bates,SFM Devine,RP Yadav,4,0,,,,,,,,,
1153860,2018/19,2019-02-10,Seddon Park,1,3.4,New Zealand,India,SW Bates,SFM Devine,RP Yadav,4,0,,,,,,,,,
1153860,2018/19,2019-02-10,Seddon Park,1,3.5,New Zealand,India,SW Bates,SFM Devine,RP Yadav,0,2,,,,2,,,,,
1153860,2018/19,2019-02-10,Seddon Park,1,3.6,New Zealand,India,SW Bates,SFM Devine,RP Yadav,0,0,,,,,,,,,
1153860,2018/19,2019-02-10,Seddon Park,1,4.1,New Zealand,India,SFM Devine,SW Bates,DB Sharma,1,0,,,,,,,,,
1153860,2018/19,2019-02-10,Seddon Park,1,4.2,New Zealand,India,SW Bates,SFM Devine,DB Sharma,0,0,,,,,,,,,
1153860,2018/19,2019-02-10,Seddon Park,1,4.3,New Zealand,India,SW Bates,SFM Devine,DB Sharma,1,0,,,,,,,,,
1153860,2018/19,2019-02-10,Seddon Park,1,4.4,New Zealand,India,SFM Devine,SW Bates,DB Sharma,1,0,,,,,,,,,
1153860,2018/19,2019-02-10,Seddon Park,1,4.5,New Zealand,India,SW Bates,SFM Devine,DB Sharma,1,0,,,,,,,,,
1153860,2018/19,2019-02-10,Seddon Park,1,4.6,New Zealand,India,SFM Devine,SW Bates,DB Sharma,4,0,,,,,,,,,
1153860,2018/19,2019-02-10,Seddon Park,1,5.1,New Zealand,India,SW Bates,SFM Devine,A Reddy,0,0,,,,,,,,,
1153860,2018/19,2019-02-10,Seddon Park,1,5.2,New Zealand,India,SW Bates,SFM Devine,A Reddy,0,0,,,,,,,,,
1153860,2018/19,2019-02-10,Seddon Park,1,5.3,New Zealand,India,SW Bates,SFM Devine,A Reddy,0,0,,,,,,caught,SW Bates,,
1153860,2018/19,2019-02-10,Seddon Park,1,5.4,New Zealand,India,HM Rowe,SFM Devine,A Reddy,0,0,,,,,,,,,
1153860,2018/19,2019-02-10,Seddon Park,1,5.5,New Zealand,India,HM Rowe,SFM Devine,A Reddy,2,0,,,,,,,,,
1153860,2018/19,2019-02-10,Seddon Park,1,5.6,New Zealand,India,HM Rowe,SFM Devine,A Reddy,4,0,,,,,,,,,
1153860,2018/19,2019-02-10,Seddon Park,1,6.1,New Zealand,India,SFM Devine,HM Rowe,Poonam Yadav,0,0,,,,,,,,,
1153860,2018/19,2019-02-10,Seddon Park,1,6.2,New Zealand,India,SFM Devine,HM Rowe,Poonam Yadav,1,0,,,,,,,,,
1153860,2018/19,2019-02-10,Seddon Park,1,6.3,New Zealand,India,HM Rowe,SFM Devine,Poonam Yadav,0,0,,,,,,,,,
1153860,2018/19,2019-02-10,Seddon Park,1,6.4,New Zealand,India,HM Rowe,SFM Devine,Poonam Yadav,1,0,,,,,,,,,
1153860,2018/19,2019-02-10,Seddon Park,1,6.5,New Zealand,India,SFM Devine,HM Rowe,Poonam Yadav,0,0,,,,,,,,,
1153860,2018/19,2019-02-10,Seddon Park,1,6.6,New Zealand,India,SFM Devine,HM Rowe,Poonam Yadav,1,0,,,,,,,,,
1153860,2018/19,2019-02-10,Seddon Park,1,7.1,New Zealand,India,SFM Devine,HM Rowe,M Joshi,1,0,,,,,,,,,
1153860,2018/19,2019-02-10,Seddon Park,1,7.2,New Zealand,India,HM Rowe,SFM Devine,M Joshi,1,0,,,,,,,,,
1153860,2018/19,2019-02-10,Seddon Park,1,7.3,New Zealand,India,SFM Devine,HM Rowe,M Joshi,0,0,,,,,,,,,
1153860,2018/19,2019-02-10,Seddon Park,1,7.4,New Zealand,India,SFM Devine,HM Rowe,M Joshi,4,0,,,,,,,,,
1153860,2018/19,2019-02-10,Seddon Park,1,7.5,New Zealand,India,SFM Devine,HM Rowe,M Joshi,2,0,,,,,,,,,
1153860,2018/19,2019-02-10,Seddon Park,1,7.6,New Zealand,India,SFM Devine,HM Rowe,M Joshi,1,0,,,,,,,,,
1153860,2018/19,2019-02-10,Seddon Park,1,8.1,New Zealand,India,SFM Devine,HM Rowe,Poonam Yadav,1,0,,,,,,,,,
1153860,2018/19,2019-02-10,Seddon Park,1,8.2,New Zealand,India,HM Rowe,SFM Devine,Poonam Yadav,2,0,,,,,,,,,
1153860,2018/19,2019-02-10,Seddon Park,1,8.3,New Zealand,India,HM Rowe,SFM Devine,Poonam Yadav,2,0,,,,,,,,,
1153860,2018/19,2019-02-10,Seddon Park,1,8.4,New Zealand,India,HM Rowe,SFM Devine,Poonam Yadav,0,0,,,,,,lbw,HM Rowe,,
1153860,2018/19,2019-02-10,Seddon Park,1,8.5,New Zealand,India,AE Satterthwaite,SFM Devine,Poonam Yadav,1,0,,,,,,,,,
1153860,2018/19,2019-02-10,Seddon Park,1,8.6,New Zealand,India,SFM Devine,AE Satterthwaite,Poonam Yadav,1,0,,,,,,,,,
1153860,2018/19,2019-02-10,Seddon Park,1,9.1,New Zealand,India,SFM Devine,AE Satterthwaite,RP Yadav,1,0,,,,,,,,,
1153860,2018/19,2019-02-10,Seddon Park,1,9.2,New Zealand,India,AE Satterthwaite,SFM Devine,RP Yadav,0,0,,,,,,,,,
1153860,2018/19,2019-02-10,Seddon Park,1,9.3,New Zealand,India,AE Satterthwaite,SFM Devine,RP Yadav,1,0,,,,,,,,,
1153860,2018/19,2019-02-10,Seddon Park,1,9.4,New Zealand,India,SFM Devine,AE Satterthwaite,RP Yadav,1,0,,,,,,,,,
1153860,2018/19,2019-02-10,Seddon Park,1,9.5,New Zealand,India,AE Satterthwaite,SFM Devine,RP Yadav,2,0,,,,,,,,,
1153860,2018/19,2019-02-10,Seddon Park,1,9.6,New Zealand,India,AE Satterthwaite,SFM Devine,RP Yadav,4,0,,,,,,,,,
1153860,2018/19,2019-02-10,Seddon Park,1,10.1,New Zealand,India,SFM Devine,AE Satterthwaite,M Joshi,0,0,,,,,,,,,
1153860,2018/19,2019-02-10,Seddon Park,1,10.2,New Zealand,India,SFM Devine,AE Satterthwaite,M Joshi,1,0,,,,,,,,,
1153860,2018/19,2019-02-10,Seddon Park,1,10.3,New Zealand,India,AE Satterthwaite,SFM Devine,M Joshi,0,0,,,,,,,,,
1153860,2018/19,2019-02-10,Seddon Park,1,10.4,New Zealand,India,AE Satterthwaite,SFM Devine,M Joshi,1,0,,,,,,,,,
1153860,2018/19,2019-02-10,Seddon Park,1,10.5,New Zealand,India,SFM Devine,AE Satterthwaite,M Joshi,1,0,,,,,,,,,
1153860,2018/19,2019-02-10,Seddon Park,1,10.6,New Zealand,India,AE Satterthwaite,SFM Devine,M Joshi,0,0,,,,,,,,,
1153860,2018/19,2019-02-10,Seddon Park,1,11.1,New Zealand,India,SFM Devine,AE Satterthwaite,A Reddy,0,0,,,,,,,,,
1153860,2018/19,2019-02-10,Seddon Park,1,11.2,New Zealand,India,SFM Devine,AE Satterthwaite,A Reddy,1,0,,,,,,,,,
1153860,2018/19,2019-02-10,Seddon Park,1,11.3,New Zealand,India,AE Satterthwaite,SFM Devine,A Reddy,1,0,,,,,,,,,
1153860,2018/19,2019-02-10,Seddon Park,1,11.4,New Zealand,India,SFM Devine,AE Satterthwaite,A Reddy,4,0,,,,,,,,,
1153860,2018/19,2019-02-10,Seddon Park,1,11.5,New Zealand,India,SFM Devine,AE Satterthwaite,A Reddy,1,0,,,,,,,,,
1153860,2018/19,2019-02-10,Seddon Park,1,11.6,New Zealand,India,AE Satterthwaite,SFM Devine,A Reddy,1,0,,,,,,,,,
1153860,2018/19,2019-02-10,Seddon Park,1,12.1,New Zealand,India,AE Satterthwaite,SFM Devine,Poonam Yadav,1,0,,,,,,,,,
1153860,2018/19,2019-02-10,Seddon Park,1,12.2,New Zealand,India,SFM Devine,AE Satterthwaite,Poonam Yadav,0,0,,,,,,,,,
1153860,2018/19,2019-02-10,Seddon Park,1,12.3,New Zealand,India,SFM Devine,AE Satterthwaite,Poonam Yadav,6,0,,,,,,,,,
1153860,2018/19,2019-02-10,Seddon Park,1,12.4,New Zealand,India,SFM Devine,AE Satterthwaite,Poonam Yadav,0,0,,,,,,,,,
1153860,2018/19,2019-02-10,Seddon Park,1,12.5,New Zealand,India,SFM Devine,AE Satterthwaite,Poonam Yadav,4,0,,,,,,,,,
1153860,2018/19,2019-02-10,Seddon Park,1,12.6,New Zealand,India,SFM Devine,AE Satterthwaite,Poonam Yadav,0,0,,,,,,,,,
1153860,2018/19,2019-02-10,Seddon Park,1,13.1,New Zealand,India,AE Satterthwaite,SFM Devine,RP Yadav,1,0,,,,,,,,,
1153860,2018/19,2019-02-10,Seddon Park,1,13.2,New Zealand,India,SFM Devine,AE Satterthwaite,RP Yadav,1,0,,,,,,,,,
1153860,2018/19,2019-02-10,Seddon Park,1,13.3,New Zealand,India,AE Satterthwaite,SFM Devine,RP Yadav,2,0,,,,,,,,,
1153860,2018/19,2019-02-10,Seddon Park,1,13.4,New Zealand,India,AE Satterthwaite,SFM Devine,RP Yadav,1,0,,,,,,,,,
1153860,2018/19,2019-02-10,Seddon Park,1,13.5,New Zealand,India,SFM Devine,AE Satterthwaite,RP Yadav,4,0,,,,,,,,,
1153860,2018/19,2019-02-10,Seddon Park,1,13.6,New Zealand,India,SFM Devine,AE Satterthwaite,RP Yadav,1,0,,,,,,,,,
1153860,2018/19,2019-02-10,Seddon Park,1,14.1,New Zealand,India,SFM Devine,AE Satterthwaite,Poonam Yadav,6,0,,,,,,,,,
1153860,2018/19,2019-02-10,Seddon Park,1,14.2,New Zealand,India,SFM Devine,AE Satterthwaite,Poonam Yadav,4,0,,,,,,,,,
1153860,2018/19,2019-02-10,Seddon Park,1,14.3,New Zealand,India,SFM Devine,AE Satterthwaite,Poonam Yadav,1,0,,,,,,,,,
1153860,2018/19,2019-02-10,Seddon Park,1,14.4,New Zealand,India,AE Satterthwaite,SFM Devine,Poonam Yadav,2,0,,,,,,,,,
1153860,2018/19,2019-02-10,Seddon Park,1,14.5,New Zealand,India,AE Satterthwaite,SFM Devine,Poonam Yadav,1,0,,,,,,,,,
1153860,2018/19,2019-02-10,Seddon Park,1,14.6,New Zealand,India,SFM Devine,AE Satterthwaite,Poonam Yadav,1,0,,,,,,,,,
1153860,2018/19,2019-02-10,Seddon Park,1,15.1,New Zealand,India,SFM Devine,AE Satterthwaite,A Reddy,0,0,,,,,,,,,
1153860,2018/19,2019-02-10,Seddon Park,1,15.2,New Zealand,India,SFM Devine,AE Satterthwaite,A Reddy,1,0,,,,,,,,,
1153860,2018/19,2019-02-10,Seddon Park,1,15.3,New Zealand,India,AE Satterthwaite,SFM Devine,A Reddy,4,0,,,,,,,,,
1153860,2018/19,2019-02-10,Seddon Park,1,15.4,New Zealand,India,AE Satterthwaite,SFM Devine,A Reddy,2,0,,,,,,,,,
1153860,2018/19,2019-02-10,Seddon Park,1,15.5,New Zealand,India,AE Satterthwaite,SFM Devine,A Reddy,4,0,,,,,,,,,
1153860,2018/19,2019-02-10,Seddon Park,1,15.6,New Zealand,India,AE Satterthwaite,SFM Devine,A Reddy,0,0,,,,,,,,,
1153860,2018/19,2019-02-10,Seddon Park,1,16.1,New Zealand,India,SFM Devine,AE Satterthwaite,M Joshi,0,0,,,,,,,,,
1153860,2018/19,2019-02-10,Seddon Park,1,16.2,New Zealand,India,SFM Devine,AE Satterthwaite,M Joshi,1,0,,,,,,,,,
1153860,2018/19,2019-02-10,Seddon Park,1,16.3,New Zealand,India,AE Satterthwaite,SFM Devine,M Joshi,1,0,,,,,,,,,
1153860,2018/19,2019-02-10,Seddon Park,1,16.4,New Zealand,India,SFM Devine,AE Satterthwaite,M Joshi,0,0,,,,,,bowled,SFM Devine,,
1153860,2018/19,2019-02-10,Seddon Park,1,16.5,New Zealand,India,KJ Martin,AE Satterthwaite,M Joshi,0,0,,,,,,,,,
1153860,2018/19,2019-02-10,Seddon Park,1,16.6,New Zealand,India,KJ Martin,AE Satterthwaite,M Joshi,0,0,,,,,,,,,
1153860,2018/19,2019-02-10,Seddon Park,1,17.1,New Zealand,India,AE Satterthwaite,KJ Martin,RP Yadav,1,0,,,,,,,,,
1153860,2018/19,2019-02-10,Seddon Park,1,17.2,New Zealand,India,KJ Martin,AE Satterthwaite,RP Yadav,1,0,,,,,,,,,
1153860,2018/19,2019-02-10,Seddon Park,1,17.3,New Zealand,India,AE Satterthwaite,KJ Martin,RP Yadav,0,0,,,,,,caught,AE Satterthwaite,,
1153860,2018/19,2019-02-10,Seddon Park,1,17.4,New Zealand,India,KJ Martin,AM Peterson,RP Yadav,4,0,,,,,,,,,
1153860,2018/19,2019-02-10,Seddon Park,1,17.5,New Zealand,India,KJ Martin,AM Peterson,RP Yadav,1,0,,,,,,,,,
1153860,2018/19,2019-02-10,Seddon Park,1,17.6,New Zealand,India,AM Peterson,KJ Martin,RP Yadav,0,0,,,,,,,,,
1153860,2018/19,2019-02-10,Seddon Park,1,18.1,New Zealand,India,KJ Martin,AM Peterson,A Reddy,1,0,,,,,,,,,
1153860,2018/19,2019-02-10,Seddon Park,1,18.2,New Zealand,India,AM Peterson,KJ Martin,A Reddy,1,0,,,,,,,,,
1153860,2018/19,2019-02-10,Seddon Park,1,18.3,New Zealand,India,KJ Martin,AM Peterson,A Reddy,1,0,,,,,,,,,
1153860,2018/19,2019-02-10,Seddon Park,1,18.4,New Zealand,India,AM Peterson,KJ Martin,A Reddy,1,0,,,,,,,,,
1153860,2018/19,2019-02-10,Seddon Park,1,18.5,New Zealand,India,KJ Martin,AM Peterson,A Reddy,0,0,,,,,,run out,KJ Martin,,
1153860,2018/19,2019-02-10,Seddon Park,1,18.6,New Zealand,India,AM Peterson,LM Kasperek,A Reddy,4,0,,,,,,,,,
1153860,2018/19,2019-02-10,Seddon Park,1,19.1,New Zealand,India,LM Kasperek,AM Peterson,DB Sharma,0,0,,,,,,lbw,LM Kasperek,,
1153860,2018/19,2019-02-10,Seddon Park,1,19.2,New Zealand,India,LMM Tahuhu,AM Peterson,DB Sharma,2,0,,,,,,,,,
1153860,2018/19,2019-02-10,Seddon Park,1,19.3,New Zealand,India,LMM Tahuhu,AM Peterson,DB Sharma,1,0,,,,,,,,,
1153860,2018/19,2019-02-10,Seddon Park,1,19.4,New Zealand,India,AM Peterson,LMM Tahuhu,DB Sharma,1,0,,,,,,,,,
1153860,2018/19,2019-02-10,Seddon Park,1,19.5,New Zealand,India,LMM Tahuhu,AM Peterson,DB Sharma,2,0,,,,,,,,,
1153860,2018/19,2019-02-10,Seddon Park,1,19.6,New Zealand,India,LMM Tahuhu,AM Peterson,DB Sharma,0,0,,,,,,caught,LMM Tahuhu,,
1153860,2018/19,2019-02-10,Seddon Park,2,0.1,India,New Zealand,PS Punia,S Mandhana,LMM Tahuhu,1,0,,,,,,,,,
1153860,2018/19,2019-02-10,Seddon Park,2,0.2,India,New Zealand,S Mandhana,PS Punia,LMM Tahuhu,0,0,,,,,,,,,
1153860,2018/19,2019-02-10,Seddon Park,2,0.3,India,New Zealand,S Mandhana,PS Punia,LMM Tahuhu,4,0,,,,,,,,,
1153860,2018/19,2019-02-10,Seddon Park,2,0.4,India,New Zealand,S Mandhana,PS Punia,LMM Tahuhu,0,0,,,,,,,,,
1153860,2018/19,2019-02-10,Seddon Park,2,0.5,India,New Zealand,S Mandhana,PS Punia,LMM Tahuhu,0,0,,,,,,,,,
1153860,2018/19,2019-02-10,Seddon Park,2,0.6,India,New Zealand,S Mandhana,PS Punia,LMM Tahuhu,0,1,1,,,,,,,,
1153860,2018/19,2019-02-10,Seddon Park,2,0.7,India,New Zealand,S Mandhana,PS Punia,LMM Tahuhu,1,0,,,,,,,,,
1153860,2018/19,2019-02-10,Seddon Park,2,1.1,India,New Zealand,S Mandhana,PS Punia,AM Peterson,0,0,,,,,,,,,
1153860,2018/19,2019-02-10,Seddon Park,2,1.2,India,New Zealand,S Mandhana,PS Punia,AM Peterson,0,0,,,,,,,,,
1153860,2018/19,2019-02-10,Seddon Park,2,1.3,India,New Zealand,S Mandhana,PS Punia,AM Peterson,4,0,,,,,,,,,
1153860,2018/19,2019-02-10,Seddon Park,2,1.4,India,New Zealand,S Mandhana,PS Punia,AM Peterson,6,0,,,,,,,,,
1153860,2018/19,2019-02-10,Seddon Park,2,1.5,India,New Zealand,S Mandhana,PS Punia,AM Peterson,2,0,,,,,,,,,
1153860,2018/19,2019-02-10,Seddon Park,2,1.6,India,New Zealand,S Mandhana,PS Punia,AM Peterson,1,0,,,,,,,,,
1153860,2018/19,2019-02-10,Seddon Park,2,2.1,India,New Zealand,S Mandhana,PS Punia,LM Kasperek,4,0,,,,,,,,,
1153860,2018/19,2019-02-10,Seddon Park,2,2.2,India,New Zealand,S Mandhana,PS Punia,LM Kasperek,4,0,,,,,,,,,
1153860,2018/19,2019-02-10,Seddon Park,2,2.3,India,New Zealand,S Mandhana,PS Punia,LM Kasperek,1,0,,,,,,,,,
1153860,2018/19,2019-02-10,Seddon Park,2,2.4,India,New Zealand,PS Punia,S Mandhana,LM Kasperek,0,0,,,,,,stumped,PS Punia,,
1153860,2018/19,2019-02-10,Seddon Park,2,2.5,India,New Zealand,JI Rodrigues,S Mandhana,LM Kasperek,1,0,,,,,,,,,
1153860,2018/19,2019-02-10,Seddon Park,2,2.6,India,New Zealand,S Mandhana,JI Rodrigues,LM Kasperek,4,0,,,,,,,,,
1153860,2018/19,2019-02-10,Seddon Park,2,3.1,India,New Zealand,JI Rodrigues,S Mandhana,RA Mair,0,0,,,,,,,,,
1153860,2018/19,2019-02-10,Seddon Park,2,3.2,India,New Zealand,JI Rodrigues,S Mandhana,RA Mair,1,0,,,,,,,,,
1153860,2018/19,2019-02-10,Seddon Park,2,3.3,India,New Zealand,S Mandhana,JI Rodrigues,RA Mair,0,0,,,,,,,,,
1153860,2018/19,2019-02-10,Seddon Park,2,3.4,India,New Zealand,S Mandhana,JI Rodrigues,RA Mair,1,0,,,,,,,,,
1153860,2018/19,2019-02-10,Seddon Park,2,3.5,India,New Zealand,JI Rodrigues,S Mandhana,RA Mair,0,0,,,,,,,,,
1153860,2018/19,2019-02-10,Seddon Park,2,3.6,India,New Zealand,JI Rodrigues,S Mandhana,RA Mair,4,0,,,,,,,,,
1153860,2018/19,2019-02-10,Seddon Park,2,4.1,India,New Zealand,S Mandhana,JI Rodrigues,LMM Tahuhu,0,0,,,,,,,,,
1153860,2018/19,2019-02-10,Seddon Park,2,4.2,India,New Zealand,S Mandhana,JI Rodrigues,LMM Tahuhu,1,0,,,,,,,,,
1153860,2018/19,2019-02-10,Seddon Park,2,4.3,India,New Zealand,JI Rodrigues,S Mandhana,LMM Tahuhu,4,0,,,,,,,,,
1153860,2018/19,2019-02-10,Seddon Park,2,4.4,India,New Zealand,JI Rodrigues,S Mandhana,LMM Tahuhu,0,0,,,,,,,,,
1153860,2018/19,2019-02-10,Seddon Park,2,4.5,India,New Zealand,JI Rodrigues,S Mandhana,LMM Tahuhu,1,0,,,,,,,,,
1153860,2018/19,2019-02-10,Seddon Park,2,4.6,India,New Zealand,S Mandhana,JI Rodrigues,LMM Tahuhu,0,0,,,,,,,,,
1153860,2018/19,2019-02-10,Seddon Park,2,5.1,India,New Zealand,JI Rodrigues,S Mandhana,AM Peterson,1,0,,,,,,,,,
1153860,2018/19,2019-02-10,Seddon Park,2,5.2,India,New Zealand,S Mandhana,JI Rodrigues,AM Peterson,4,0,,,,,,,,,
1153860,2018/19,2019-02-10,Seddon Park,2,5.3,India,New Zealand,S Mandhana,JI Rodrigues,AM Peterson,0,0,,,,,,,,,
1153860,2018/19,2019-02-10,Seddon Park,2,5.4,India,New Zealand,S Mandhana,JI Rodrigues,AM Peterson,4,0,,,,,,,,,
1153860,2018/19,2019-02-10,Seddon Park,2,5.5,India,New Zealand,S Mandhana,JI Rodrigues,AM Peterson,1,0,,,,,,,,,
1153860,2018/19,2019-02-10,Seddon Park,2,5.6,India,New Zealand,JI Rodrigues,S Mandhana,AM Peterson,0,0,,,,,,,,,
1153860,2018/19,2019-02-10,Seddon Park,2,6.1,India,New Zealand,S Mandhana,JI Rodrigues,HNK Jensen,0,1,1,,,,,,,,
1153860,2018/19,2019-02-10,Seddon Park,2,6.2,India,New Zealand,S Mandhana,JI Rodrigues,HNK Jensen,1,0,,,,,,,,,
1153860,2018/19,2019-02-10,Seddon Park,2,6.3,India,New Zealand,JI Rodrigues,S Mandhana,HNK Jensen,1,0,,,,,,,,,
1153860,2018/19,2019-02-10,Seddon Park,2,6.4,India,New Zealand,S Mandhana,JI Rodrigues,HNK Jensen,1,0,,,,,,,,,
1153860,2018/19,2019-02-10,Seddon Park,2,6.5,India,New Zealand,JI Rodrigues,S Mandhana,HNK Jensen,4,0,,,,,,,,,
1153860,2018/19,2019-02-10,Seddon Park,2,6.6,India,New Zealand,JI Rodrigues,S Mandhana,HNK Jensen,1,0,,,,,,,,,
1153860,2018/19,2019-02-10,Seddon Park,2,6.7,India,New Zealand,S Mandhana,JI Rodrigues,HNK Jensen,1,0,,,,,,,,,
1153860,2018/19,2019-02-10,Seddon Park,2,7.1,India,New Zealand,S Mandhana,JI Rodrigues,AC Kerr,0,0,,,,,,,,,
1153860,2018/19,2019-02-10,Seddon Park,2,7.2,India,New Zealand,S Mandhana,JI Rodrigues,AC Kerr,0,0,,,,,,,,,
1153860,2018/19,2019-02-10,Seddon Park,2,7.3,India,New Zealand,S Mandhana,JI Rodrigues,AC Kerr,1,0,,,,,,,,,
1153860,2018/19,2019-02-10,Seddon Park,2,7.4,India,New Zealand,JI Rodrigues,S Mandhana,AC Kerr,1,0,,,,,,,,,
1153860,2018/19,2019-02-10,Seddon Park,2,7.5,India,New Zealand,S Mandhana,JI Rodrigues,AC Kerr,2,0,,,,,,,,,
1153860,2018/19,2019-02-10,Seddon Park,2,7.6,India,New Zealand,S Mandhana,JI Rodrigues,AC Kerr,1,0,,,,,,,,,
1153860,2018/19,2019-02-10,Seddon Park,2,8.1,India,New Zealand,S Mandhana,JI Rodrigues,SFM Devine,1,0,,,,,,,,,
1153860,2018/19,2019-02-10,Seddon Park,2,8.2,India,New Zealand,JI Rodrigues,S Mandhana,SFM Devine,1,0,,,,,,,,,
1153860,2018/19,2019-02-10,Seddon Park,2,8.3,India,New Zealand,S Mandhana,JI Rodrigues,SFM Devine,1,0,,,,,,,,,
1153860,2018/19,2019-02-10,Seddon Park,2,8.4,India,New Zealand,JI Rodrigues,S Mandhana,SFM Devine,1,0,,,,,,,,,
1153860,2018/19,2019-02-10,Seddon Park,2,8.5,India,New Zealand,S Mandhana,JI Rodrigues,SFM Devine,1,0,,,,,,,,,
1153860,2018/19,2019-02-10,Seddon Park,2,8.6,India,New Zealand,JI Rodrigues,S Mandhana,SFM Devine,0,0,,,,,,caught,JI Rodrigues,,
1153860,2018/19,2019-02-10,Seddon Park,2,9.1,India,New Zealand,S Mandhana,H Kaur,RA Mair,4,0,,,,,,,,,
1153860,2018/19,2019-02-10,Seddon Park,2,9.2,India,New Zealand,S Mandhana,H Kaur,RA Mair,0,0,,,,,,,,,
1153860,2018/19,2019-02-10,Seddon Park,2,9.3,India,New Zealand,S Mandhana,H Kaur,RA Mair,4,0,,,,,,,,,
1153860,2018/19,2019-02-10,Seddon Park,2,9.4,India,New Zealand,S Mandhana,H Kaur,RA Mair,4,0,,,,,,,,,
1153860,2018/19,2019-02-10,Seddon Park,2,9.5,India,New Zealand,S Mandhana,H Kaur,RA Mair,2,0,,,,,,,,,
1153860,2018/19,2019-02-10,Seddon Park,2,9.6,India,New Zealand,S Mandhana,H Kaur,RA Mair,1,0,,,,,,,,,
1153860,2018/19,2019-02-10,Seddon Park,2,10.1,India,New Zealand,S Mandhana,H Kaur,SFM Devine,4,0,,,,,,,,,
1153860,2018/19,2019-02-10,Seddon Park,2,10.2,India,New Zealand,S Mandhana,H Kaur,SFM Devine,1,0,,,,,,,,,
1153860,2018/19,2019-02-10,Seddon Park,2,10.3,India,New Zealand,H Kaur,S Mandhana,SFM Devine,1,0,,,,,,,,,
1153860,2018/19,2019-02-10,Seddon Park,2,10.4,India,New Zealand,S Mandhana,H Kaur,SFM Devine,0,0,,,,,,,,,
1153860,2018/19,2019-02-10,Seddon Park,2,10.5,India,New Zealand,S Mandhana,H Kaur,SFM Devine,0,0,,,,,,,,,
1153860,2018/19,2019-02-10,Seddon Park,2,10.6,India,New Zealand,S Mandhana,H Kaur,SFM Devine,1,0,,,,,,,,,
1153860,2018/19,2019-02-10,Seddon Park,2,11.1,India,New Zealand,S Mandhana,H Kaur,AC Kerr,1,0,,,,,,,,,
1153860,2018/19,2019-02-10,Seddon Park,2,11.2,India,New Zealand,H Kaur,S Mandhana,AC Kerr,1,0,,,,,,,,,
1153860,2018/19,2019-02-10,Seddon Park,2,11.3,India,New Zealand,S Mandhana,H Kaur,AC Kerr,0,1,1,,,,,,,,
1153860,2018/19,2019-02-10,Seddon Park,2,11.4,India,New Zealand,S Mandhana,H Kaur,AC Kerr,0,0,,,,,,,,,
1153860,2018/19,2019-02-10,Seddon Park,2,11.5,India,New Zealand,S Mandhana,H Kaur,AC Kerr,1,0,,,,,,,,,
1153860,2018/19,2019-02-10,Seddon Park,2,11.6,India,New Zealand,H Kaur,S Mandhana,AC Kerr,0,0,,,,,,caught,H Kaur,,
1153860,2018/19,2019-02-10,Seddon Park,2,11.7,India,New Zealand,M Raj,S Mandhana,AC Kerr,1,0,,,,,,,,,
1153860,2018/19,2019-02-10,Seddon Park,2,12.1,India,New Zealand,M Raj,S Mandhana,LMM Tahuhu,1,0,,,,,,,,,
1153860,2018/19,2019-02-10,Seddon Park,2,12.2,India,New Zealand,S Mandhana,M Raj,LMM Tahuhu,1,0,,,,,,,,,
1153860,2018/19,2019-02-10,Seddon Park,2,12.3,India,New Zealand,M Raj,S Mandhana,LMM Tahuhu,1,0,,,,,,,,,
1153860,2018/19,2019-02-10,Seddon Park,2,12.4,India,New Zealand,S Mandhana,M Raj,LMM Tahuhu,1,0,,,,,,,,,
1153860,2018/19,2019-02-10,Seddon Park,2,12.5,India,New Zealand,M Raj,S Mandhana,LMM Tahuhu,0,0,,,,,,,,,
1153860,2018/19,2019-02-10,Seddon Park,2,12.6,India,New Zealand,M Raj,S Mandhana,LMM Tahuhu,4,0,,,,,,,,,
1153860,2018/19,2019-02-10,Seddon Park,2,13.1,India,New Zealand,S Mandhana,M Raj,LM Kasperek,0,0,,,,,,,,,
1153860,2018/19,2019-02-10,Seddon Park,2,13.2,India,New Zealand,S Mandhana,M Raj,LM Kasperek,1,0,,,,,,,,,
1153860,2018/19,2019-02-10,Seddon Park,2,13.3,India,New Zealand,M Raj,S Mandhana,LM Kasperek,1,0,,,,,,,,,
1153860,2018/19,2019-02-10,Seddon Park,2,13.4,India,New Zealand,S Mandhana,M Raj,LM Kasperek,1,0,,,,,,,,,
1153860,2018/19,2019-02-10,Seddon Park,2,13.5,India,New Zealand,M Raj,S Mandhana,LM Kasperek,1,0,,,,,,,,,
1153860,2018/19,2019-02-10,Seddon Park,2,13.6,India,New Zealand,S Mandhana,M Raj,LM Kasperek,1,0,,,,,,,,,
1153860,2018/19,2019-02-10,Seddon Park,2,14.1,India,New Zealand,S Mandhana,M Raj,AC Kerr,4,0,,,,,,,,,
1153860,2018/19,2019-02-10,Seddon Park,2,14.2,India,New Zealand,S Mandhana,M Raj,AC Kerr,1,0,,,,,,,,,
1153860,2018/19,2019-02-10,Seddon Park,2,14.3,India,New Zealand,M Raj,S Mandhana,AC Kerr,0,0,,,,,,,,,
1153860,2018/19,2019-02-10,Seddon Park,2,14.4,India,New Zealand,M Raj,S Mandhana,AC Kerr,1,0,,,,,,,,,
1153860,2018/19,2019-02-10,Seddon Park,2,14.5,India,New Zealand,S Mandhana,M Raj,AC Kerr,0,0,,,,,,,,,
1153860,2018/19,2019-02-10,Seddon Park,2,14.6,India,New Zealand,S Mandhana,M Raj,AC Kerr,1,0,,,,,,,,,
1153860,2018/19,2019-02-10,Seddon Park,2,15.1,India,New Zealand,S Mandhana,M Raj,SFM Devine,0,0,,,,,,,,,
1153860,2018/19,2019-02-10,Seddon Park,2,15.2,India,New Zealand,S Mandhana,M Raj,SFM Devine,0,0,,,,,,,,,
1153860,2018/19,2019-02-10,Seddon Park,2,15.3,India,New Zealand,S Mandhana,M Raj,SFM Devine,0,0,,,,,,caught,S Mandhana,,
1153860,2018/19,2019-02-10,Seddon Park,2,15.4,India,New Zealand,M Raj,DB Sharma,SFM Devine,1,0,,,,,,,,,
1153860,2018/19,2019-02-10,Seddon Park,2,15.5,India,New Zealand,DB Sharma,M Raj,SFM Devine,0,0,,,,,,,,,
1153860,2018/19,2019-02-10,Seddon Park,2,15.6,India,New Zealand,DB Sharma,M Raj,SFM Devine,1,0,,,,,,,,,
1153860,2018/19,2019-02-10,Seddon Park,2,16.1,India,New Zealand,DB Sharma,M Raj,AC Kerr,0,0,,,,,,,,,
1153860,2018/19,2019-02-10,Seddon Park,2,16.2,India,New Zealand,DB Sharma,M Raj,AC Kerr,1,0,,,,,,,,,
1153860,2018/19,2019-02-10,Seddon Park,2,16.3,India,New Zealand,M Raj,DB Sharma,AC Kerr,1,0,,,,,,,,,
1153860,2018/19,2019-02-10,Seddon Park,2,16.4,India,New Zealand,DB Sharma,M Raj,AC Kerr,0,0,,,,,,,,,
1153860,2018/19,2019-02-10,Seddon Park,2,16.5,India,New Zealand,DB Sharma,M Raj,AC Kerr,6,0,,,,,,,,,
1153860,2018/19,2019-02-10,Seddon Park,2,16.6,India,New Zealand,DB Sharma,M Raj,AC Kerr,1,0,,,,,,,,,
1153860,2018/19,2019-02-10,Seddon Park,2,17.1,India,New Zealand,DB Sharma,M Raj,LM Kasperek,1,0,,,,,,,,,
1153860,2018/19,2019-02-10,Seddon Park,2,17.2,India,New Zealand,M Raj,DB Sharma,LM Kasperek,1,0,,,,,,,,,
1153860,2018/19,2019-02-10,Seddon Park,2,17.3,India,New Zealand,DB Sharma,M Raj,LM Kasperek,2,0,,,,,,,,,
1153860,2018/19,2019-02-10,Seddon Park,2,17.4,India,New Zealand,DB Sharma,M Raj,LM Kasperek,1,0,,,,,,,,,
1153860,2018/19,2019-02-10,Seddon Park,2,17.5,India,New Zealand,M Raj,DB Sharma,LM Kasperek,0,0,,,,,,,,,
1153860,2018/19,2019-02-10,Seddon Park,2,17.6,India,New Zealand,M Raj,DB Sharma,LM Kasperek,0,0,,,,,,,,,
1153860,2018/19,2019-02-10,Seddon Park,2,18.1,India,New Zealand,DB Sharma,M Raj,SFM Devine,0,0,,,,,,,,,
1153860,2018/19,2019-02-10,Seddon Park,2,18.2,India,New Zealand,DB Sharma,M Raj,SFM Devine,0,0,,,,,,,,,
1153860,2018/19,2019-02-10,Seddon Park,2,18.3,India,New Zealand,DB Sharma,M Raj,SFM Devine,1,0,,,,,,,,,
1153860,2018/19,2019-02-10,Seddon Park,2,18.4,India,New Zealand,M Raj,DB Sharma,SFM Devine,4,0,,,,,,,,,
1153860,2018/19,2019-02-10,Seddon Park,2,18.5,India,New Zealand,M Raj,DB Sharma,SFM Devine,0,1,1,,,,,,,,
1153860,2018/19,2019-02-10,Seddon Park,2,18.6,India,New Zealand,M Raj,DB Sharma,SFM Devine,0,0,,,,,,,,,
1153860,2018/19,2019-02-10,Seddon Park,2,18.7,India,New Zealand,M Raj,DB Sharma,SFM Devine,1,0,,,,,,,,,
1153860,2018/19,2019-02-10,Seddon Park,2,19.1,India,New Zealand,M Raj,DB Sharma,LM Kasperek,4,0,,,,,,,,,
1153860,2018/19,2019-02-10,Seddon Park,2,19.2,India,New Zealand,M Raj,DB Sharma,LM Kasperek,1,0,,,,,,,,,
1153860,2018/19,2019-02-10,Seddon Park,2,19.3,India,New Zealand,DB Sharma,M Raj,LM Kasperek,4,0,,,,,,,,,
1153860,2018/19,2019-02-10,Seddon Park,2,19.4,India,New Zealand,DB Sharma,M Raj,LM Kasperek,2,0,,,,,,,,,
1153860,2018/19,2019-02-10,Seddon Park,2,19.5,India,New Zealand,DB Sharma,M Raj,LM Kasperek,1,0,,,,,,,,,
1153860,2018/19,2019-02-10,Seddon Park,2,19.6,India,New Zealand,M Raj,DB Sharma,LM Kasperek,1,0,,,,,,,,,
