match_id,season,start_date,venue,innings,ball,batting_team,bowling_team,striker,non_striker,bowler,runs_off_bat,extras,wides,noballs,byes,legbyes,penalty,wicket_type,player_dismissed,other_wicket_type,other_player_dismissed
1153696,2018/19,2019-02-06,Westpac Stadium,1,0.1,New Zealand,India,TL Seifert,C Munro,B Kumar,0,0,,,,,,,,,
1153696,2018/19,2019-02-06,Westpac Stadium,1,0.2,New Zealand,India,TL Seifert,C Munro,B Kumar,0,0,,,,,,,,,
1153696,2018/19,2019-02-06,Westpac Stadium,1,0.3,New Zealand,India,TL Seifert,C Munro,B Kumar,1,0,,,,,,,,,
1153696,2018/19,2019-02-06,Westpac Stadium,1,0.4,New Zealand,India,C Munro,TL Seifert,B Kumar,1,0,,,,,,,,,
1153696,2018/19,2019-02-06,Westpac Stadium,1,0.5,New Zealand,India,TL Seifert,C Munro,B Kumar,1,0,,,,,,,,,
1153696,2018/19,2019-02-06,Westpac Stadium,1,0.6,New Zealand,India,C Munro,TL Seifert,B Kumar,1,0,,,,,,,,,
1153696,2018/19,2019-02-06,Westpac Stadium,1,1.1,New Zealand,India,C Munro,TL Seifert,KK Ahmed,0,0,,,,,,,,,
1153696,2018/19,2019-02-06,Westpac Stadium,1,1.2,New Zealand,India,C Munro,TL Seifert,KK Ahmed,4,0,,,,,,,,,
1153696,2018/19,2019-02-06,Westpac Stadium,1,1.3,New Zealand,India,C Munro,TL Seifert,KK Ahmed,4,0,,,,,,,,,
1153696,2018/19,2019-02-06,Westpac Stadium,1,1.4,New Zealand,India,C Munro,TL Seifert,KK Ahmed,0,0,,,,,,,,,
1153696,2018/19,2019-02-06,Westpac Stadium,1,1.5,New Zealand,India,C Munro,TL Seifert,KK Ahmed,0,0,,,,,,,,,
1153696,2018/19,2019-02-06,Westpac Stadium,1,1.6,New Zealand,India,C Munro,TL Seifert,KK Ahmed,1,0,,,,,,,,,
1153696,2018/19,2019-02-06,Westpac Stadium,1,2.1,New Zealand,India,C Munro,TL Seifert,B Kumar,2,0,,,,,,,,,
1153696,2018/19,2019-02-06,Westpac Stadium,1,2.2,New Zealand,India,C Munro,TL Seifert,B Kumar,3,0,,,,,,,,,
1153696,2018/19,2019-02-06,Westpac Stadium,1,2.3,New Zealand,India,TL Seifert,C Munro,B Kumar,6,0,,,,,,,,,
1153696,2018/19,2019-02-06,Westpac Stadium,1,2.4,New Zealand,India,TL Seifert,C Munro,B Kumar,0,0,,,,,,,,,
1153696,2018/19,2019-02-06,Westpac Stadium,1,2.5,New Zealand,India,TL Seifert,C Munro,B Kumar,4,0,,,,,,,,,
1153696,2018/19,2019-02-06,Westpac Stadium,1,2.6,New Zealand,India,TL Seifert,C Munro,B Kumar,0,0,,,,,,,,,
1153696,2018/19,2019-02-06,Westpac Stadium,1,3.1,New Zealand,India,C Munro,TL Seifert,KK Ahmed,6,0,,,,,,,,,
1153696,2018/19,2019-02-06,Westpac Stadium,1,3.2,New Zealand,India,C Munro,TL Seifert,KK Ahmed,6,0,,,,,,,,,
1153696,2018/19,2019-02-06,Westpac Stadium,1,3.3,New Zealand,India,C Munro,TL Seifert,KK Ahmed,1,0,,,,,,,,,
1153696,2018/19,2019-02-06,Westpac Stadium,1,3.4,New Zealand,India,TL Seifert,C Munro,KK Ahmed,0,0,,,,,,,,,
1153696,2018/19,2019-02-06,Westpac Stadium,1,3.5,New Zealand,India,TL Seifert,C Munro,KK Ahmed,2,0,,,,,,,,,
1153696,2018/19,2019-02-06,Westpac Stadium,1,3.6,New Zealand,India,TL Seifert,C Munro,KK Ahmed,1,0,,,,,,,,,
1153696,2018/19,2019-02-06,Westpac Stadium,1,4.1,New Zealand,India,TL Seifert,C Munro,KH Pandya,0,0,,,,,,,,,
1153696,2018/19,2019-02-06,Westpac Stadium,1,4.2,New Zealand,India,TL Seifert,C Munro,KH Pandya,2,0,,,,,,,,,
1153696,2018/19,2019-02-06,Westpac Stadium,1,4.3,New Zealand,India,TL Seifert,C Munro,KH Pandya,0,0,,,,,,,,,
1153696,2018/19,2019-02-06,Westpac Stadium,1,4.4,New Zealand,India,TL Seifert,C Munro,KH Pandya,6,0,,,,,,,,,
1153696,2018/19,2019-02-06,Westpac Stadium,1,4.5,New Zealand,India,TL Seifert,C Munro,KH Pandya,1,0,,,,,,,,,
1153696,2018/19,2019-02-06,Westpac Stadium,1,4.6,New Zealand,India,C Munro,TL Seifert,KH Pandya,1,0,,,,,,,,,
1153696,2018/19,2019-02-06,Westpac Stadium,1,5.1,New Zealand,India,C Munro,TL Seifert,HH Pandya,0,1,1,,,,,,,,
1153696,2018/19,2019-02-06,Westpac Stadium,1,5.2,New Zealand,India,C Munro,TL Seifert,HH Pandya,1,0,,,,,,,,,
1153696,2018/19,2019-02-06,Westpac Stadium,1,5.3,New Zealand,India,TL Seifert,C Munro,HH Pandya,4,0,,,,,,,,,
1153696,2018/19,2019-02-06,Westpac Stadium,1,5.4,New Zealand,India,TL Seifert,C Munro,HH Pandya,0,0,,,,,,,,,
1153696,2018/19,2019-02-06,Westpac Stadium,1,5.5,New Zealand,India,TL Seifert,C Munro,HH Pandya,4,0,,,,,,,,,
1153696,2018/19,2019-02-06,Westpac Stadium,1,5.6,New Zealand,India,TL Seifert,C Munro,HH Pandya,1,0,,,,,,,,,
1153696,2018/19,2019-02-06,Westpac Stadium,1,5.7,New Zealand,India,C Munro,TL Seifert,HH Pandya,1,0,,,,,,,,,
1153696,2018/19,2019-02-06,Westpac Stadium,1,6.1,New Zealand,India,C Munro,TL Seifert,KH Pandya,1,0,,,,,,,,,
1153696,2018/19,2019-02-06,Westpac Stadium,1,6.2,New Zealand,India,TL Seifert,C Munro,KH Pandya,0,0,,,,,,,,,
1153696,2018/19,2019-02-06,Westpac Stadium,1,6.3,New Zealand,India,TL Seifert,C Munro,KH Pandya,4,0,,,,,,,,,
1153696,2018/19,2019-02-06,Westpac Stadium,1,6.4,New Zealand,India,TL Seifert,C Munro,KH Pandya,1,0,,,,,,,,,
1153696,2018/19,2019-02-06,Westpac Stadium,1,6.5,New Zealand,India,C Munro,TL Seifert,KH Pandya,1,0,,,,,,,,,
1153696,2018/19,2019-02-06,Westpac Stadium,1,6.6,New Zealand,India,TL Seifert,C Munro,KH Pandya,0,1,,,,1,,,,,
1153696,2018/19,2019-02-06,Westpac Stadium,1,7.1,New Zealand,India,TL Seifert,C Munro,HH Pandya,0,0,,,,,,,,,
1153696,2018/19,2019-02-06,Westpac Stadium,1,7.2,New Zealand,India,TL Seifert,C Munro,HH Pandya,4,0,,,,,,,,,
1153696,2018/19,2019-02-06,Westpac Stadium,1,7.3,New Zealand,India,TL Seifert,C Munro,HH Pandya,6,0,,,,,,,,,
1153696,2018/19,2019-02-06,Westpac Stadium,1,7.4,New Zealand,India,TL Seifert,C Munro,HH Pandya,0,0,,,,,,,,,
1153696,2018/19,2019-02-06,Westpac Stadium,1,7.5,New Zealand,India,TL Seifert,C Munro,HH Pandya,1,0,,,,,,,,,
1153696,2018/19,2019-02-06,Westpac Stadium,1,7.6,New Zealand,India,C Munro,TL Seifert,HH Pandya,0,0,,,,,,,,,
1153696,2018/19,2019-02-06,Westpac Stadium,1,8.1,New Zealand,India,TL Seifert,C Munro,KH Pandya,1,0,,,,,,,,,
1153696,2018/19,2019-02-06,Westpac Stadium,1,8.2,New Zealand,India,C Munro,TL Seifert,KH Pandya,0,0,,,,,,caught,C Munro,,
1153696,2018/19,2019-02-06,Westpac Stadium,1,8.3,New Zealand,India,TL Seifert,KS Williamson,KH Pandya,0,0,,,,,,,,,
1153696,2018/19,2019-02-06,Westpac Stadium,1,8.4,New Zealand,India,TL Seifert,KS Williamson,KH Pandya,1,0,,,,,,,,,
1153696,2018/19,2019-02-06,Westpac Stadium,1,8.5,New Zealand,India,KS Williamson,TL Seifert,KH Pandya,0,0,,,,,,,,,
1153696,2018/19,2019-02-06,Westpac Stadium,1,8.6,New Zealand,India,KS Williamson,TL Seifert,KH Pandya,1,0,,,,,,,,,
1153696,2018/19,2019-02-06,Westpac Stadium,1,9.1,New Zealand,India,KS Williamson,TL Seifert,YS Chahal,0,0,,,,,,,,,
1153696,2018/19,2019-02-06,Westpac Stadium,1,9.2,New Zealand,India,KS Williamson,TL Seifert,YS Chahal,1,0,,,,,,,,,
1153696,2018/19,2019-02-06,Westpac Stadium,1,9.3,New Zealand,India,TL Seifert,KS Williamson,YS Chahal,4,0,,,,,,,,,
1153696,2018/19,2019-02-06,Westpac Stadium,1,9.4,New Zealand,India,TL Seifert,KS Williamson,YS Chahal,2,0,,,,,,,,,
1153696,2018/19,2019-02-06,Westpac Stadium,1,9.5,New Zealand,India,TL Seifert,KS Williamson,YS Chahal,1,0,,,,,,,,,
1153696,2018/19,2019-02-06,Westpac Stadium,1,9.6,New Zealand,India,KS Williamson,TL Seifert,YS Chahal,1,0,,,,,,,,,
1153696,2018/19,2019-02-06,Westpac Stadium,1,10.1,New Zealand,India,KS Williamson,TL Seifert,KH Pandya,1,0,,,,,,,,,
1153696,2018/19,2019-02-06,Westpac Stadium,1,10.2,New Zealand,India,TL Seifert,KS Williamson,KH Pandya,6,0,,,,,,,,,
1153696,2018/19,2019-02-06,Westpac Stadium,1,10.3,New Zealand,India,TL Seifert,KS Williamson,KH Pandya,6,0,,,,,,,,,
1153696,2018/19,2019-02-06,Westpac Stadium,1,10.4,New Zealand,India,TL Seifert,KS Williamson,KH Pandya,1,0,,,,,,,,,
1153696,2018/19,2019-02-06,Westpac Stadium,1,10.5,New Zealand,India,KS Williamson,TL Seifert,KH Pandya,1,0,,,,,,,,,
1153696,2018/19,2019-02-06,Westpac Stadium,1,10.6,New Zealand,India,TL Seifert,KS Williamson,KH Pandya,2,0,,,,,,,,,
1153696,2018/19,2019-02-06,Westpac Stadium,1,11.1,New Zealand,India,KS Williamson,TL Seifert,YS Chahal,0,0,,,,,,,,,
1153696,2018/19,2019-02-06,Westpac Stadium,1,11.2,New Zealand,India,KS Williamson,TL Seifert,YS Chahal,1,0,,,,,,,,,
1153696,2018/19,2019-02-06,Westpac Stadium,1,11.3,New Zealand,India,TL Seifert,KS Williamson,YS Chahal,1,0,,,,,,,,,
1153696,2018/19,2019-02-06,Westpac Stadium,1,11.4,New Zealand,India,KS Williamson,TL Seifert,YS Chahal,1,0,,,,,,,,,
1153696,2018/19,2019-02-06,Westpac Stadium,1,11.5,New Zealand,India,TL Seifert,KS Williamson,YS Chahal,4,0,,,,,,,,,
1153696,2018/19,2019-02-06,Westpac Stadium,1,11.6,New Zealand,India,TL Seifert,KS Williamson,YS Chahal,6,0,,,,,,,,,
1153696,2018/19,2019-02-06,Westpac Stadium,1,12.1,New Zealand,India,KS Williamson,TL Seifert,KK Ahmed,0,0,,,,,,,,,
1153696,2018/19,2019-02-06,Westpac Stadium,1,12.2,New Zealand,India,KS Williamson,TL Seifert,KK Ahmed,6,0,,,,,,,,,
1153696,2018/19,2019-02-06,Westpac Stadium,1,12.3,New Zealand,India,KS Williamson,TL Seifert,KK Ahmed,1,0,,,,,,,,,
1153696,2018/19,2019-02-06,Westpac Stadium,1,12.4,New Zealand,India,TL Seifert,KS Williamson,KK Ahmed,0,0,,,,,,bowled,TL Seifert,,
1153696,2018/19,2019-02-06,Westpac Stadium,1,12.5,New Zealand,India,DJ Mitchell,KS Williamson,KK Ahmed,0,0,,,,,,,,,
1153696,2018/19,2019-02-06,Westpac Stadium,1,12.6,New Zealand,India,DJ Mitchell,KS Williamson,KK Ahmed,4,0,,,,,,,,,
1153696,2018/19,2019-02-06,Westpac Stadium,1,13.1,New Zealand,India,KS Williamson,DJ Mitchell,YS Chahal,2,0,,,,,,,,,
1153696,2018/19,2019-02-06,Westpac Stadium,1,13.2,New Zealand,India,KS Williamson,DJ Mitchell,YS Chahal,0,0,,,,,,,,,
1153696,2018/19,2019-02-06,Westpac Stadium,1,13.3,New Zealand,India,KS Williamson,DJ Mitchell,YS Chahal,1,0,,,,,,,,,
1153696,2018/19,2019-02-06,Westpac Stadium,1,13.4,New Zealand,India,DJ Mitchell,KS Williamson,YS Chahal,1,0,,,,,,,,,
1153696,2018/19,2019-02-06,Westpac Stadium,1,13.5,New Zealand,India,KS Williamson,DJ Mitchell,YS Chahal,2,0,,,,,,,,,
1153696,2018/19,2019-02-06,Westpac Stadium,1,13.6,New Zealand,India,KS Williamson,DJ Mitchell,YS Chahal,2,0,,,,,,,,,
1153696,2018/19,2019-02-06,Westpac Stadium,1,14.1,New Zealand,India,DJ Mitchell,KS Williamson,HH Pandya,0,1,1,,,,,,,,
1153696,2018/19,2019-02-06,Westpac Stadium,1,14.2,New Zealand,India,DJ Mitchell,KS Williamson,HH Pandya,1,0,,,,,,,,,
1153696,2018/19,2019-02-06,Westpac Stadium,1,14.3,New Zealand,India,KS Williamson,DJ Mitchell,HH Pandya,6,0,,,,,,,,,
1153696,2018/19,2019-02-06,Westpac Stadium,1,14.4,New Zealand,India,KS Williamson,DJ Mitchell,HH Pandya,6,0,,,,,,,,,
1153696,2018/19,2019-02-06,Westpac Stadium,1,14.5,New Zealand,India,KS Williamson,DJ Mitchell,HH Pandya,1,0,,,,,,,,,
1153696,2018/19,2019-02-06,Westpac Stadium,1,14.6,New Zealand,India,DJ Mitchell,KS Williamson,HH Pandya,2,0,,,,,,,,,
1153696,2018/19,2019-02-06,Westpac Stadium,1,14.7,New Zealand,India,DJ Mitchell,KS Williamson,HH Pandya,0,1,1,,,,,,,,
1153696,2018/19,2019-02-06,Westpac Stadium,1,14.8,New Zealand,India,DJ Mitchell,KS Williamson,HH Pandya,0,0,,,,,,caught,DJ Mitchell,,
1153696,2018/19,2019-02-06,Westpac Stadium,1,15.1,New Zealand,India,KS Williamson,LRPL Taylor,YS Chahal,0,0,,,,,,caught,KS Williamson,,
1153696,2018/19,2019-02-06,Westpac Stadium,1,15.2,New Zealand,India,LRPL Taylor,C de Grandhomme,YS Chahal,1,0,,,,,,,,,
1153696,2018/19,2019-02-06,Westpac Stadium,1,15.3,New Zealand,India,C de Grandhomme,LRPL Taylor,YS Chahal,1,0,,,,,,,,,
1153696,2018/19,2019-02-06,Westpac Stadium,1,15.4,New Zealand,India,LRPL Taylor,C de Grandhomme,YS Chahal,1,0,,,,,,,,,
1153696,2018/19,2019-02-06,Westpac Stadium,1,15.5,New Zealand,India,C de Grandhomme,LRPL Taylor,YS Chahal,1,0,,,,,,,,,
1153696,2018/19,2019-02-06,Westpac Stadium,1,15.6,New Zealand,India,LRPL Taylor,C de Grandhomme,YS Chahal,1,0,,,,,,,,,
1153696,2018/19,2019-02-06,Westpac Stadium,1,16.1,New Zealand,India,LRPL Taylor,C de Grandhomme,B Kumar,0,0,,,,,,,,,
1153696,2018/19,2019-02-06,Westpac Stadium,1,16.2,New Zealand,India,LRPL Taylor,C de Grandhomme,B Kumar,2,0,,,,,,,,,
1153696,2018/19,2019-02-06,Westpac Stadium,1,16.3,New Zealand,India,LRPL Taylor,C de Grandhomme,B Kumar,6,0,,,,,,,,,
1153696,2018/19,2019-02-06,Westpac Stadium,1,16.4,New Zealand,India,LRPL Taylor,C de Grandhomme,B Kumar,1,0,,,,,,,,,
1153696,2018/19,2019-02-06,Westpac Stadium,1,16.5,New Zealand,India,C de Grandhomme,LRPL Taylor,B Kumar,1,0,,,,,,,,,
1153696,2018/19,2019-02-06,Westpac Stadium,1,16.6,New Zealand,India,LRPL Taylor,C de Grandhomme,B Kumar,1,0,,,,,,,,,
1153696,2018/19,2019-02-06,Westpac Stadium,1,17.1,New Zealand,India,LRPL Taylor,C de Grandhomme,HH Pandya,6,0,,,,,,,,,
1153696,2018/19,2019-02-06,Westpac Stadium,1,17.2,New Zealand,India,LRPL Taylor,C de Grandhomme,HH Pandya,0,0,,,,,,,,,
1153696,2018/19,2019-02-06,Westpac Stadium,1,17.3,New Zealand,India,LRPL Taylor,C de Grandhomme,HH Pandya,2,0,,,,,,,,,
1153696,2018/19,2019-02-06,Westpac Stadium,1,17.4,New Zealand,India,LRPL Taylor,C de Grandhomme,HH Pandya,1,0,,,,,,,,,
1153696,2018/19,2019-02-06,Westpac Stadium,1,17.5,New Zealand,India,C de Grandhomme,LRPL Taylor,HH Pandya,0,0,,,,,,caught,C de Grandhomme,,
1153696,2018/19,2019-02-06,Westpac Stadium,1,17.6,New Zealand,India,LRPL Taylor,MJ Santner,HH Pandya,1,0,,,,,,,,,
1153696,2018/19,2019-02-06,Westpac Stadium,1,18.1,New Zealand,India,LRPL Taylor,MJ Santner,B Kumar,0,1,1,,,,,,,,
1153696,2018/19,2019-02-06,Westpac Stadium,1,18.2,New Zealand,India,LRPL Taylor,MJ Santner,B Kumar,0,0,,,,,,caught,LRPL Taylor,,
1153696,2018/19,2019-02-06,Westpac Stadium,1,18.3,New Zealand,India,MJ Santner,SC Kuggeleijn,B Kumar,1,0,,,,,,,,,
1153696,2018/19,2019-02-06,Westpac Stadium,1,18.4,New Zealand,India,SC Kuggeleijn,MJ Santner,B Kumar,4,0,,,,,,,,,
1153696,2018/19,2019-02-06,Westpac Stadium,1,18.5,New Zealand,India,SC Kuggeleijn,MJ Santner,B Kumar,0,0,,,,,,,,,
1153696,2018/19,2019-02-06,Westpac Stadium,1,18.6,New Zealand,India,SC Kuggeleijn,MJ Santner,B Kumar,4,0,,,,,,,,,
1153696,2018/19,2019-02-06,Westpac Stadium,1,18.7,New Zealand,India,SC Kuggeleijn,MJ Santner,B Kumar,0,1,1,,,,,,,,
1153696,2018/19,2019-02-06,Westpac Stadium,1,18.8,New Zealand,India,SC Kuggeleijn,MJ Santner,B Kumar,6,0,,,,,,,,,
1153696,2018/19,2019-02-06,Westpac Stadium,1,19.1,New Zealand,India,MJ Santner,SC Kuggeleijn,KK Ahmed,1,0,,,,,,,,,
1153696,2018/19,2019-02-06,Westpac Stadium,1,19.2,New Zealand,India,SC Kuggeleijn,MJ Santner,KK Ahmed,1,0,,,,,,,,,
1153696,2018/19,2019-02-06,Westpac Stadium,1,19.3,New Zealand,India,MJ Santner,SC Kuggeleijn,KK Ahmed,1,0,,,,,,,,,
1153696,2018/19,2019-02-06,Westpac Stadium,1,19.4,New Zealand,India,SC Kuggeleijn,MJ Santner,KK Ahmed,4,0,,,,,,,,,
1153696,2018/19,2019-02-06,Westpac Stadium,1,19.5,New Zealand,India,SC Kuggeleijn,MJ Santner,KK Ahmed,1,0,,,,,,,,,
1153696,2018/19,2019-02-06,Westpac Stadium,1,19.6,New Zealand,India,MJ Santner,SC Kuggeleijn,KK Ahmed,4,0,,,,,,,,,
1153696,2018/19,2019-02-06,Westpac Stadium,2,0.1,India,New Zealand,RG Sharma,S Dhawan,TG Southee,1,0,,,,,,,,,
1153696,2018/19,2019-02-06,Westpac Stadium,2,0.2,India,New Zealand,S Dhawan,RG Sharma,TG Southee,0,0,,,,,,,,,
1153696,2018/19,2019-02-06,Westpac Stadium,2,0.3,India,New Zealand,S Dhawan,RG Sharma,TG Southee,0,0,,,,,,,,,
1153696,2018/19,2019-02-06,Westpac Stadium,2,0.4,India,New Zealand,S Dhawan,RG Sharma,TG Southee,0,0,,,,,,,,,
1153696,2018/19,2019-02-06,Westpac Stadium,2,0.5,India,New Zealand,S Dhawan,RG Sharma,TG Southee,0,0,,,,,,,,,
1153696,2018/19,2019-02-06,Westpac Stadium,2,0.6,India,New Zealand,S Dhawan,RG Sharma,TG Southee,0,0,,,,,,,,,
1153696,2018/19,2019-02-06,Westpac Stadium,2,1.1,India,New Zealand,RG Sharma,S Dhawan,SC Kuggeleijn,0,0,,,,,,,,,
1153696,2018/19,2019-02-06,Westpac Stadium,2,1.2,India,New Zealand,RG Sharma,S Dhawan,SC Kuggeleijn,0,1,,,,1,,,,,
1153696,2018/19,2019-02-06,Westpac Stadium,2,1.3,India,New Zealand,S Dhawan,RG Sharma,SC Kuggeleijn,6,0,,,,,,,,,
1153696,2018/19,2019-02-06,Westpac Stadium,2,1.4,India,New Zealand,S Dhawan,RG Sharma,SC Kuggeleijn,6,0,,,,,,,,,
1153696,2018/19,2019-02-06,Westpac Stadium,2,1.5,India,New Zealand,S Dhawan,RG Sharma,SC Kuggeleijn,4,0,,,,,,,,,
1153696,2018/19,2019-02-06,Westpac Stadium,2,1.6,India,New Zealand,S Dhawan,RG Sharma,SC Kuggeleijn,0,0,,,,,,,,,
1153696,2018/19,2019-02-06,Westpac Stadium,2,2.1,India,New Zealand,RG Sharma,S Dhawan,TG Southee,0,0,,,,,,,,,
1153696,2018/19,2019-02-06,Westpac Stadium,2,2.2,India,New Zealand,RG Sharma,S Dhawan,TG Southee,0,0,,,,,,caught,RG Sharma,,
1153696,2018/19,2019-02-06,Westpac Stadium,2,2.3,India,New Zealand,S Dhawan,V Shankar,TG Southee,0,0,,,,,,,,,
1153696,2018/19,2019-02-06,Westpac Stadium,2,2.4,India,New Zealand,S Dhawan,V Shankar,TG Southee,1,0,,,,,,,,,
1153696,2018/19,2019-02-06,Westpac Stadium,2,2.5,India,New Zealand,V Shankar,S Dhawan,TG Southee,0,0,,,,,,,,,
1153696,2018/19,2019-02-06,Westpac Stadium,2,2.6,India,New Zealand,V Shankar,S Dhawan,TG Southee,0,0,,,,,,,,,
1153696,2018/19,2019-02-06,Westpac Stadium,2,3.1,India,New Zealand,S Dhawan,V Shankar,LH Ferguson,1,0,,,,,,,,,
1153696,2018/19,2019-02-06,Westpac Stadium,2,3.2,India,New Zealand,V Shankar,S Dhawan,LH Ferguson,0,0,,,,,,,,,
1153696,2018/19,2019-02-06,Westpac Stadium,2,3.3,India,New Zealand,V Shankar,S Dhawan,LH Ferguson,0,1,,,,1,,,,,
1153696,2018/19,2019-02-06,Westpac Stadium,2,3.4,India,New Zealand,S Dhawan,V Shankar,LH Ferguson,6,0,,,,,,,,,
1153696,2018/19,2019-02-06,Westpac Stadium,2,3.5,India,New Zealand,S Dhawan,V Shankar,LH Ferguson,0,0,,,,,,,,,
1153696,2018/19,2019-02-06,Westpac Stadium,2,3.6,India,New Zealand,S Dhawan,V Shankar,LH Ferguson,0,1,,,,1,,,,,
1153696,2018/19,2019-02-06,Westpac Stadium,2,4.1,India,New Zealand,S Dhawan,V Shankar,SC Kuggeleijn,1,0,,,,,,,,,
1153696,2018/19,2019-02-06,Westpac Stadium,2,4.2,India,New Zealand,V Shankar,S Dhawan,SC Kuggeleijn,4,0,,,,,,,,,
1153696,2018/19,2019-02-06,Westpac Stadium,2,4.3,India,New Zealand,V Shankar,S Dhawan,SC Kuggeleijn,2,0,,,,,,,,,
1153696,2018/19,2019-02-06,Westpac Stadium,2,4.4,India,New Zealand,V Shankar,S Dhawan,SC Kuggeleijn,4,0,,,,,,,,,
1153696,2018/19,2019-02-06,Westpac Stadium,2,4.5,India,New Zealand,V Shankar,S Dhawan,SC Kuggeleijn,6,0,,,,,,,,,
1153696,2018/19,2019-02-06,Westpac Stadium,2,4.6,India,New Zealand,V Shankar,S Dhawan,SC Kuggeleijn,1,0,,,,,,,,,
1153696,2018/19,2019-02-06,Westpac Stadium,2,5.1,India,New Zealand,V Shankar,S Dhawan,LH Ferguson,1,0,,,,,,,,,
1153696,2018/19,2019-02-06,Westpac Stadium,2,5.2,India,New Zealand,S Dhawan,V Shankar,LH Ferguson,4,0,,,,,,,,,
1153696,2018/19,2019-02-06,Westpac Stadium,2,5.3,India,New Zealand,S Dhawan,V Shankar,LH Ferguson,0,0,,,,,,bowled,S Dhawan,,
1153696,2018/19,2019-02-06,Westpac Stadium,2,5.4,India,New Zealand,RR Pant,V Shankar,LH Ferguson,0,0,,,,,,,,,
1153696,2018/19,2019-02-06,Westpac Stadium,2,5.5,India,New Zealand,RR Pant,V Shankar,LH Ferguson,1,0,,,,,,,,,
1153696,2018/19,2019-02-06,Westpac Stadium,2,5.6,India,New Zealand,V Shankar,RR Pant,LH Ferguson,1,0,,,,,,,,,
1153696,2018/19,2019-02-06,Westpac Stadium,2,6.1,India,New Zealand,V Shankar,RR Pant,MJ Santner,0,0,,,,,,,,,
1153696,2018/19,2019-02-06,Westpac Stadium,2,6.2,India,New Zealand,V Shankar,RR Pant,MJ Santner,6,0,,,,,,,,,
1153696,2018/19,2019-02-06,Westpac Stadium,2,6.3,India,New Zealand,V Shankar,RR Pant,MJ Santner,0,0,,,,,,,,,
1153696,2018/19,2019-02-06,Westpac Stadium,2,6.4,India,New Zealand,V Shankar,RR Pant,MJ Santner,0,0,,,,,,,,,
1153696,2018/19,2019-02-06,Westpac Stadium,2,6.5,India,New Zealand,V Shankar,RR Pant,MJ Santner,1,0,,,,,,,,,
1153696,2018/19,2019-02-06,Westpac Stadium,2,6.6,India,New Zealand,RR Pant,V Shankar,MJ Santner,1,0,,,,,,,,,
1153696,2018/19,2019-02-06,Westpac Stadium,2,7.1,India,New Zealand,RR Pant,V Shankar,DJ Mitchell,0,0,,,,,,,,,
1153696,2018/19,2019-02-06,Westpac Stadium,2,7.2,India,New Zealand,RR Pant,V Shankar,DJ Mitchell,0,0,,,,,,,,,
1153696,2018/19,2019-02-06,Westpac Stadium,2,7.3,India,New Zealand,RR Pant,V Shankar,DJ Mitchell,1,0,,,,,,,,,
1153696,2018/19,2019-02-06,Westpac Stadium,2,7.4,India,New Zealand,V Shankar,RR Pant,DJ Mitchell,1,0,,,,,,,,,
1153696,2018/19,2019-02-06,Westpac Stadium,2,7.5,India,New Zealand,RR Pant,V Shankar,DJ Mitchell,0,0,,,,,,,,,
1153696,2018/19,2019-02-06,Westpac Stadium,2,7.6,India,New Zealand,RR Pant,V Shankar,DJ Mitchell,1,0,,,,,,,,,
1153696,2018/19,2019-02-06,Westpac Stadium,2,8.1,India,New Zealand,RR Pant,V Shankar,MJ Santner,0,0,,,,,,,,,
1153696,2018/19,2019-02-06,Westpac Stadium,2,8.2,India,New Zealand,RR Pant,V Shankar,MJ Santner,0,0,,,,,,bowled,RR Pant,,
1153696,2018/19,2019-02-06,Westpac Stadium,2,8.3,India,New Zealand,MS Dhoni,V Shankar,MJ Santner,1,0,,,,,,,,,
1153696,2018/19,2019-02-06,Westpac Stadium,2,8.4,India,New Zealand,V Shankar,MS Dhoni,MJ Santner,0,0,,,,,,caught,V Shankar,,
1153696,2018/19,2019-02-06,Westpac Stadium,2,8.5,India,New Zealand,MS Dhoni,KD Karthik,MJ Santner,0,0,,,,,,,,,
1153696,2018/19,2019-02-06,Westpac Stadium,2,8.6,India,New Zealand,MS Dhoni,KD Karthik,MJ Santner,0,0,,,,,,,,,
1153696,2018/19,2019-02-06,Westpac Stadium,2,9.1,India,New Zealand,KD Karthik,MS Dhoni,DJ Mitchell,1,0,,,,,,,,,
1153696,2018/19,2019-02-06,Westpac Stadium,2,9.2,India,New Zealand,MS Dhoni,KD Karthik,DJ Mitchell,1,0,,,,,,,,,
1153696,2018/19,2019-02-06,Westpac Stadium,2,9.3,India,New Zealand,KD Karthik,MS Dhoni,DJ Mitchell,1,0,,,,,,,,,
1153696,2018/19,2019-02-06,Westpac Stadium,2,9.4,India,New Zealand,MS Dhoni,KD Karthik,DJ Mitchell,1,0,,,,,,,,,
1153696,2018/19,2019-02-06,Westpac Stadium,2,9.5,India,New Zealand,KD Karthik,MS Dhoni,DJ Mitchell,2,0,,,,,,,,,
1153696,2018/19,2019-02-06,Westpac Stadium,2,9.6,India,New Zealand,KD Karthik,MS Dhoni,DJ Mitchell,1,0,,,,,,,,,
1153696,2018/19,2019-02-06,Westpac Stadium,2,10.1,India,New Zealand,KD Karthik,MS Dhoni,IS Sodhi,0,0,,,,,,,,,
1153696,2018/19,2019-02-06,Westpac Stadium,2,10.2,India,New Zealand,KD Karthik,MS Dhoni,IS Sodhi,0,0,,,,,,caught,KD Karthik,,
1153696,2018/19,2019-02-06,Westpac Stadium,2,10.3,India,New Zealand,HH Pandya,MS Dhoni,IS Sodhi,0,0,,,,,,,,,
1153696,2018/19,2019-02-06,Westpac Stadium,2,10.4,India,New Zealand,HH Pandya,MS Dhoni,IS Sodhi,0,1,1,,,,,,,,
1153696,2018/19,2019-02-06,Westpac Stadium,2,10.5,India,New Zealand,HH Pandya,MS Dhoni,IS Sodhi,4,0,,,,,,,,,
1153696,2018/19,2019-02-06,Westpac Stadium,2,10.6,India,New Zealand,HH Pandya,MS Dhoni,IS Sodhi,0,0,,,,,,,,,
1153696,2018/19,2019-02-06,Westpac Stadium,2,10.7,India,New Zealand,HH Pandya,MS Dhoni,IS Sodhi,0,0,,,,,,caught,HH Pandya,,
1153696,2018/19,2019-02-06,Westpac Stadium,2,11.1,India,New Zealand,MS Dhoni,KH Pandya,MJ Santner,0,0,,,,,,,,,
1153696,2018/19,2019-02-06,Westpac Stadium,2,11.2,India,New Zealand,MS Dhoni,KH Pandya,MJ Santner,4,0,,,,,,,,,
1153696,2018/19,2019-02-06,Westpac Stadium,2,11.3,India,New Zealand,MS Dhoni,KH Pandya,MJ Santner,1,0,,,,,,,,,
1153696,2018/19,2019-02-06,Westpac Stadium,2,11.4,India,New Zealand,KH Pandya,MS Dhoni,MJ Santner,0,0,,,,,,,,,
1153696,2018/19,2019-02-06,Westpac Stadium,2,11.5,India,New Zealand,KH Pandya,MS Dhoni,MJ Santner,1,0,,,,,,,,,
1153696,2018/19,2019-02-06,Westpac Stadium,2,11.6,India,New Zealand,MS Dhoni,KH Pandya,MJ Santner,0,0,,,,,,,,,
1153696,2018/19,2019-02-06,Westpac Stadium,2,12.1,India,New Zealand,KH Pandya,MS Dhoni,IS Sodhi,0,0,,,,,,,,,
1153696,2018/19,2019-02-06,Westpac Stadium,2,12.2,India,New Zealand,KH Pandya,MS Dhoni,IS Sodhi,1,0,,,,,,,,,
1153696,2018/19,2019-02-06,Westpac Stadium,2,12.3,India,New Zealand,MS Dhoni,KH Pandya,IS Sodhi,1,0,,,,,,,,,
1153696,2018/19,2019-02-06,Westpac Stadium,2,12.4,India,New Zealand,KH Pandya,MS Dhoni,IS Sodhi,0,0,,,,,,,,,
1153696,2018/19,2019-02-06,Westpac Stadium,2,12.5,India,New Zealand,KH Pandya,MS Dhoni,IS Sodhi,2,0,,,,,,,,,
1153696,2018/19,2019-02-06,Westpac Stadium,2,12.6,India,New Zealand,KH Pandya,MS Dhoni,IS Sodhi,1,0,,,,,,,,,
1153696,2018/19,2019-02-06,Westpac Stadium,2,13.1,India,New Zealand,KH Pandya,MS Dhoni,MJ Santner,1,0,,,,,,,,,
1153696,2018/19,2019-02-06,Westpac Stadium,2,13.2,India,New Zealand,MS Dhoni,KH Pandya,MJ Santner,0,0,,,,,,,,,
1153696,2018/19,2019-02-06,Westpac Stadium,2,13.3,India,New Zealand,MS Dhoni,KH Pandya,MJ Santner,1,0,,,,,,,,,
1153696,2018/19,2019-02-06,Westpac Stadium,2,13.4,India,New Zealand,KH Pandya,MS Dhoni,MJ Santner,1,0,,,,,,,,,
1153696,2018/19,2019-02-06,Westpac Stadium,2,13.5,India,New Zealand,MS Dhoni,KH Pandya,MJ Santner,0,0,,,,,,,,,
1153696,2018/19,2019-02-06,Westpac Stadium,2,13.6,India,New Zealand,MS Dhoni,KH Pandya,MJ Santner,6,0,,,,,,,,,
1153696,2018/19,2019-02-06,Westpac Stadium,2,14.1,India,New Zealand,KH Pandya,MS Dhoni,IS Sodhi,1,0,,,,,,,,,
1153696,2018/19,2019-02-06,Westpac Stadium,2,14.2,India,New Zealand,MS Dhoni,KH Pandya,IS Sodhi,1,0,,,,,,,,,
1153696,2018/19,2019-02-06,Westpac Stadium,2,14.3,India,New Zealand,KH Pandya,MS Dhoni,IS Sodhi,4,0,,,,,,,,,
1153696,2018/19,2019-02-06,Westpac Stadium,2,14.4,India,New Zealand,KH Pandya,MS Dhoni,IS Sodhi,1,0,,,,,,,,,
1153696,2018/19,2019-02-06,Westpac Stadium,2,14.5,India,New Zealand,MS Dhoni,KH Pandya,IS Sodhi,0,1,1,,,,,,,,
1153696,2018/19,2019-02-06,Westpac Stadium,2,14.6,India,New Zealand,MS Dhoni,KH Pandya,IS Sodhi,0,1,1,,,,,,,,
1153696,2018/19,2019-02-06,Westpac Stadium,2,14.7,India,New Zealand,MS Dhoni,KH Pandya,IS Sodhi,1,0,,,,,,,,,
1153696,2018/19,2019-02-06,Westpac Stadium,2,14.8,India,New Zealand,KH Pandya,MS Dhoni,IS Sodhi,6,0,,,,,,,,,
1153696,2018/19,2019-02-06,Westpac Stadium,2,15.1,India,New Zealand,MS Dhoni,KH Pandya,LH Ferguson,0,0,,,,,,,,,
1153696,2018/19,2019-02-06,Westpac Stadium,2,15.2,India,New Zealand,MS Dhoni,KH Pandya,LH Ferguson,4,0,,,,,,,,,
1153696,2018/19,2019-02-06,Westpac Stadium,2,15.3,India,New Zealand,MS Dhoni,KH Pandya,LH Ferguson,1,0,,,,,,,,,
1153696,2018/19,2019-02-06,Westpac Stadium,2,15.4,India,New Zealand,KH Pandya,MS Dhoni,LH Ferguson,0,0,,,,,,,,,
1153696,2018/19,2019-02-06,Westpac Stadium,2,15.5,India,New Zealand,KH Pandya,MS Dhoni,LH Ferguson,0,0,,,,,,,,,
1153696,2018/19,2019-02-06,Westpac Stadium,2,15.6,India,New Zealand,KH Pandya,MS Dhoni,LH Ferguson,0,0,,,,,,,,,
1153696,2018/19,2019-02-06,Westpac Stadium,2,16.1,India,New Zealand,MS Dhoni,KH Pandya,TG Southee,4,0,,,,,,,,,
1153696,2018/19,2019-02-06,Westpac Stadium,2,16.2,India,New Zealand,MS Dhoni,KH Pandya,TG Southee,1,0,,,,,,,,,
1153696,2018/19,2019-02-06,Westpac Stadium,2,16.3,India,New Zealand,KH Pandya,MS Dhoni,TG Southee,1,0,,,,,,,,,
1153696,2018/19,2019-02-06,Westpac Stadium,2,16.4,India,New Zealand,MS Dhoni,KH Pandya,TG Southee,4,0,,,,,,,,,
1153696,2018/19,2019-02-06,Westpac Stadium,2,16.5,India,New Zealand,MS Dhoni,KH Pandya,TG Southee,1,0,,,,,,,,,
1153696,2018/19,2019-02-06,Westpac Stadium,2,16.6,India,New Zealand,KH Pandya,MS Dhoni,TG Southee,0,0,,,,,,caught,KH Pandya,,
1153696,2018/19,2019-02-06,Westpac Stadium,2,17.1,India,New Zealand,MS Dhoni,B Kumar,LH Ferguson,1,0,,,,,,,,,
1153696,2018/19,2019-02-06,Westpac Stadium,2,17.2,India,New Zealand,B Kumar,MS Dhoni,LH Ferguson,0,0,,,,,,,,,
1153696,2018/19,2019-02-06,Westpac Stadium,2,17.3,India,New Zealand,B Kumar,MS Dhoni,LH Ferguson,1,0,,,,,,,,,
1153696,2018/19,2019-02-06,Westpac Stadium,2,17.4,India,New Zealand,MS Dhoni,B Kumar,LH Ferguson,1,0,,,,,,,,,
1153696,2018/19,2019-02-06,Westpac Stadium,2,17.5,India,New Zealand,B Kumar,MS Dhoni,LH Ferguson,0,0,,,,,,caught,B Kumar,,
1153696,2018/19,2019-02-06,Westpac Stadium,2,17.6,India,New Zealand,YS Chahal,MS Dhoni,LH Ferguson,0,0,,,,,,,,,
1153696,2018/19,2019-02-06,Westpac Stadium,2,18.1,India,New Zealand,MS Dhoni,YS Chahal,TG Southee,0,0,,,,,,,,,
1153696,2018/19,2019-02-06,Westpac Stadium,2,18.2,India,New Zealand,MS Dhoni,YS Chahal,TG Southee,0,0,,,,,,,,,
1153696,2018/19,2019-02-06,Westpac Stadium,2,18.3,India,New Zealand,MS Dhoni,YS Chahal,TG Southee,0,0,,,,,,,,,
1153696,2018/19,2019-02-06,Westpac Stadium,2,18.4,India,New Zealand,MS Dhoni,YS Chahal,TG Southee,4,0,,,,,,,,,
1153696,2018/19,2019-02-06,Westpac Stadium,2,18.5,India,New Zealand,MS Dhoni,YS Chahal,TG Southee,0,0,,,,,,,,,
1153696,2018/19,2019-02-06,Westpac Stadium,2,18.6,India,New Zealand,MS Dhoni,YS Chahal,TG Southee,0,0,,,,,,caught,MS Dhoni,,
1153696,2018/19,2019-02-06,Westpac Stadium,2,19.1,India,New Zealand,YS Chahal,KK Ahmed,DJ Mitchell,1,1,,1,,,,,,,
1153696,2018/19,2019-02-06,Westpac Stadium,2,19.2,India,New Zealand,KK Ahmed,YS Chahal,DJ Mitchell,1,0,,,,,,,,,
1153696,2018/19,2019-02-06,Westpac Stadium,2,19.3,India,New Zealand,YS Chahal,KK Ahmed,DJ Mitchell,0,0,,,,,,bowled,YS Chahal,,
