version,2.1.0
info,balls_per_over,6
info,team,Kings XI Punjab
info,team,Gujarat Lions
info,gender,male
info,season,2017
info,date,2017/05/07
info,event,Indian Premier League
info,match_number,47
info,venue,"Punjab Cricket Association IS Bindra Stadium, Mohali"
info,city,Chandigarh
info,toss_winner,Gujarat Lions
info,toss_decision,field
info,player_of_match,DR Smith
info,umpire,A Nand Kishore
info,umpire,VK Sharma
info,reserve_umpire,Navdeep Singh
info,tv_umpire,S Ravi
info,match_referee,J Srinath
info,winner,Gujarat Lions
info,winner_wickets,6
info,player,Gujarat Lions,DR Smith
info,player,Gujarat Lions,Ishan Kishan
info,player,Gujarat Lions,SK Raina
info,player,Gujarat Lions,KD Karthik
info,player,Gujarat Lions,AJ Finch
info,player,Gujarat Lions,RA Jadeja
info,player,Gujarat Lions,JP Faulkner
info,player,Gujarat Lions,DS Kulkarni
info,player,Gujarat Lions,PJ Sangwan
info,player,Gujarat Lions,Basil Thampi
info,player,Gujarat Lions,Ankit Soni
info,player,Kings XI Punjab,MJ Guptill
info,player,Kings XI Punjab,HM Amla
info,player,Kings XI Punjab,SE Marsh
info,player,Kings XI Punjab,GJ Maxwell
info,player,Kings XI Punjab,AR Patel
info,player,Kings XI Punjab,WP Saha
info,player,Kings XI Punjab,Gurkeerat Singh
info,player,Kings XI Punjab,MM Sharma
info,player,Kings XI Punjab,Sandeep Sharma
info,player,Kings XI Punjab,VR Aaron
info,player,Kings XI Punjab,T Natarajan
info,registry,people,A Nand Kishore,84424f4f
info,registry,people,AJ Finch,b8d490fd
info,registry,people,AR Patel,2e171977
info,registry,people,Ankit Soni,f18ba07f
info,registry,people,Basil Thampi,871e9faf
info,registry,people,DA Miller,d67d5f00
info,registry,people,DR Smith,35205dfc
info,registry,people,DS Kulkarni,d2a989fc
info,registry,people,GJ Maxwell,b681e71e
info,registry,people,Gurkeerat Singh,6eb146d2
info,registry,people,HM Amla,e798611a
info,registry,people,Ishan Kishan,752f7486
info,registry,people,J Srinath,bad31fac
info,registry,people,JP Faulkner,808f425a
info,registry,people,KD Karthik,c03f1114
info,registry,people,MJ Guptill,2be41edb
info,registry,people,MM Sharma,759ac88f
info,registry,people,Navdeep Singh,a3e3d8a4
info,registry,people,PJ Sangwan,9fc0ef64
info,registry,people,RA Jadeja,fe93fd9d
info,registry,people,S Ravi,9b9ee0df
info,registry,people,SE Marsh,508a1ea7
info,registry,people,SK Raina,1dc12ab9
info,registry,people,Sandeep Sharma,ce820073
info,registry,people,T Natarajan,ce794613
info,registry,people,VK Sharma,a7a49df4
info,registry,people,VR Aaron,0a3d54b9
info,registry,people,WP Saha,fe11caa6
