version,2.1.0
info,balls_per_over,6
info,team,Sunrisers Hyderabad
info,team,Chennai Super Kings
info,gender,male
info,season,2018
info,date,2018/05/22
info,event,Indian Premier League
info,venue,Wankhede Stadium
info,city,Mumbai
info,toss_winner,Chennai Super Kings
info,toss_decision,field
info,player_of_match,F du Plessis
info,umpire,C Shamshuddin
info,umpire,M Erasmus
info,reserve_umpire,YC Barde
info,tv_umpire,S Ravi
info,match_referee,AJ Pycroft
info,winner,Chennai Super Kings
info,winner_wickets,2
info,player,Sunrisers Hyderabad,S Dhawan
info,player,Sunrisers Hyderabad,SP Goswami
info,player,Sunrisers Hyderabad,KS Williamson
info,player,Sunrisers Hyderabad,MK Pandey
info,player,Sunrisers Hyderabad,Shakib Al Hasan
info,player,Sunrisers Hyderabad,YK Pathan
info,player,Sunrisers Hyderabad,CR Brathwaite
info,player,Sunrisers Hyderabad,B Kumar
info,player,Sunrisers Hyderabad,Rashid Khan
info,player,Sunrisers Hyderabad,S Kaul
info,player,Sunrisers Hyderabad,Sandeep Sharma
info,player,Chennai Super Kings,SR Watson
info,player,Chennai Super Kings,F du Plessis
info,player,Chennai Super Kings,SK Raina
info,player,Chennai Super Kings,AT Rayudu
info,player,Chennai Super Kings,MS Dhoni
info,player,Chennai Super Kings,DJ Bravo
info,player,Chennai Super Kings,RA Jadeja
info,player,Chennai Super Kings,DL Chahar
info,player,Chennai Super Kings,Harbhajan Singh
info,player,Chennai Super Kings,SN Thakur
info,player,Chennai Super Kings,L Ngidi
info,registry,people,AJ Pycroft,685d3f80
info,registry,people,AT Rayudu,70d205c9
info,registry,people,B Kumar,2e81a32d
info,registry,people,C Shamshuddin,0f9d921b
info,registry,people,CR Brathwaite,e342e5fb
info,registry,people,DJ Bravo,87e562a9
info,registry,people,DL Chahar,23eeb873
info,registry,people,F du Plessis,3355b542
info,registry,people,Harbhajan Singh,8b5b6769
info,registry,people,KS Williamson,d027ba9f
info,registry,people,L Ngidi,f834dcfc
info,registry,people,M Erasmus,15d3c895
info,registry,people,MK Pandey,93b4fc78
info,registry,people,MS Dhoni,4a8a2e3b
info,registry,people,RA Jadeja,fe93fd9d
info,registry,people,Rashid Khan,5f547c8b
info,registry,people,S Dhawan,0a476045
info,registry,people,S Kaul,dcf81436
info,registry,people,S Ravi,9b9ee0df
info,registry,people,SK Raina,1dc12ab9
info,registry,people,SN Thakur,1abb78f8
info,registry,people,SP Goswami,541f85c9
info,registry,people,SR Watson,4329fbb5
info,registry,people,Sandeep Sharma,ce820073
info,registry,people,Shakib Al Hasan,7dc35884
info,registry,people,YC Barde,b90f3346
info,registry,people,YK Pathan,3c6ffae8
