match_id,season,start_date,venue,innings,ball,batting_team,bowling_team,striker,non_striker,bowler,runs_off_bat,extras,wides,noballs,byes,legbyes,penalty,wicket_type,player_dismissed,other_wicket_type,other_player_dismissed
1175365,2019,2019-03-30,Arun Jaitley Stadium,1,0.1,Kolkata Knight Riders,Delhi Capitals,NS Naik,CA Lynn,K Rabada,4,0,,,,,,,,,
1175365,2019,2019-03-30,Arun Jaitley Stadium,1,0.2,Kolkata Knight Riders,Delhi Capitals,NS Naik,CA Lynn,K Rabada,0,1,1,,,,,,,,
1175365,2019,2019-03-30,Arun Jaitley Stadium,1,0.3,Kolkata Knight Riders,Delhi Capitals,NS Naik,CA Lynn,K Rabada,0,0,,,,,,,,,
1175365,2019,2019-03-30,Arun Jaitley Stadium,1,0.4,Kolkata Knight Riders,Delhi Capitals,NS Naik,CA Lynn,K Rabada,1,0,,,,,,,,,
1175365,2019,2019-03-30,Arun Jaitley Stadium,1,0.5,Kolkata Knight Riders,Delhi Capitals,CA Lynn,NS Naik,K Rabada,0,0,,,,,,,,,
1175365,2019,2019-03-30,Arun Jaitley Stadium,1,0.6,Kolkata Knight Riders,Delhi Capitals,CA Lynn,NS Naik,K Rabada,4,0,,,,,,,,,
1175365,2019,2019-03-30,Arun Jaitley Stadium,1,0.7,Kolkata Knight Riders,Delhi Capitals,CA Lynn,NS Naik,K Rabada,2,0,,,,,,,,,
1175365,2019,2019-03-30,Arun Jaitley Stadium,1,1.1,Kolkata Knight Riders,Delhi Capitals,NS Naik,CA Lynn,S Lamichhane,0,0,,,,,,,,,
1175365,2019,2019-03-30,Arun Jaitley Stadium,1,1.2,Kolkata Knight Riders,Delhi Capitals,NS Naik,CA Lynn,S Lamichhane,0,0,,,,,,,,,
1175365,2019,2019-03-30,Arun Jaitley Stadium,1,1.3,Kolkata Knight Riders,Delhi Capitals,NS Naik,CA Lynn,S Lamichhane,0,0,,,,,,,,,
1175365,2019,2019-03-30,Arun Jaitley Stadium,1,1.4,Kolkata Knight Riders,Delhi Capitals,NS Naik,CA Lynn,S Lamichhane,0,0,,,,,,,,,
1175365,2019,2019-03-30,Arun Jaitley Stadium,1,1.5,Kolkata Knight Riders,Delhi Capitals,NS Naik,CA Lynn,S Lamichhane,0,0,,,,,,,,,
1175365,2019,2019-03-30,Arun Jaitley Stadium,1,1.6,Kolkata Knight Riders,Delhi Capitals,NS Naik,CA Lynn,S Lamichhane,1,0,,,,,,,,,
1175365,2019,2019-03-30,Arun Jaitley Stadium,1,2.1,Kolkata Knight Riders,Delhi Capitals,NS Naik,CA Lynn,CH Morris,0,0,,,,,,,,,
1175365,2019,2019-03-30,Arun Jaitley Stadium,1,2.2,Kolkata Knight Riders,Delhi Capitals,NS Naik,CA Lynn,CH Morris,1,0,,,,,,,,,
1175365,2019,2019-03-30,Arun Jaitley Stadium,1,2.3,Kolkata Knight Riders,Delhi Capitals,CA Lynn,NS Naik,CH Morris,0,0,,,,,,,,,
1175365,2019,2019-03-30,Arun Jaitley Stadium,1,2.4,Kolkata Knight Riders,Delhi Capitals,CA Lynn,NS Naik,CH Morris,1,0,,,,,,,,,
1175365,2019,2019-03-30,Arun Jaitley Stadium,1,2.5,Kolkata Knight Riders,Delhi Capitals,NS Naik,CA Lynn,CH Morris,0,0,,,,,,,,,
1175365,2019,2019-03-30,Arun Jaitley Stadium,1,2.6,Kolkata Knight Riders,Delhi Capitals,NS Naik,CA Lynn,CH Morris,0,0,,,,,,,,,
1175365,2019,2019-03-30,Arun Jaitley Stadium,1,3.1,Kolkata Knight Riders,Delhi Capitals,CA Lynn,NS Naik,S Lamichhane,1,0,,,,,,,,,
1175365,2019,2019-03-30,Arun Jaitley Stadium,1,3.2,Kolkata Knight Riders,Delhi Capitals,NS Naik,CA Lynn,S Lamichhane,0,0,,,,,,,,,
1175365,2019,2019-03-30,Arun Jaitley Stadium,1,3.3,Kolkata Knight Riders,Delhi Capitals,NS Naik,CA Lynn,S Lamichhane,0,0,,,,,,,,,
1175365,2019,2019-03-30,Arun Jaitley Stadium,1,3.4,Kolkata Knight Riders,Delhi Capitals,NS Naik,CA Lynn,S Lamichhane,0,0,,,,,,lbw,NS Naik,,
1175365,2019,2019-03-30,Arun Jaitley Stadium,1,3.5,Kolkata Knight Riders,Delhi Capitals,RV Uthappa,CA Lynn,S Lamichhane,4,0,,,,,,,,,
1175365,2019,2019-03-30,Arun Jaitley Stadium,1,3.6,Kolkata Knight Riders,Delhi Capitals,RV Uthappa,CA Lynn,S Lamichhane,1,0,,,,,,,,,
1175365,2019,2019-03-30,Arun Jaitley Stadium,1,4.1,Kolkata Knight Riders,Delhi Capitals,RV Uthappa,CA Lynn,CH Morris,1,0,,,,,,,,,
1175365,2019,2019-03-30,Arun Jaitley Stadium,1,4.2,Kolkata Knight Riders,Delhi Capitals,CA Lynn,RV Uthappa,CH Morris,0,0,,,,,,,,,
1175365,2019,2019-03-30,Arun Jaitley Stadium,1,4.3,Kolkata Knight Riders,Delhi Capitals,CA Lynn,RV Uthappa,CH Morris,4,0,,,,,,,,,
1175365,2019,2019-03-30,Arun Jaitley Stadium,1,4.4,Kolkata Knight Riders,Delhi Capitals,CA Lynn,RV Uthappa,CH Morris,0,0,,,,,,,,,
1175365,2019,2019-03-30,Arun Jaitley Stadium,1,4.5,Kolkata Knight Riders,Delhi Capitals,CA Lynn,RV Uthappa,CH Morris,4,0,,,,,,,,,
1175365,2019,2019-03-30,Arun Jaitley Stadium,1,4.6,Kolkata Knight Riders,Delhi Capitals,CA Lynn,RV Uthappa,CH Morris,0,0,,,,,,,,,
1175365,2019,2019-03-30,Arun Jaitley Stadium,1,5.1,Kolkata Knight Riders,Delhi Capitals,RV Uthappa,CA Lynn,HV Patel,1,0,,,,,,,,,
1175365,2019,2019-03-30,Arun Jaitley Stadium,1,5.2,Kolkata Knight Riders,Delhi Capitals,CA Lynn,RV Uthappa,HV Patel,0,0,,,,,,,,,
1175365,2019,2019-03-30,Arun Jaitley Stadium,1,5.3,Kolkata Knight Riders,Delhi Capitals,CA Lynn,RV Uthappa,HV Patel,0,0,,,,,,,,,
1175365,2019,2019-03-30,Arun Jaitley Stadium,1,5.4,Kolkata Knight Riders,Delhi Capitals,CA Lynn,RV Uthappa,HV Patel,1,0,,,,,,,,,
1175365,2019,2019-03-30,Arun Jaitley Stadium,1,5.5,Kolkata Knight Riders,Delhi Capitals,RV Uthappa,CA Lynn,HV Patel,4,0,,,,,,,,,
1175365,2019,2019-03-30,Arun Jaitley Stadium,1,5.6,Kolkata Knight Riders,Delhi Capitals,RV Uthappa,CA Lynn,HV Patel,0,0,,,,,,lbw,RV Uthappa,,
1175365,2019,2019-03-30,Arun Jaitley Stadium,1,6.1,Kolkata Knight Riders,Delhi Capitals,CA Lynn,N Rana,K Rabada,0,0,,,,,,,,,
1175365,2019,2019-03-30,Arun Jaitley Stadium,1,6.2,Kolkata Knight Riders,Delhi Capitals,CA Lynn,N Rana,K Rabada,1,0,,,,,,,,,
1175365,2019,2019-03-30,Arun Jaitley Stadium,1,6.3,Kolkata Knight Riders,Delhi Capitals,N Rana,CA Lynn,K Rabada,1,0,,,,,,,,,
1175365,2019,2019-03-30,Arun Jaitley Stadium,1,6.4,Kolkata Knight Riders,Delhi Capitals,CA Lynn,N Rana,K Rabada,2,0,,,,,,,,,
1175365,2019,2019-03-30,Arun Jaitley Stadium,1,6.5,Kolkata Knight Riders,Delhi Capitals,CA Lynn,N Rana,K Rabada,0,0,,,,,,caught,CA Lynn,,
1175365,2019,2019-03-30,Arun Jaitley Stadium,1,6.6,Kolkata Knight Riders,Delhi Capitals,KD Karthik,N Rana,K Rabada,4,0,,,,,,,,,
1175365,2019,2019-03-30,Arun Jaitley Stadium,1,7.1,Kolkata Knight Riders,Delhi Capitals,N Rana,KD Karthik,HV Patel,0,0,,,,,,caught,N Rana,,
1175365,2019,2019-03-30,Arun Jaitley Stadium,1,7.2,Kolkata Knight Riders,Delhi Capitals,KD Karthik,Shubman Gill,HV Patel,0,0,,,,,,,,,
1175365,2019,2019-03-30,Arun Jaitley Stadium,1,7.3,Kolkata Knight Riders,Delhi Capitals,KD Karthik,Shubman Gill,HV Patel,6,0,,,,,,,,,
1175365,2019,2019-03-30,Arun Jaitley Stadium,1,7.4,Kolkata Knight Riders,Delhi Capitals,KD Karthik,Shubman Gill,HV Patel,1,0,,,,,,,,,
1175365,2019,2019-03-30,Arun Jaitley Stadium,1,7.5,Kolkata Knight Riders,Delhi Capitals,Shubman Gill,KD Karthik,HV Patel,1,0,,,,,,,,,
1175365,2019,2019-03-30,Arun Jaitley Stadium,1,7.6,Kolkata Knight Riders,Delhi Capitals,KD Karthik,Shubman Gill,HV Patel,1,0,,,,,,,,,
1175365,2019,2019-03-30,Arun Jaitley Stadium,1,8.1,Kolkata Knight Riders,Delhi Capitals,KD Karthik,Shubman Gill,A Mishra,0,0,,,,,,,,,
1175365,2019,2019-03-30,Arun Jaitley Stadium,1,8.2,Kolkata Knight Riders,Delhi Capitals,KD Karthik,Shubman Gill,A Mishra,1,0,,,,,,,,,
1175365,2019,2019-03-30,Arun Jaitley Stadium,1,8.3,Kolkata Knight Riders,Delhi Capitals,Shubman Gill,KD Karthik,A Mishra,0,0,,,,,,,,,
1175365,2019,2019-03-30,Arun Jaitley Stadium,1,8.4,Kolkata Knight Riders,Delhi Capitals,Shubman Gill,KD Karthik,A Mishra,0,0,,,,,,,,,
1175365,2019,2019-03-30,Arun Jaitley Stadium,1,8.5,Kolkata Knight Riders,Delhi Capitals,Shubman Gill,KD Karthik,A Mishra,1,0,,,,,,,,,
1175365,2019,2019-03-30,Arun Jaitley Stadium,1,8.6,Kolkata Knight Riders,Delhi Capitals,KD Karthik,Shubman Gill,A Mishra,4,0,,,,,,,,,
1175365,2019,2019-03-30,Arun Jaitley Stadium,1,9.1,Kolkata Knight Riders,Delhi Capitals,Shubman Gill,KD Karthik,S Lamichhane,2,0,,,,,,run out,Shubman Gill,,
1175365,2019,2019-03-30,Arun Jaitley Stadium,1,9.2,Kolkata Knight Riders,Delhi Capitals,KD Karthik,AD Russell,S Lamichhane,1,0,,,,,,,,,
1175365,2019,2019-03-30,Arun Jaitley Stadium,1,9.3,Kolkata Knight Riders,Delhi Capitals,AD Russell,KD Karthik,S Lamichhane,0,0,,,,,,,,,
1175365,2019,2019-03-30,Arun Jaitley Stadium,1,9.4,Kolkata Knight Riders,Delhi Capitals,AD Russell,KD Karthik,S Lamichhane,1,0,,,,,,,,,
1175365,2019,2019-03-30,Arun Jaitley Stadium,1,9.5,Kolkata Knight Riders,Delhi Capitals,KD Karthik,AD Russell,S Lamichhane,1,0,,,,,,,,,
1175365,2019,2019-03-30,Arun Jaitley Stadium,1,9.6,Kolkata Knight Riders,Delhi Capitals,AD Russell,KD Karthik,S Lamichhane,0,0,,,,,,,,,
1175365,2019,2019-03-30,Arun Jaitley Stadium,1,10.1,Kolkata Knight Riders,Delhi Capitals,KD Karthik,AD Russell,A Mishra,1,0,,,,,,,,,
1175365,2019,2019-03-30,Arun Jaitley Stadium,1,10.2,Kolkata Knight Riders,Delhi Capitals,AD Russell,KD Karthik,A Mishra,0,0,,,,,,,,,
1175365,2019,2019-03-30,Arun Jaitley Stadium,1,10.3,Kolkata Knight Riders,Delhi Capitals,AD Russell,KD Karthik,A Mishra,6,0,,,,,,,,,
1175365,2019,2019-03-30,Arun Jaitley Stadium,1,10.4,Kolkata Knight Riders,Delhi Capitals,AD Russell,KD Karthik,A Mishra,1,0,,,,,,,,,
1175365,2019,2019-03-30,Arun Jaitley Stadium,1,10.5,Kolkata Knight Riders,Delhi Capitals,KD Karthik,AD Russell,A Mishra,0,0,,,,,,,,,
1175365,2019,2019-03-30,Arun Jaitley Stadium,1,10.6,Kolkata Knight Riders,Delhi Capitals,KD Karthik,AD Russell,A Mishra,1,0,,,,,,,,,
1175365,2019,2019-03-30,Arun Jaitley Stadium,1,11.1,Kolkata Knight Riders,Delhi Capitals,KD Karthik,AD Russell,S Lamichhane,0,0,,,,,,,,,
1175365,2019,2019-03-30,Arun Jaitley Stadium,1,11.2,Kolkata Knight Riders,Delhi Capitals,KD Karthik,AD Russell,S Lamichhane,0,0,,,,,,,,,
1175365,2019,2019-03-30,Arun Jaitley Stadium,1,11.3,Kolkata Knight Riders,Delhi Capitals,KD Karthik,AD Russell,S Lamichhane,4,0,,,,,,,,,
1175365,2019,2019-03-30,Arun Jaitley Stadium,1,11.4,Kolkata Knight Riders,Delhi Capitals,KD Karthik,AD Russell,S Lamichhane,1,0,,,,,,,,,
1175365,2019,2019-03-30,Arun Jaitley Stadium,1,11.5,Kolkata Knight Riders,Delhi Capitals,AD Russell,KD Karthik,S Lamichhane,6,0,,,,,,,,,
1175365,2019,2019-03-30,Arun Jaitley Stadium,1,11.6,Kolkata Knight Riders,Delhi Capitals,AD Russell,KD Karthik,S Lamichhane,6,0,,,,,,,,,
1175365,2019,2019-03-30,Arun Jaitley Stadium,1,12.1,Kolkata Knight Riders,Delhi Capitals,KD Karthik,AD Russell,A Mishra,0,0,,,,,,,,,
1175365,2019,2019-03-30,Arun Jaitley Stadium,1,12.2,Kolkata Knight Riders,Delhi Capitals,KD Karthik,AD Russell,A Mishra,4,0,,,,,,,,,
1175365,2019,2019-03-30,Arun Jaitley Stadium,1,12.3,Kolkata Knight Riders,Delhi Capitals,KD Karthik,AD Russell,A Mishra,1,0,,,,,,,,,
1175365,2019,2019-03-30,Arun Jaitley Stadium,1,12.4,Kolkata Knight Riders,Delhi Capitals,AD Russell,KD Karthik,A Mishra,0,0,,,,,,,,,
1175365,2019,2019-03-30,Arun Jaitley Stadium,1,12.5,Kolkata Knight Riders,Delhi Capitals,AD Russell,KD Karthik,A Mishra,1,0,,,,,,,,,
1175365,2019,2019-03-30,Arun Jaitley Stadium,1,12.6,Kolkata Knight Riders,Delhi Capitals,KD Karthik,AD Russell,A Mishra,0,0,,,,,,,,,
1175365,2019,2019-03-30,Arun Jaitley Stadium,1,13.1,Kolkata Knight Riders,Delhi Capitals,AD Russell,KD Karthik,HV Patel,0,0,,,,,,,,,
1175365,2019,2019-03-30,Arun Jaitley Stadium,1,13.2,Kolkata Knight Riders,Delhi Capitals,AD Russell,KD Karthik,HV Patel,0,0,,,,,,,,,
1175365,2019,2019-03-30,Arun Jaitley Stadium,1,13.3,Kolkata Knight Riders,Delhi Capitals,AD Russell,KD Karthik,HV Patel,0,1,,1,,,,,,,
1175365,2019,2019-03-30,Arun Jaitley Stadium,1,13.4,Kolkata Knight Riders,Delhi Capitals,AD Russell,KD Karthik,HV Patel,1,0,,,,,,,,,
1175365,2019,2019-03-30,Arun Jaitley Stadium,1,13.5,Kolkata Knight Riders,Delhi Capitals,KD Karthik,AD Russell,HV Patel,1,0,,,,,,,,,
1175365,2019,2019-03-30,Arun Jaitley Stadium,1,13.6,Kolkata Knight Riders,Delhi Capitals,AD Russell,KD Karthik,HV Patel,1,0,,,,,,,,,
1175365,2019,2019-03-30,Arun Jaitley Stadium,1,13.7,Kolkata Knight Riders,Delhi Capitals,KD Karthik,AD Russell,HV Patel,1,0,,,,,,,,,
1175365,2019,2019-03-30,Arun Jaitley Stadium,1,14.1,Kolkata Knight Riders,Delhi Capitals,KD Karthik,AD Russell,CH Morris,1,0,,,,,,,,,
1175365,2019,2019-03-30,Arun Jaitley Stadium,1,14.2,Kolkata Knight Riders,Delhi Capitals,AD Russell,KD Karthik,CH Morris,1,0,,,,,,,,,
1175365,2019,2019-03-30,Arun Jaitley Stadium,1,14.3,Kolkata Knight Riders,Delhi Capitals,KD Karthik,AD Russell,CH Morris,1,0,,,,,,,,,
1175365,2019,2019-03-30,Arun Jaitley Stadium,1,14.4,Kolkata Knight Riders,Delhi Capitals,AD Russell,KD Karthik,CH Morris,4,0,,,,,,,,,
1175365,2019,2019-03-30,Arun Jaitley Stadium,1,14.5,Kolkata Knight Riders,Delhi Capitals,AD Russell,KD Karthik,CH Morris,0,4,,,,4,,,,,
1175365,2019,2019-03-30,Arun Jaitley Stadium,1,14.6,Kolkata Knight Riders,Delhi Capitals,AD Russell,KD Karthik,CH Morris,6,0,,,,,,,,,
1175365,2019,2019-03-30,Arun Jaitley Stadium,1,15.1,Kolkata Knight Riders,Delhi Capitals,KD Karthik,AD Russell,HV Patel,4,0,,,,,,,,,
1175365,2019,2019-03-30,Arun Jaitley Stadium,1,15.2,Kolkata Knight Riders,Delhi Capitals,KD Karthik,AD Russell,HV Patel,1,0,,,,,,,,,
1175365,2019,2019-03-30,Arun Jaitley Stadium,1,15.3,Kolkata Knight Riders,Delhi Capitals,AD Russell,KD Karthik,HV Patel,1,0,,,,,,,,,
1175365,2019,2019-03-30,Arun Jaitley Stadium,1,15.4,Kolkata Knight Riders,Delhi Capitals,KD Karthik,AD Russell,HV Patel,1,0,,,,,,,,,
1175365,2019,2019-03-30,Arun Jaitley Stadium,1,15.5,Kolkata Knight Riders,Delhi Capitals,AD Russell,KD Karthik,HV Patel,6,0,,,,,,,,,
1175365,2019,2019-03-30,Arun Jaitley Stadium,1,15.6,Kolkata Knight Riders,Delhi Capitals,AD Russell,KD Karthik,HV Patel,0,1,1,,,,,,,,
1175365,2019,2019-03-30,Arun Jaitley Stadium,1,15.7,Kolkata Knight Riders,Delhi Capitals,AD Russell,KD Karthik,HV Patel,6,0,,,,,,,,,
1175365,2019,2019-03-30,Arun Jaitley Stadium,1,16.1,Kolkata Knight Riders,Delhi Capitals,KD Karthik,AD Russell,K Rabada,0,0,,,,,,,,,
1175365,2019,2019-03-30,Arun Jaitley Stadium,1,16.2,Kolkata Knight Riders,Delhi Capitals,KD Karthik,AD Russell,K Rabada,1,0,,,,,,,,,
1175365,2019,2019-03-30,Arun Jaitley Stadium,1,16.3,Kolkata Knight Riders,Delhi Capitals,AD Russell,KD Karthik,K Rabada,4,0,,,,,,,,,
1175365,2019,2019-03-30,Arun Jaitley Stadium,1,16.4,Kolkata Knight Riders,Delhi Capitals,AD Russell,KD Karthik,K Rabada,1,0,,,,,,,,,
1175365,2019,2019-03-30,Arun Jaitley Stadium,1,16.5,Kolkata Knight Riders,Delhi Capitals,KD Karthik,AD Russell,K Rabada,0,0,,,,,,,,,
1175365,2019,2019-03-30,Arun Jaitley Stadium,1,16.6,Kolkata Knight Riders,Delhi Capitals,KD Karthik,AD Russell,K Rabada,1,0,,,,,,,,,
1175365,2019,2019-03-30,Arun Jaitley Stadium,1,17.1,Kolkata Knight Riders,Delhi Capitals,KD Karthik,AD Russell,CH Morris,1,0,,,,,,,,,
1175365,2019,2019-03-30,Arun Jaitley Stadium,1,17.2,Kolkata Knight Riders,Delhi Capitals,AD Russell,KD Karthik,CH Morris,4,0,,,,,,,,,
1175365,2019,2019-03-30,Arun Jaitley Stadium,1,17.3,Kolkata Knight Riders,Delhi Capitals,AD Russell,KD Karthik,CH Morris,2,0,,,,,,,,,
1175365,2019,2019-03-30,Arun Jaitley Stadium,1,17.4,Kolkata Knight Riders,Delhi Capitals,AD Russell,KD Karthik,CH Morris,4,0,,,,,,,,,
1175365,2019,2019-03-30,Arun Jaitley Stadium,1,17.5,Kolkata Knight Riders,Delhi Capitals,AD Russell,KD Karthik,CH Morris,0,0,,,,,,caught,AD Russell,,
1175365,2019,2019-03-30,Arun Jaitley Stadium,1,17.6,Kolkata Knight Riders,Delhi Capitals,KD Karthik,PP Chawla,CH Morris,0,0,,,,,,,,,
1175365,2019,2019-03-30,Arun Jaitley Stadium,1,18.1,Kolkata Knight Riders,Delhi Capitals,PP Chawla,KD Karthik,A Mishra,6,0,,,,,,,,,
1175365,2019,2019-03-30,Arun Jaitley Stadium,1,18.2,Kolkata Knight Riders,Delhi Capitals,PP Chawla,KD Karthik,A Mishra,1,0,,,,,,,,,
1175365,2019,2019-03-30,Arun Jaitley Stadium,1,18.3,Kolkata Knight Riders,Delhi Capitals,KD Karthik,PP Chawla,A Mishra,0,1,1,,,,,,,,
1175365,2019,2019-03-30,Arun Jaitley Stadium,1,18.4,Kolkata Knight Riders,Delhi Capitals,KD Karthik,PP Chawla,A Mishra,6,0,,,,,,,,,
1175365,2019,2019-03-30,Arun Jaitley Stadium,1,18.5,Kolkata Knight Riders,Delhi Capitals,KD Karthik,PP Chawla,A Mishra,0,0,,,,,,caught,KD Karthik,,
1175365,2019,2019-03-30,Arun Jaitley Stadium,1,18.6,Kolkata Knight Riders,Delhi Capitals,Kuldeep Yadav,PP Chawla,A Mishra,1,0,,,,,,,,,
1175365,2019,2019-03-30,Arun Jaitley Stadium,1,18.7,Kolkata Knight Riders,Delhi Capitals,PP Chawla,Kuldeep Yadav,A Mishra,0,0,,,,,,,,,
1175365,2019,2019-03-30,Arun Jaitley Stadium,1,19.1,Kolkata Knight Riders,Delhi Capitals,Kuldeep Yadav,PP Chawla,K Rabada,4,0,,,,,,,,,
1175365,2019,2019-03-30,Arun Jaitley Stadium,1,19.2,Kolkata Knight Riders,Delhi Capitals,Kuldeep Yadav,PP Chawla,K Rabada,2,0,,,,,,,,,
1175365,2019,2019-03-30,Arun Jaitley Stadium,1,19.3,Kolkata Knight Riders,Delhi Capitals,Kuldeep Yadav,PP Chawla,K Rabada,2,0,,,,,,,,,
1175365,2019,2019-03-30,Arun Jaitley Stadium,1,19.4,Kolkata Knight Riders,Delhi Capitals,Kuldeep Yadav,PP Chawla,K Rabada,1,0,,,,,,,,,
1175365,2019,2019-03-30,Arun Jaitley Stadium,1,19.5,Kolkata Knight Riders,Delhi Capitals,PP Chawla,Kuldeep Yadav,K Rabada,4,0,,,,,,,,,
1175365,2019,2019-03-30,Arun Jaitley Stadium,1,19.6,Kolkata Knight Riders,Delhi Capitals,PP Chawla,Kuldeep Yadav,K Rabada,1,0,,,,,,run out,PP Chawla,,
1175365,2019,2019-03-30,Arun Jaitley Stadium,2,0.1,Delhi Capitals,Kolkata Knight Riders,PP Shaw,S Dhawan,M Prasidh Krishna,0,0,,,,,,,,,
1175365,2019,2019-03-30,Arun Jaitley Stadium,2,0.2,Delhi Capitals,Kolkata Knight Riders,PP Shaw,S Dhawan,M Prasidh Krishna,0,0,,,,,,,,,
1175365,2019,2019-03-30,Arun Jaitley Stadium,2,0.3,Delhi Capitals,Kolkata Knight Riders,PP Shaw,S Dhawan,M Prasidh Krishna,1,0,,,,,,,,,
1175365,2019,2019-03-30,Arun Jaitley Stadium,2,0.4,Delhi Capitals,Kolkata Knight Riders,S Dhawan,PP Shaw,M Prasidh Krishna,0,0,,,,,,,,,
1175365,2019,2019-03-30,Arun Jaitley Stadium,2,0.5,Delhi Capitals,Kolkata Knight Riders,S Dhawan,PP Shaw,M Prasidh Krishna,1,0,,,,,,,,,
1175365,2019,2019-03-30,Arun Jaitley Stadium,2,0.6,Delhi Capitals,Kolkata Knight Riders,PP Shaw,S Dhawan,M Prasidh Krishna,4,0,,,,,,,,,
1175365,2019,2019-03-30,Arun Jaitley Stadium,2,1.1,Delhi Capitals,Kolkata Knight Riders,S Dhawan,PP Shaw,LH Ferguson,0,0,,,,,,,,,
1175365,2019,2019-03-30,Arun Jaitley Stadium,2,1.2,Delhi Capitals,Kolkata Knight Riders,S Dhawan,PP Shaw,LH Ferguson,1,0,,,,,,,,,
1175365,2019,2019-03-30,Arun Jaitley Stadium,2,1.3,Delhi Capitals,Kolkata Knight Riders,PP Shaw,S Dhawan,LH Ferguson,0,0,,,,,,,,,
1175365,2019,2019-03-30,Arun Jaitley Stadium,2,1.4,Delhi Capitals,Kolkata Knight Riders,PP Shaw,S Dhawan,LH Ferguson,4,0,,,,,,,,,
1175365,2019,2019-03-30,Arun Jaitley Stadium,2,1.5,Delhi Capitals,Kolkata Knight Riders,PP Shaw,S Dhawan,LH Ferguson,1,0,,,,,,,,,
1175365,2019,2019-03-30,Arun Jaitley Stadium,2,1.6,Delhi Capitals,Kolkata Knight Riders,S Dhawan,PP Shaw,LH Ferguson,4,0,,,,,,,,,
1175365,2019,2019-03-30,Arun Jaitley Stadium,2,2.1,Delhi Capitals,Kolkata Knight Riders,PP Shaw,S Dhawan,PP Chawla,1,0,,,,,,,,,
1175365,2019,2019-03-30,Arun Jaitley Stadium,2,2.2,Delhi Capitals,Kolkata Knight Riders,S Dhawan,PP Shaw,PP Chawla,4,0,,,,,,,,,
1175365,2019,2019-03-30,Arun Jaitley Stadium,2,2.3,Delhi Capitals,Kolkata Knight Riders,S Dhawan,PP Shaw,PP Chawla,6,0,,,,,,,,,
1175365,2019,2019-03-30,Arun Jaitley Stadium,2,2.4,Delhi Capitals,Kolkata Knight Riders,S Dhawan,PP Shaw,PP Chawla,0,0,,,,,,caught,S Dhawan,,
1175365,2019,2019-03-30,Arun Jaitley Stadium,2,2.5,Delhi Capitals,Kolkata Knight Riders,SS Iyer,PP Shaw,PP Chawla,0,0,,,,,,,,,
1175365,2019,2019-03-30,Arun Jaitley Stadium,2,2.6,Delhi Capitals,Kolkata Knight Riders,SS Iyer,PP Shaw,PP Chawla,0,0,,,,,,,,,
1175365,2019,2019-03-30,Arun Jaitley Stadium,2,3.1,Delhi Capitals,Kolkata Knight Riders,PP Shaw,SS Iyer,AD Russell,0,0,,,,,,,,,
1175365,2019,2019-03-30,Arun Jaitley Stadium,2,3.2,Delhi Capitals,Kolkata Knight Riders,PP Shaw,SS Iyer,AD Russell,1,0,,,,,,,,,
1175365,2019,2019-03-30,Arun Jaitley Stadium,2,3.3,Delhi Capitals,Kolkata Knight Riders,SS Iyer,PP Shaw,AD Russell,0,0,,,,,,,,,
1175365,2019,2019-03-30,Arun Jaitley Stadium,2,3.4,Delhi Capitals,Kolkata Knight Riders,SS Iyer,PP Shaw,AD Russell,0,0,,,,,,,,,
1175365,2019,2019-03-30,Arun Jaitley Stadium,2,3.5,Delhi Capitals,Kolkata Knight Riders,SS Iyer,PP Shaw,AD Russell,0,0,,,,,,,,,
1175365,2019,2019-03-30,Arun Jaitley Stadium,2,3.6,Delhi Capitals,Kolkata Knight Riders,SS Iyer,PP Shaw,AD Russell,1,0,,,,,,,,,
1175365,2019,2019-03-30,Arun Jaitley Stadium,2,4.1,Delhi Capitals,Kolkata Knight Riders,SS Iyer,PP Shaw,M Prasidh Krishna,0,0,,,,,,,,,
1175365,2019,2019-03-30,Arun Jaitley Stadium,2,4.2,Delhi Capitals,Kolkata Knight Riders,SS Iyer,PP Shaw,M Prasidh Krishna,1,0,,,,,,,,,
1175365,2019,2019-03-30,Arun Jaitley Stadium,2,4.3,Delhi Capitals,Kolkata Knight Riders,PP Shaw,SS Iyer,M Prasidh Krishna,0,0,,,,,,,,,
1175365,2019,2019-03-30,Arun Jaitley Stadium,2,4.4,Delhi Capitals,Kolkata Knight Riders,PP Shaw,SS Iyer,M Prasidh Krishna,1,0,,,,,,,,,
1175365,2019,2019-03-30,Arun Jaitley Stadium,2,4.5,Delhi Capitals,Kolkata Knight Riders,SS Iyer,PP Shaw,M Prasidh Krishna,0,1,1,,,,,,,,
1175365,2019,2019-03-30,Arun Jaitley Stadium,2,4.6,Delhi Capitals,Kolkata Knight Riders,SS Iyer,PP Shaw,M Prasidh Krishna,1,0,,,,,,,,,
1175365,2019,2019-03-30,Arun Jaitley Stadium,2,4.7,Delhi Capitals,Kolkata Knight Riders,PP Shaw,SS Iyer,M Prasidh Krishna,0,0,,,,,,,,,
1175365,2019,2019-03-30,Arun Jaitley Stadium,2,5.1,Delhi Capitals,Kolkata Knight Riders,SS Iyer,PP Shaw,AD Russell,1,0,,,,,,,,,
1175365,2019,2019-03-30,Arun Jaitley Stadium,2,5.2,Delhi Capitals,Kolkata Knight Riders,PP Shaw,SS Iyer,AD Russell,4,0,,,,,,,,,
1175365,2019,2019-03-30,Arun Jaitley Stadium,2,5.3,Delhi Capitals,Kolkata Knight Riders,PP Shaw,SS Iyer,AD Russell,6,0,,,,,,,,,
1175365,2019,2019-03-30,Arun Jaitley Stadium,2,5.4,Delhi Capitals,Kolkata Knight Riders,PP Shaw,SS Iyer,AD Russell,0,0,,,,,,,,,
1175365,2019,2019-03-30,Arun Jaitley Stadium,2,5.5,Delhi Capitals,Kolkata Knight Riders,PP Shaw,SS Iyer,AD Russell,1,0,,,,,,,,,
1175365,2019,2019-03-30,Arun Jaitley Stadium,2,5.6,Delhi Capitals,Kolkata Knight Riders,SS Iyer,PP Shaw,AD Russell,0,0,,,,,,,,,
1175365,2019,2019-03-30,Arun Jaitley Stadium,2,6.1,Delhi Capitals,Kolkata Knight Riders,PP Shaw,SS Iyer,PP Chawla,1,0,,,,,,,,,
1175365,2019,2019-03-30,Arun Jaitley Stadium,2,6.2,Delhi Capitals,Kolkata Knight Riders,SS Iyer,PP Shaw,PP Chawla,1,0,,,,,,,,,
1175365,2019,2019-03-30,Arun Jaitley Stadium,2,6.3,Delhi Capitals,Kolkata Knight Riders,PP Shaw,SS Iyer,PP Chawla,1,0,,,,,,,,,
1175365,2019,2019-03-30,Arun Jaitley Stadium,2,6.4,Delhi Capitals,Kolkata Knight Riders,SS Iyer,PP Shaw,PP Chawla,1,0,,,,,,,,,
1175365,2019,2019-03-30,Arun Jaitley Stadium,2,6.5,Delhi Capitals,Kolkata Knight Riders,PP Shaw,SS Iyer,PP Chawla,1,0,,,,,,,,,
1175365,2019,2019-03-30,Arun Jaitley Stadium,2,6.6,Delhi Capitals,Kolkata Knight Riders,SS Iyer,PP Shaw,PP Chawla,1,0,,,,,,,,,
1175365,2019,2019-03-30,Arun Jaitley Stadium,2,7.1,Delhi Capitals,Kolkata Knight Riders,SS Iyer,PP Shaw,Kuldeep Yadav,0,0,,,,,,,,,
1175365,2019,2019-03-30,Arun Jaitley Stadium,2,7.2,Delhi Capitals,Kolkata Knight Riders,SS Iyer,PP Shaw,Kuldeep Yadav,1,0,,,,,,,,,
1175365,2019,2019-03-30,Arun Jaitley Stadium,2,7.3,Delhi Capitals,Kolkata Knight Riders,PP Shaw,SS Iyer,Kuldeep Yadav,1,0,,,,,,,,,
1175365,2019,2019-03-30,Arun Jaitley Stadium,2,7.4,Delhi Capitals,Kolkata Knight Riders,SS Iyer,PP Shaw,Kuldeep Yadav,4,0,,,,,,,,,
1175365,2019,2019-03-30,Arun Jaitley Stadium,2,7.5,Delhi Capitals,Kolkata Knight Riders,SS Iyer,PP Shaw,Kuldeep Yadav,1,0,,,,,,,,,
1175365,2019,2019-03-30,Arun Jaitley Stadium,2,7.6,Delhi Capitals,Kolkata Knight Riders,PP Shaw,SS Iyer,Kuldeep Yadav,6,0,,,,,,,,,
1175365,2019,2019-03-30,Arun Jaitley Stadium,2,8.1,Delhi Capitals,Kolkata Knight Riders,SS Iyer,PP Shaw,PP Chawla,1,0,,,,,,,,,
1175365,2019,2019-03-30,Arun Jaitley Stadium,2,8.2,Delhi Capitals,Kolkata Knight Riders,PP Shaw,SS Iyer,PP Chawla,1,0,,,,,,,,,
1175365,2019,2019-03-30,Arun Jaitley Stadium,2,8.3,Delhi Capitals,Kolkata Knight Riders,SS Iyer,PP Shaw,PP Chawla,6,0,,,,,,,,,
1175365,2019,2019-03-30,Arun Jaitley Stadium,2,8.4,Delhi Capitals,Kolkata Knight Riders,SS Iyer,PP Shaw,PP Chawla,1,0,,,,,,,,,
1175365,2019,2019-03-30,Arun Jaitley Stadium,2,8.5,Delhi Capitals,Kolkata Knight Riders,PP Shaw,SS Iyer,PP Chawla,1,0,,,,,,,,,
1175365,2019,2019-03-30,Arun Jaitley Stadium,2,8.6,Delhi Capitals,Kolkata Knight Riders,SS Iyer,PP Shaw,PP Chawla,1,0,,,,,,,,,
1175365,2019,2019-03-30,Arun Jaitley Stadium,2,9.1,Delhi Capitals,Kolkata Knight Riders,SS Iyer,PP Shaw,LH Ferguson,0,0,,,,,,,,,
1175365,2019,2019-03-30,Arun Jaitley Stadium,2,9.2,Delhi Capitals,Kolkata Knight Riders,SS Iyer,PP Shaw,LH Ferguson,4,0,,,,,,,,,
1175365,2019,2019-03-30,Arun Jaitley Stadium,2,9.3,Delhi Capitals,Kolkata Knight Riders,SS Iyer,PP Shaw,LH Ferguson,0,0,,,,,,,,,
1175365,2019,2019-03-30,Arun Jaitley Stadium,2,9.4,Delhi Capitals,Kolkata Knight Riders,SS Iyer,PP Shaw,LH Ferguson,0,1,1,,,,,,,,
1175365,2019,2019-03-30,Arun Jaitley Stadium,2,9.5,Delhi Capitals,Kolkata Knight Riders,SS Iyer,PP Shaw,LH Ferguson,1,0,,,,,,,,,
1175365,2019,2019-03-30,Arun Jaitley Stadium,2,9.6,Delhi Capitals,Kolkata Knight Riders,PP Shaw,SS Iyer,LH Ferguson,0,0,,,,,,,,,
1175365,2019,2019-03-30,Arun Jaitley Stadium,2,9.7,Delhi Capitals,Kolkata Knight Riders,PP Shaw,SS Iyer,LH Ferguson,1,0,,,,,,,,,
1175365,2019,2019-03-30,Arun Jaitley Stadium,2,10.1,Delhi Capitals,Kolkata Knight Riders,PP Shaw,SS Iyer,Kuldeep Yadav,1,0,,,,,,,,,
1175365,2019,2019-03-30,Arun Jaitley Stadium,2,10.2,Delhi Capitals,Kolkata Knight Riders,SS Iyer,PP Shaw,Kuldeep Yadav,6,0,,,,,,,,,
1175365,2019,2019-03-30,Arun Jaitley Stadium,2,10.3,Delhi Capitals,Kolkata Knight Riders,SS Iyer,PP Shaw,Kuldeep Yadav,1,0,,,,,,,,,
1175365,2019,2019-03-30,Arun Jaitley Stadium,2,10.4,Delhi Capitals,Kolkata Knight Riders,PP Shaw,SS Iyer,Kuldeep Yadav,6,0,,,,,,,,,
1175365,2019,2019-03-30,Arun Jaitley Stadium,2,10.5,Delhi Capitals,Kolkata Knight Riders,PP Shaw,SS Iyer,Kuldeep Yadav,2,0,,,,,,,,,
1175365,2019,2019-03-30,Arun Jaitley Stadium,2,10.6,Delhi Capitals,Kolkata Knight Riders,PP Shaw,SS Iyer,Kuldeep Yadav,4,0,,,,,,,,,
1175365,2019,2019-03-30,Arun Jaitley Stadium,2,11.1,Delhi Capitals,Kolkata Knight Riders,SS Iyer,PP Shaw,AD Russell,1,0,,,,,,,,,
1175365,2019,2019-03-30,Arun Jaitley Stadium,2,11.2,Delhi Capitals,Kolkata Knight Riders,PP Shaw,SS Iyer,AD Russell,4,0,,,,,,,,,
1175365,2019,2019-03-30,Arun Jaitley Stadium,2,11.3,Delhi Capitals,Kolkata Knight Riders,PP Shaw,SS Iyer,AD Russell,1,0,,,,,,,,,
1175365,2019,2019-03-30,Arun Jaitley Stadium,2,11.4,Delhi Capitals,Kolkata Knight Riders,SS Iyer,PP Shaw,AD Russell,4,0,,,,,,,,,
1175365,2019,2019-03-30,Arun Jaitley Stadium,2,11.5,Delhi Capitals,Kolkata Knight Riders,SS Iyer,PP Shaw,AD Russell,4,0,,,,,,,,,
1175365,2019,2019-03-30,Arun Jaitley Stadium,2,11.6,Delhi Capitals,Kolkata Knight Riders,SS Iyer,PP Shaw,AD Russell,0,0,,,,,,caught,SS Iyer,,
1175365,2019,2019-03-30,Arun Jaitley Stadium,2,12.1,Delhi Capitals,Kolkata Knight Riders,PP Shaw,RR Pant,N Rana,4,0,,,,,,,,,
1175365,2019,2019-03-30,Arun Jaitley Stadium,2,12.2,Delhi Capitals,Kolkata Knight Riders,PP Shaw,RR Pant,N Rana,1,0,,,,,,,,,
1175365,2019,2019-03-30,Arun Jaitley Stadium,2,12.3,Delhi Capitals,Kolkata Knight Riders,RR Pant,PP Shaw,N Rana,0,0,,,,,,,,,
1175365,2019,2019-03-30,Arun Jaitley Stadium,2,12.4,Delhi Capitals,Kolkata Knight Riders,RR Pant,PP Shaw,N Rana,0,1,,,,1,,,,,
1175365,2019,2019-03-30,Arun Jaitley Stadium,2,12.5,Delhi Capitals,Kolkata Knight Riders,PP Shaw,RR Pant,N Rana,1,0,,,,,,,,,
1175365,2019,2019-03-30,Arun Jaitley Stadium,2,12.6,Delhi Capitals,Kolkata Knight Riders,RR Pant,PP Shaw,N Rana,2,0,,,,,,,,,
1175365,2019,2019-03-30,Arun Jaitley Stadium,2,13.1,Delhi Capitals,Kolkata Knight Riders,PP Shaw,RR Pant,M Prasidh Krishna,0,0,,,,,,,,,
1175365,2019,2019-03-30,Arun Jaitley Stadium,2,13.2,Delhi Capitals,Kolkata Knight Riders,PP Shaw,RR Pant,M Prasidh Krishna,1,0,,,,,,,,,
1175365,2019,2019-03-30,Arun Jaitley Stadium,2,13.3,Delhi Capitals,Kolkata Knight Riders,RR Pant,PP Shaw,M Prasidh Krishna,1,0,,,,,,,,,
1175365,2019,2019-03-30,Arun Jaitley Stadium,2,13.4,Delhi Capitals,Kolkata Knight Riders,PP Shaw,RR Pant,M Prasidh Krishna,1,0,,,,,,,,,
1175365,2019,2019-03-30,Arun Jaitley Stadium,2,13.5,Delhi Capitals,Kolkata Knight Riders,RR Pant,PP Shaw,M Prasidh Krishna,4,0,,,,,,,,,
1175365,2019,2019-03-30,Arun Jaitley Stadium,2,13.6,Delhi Capitals,Kolkata Knight Riders,RR Pant,PP Shaw,M Prasidh Krishna,0,0,,,,,,,,,
1175365,2019,2019-03-30,Arun Jaitley Stadium,2,14.1,Delhi Capitals,Kolkata Knight Riders,PP Shaw,RR Pant,PP Chawla,1,0,,,,,,,,,
1175365,2019,2019-03-30,Arun Jaitley Stadium,2,14.2,Delhi Capitals,Kolkata Knight Riders,RR Pant,PP Shaw,PP Chawla,0,0,,,,,,,,,
1175365,2019,2019-03-30,Arun Jaitley Stadium,2,14.3,Delhi Capitals,Kolkata Knight Riders,RR Pant,PP Shaw,PP Chawla,0,0,,,,,,,,,
1175365,2019,2019-03-30,Arun Jaitley Stadium,2,14.4,Delhi Capitals,Kolkata Knight Riders,RR Pant,PP Shaw,PP Chawla,1,0,,,,,,,,,
1175365,2019,2019-03-30,Arun Jaitley Stadium,2,14.5,Delhi Capitals,Kolkata Knight Riders,PP Shaw,RR Pant,PP Chawla,4,0,,,,,,,,,
1175365,2019,2019-03-30,Arun Jaitley Stadium,2,14.6,Delhi Capitals,Kolkata Knight Riders,PP Shaw,RR Pant,PP Chawla,2,0,,,,,,,,,
1175365,2019,2019-03-30,Arun Jaitley Stadium,2,15.1,Delhi Capitals,Kolkata Knight Riders,RR Pant,PP Shaw,LH Ferguson,1,0,,,,,,,,,
1175365,2019,2019-03-30,Arun Jaitley Stadium,2,15.2,Delhi Capitals,Kolkata Knight Riders,PP Shaw,RR Pant,LH Ferguson,4,0,,,,,,,,,
1175365,2019,2019-03-30,Arun Jaitley Stadium,2,15.3,Delhi Capitals,Kolkata Knight Riders,PP Shaw,RR Pant,LH Ferguson,0,0,,,,,,,,,
1175365,2019,2019-03-30,Arun Jaitley Stadium,2,15.4,Delhi Capitals,Kolkata Knight Riders,PP Shaw,RR Pant,LH Ferguson,4,0,,,,,,,,,
1175365,2019,2019-03-30,Arun Jaitley Stadium,2,15.5,Delhi Capitals,Kolkata Knight Riders,PP Shaw,RR Pant,LH Ferguson,2,0,,,,,,,,,
1175365,2019,2019-03-30,Arun Jaitley Stadium,2,15.6,Delhi Capitals,Kolkata Knight Riders,PP Shaw,RR Pant,LH Ferguson,1,0,,,,,,,,,
1175365,2019,2019-03-30,Arun Jaitley Stadium,2,16.1,Delhi Capitals,Kolkata Knight Riders,PP Shaw,RR Pant,M Prasidh Krishna,4,0,,,,,,,,,
1175365,2019,2019-03-30,Arun Jaitley Stadium,2,16.2,Delhi Capitals,Kolkata Knight Riders,PP Shaw,RR Pant,M Prasidh Krishna,2,0,,,,,,,,,
1175365,2019,2019-03-30,Arun Jaitley Stadium,2,16.3,Delhi Capitals,Kolkata Knight Riders,PP Shaw,RR Pant,M Prasidh Krishna,4,0,,,,,,,,,
1175365,2019,2019-03-30,Arun Jaitley Stadium,2,16.4,Delhi Capitals,Kolkata Knight Riders,PP Shaw,RR Pant,M Prasidh Krishna,4,0,,,,,,,,,
1175365,2019,2019-03-30,Arun Jaitley Stadium,2,16.5,Delhi Capitals,Kolkata Knight Riders,PP Shaw,RR Pant,M Prasidh Krishna,1,0,,,,,,,,,
1175365,2019,2019-03-30,Arun Jaitley Stadium,2,16.6,Delhi Capitals,Kolkata Knight Riders,RR Pant,PP Shaw,M Prasidh Krishna,1,0,,,,,,,,,
1175365,2019,2019-03-30,Arun Jaitley Stadium,2,17.1,Delhi Capitals,Kolkata Knight Riders,RR Pant,PP Shaw,Kuldeep Yadav,1,0,,,,,,,,,
1175365,2019,2019-03-30,Arun Jaitley Stadium,2,17.2,Delhi Capitals,Kolkata Knight Riders,PP Shaw,RR Pant,Kuldeep Yadav,1,0,,,,,,,,,
1175365,2019,2019-03-30,Arun Jaitley Stadium,2,17.3,Delhi Capitals,Kolkata Knight Riders,RR Pant,PP Shaw,Kuldeep Yadav,0,0,,,,,,,,,
1175365,2019,2019-03-30,Arun Jaitley Stadium,2,17.4,Delhi Capitals,Kolkata Knight Riders,RR Pant,PP Shaw,Kuldeep Yadav,0,0,,,,,,,,,
1175365,2019,2019-03-30,Arun Jaitley Stadium,2,17.5,Delhi Capitals,Kolkata Knight Riders,RR Pant,PP Shaw,Kuldeep Yadav,0,0,,,,,,caught,RR Pant,,
1175365,2019,2019-03-30,Arun Jaitley Stadium,2,17.6,Delhi Capitals,Kolkata Knight Riders,PP Shaw,CA Ingram,Kuldeep Yadav,1,0,,,,,,,,,
1175365,2019,2019-03-30,Arun Jaitley Stadium,2,18.1,Delhi Capitals,Kolkata Knight Riders,PP Shaw,CA Ingram,LH Ferguson,0,1,1,,,,,,,,
1175365,2019,2019-03-30,Arun Jaitley Stadium,2,18.2,Delhi Capitals,Kolkata Knight Riders,PP Shaw,CA Ingram,LH Ferguson,1,0,,,,,,,,,
1175365,2019,2019-03-30,Arun Jaitley Stadium,2,18.3,Delhi Capitals,Kolkata Knight Riders,CA Ingram,PP Shaw,LH Ferguson,1,0,,,,,,,,,
1175365,2019,2019-03-30,Arun Jaitley Stadium,2,18.4,Delhi Capitals,Kolkata Knight Riders,PP Shaw,CA Ingram,LH Ferguson,0,0,,,,,,caught,PP Shaw,,
1175365,2019,2019-03-30,Arun Jaitley Stadium,2,18.5,Delhi Capitals,Kolkata Knight Riders,CA Ingram,GH Vihari,LH Ferguson,4,0,,,,,,,,,
1175365,2019,2019-03-30,Arun Jaitley Stadium,2,18.6,Delhi Capitals,Kolkata Knight Riders,CA Ingram,GH Vihari,LH Ferguson,1,0,,,,,,,,,
1175365,2019,2019-03-30,Arun Jaitley Stadium,2,18.7,Delhi Capitals,Kolkata Knight Riders,GH Vihari,CA Ingram,LH Ferguson,1,0,,,,,,,,,
1175365,2019,2019-03-30,Arun Jaitley Stadium,2,19.1,Delhi Capitals,Kolkata Knight Riders,GH Vihari,CA Ingram,Kuldeep Yadav,1,0,,,,,,,,,
1175365,2019,2019-03-30,Arun Jaitley Stadium,2,19.2,Delhi Capitals,Kolkata Knight Riders,CA Ingram,GH Vihari,Kuldeep Yadav,2,0,,,,,,,,,
1175365,2019,2019-03-30,Arun Jaitley Stadium,2,19.3,Delhi Capitals,Kolkata Knight Riders,CA Ingram,GH Vihari,Kuldeep Yadav,0,0,,,,,,,,,
1175365,2019,2019-03-30,Arun Jaitley Stadium,2,19.4,Delhi Capitals,Kolkata Knight Riders,CA Ingram,GH Vihari,Kuldeep Yadav,1,0,,,,,,,,,
1175365,2019,2019-03-30,Arun Jaitley Stadium,2,19.5,Delhi Capitals,Kolkata Knight Riders,GH Vihari,CA Ingram,Kuldeep Yadav,0,0,,,,,,caught,GH Vihari,,
1175365,2019,2019-03-30,Arun Jaitley Stadium,2,19.6,Delhi Capitals,Kolkata Knight Riders,CA Ingram,HV Patel,Kuldeep Yadav,1,0,,,,,,run out,CA Ingram,,
1175365,2019,2019-03-30,Arun Jaitley Stadium,3,0.1,Delhi Capitals,Kolkata Knight Riders,RR Pant,SS Iyer,M Prasidh Krishna,1,0,,,,,,,,,
1175365,2019,2019-03-30,Arun Jaitley Stadium,3,0.2,Delhi Capitals,Kolkata Knight Riders,SS Iyer,RR Pant,M Prasidh Krishna,4,0,,,,,,,,,
1175365,2019,2019-03-30,Arun Jaitley Stadium,3,0.3,Delhi Capitals,Kolkata Knight Riders,SS Iyer,RR Pant,M Prasidh Krishna,0,0,,,,,,caught,SS Iyer,,
1175365,2019,2019-03-30,Arun Jaitley Stadium,3,0.4,Delhi Capitals,Kolkata Knight Riders,RR Pant,PP Shaw,M Prasidh Krishna,2,0,,,,,,,,,
1175365,2019,2019-03-30,Arun Jaitley Stadium,3,0.5,Delhi Capitals,Kolkata Knight Riders,RR Pant,PP Shaw,M Prasidh Krishna,2,0,,,,,,,,,
1175365,2019,2019-03-30,Arun Jaitley Stadium,3,0.6,Delhi Capitals,Kolkata Knight Riders,RR Pant,PP Shaw,M Prasidh Krishna,1,0,,,,,,,,,
1175365,2019,2019-03-30,Arun Jaitley Stadium,4,0.1,Kolkata Knight Riders,Delhi Capitals,AD Russell,KD Karthik,K Rabada,4,0,,,,,,,,,
1175365,2019,2019-03-30,Arun Jaitley Stadium,4,0.2,Kolkata Knight Riders,Delhi Capitals,AD Russell,KD Karthik,K Rabada,0,0,,,,,,,,,
1175365,2019,2019-03-30,Arun Jaitley Stadium,4,0.3,Kolkata Knight Riders,Delhi Capitals,AD Russell,KD Karthik,K Rabada,0,0,,,,,,bowled,AD Russell,,
1175365,2019,2019-03-30,Arun Jaitley Stadium,4,0.4,Kolkata Knight Riders,Delhi Capitals,RV Uthappa,KD Karthik,K Rabada,1,0,,,,,,,,,
1175365,2019,2019-03-30,Arun Jaitley Stadium,4,0.5,Kolkata Knight Riders,Delhi Capitals,KD Karthik,RV Uthappa,K Rabada,1,0,,,,,,,,,
1175365,2019,2019-03-30,Arun Jaitley Stadium,4,0.6,Kolkata Knight Riders,Delhi Capitals,RV Uthappa,KD Karthik,K Rabada,1,0,,,,,,,,,
