version,2.1.0
info,balls_per_over,6
info,team,Royal Challengers Bangalore
info,team,Chennai Super Kings
info,gender,male
info,season,2020/21
info,date,2020/10/10
info,event,Indian Premier League
info,match_number,25
info,venue,Dubai International Cricket Stadium
info,city,
info,toss_winner,Royal Challengers Bangalore
info,toss_decision,bat
info,player_of_match,V Kohli
info,umpire,AK Chaudhary
info,umpire,PR Reiffel
info,reserve_umpire,YC Barde
info,tv_umpire,AY Dandekar
info,match_referee,J Srinath
info,winner,Royal Challengers Bangalore
info,winner_runs,37
info,player,Royal Challengers Bangalore,D Padikkal
info,player,Royal Challengers Bangalore,AJ Finch
info,player,Royal Challengers Bangalore,V Kohli
info,player,Royal Challengers Bangalore,AB de Villiers
info,player,Royal Challengers Bangalore,Washington Sundar
info,player,Royal Challengers Bangalore,S Dube
info,player,Royal Challengers Bangalore,Gurkeerat Singh
info,player,Royal Challengers Bangalore,CH Morris
info,player,Royal Challengers Bangalore,I Udana
info,player,Royal Challengers Bangalore,NA Saini
info,player,Royal Challengers Bangalore,YS Chahal
info,player,Chennai Super Kings,SR Watson
info,player,Chennai Super Kings,F du Plessis
info,player,Chennai Super Kings,AT Rayudu
info,player,Chennai Super Kings,N Jagadeesan
info,player,Chennai Super Kings,MS Dhoni
info,player,Chennai Super Kings,SM Curran
info,player,Chennai Super Kings,RA Jadeja
info,player,Chennai Super Kings,DJ Bravo
info,player,Chennai Super Kings,DL Chahar
info,player,Chennai Super Kings,SN Thakur
info,player,Chennai Super Kings,KV Sharma
info,registry,people,AB de Villiers,c4487b84
info,registry,people,AJ Finch,b8d490fd
info,registry,people,AK Chaudhary,fdcc6236
info,registry,people,AT Rayudu,70d205c9
info,registry,people,AY Dandekar,2efc430e
info,registry,people,CH Morris,fb66ce1f
info,registry,people,D Padikkal,2c25d4f5
info,registry,people,DJ Bravo,87e562a9
info,registry,people,DL Chahar,23eeb873
info,registry,people,F du Plessis,3355b542
info,registry,people,Gurkeerat Singh,6eb146d2
info,registry,people,I Udana,ac5ae4af
info,registry,people,J Srinath,bad31fac
info,registry,people,KV Sharma,119678fd
info,registry,people,MS Dhoni,4a8a2e3b
info,registry,people,N Jagadeesan,bd54eef5
info,registry,people,NA Saini,21d4e29b
info,registry,people,PR Reiffel,c9354f29
info,registry,people,RA Jadeja,fe93fd9d
info,registry,people,S Dube,a4e37e47
info,registry,people,SM Curran,e94915e6
info,registry,people,SN Thakur,1abb78f8
info,registry,people,SR Watson,4329fbb5
info,registry,people,V Kohli,ba607b88
info,registry,people,Washington Sundar,f19ccfad
info,registry,people,YC Barde,b90f3346
info,registry,people,YS Chahal,57ee1fde
