version,2.1.0
info,balls_per_over,6
info,team,Delhi Capitals
info,team,Mumbai Indians
info,gender,male
info,season,2020/21
info,date,2020/11/10
info,event,Indian Premier League
info,venue,Dubai International Cricket Stadium
info,city,
info,toss_winner,Delhi Capitals
info,toss_decision,bat
info,player_of_match,TA Boult
info,umpire,CB Gaffaney
info,umpire,Nitin Menon
info,reserve_umpire,KN Ananthapadmanabhan
info,tv_umpire,AK Chaudhary
info,match_referee,J Srinath
info,winner,Mumbai Indians
info,winner_wickets,5
info,player,Delhi Capitals,MP Stoinis
info,player,Delhi Capitals,S Dhawan
info,player,Delhi Capitals,AM Rahane
info,player,Delhi Capitals,SS Iyer
info,player,Delhi Capitals,RR Pant
info,player,Delhi Capitals,SO Hetmyer
info,player,Delhi Capitals,AR Patel
info,player,Delhi Capitals,K Rabada
info,player,Delhi Capitals,P Dubey
info,player,Delhi Capitals,R Ashwin
info,player,Delhi Capitals,A Nortje
info,player,Mumbai Indians,RG Sharma
info,player,Mumbai Indians,Q de Kock
info,player,Mumbai Indians,SA Yadav
info,player,Mumbai Indians,Ishan Kishan
info,player,Mumbai Indians,KA Pollard
info,player,Mumbai Indians,HH Pandya
info,player,Mumbai Indians,KH Pandya
info,player,Mumbai Indians,J Yadav
info,player,Mumbai Indians,NM Coulter-Nile
info,player,Mumbai Indians,TA Boult
info,player,Mumbai Indians,JJ Bumrah
info,registry,people,A Nortje,acdc62f5
info,registry,people,AK Chaudhary,fdcc6236
info,registry,people,AM Rahane,29e95537
info,registry,people,AR Patel,2e171977
info,registry,people,AS Roy,e4cdf230
info,registry,people,CB Gaffaney,d5ac41d8
info,registry,people,HH Pandya,dbe50b21
info,registry,people,Ishan Kishan,752f7486
info,registry,people,J Srinath,bad31fac
info,registry,people,J Yadav,81049310
info,registry,people,JJ Bumrah,462411b3
info,registry,people,K Rabada,e62dd25d
info,registry,people,KA Pollard,a757b0d8
info,registry,people,KH Pandya,5b8c830e
info,registry,people,KN Ananthapadmanabhan,3144063a
info,registry,people,Lalit Yadav,ad427b5c
info,registry,people,MP Stoinis,d9273ee7
info,registry,people,NM Coulter-Nile,56ab442f
info,registry,people,Nitin Menon,e1d41d9e
info,registry,people,P Dubey,ed5a5510
info,registry,people,Q de Kock,372455c4
info,registry,people,R Ashwin,495d42a5
info,registry,people,RG Sharma,740742ef
info,registry,people,RR Pant,919a3be2
info,registry,people,S Dhawan,0a476045
info,registry,people,SA Yadav,271f83cd
info,registry,people,SO Hetmyer,48a1d7b7
info,registry,people,SS Iyer,85ec8e33
info,registry,people,TA Boult,a818c1be
