match_id,season,start_date,venue,innings,ball,batting_team,bowling_team,striker,non_striker,bowler,runs_off_bat,extras,wides,noballs,byes,legbyes,penalty,wicket_type,player_dismissed,other_wicket_type,other_player_dismissed
1254061,2021,2021-04-12,"Wankhede Stadium, Mumbai",1,0.1,Punjab Kings,Rajasthan Royals,KL Rahul,MA Agarwal,C Sakariya,0,0,,,,,,,,,
1254061,2021,2021-04-12,"Wankhede Stadium, Mumbai",1,0.2,Punjab Kings,Rajasthan Royals,KL Rahul,MA Agarwal,C Sakariya,1,0,,,,,,,,,
1254061,2021,2021-04-12,"Wankhede Stadium, Mumbai",1,0.3,Punjab Kings,Rajasthan Royals,MA Agarwal,KL Rahul,C Sakariya,4,0,,,,,,,,,
1254061,2021,2021-04-12,"Wankhede Stadium, Mumbai",1,0.4,Punjab Kings,Rajasthan Royals,MA Agarwal,KL Rahul,C Sakariya,0,0,,,,,,,,,
1254061,2021,2021-04-12,"Wankhede Stadium, Mumbai",1,0.5,Punjab Kings,Rajasthan Royals,MA Agarwal,KL Rahul,C Sakariya,1,0,,,,,,,,,
1254061,2021,2021-04-12,"Wankhede Stadium, Mumbai",1,0.6,Punjab Kings,Rajasthan Royals,KL Rahul,MA Agarwal,C Sakariya,4,0,,,,,,,,,
1254061,2021,2021-04-12,"Wankhede Stadium, Mumbai",1,1.1,Punjab Kings,Rajasthan Royals,MA Agarwal,KL Rahul,Mustafizur Rahman,2,0,,,,,,,,,
1254061,2021,2021-04-12,"Wankhede Stadium, Mumbai",1,1.2,Punjab Kings,Rajasthan Royals,MA Agarwal,KL Rahul,Mustafizur Rahman,0,0,,,,,,,,,
1254061,2021,2021-04-12,"Wankhede Stadium, Mumbai",1,1.3,Punjab Kings,Rajasthan Royals,MA Agarwal,KL Rahul,Mustafizur Rahman,1,0,,,,,,,,,
1254061,2021,2021-04-12,"Wankhede Stadium, Mumbai",1,1.4,Punjab Kings,Rajasthan Royals,KL Rahul,MA Agarwal,Mustafizur Rahman,1,0,,,,,,,,,
1254061,2021,2021-04-12,"Wankhede Stadium, Mumbai",1,1.5,Punjab Kings,Rajasthan Royals,MA Agarwal,KL Rahul,Mustafizur Rahman,0,1,1,,,,,,,,
1254061,2021,2021-04-12,"Wankhede Stadium, Mumbai",1,1.6,Punjab Kings,Rajasthan Royals,MA Agarwal,KL Rahul,Mustafizur Rahman,2,0,,,,,,,,,
1254061,2021,2021-04-12,"Wankhede Stadium, Mumbai",1,1.7,Punjab Kings,Rajasthan Royals,MA Agarwal,KL Rahul,Mustafizur Rahman,4,0,,,,,,,,,
1254061,2021,2021-04-12,"Wankhede Stadium, Mumbai",1,2.1,Punjab Kings,Rajasthan Royals,KL Rahul,MA Agarwal,C Sakariya,0,0,,,,,,,,,
1254061,2021,2021-04-12,"Wankhede Stadium, Mumbai",1,2.2,Punjab Kings,Rajasthan Royals,KL Rahul,MA Agarwal,C Sakariya,0,0,,,,,,,,,
1254061,2021,2021-04-12,"Wankhede Stadium, Mumbai",1,2.3,Punjab Kings,Rajasthan Royals,KL Rahul,MA Agarwal,C Sakariya,1,0,,,,,,,,,
1254061,2021,2021-04-12,"Wankhede Stadium, Mumbai",1,2.4,Punjab Kings,Rajasthan Royals,MA Agarwal,KL Rahul,C Sakariya,0,0,,,,,,caught,MA Agarwal,,
1254061,2021,2021-04-12,"Wankhede Stadium, Mumbai",1,2.5,Punjab Kings,Rajasthan Royals,CH Gayle,KL Rahul,C Sakariya,0,0,,,,,,,,,
1254061,2021,2021-04-12,"Wankhede Stadium, Mumbai",1,2.6,Punjab Kings,Rajasthan Royals,CH Gayle,KL Rahul,C Sakariya,0,0,,,,,,,,,
1254061,2021,2021-04-12,"Wankhede Stadium, Mumbai",1,3.1,Punjab Kings,Rajasthan Royals,KL Rahul,CH Gayle,CH Morris,4,0,,,,,,,,,
1254061,2021,2021-04-12,"Wankhede Stadium, Mumbai",1,3.2,Punjab Kings,Rajasthan Royals,KL Rahul,CH Gayle,CH Morris,2,0,,,,,,,,,
1254061,2021,2021-04-12,"Wankhede Stadium, Mumbai",1,3.3,Punjab Kings,Rajasthan Royals,KL Rahul,CH Gayle,CH Morris,0,0,,,,,,,,,
1254061,2021,2021-04-12,"Wankhede Stadium, Mumbai",1,3.4,Punjab Kings,Rajasthan Royals,KL Rahul,CH Gayle,CH Morris,0,0,,,,,,,,,
1254061,2021,2021-04-12,"Wankhede Stadium, Mumbai",1,3.5,Punjab Kings,Rajasthan Royals,KL Rahul,CH Gayle,CH Morris,0,1,1,,,,,,,,
1254061,2021,2021-04-12,"Wankhede Stadium, Mumbai",1,3.6,Punjab Kings,Rajasthan Royals,KL Rahul,CH Gayle,CH Morris,1,0,,,,,,,,,
1254061,2021,2021-04-12,"Wankhede Stadium, Mumbai",1,3.7,Punjab Kings,Rajasthan Royals,CH Gayle,KL Rahul,CH Morris,1,0,,,,,,,,,
1254061,2021,2021-04-12,"Wankhede Stadium, Mumbai",1,4.1,Punjab Kings,Rajasthan Royals,CH Gayle,KL Rahul,Mustafizur Rahman,0,0,,,,,,,,,
1254061,2021,2021-04-12,"Wankhede Stadium, Mumbai",1,4.2,Punjab Kings,Rajasthan Royals,CH Gayle,KL Rahul,Mustafizur Rahman,1,0,,,,,,,,,
1254061,2021,2021-04-12,"Wankhede Stadium, Mumbai",1,4.3,Punjab Kings,Rajasthan Royals,KL Rahul,CH Gayle,Mustafizur Rahman,1,0,,,,,,,,,
1254061,2021,2021-04-12,"Wankhede Stadium, Mumbai",1,4.4,Punjab Kings,Rajasthan Royals,CH Gayle,KL Rahul,Mustafizur Rahman,0,1,1,,,,,,,,
1254061,2021,2021-04-12,"Wankhede Stadium, Mumbai",1,4.5,Punjab Kings,Rajasthan Royals,CH Gayle,KL Rahul,Mustafizur Rahman,4,0,,,,,,,,,
1254061,2021,2021-04-12,"Wankhede Stadium, Mumbai",1,4.6,Punjab Kings,Rajasthan Royals,CH Gayle,KL Rahul,Mustafizur Rahman,0,0,,,,,,,,,
1254061,2021,2021-04-12,"Wankhede Stadium, Mumbai",1,4.7,Punjab Kings,Rajasthan Royals,CH Gayle,KL Rahul,Mustafizur Rahman,1,0,,,,,,,,,
1254061,2021,2021-04-12,"Wankhede Stadium, Mumbai",1,5.1,Punjab Kings,Rajasthan Royals,CH Gayle,KL Rahul,CH Morris,0,0,,,,,,,,,
1254061,2021,2021-04-12,"Wankhede Stadium, Mumbai",1,5.2,Punjab Kings,Rajasthan Royals,CH Gayle,KL Rahul,CH Morris,0,0,,,,,,,,,
1254061,2021,2021-04-12,"Wankhede Stadium, Mumbai",1,5.3,Punjab Kings,Rajasthan Royals,CH Gayle,KL Rahul,CH Morris,2,0,,,,,,,,,
1254061,2021,2021-04-12,"Wankhede Stadium, Mumbai",1,5.4,Punjab Kings,Rajasthan Royals,CH Gayle,KL Rahul,CH Morris,0,0,,,,,,,,,
1254061,2021,2021-04-12,"Wankhede Stadium, Mumbai",1,5.5,Punjab Kings,Rajasthan Royals,CH Gayle,KL Rahul,CH Morris,4,0,,,,,,,,,
1254061,2021,2021-04-12,"Wankhede Stadium, Mumbai",1,5.6,Punjab Kings,Rajasthan Royals,CH Gayle,KL Rahul,CH Morris,1,0,,,,,,,,,
1254061,2021,2021-04-12,"Wankhede Stadium, Mumbai",1,6.1,Punjab Kings,Rajasthan Royals,CH Gayle,KL Rahul,S Gopal,1,0,,,,,,,,,
1254061,2021,2021-04-12,"Wankhede Stadium, Mumbai",1,6.2,Punjab Kings,Rajasthan Royals,KL Rahul,CH Gayle,S Gopal,0,0,,,,,,,,,
1254061,2021,2021-04-12,"Wankhede Stadium, Mumbai",1,6.3,Punjab Kings,Rajasthan Royals,KL Rahul,CH Gayle,S Gopal,4,0,,,,,,,,,
1254061,2021,2021-04-12,"Wankhede Stadium, Mumbai",1,6.4,Punjab Kings,Rajasthan Royals,KL Rahul,CH Gayle,S Gopal,1,0,,,,,,,,,
1254061,2021,2021-04-12,"Wankhede Stadium, Mumbai",1,6.5,Punjab Kings,Rajasthan Royals,CH Gayle,KL Rahul,S Gopal,4,0,,,,,,,,,
1254061,2021,2021-04-12,"Wankhede Stadium, Mumbai",1,6.6,Punjab Kings,Rajasthan Royals,CH Gayle,KL Rahul,S Gopal,2,0,,,,,,,,,
1254061,2021,2021-04-12,"Wankhede Stadium, Mumbai",1,7.1,Punjab Kings,Rajasthan Royals,KL Rahul,CH Gayle,BA Stokes,4,0,,,,,,,,,
1254061,2021,2021-04-12,"Wankhede Stadium, Mumbai",1,7.2,Punjab Kings,Rajasthan Royals,KL Rahul,CH Gayle,BA Stokes,1,0,,,,,,,,,
1254061,2021,2021-04-12,"Wankhede Stadium, Mumbai",1,7.3,Punjab Kings,Rajasthan Royals,CH Gayle,KL Rahul,BA Stokes,6,0,,,,,,,,,
1254061,2021,2021-04-12,"Wankhede Stadium, Mumbai",1,7.4,Punjab Kings,Rajasthan Royals,CH Gayle,KL Rahul,BA Stokes,0,0,,,,,,,,,
1254061,2021,2021-04-12,"Wankhede Stadium, Mumbai",1,7.5,Punjab Kings,Rajasthan Royals,CH Gayle,KL Rahul,BA Stokes,0,0,,,,,,,,,
1254061,2021,2021-04-12,"Wankhede Stadium, Mumbai",1,7.6,Punjab Kings,Rajasthan Royals,CH Gayle,KL Rahul,BA Stokes,1,0,,,,,,,,,
1254061,2021,2021-04-12,"Wankhede Stadium, Mumbai",1,8.1,Punjab Kings,Rajasthan Royals,CH Gayle,KL Rahul,R Tewatia,1,0,,,,,,,,,
1254061,2021,2021-04-12,"Wankhede Stadium, Mumbai",1,8.2,Punjab Kings,Rajasthan Royals,KL Rahul,CH Gayle,R Tewatia,1,0,,,,,,,,,
1254061,2021,2021-04-12,"Wankhede Stadium, Mumbai",1,8.3,Punjab Kings,Rajasthan Royals,CH Gayle,KL Rahul,R Tewatia,0,0,,,,,,,,,
1254061,2021,2021-04-12,"Wankhede Stadium, Mumbai",1,8.4,Punjab Kings,Rajasthan Royals,CH Gayle,KL Rahul,R Tewatia,4,0,,,,,,,,,
1254061,2021,2021-04-12,"Wankhede Stadium, Mumbai",1,8.5,Punjab Kings,Rajasthan Royals,CH Gayle,KL Rahul,R Tewatia,0,0,,,,,,,,,
1254061,2021,2021-04-12,"Wankhede Stadium, Mumbai",1,8.6,Punjab Kings,Rajasthan Royals,CH Gayle,KL Rahul,R Tewatia,6,0,,,,,,,,,
1254061,2021,2021-04-12,"Wankhede Stadium, Mumbai",1,9.1,Punjab Kings,Rajasthan Royals,KL Rahul,CH Gayle,R Parag,4,0,,,,,,,,,
1254061,2021,2021-04-12,"Wankhede Stadium, Mumbai",1,9.2,Punjab Kings,Rajasthan Royals,KL Rahul,CH Gayle,R Parag,1,0,,,,,,,,,
1254061,2021,2021-04-12,"Wankhede Stadium, Mumbai",1,9.3,Punjab Kings,Rajasthan Royals,CH Gayle,KL Rahul,R Parag,1,0,,,,,,,,,
1254061,2021,2021-04-12,"Wankhede Stadium, Mumbai",1,9.4,Punjab Kings,Rajasthan Royals,KL Rahul,CH Gayle,R Parag,1,0,,,,,,,,,
1254061,2021,2021-04-12,"Wankhede Stadium, Mumbai",1,9.5,Punjab Kings,Rajasthan Royals,CH Gayle,KL Rahul,R Parag,0,0,,,,,,caught,CH Gayle,,
1254061,2021,2021-04-12,"Wankhede Stadium, Mumbai",1,9.6,Punjab Kings,Rajasthan Royals,DJ Hooda,KL Rahul,R Parag,0,0,,,,,,,,,
1254061,2021,2021-04-12,"Wankhede Stadium, Mumbai",1,10.1,Punjab Kings,Rajasthan Royals,KL Rahul,DJ Hooda,R Tewatia,2,0,,,,,,,,,
1254061,2021,2021-04-12,"Wankhede Stadium, Mumbai",1,10.2,Punjab Kings,Rajasthan Royals,KL Rahul,DJ Hooda,R Tewatia,1,0,,,,,,,,,
1254061,2021,2021-04-12,"Wankhede Stadium, Mumbai",1,10.3,Punjab Kings,Rajasthan Royals,DJ Hooda,KL Rahul,R Tewatia,1,0,,,,,,,,,
1254061,2021,2021-04-12,"Wankhede Stadium, Mumbai",1,10.4,Punjab Kings,Rajasthan Royals,KL Rahul,DJ Hooda,R Tewatia,2,0,,,,,,,,,
1254061,2021,2021-04-12,"Wankhede Stadium, Mumbai",1,10.5,Punjab Kings,Rajasthan Royals,KL Rahul,DJ Hooda,R Tewatia,6,0,,,,,,,,,
1254061,2021,2021-04-12,"Wankhede Stadium, Mumbai",1,10.6,Punjab Kings,Rajasthan Royals,KL Rahul,DJ Hooda,R Tewatia,1,0,,,,,,,,,
1254061,2021,2021-04-12,"Wankhede Stadium, Mumbai",1,11.1,Punjab Kings,Rajasthan Royals,KL Rahul,DJ Hooda,S Gopal,1,0,,,,,,,,,
1254061,2021,2021-04-12,"Wankhede Stadium, Mumbai",1,11.2,Punjab Kings,Rajasthan Royals,DJ Hooda,KL Rahul,S Gopal,1,0,,,,,,,,,
1254061,2021,2021-04-12,"Wankhede Stadium, Mumbai",1,11.3,Punjab Kings,Rajasthan Royals,KL Rahul,DJ Hooda,S Gopal,1,0,,,,,,,,,
1254061,2021,2021-04-12,"Wankhede Stadium, Mumbai",1,11.4,Punjab Kings,Rajasthan Royals,DJ Hooda,KL Rahul,S Gopal,0,0,,,,,,,,,
1254061,2021,2021-04-12,"Wankhede Stadium, Mumbai",1,11.5,Punjab Kings,Rajasthan Royals,DJ Hooda,KL Rahul,S Gopal,4,0,,,,,,,,,
1254061,2021,2021-04-12,"Wankhede Stadium, Mumbai",1,11.6,Punjab Kings,Rajasthan Royals,DJ Hooda,KL Rahul,S Gopal,1,0,,,,,,,,,
1254061,2021,2021-04-12,"Wankhede Stadium, Mumbai",1,12.1,Punjab Kings,Rajasthan Royals,DJ Hooda,KL Rahul,S Dube,1,0,,,,,,,,,
1254061,2021,2021-04-12,"Wankhede Stadium, Mumbai",1,12.2,Punjab Kings,Rajasthan Royals,KL Rahul,DJ Hooda,S Dube,6,0,,,,,,,,,
1254061,2021,2021-04-12,"Wankhede Stadium, Mumbai",1,12.3,Punjab Kings,Rajasthan Royals,KL Rahul,DJ Hooda,S Dube,1,0,,,,,,,,,
1254061,2021,2021-04-12,"Wankhede Stadium, Mumbai",1,12.4,Punjab Kings,Rajasthan Royals,DJ Hooda,KL Rahul,S Dube,6,0,,,,,,,,,
1254061,2021,2021-04-12,"Wankhede Stadium, Mumbai",1,12.5,Punjab Kings,Rajasthan Royals,DJ Hooda,KL Rahul,S Dube,0,0,,,,,,,,,
1254061,2021,2021-04-12,"Wankhede Stadium, Mumbai",1,12.6,Punjab Kings,Rajasthan Royals,DJ Hooda,KL Rahul,S Dube,6,0,,,,,,,,,
1254061,2021,2021-04-12,"Wankhede Stadium, Mumbai",1,13.1,Punjab Kings,Rajasthan Royals,KL Rahul,DJ Hooda,S Gopal,1,0,,,,,,,,,
1254061,2021,2021-04-12,"Wankhede Stadium, Mumbai",1,13.2,Punjab Kings,Rajasthan Royals,DJ Hooda,KL Rahul,S Gopal,6,0,,,,,,,,,
1254061,2021,2021-04-12,"Wankhede Stadium, Mumbai",1,13.3,Punjab Kings,Rajasthan Royals,DJ Hooda,KL Rahul,S Gopal,6,0,,,,,,,,,
1254061,2021,2021-04-12,"Wankhede Stadium, Mumbai",1,13.4,Punjab Kings,Rajasthan Royals,DJ Hooda,KL Rahul,S Gopal,0,0,,,,,,,,,
1254061,2021,2021-04-12,"Wankhede Stadium, Mumbai",1,13.5,Punjab Kings,Rajasthan Royals,DJ Hooda,KL Rahul,S Gopal,6,0,,,,,,,,,
1254061,2021,2021-04-12,"Wankhede Stadium, Mumbai",1,13.6,Punjab Kings,Rajasthan Royals,DJ Hooda,KL Rahul,S Gopal,1,0,,,,,,,,,
1254061,2021,2021-04-12,"Wankhede Stadium, Mumbai",1,14.1,Punjab Kings,Rajasthan Royals,DJ Hooda,KL Rahul,Mustafizur Rahman,1,0,,,,,,,,,
1254061,2021,2021-04-12,"Wankhede Stadium, Mumbai",1,14.2,Punjab Kings,Rajasthan Royals,KL Rahul,DJ Hooda,Mustafizur Rahman,2,0,,,,,,,,,
1254061,2021,2021-04-12,"Wankhede Stadium, Mumbai",1,14.3,Punjab Kings,Rajasthan Royals,KL Rahul,DJ Hooda,Mustafizur Rahman,0,0,,,,,,,,,
1254061,2021,2021-04-12,"Wankhede Stadium, Mumbai",1,14.4,Punjab Kings,Rajasthan Royals,KL Rahul,DJ Hooda,Mustafizur Rahman,6,0,,,,,,,,,
1254061,2021,2021-04-12,"Wankhede Stadium, Mumbai",1,14.5,Punjab Kings,Rajasthan Royals,KL Rahul,DJ Hooda,Mustafizur Rahman,1,0,,,,,,,,,
1254061,2021,2021-04-12,"Wankhede Stadium, Mumbai",1,14.6,Punjab Kings,Rajasthan Royals,DJ Hooda,KL Rahul,Mustafizur Rahman,1,0,,,,,,,,,
1254061,2021,2021-04-12,"Wankhede Stadium, Mumbai",1,15.1,Punjab Kings,Rajasthan Royals,DJ Hooda,KL Rahul,CH Morris,6,0,,,,,,,,,
1254061,2021,2021-04-12,"Wankhede Stadium, Mumbai",1,15.2,Punjab Kings,Rajasthan Royals,DJ Hooda,KL Rahul,CH Morris,2,0,,,,,,,,,
1254061,2021,2021-04-12,"Wankhede Stadium, Mumbai",1,15.3,Punjab Kings,Rajasthan Royals,DJ Hooda,KL Rahul,CH Morris,1,0,,,,,,,,,
1254061,2021,2021-04-12,"Wankhede Stadium, Mumbai",1,15.4,Punjab Kings,Rajasthan Royals,KL Rahul,DJ Hooda,CH Morris,0,0,,,,,,,,,
1254061,2021,2021-04-12,"Wankhede Stadium, Mumbai",1,15.5,Punjab Kings,Rajasthan Royals,KL Rahul,DJ Hooda,CH Morris,1,0,,,,,,,,,
1254061,2021,2021-04-12,"Wankhede Stadium, Mumbai",1,15.6,Punjab Kings,Rajasthan Royals,DJ Hooda,KL Rahul,CH Morris,1,0,,,,,,,,,
1254061,2021,2021-04-12,"Wankhede Stadium, Mumbai",1,16.1,Punjab Kings,Rajasthan Royals,DJ Hooda,KL Rahul,C Sakariya,0,0,,,,,,,,,
1254061,2021,2021-04-12,"Wankhede Stadium, Mumbai",1,16.2,Punjab Kings,Rajasthan Royals,DJ Hooda,KL Rahul,C Sakariya,1,0,,,,,,,,,
1254061,2021,2021-04-12,"Wankhede Stadium, Mumbai",1,16.3,Punjab Kings,Rajasthan Royals,KL Rahul,DJ Hooda,C Sakariya,1,0,,,,,,,,,
1254061,2021,2021-04-12,"Wankhede Stadium, Mumbai",1,16.4,Punjab Kings,Rajasthan Royals,DJ Hooda,KL Rahul,C Sakariya,0,0,,,,,,,,,
1254061,2021,2021-04-12,"Wankhede Stadium, Mumbai",1,16.5,Punjab Kings,Rajasthan Royals,DJ Hooda,KL Rahul,C Sakariya,4,0,,,,,,,,,
1254061,2021,2021-04-12,"Wankhede Stadium, Mumbai",1,16.6,Punjab Kings,Rajasthan Royals,DJ Hooda,KL Rahul,C Sakariya,4,1,,1,,,,,,,
1254061,2021,2021-04-12,"Wankhede Stadium, Mumbai",1,16.7,Punjab Kings,Rajasthan Royals,DJ Hooda,KL Rahul,C Sakariya,4,0,,,,,,,,,
1254061,2021,2021-04-12,"Wankhede Stadium, Mumbai",1,17.1,Punjab Kings,Rajasthan Royals,KL Rahul,DJ Hooda,CH Morris,6,0,,,,,,,,,
1254061,2021,2021-04-12,"Wankhede Stadium, Mumbai",1,17.2,Punjab Kings,Rajasthan Royals,KL Rahul,DJ Hooda,CH Morris,1,0,,,,,,,,,
1254061,2021,2021-04-12,"Wankhede Stadium, Mumbai",1,17.3,Punjab Kings,Rajasthan Royals,DJ Hooda,KL Rahul,CH Morris,0,0,,,,,,caught,DJ Hooda,,
1254061,2021,2021-04-12,"Wankhede Stadium, Mumbai",1,17.4,Punjab Kings,Rajasthan Royals,KL Rahul,N Pooran,CH Morris,6,0,,,,,,,,,
1254061,2021,2021-04-12,"Wankhede Stadium, Mumbai",1,17.5,Punjab Kings,Rajasthan Royals,KL Rahul,N Pooran,CH Morris,1,0,,,,,,,,,
1254061,2021,2021-04-12,"Wankhede Stadium, Mumbai",1,17.6,Punjab Kings,Rajasthan Royals,N Pooran,KL Rahul,CH Morris,0,0,,,,,,caught,N Pooran,,
1254061,2021,2021-04-12,"Wankhede Stadium, Mumbai",1,18.1,Punjab Kings,Rajasthan Royals,KL Rahul,M Shahrukh Khan,Mustafizur Rahman,1,0,,,,,,,,,
1254061,2021,2021-04-12,"Wankhede Stadium, Mumbai",1,18.2,Punjab Kings,Rajasthan Royals,M Shahrukh Khan,KL Rahul,Mustafizur Rahman,1,0,,,,,,,,,
1254061,2021,2021-04-12,"Wankhede Stadium, Mumbai",1,18.3,Punjab Kings,Rajasthan Royals,KL Rahul,M Shahrukh Khan,Mustafizur Rahman,0,1,,1,,,,,,,
1254061,2021,2021-04-12,"Wankhede Stadium, Mumbai",1,18.4,Punjab Kings,Rajasthan Royals,KL Rahul,M Shahrukh Khan,Mustafizur Rahman,0,1,1,,,,,,,,
1254061,2021,2021-04-12,"Wankhede Stadium, Mumbai",1,18.5,Punjab Kings,Rajasthan Royals,KL Rahul,M Shahrukh Khan,Mustafizur Rahman,4,0,,,,,,,,,
1254061,2021,2021-04-12,"Wankhede Stadium, Mumbai",1,18.6,Punjab Kings,Rajasthan Royals,KL Rahul,M Shahrukh Khan,Mustafizur Rahman,2,0,,,,,,,,,
1254061,2021,2021-04-12,"Wankhede Stadium, Mumbai",1,18.7,Punjab Kings,Rajasthan Royals,KL Rahul,M Shahrukh Khan,Mustafizur Rahman,1,0,,,,,,,,,
1254061,2021,2021-04-12,"Wankhede Stadium, Mumbai",1,18.8,Punjab Kings,Rajasthan Royals,M Shahrukh Khan,KL Rahul,Mustafizur Rahman,4,0,,,,,,,,,
1254061,2021,2021-04-12,"Wankhede Stadium, Mumbai",1,19.1,Punjab Kings,Rajasthan Royals,KL Rahul,M Shahrukh Khan,C Sakariya,4,0,,,,,,,,,
1254061,2021,2021-04-12,"Wankhede Stadium, Mumbai",1,19.2,Punjab Kings,Rajasthan Royals,KL Rahul,M Shahrukh Khan,C Sakariya,0,0,,,,,,caught,KL Rahul,,
1254061,2021,2021-04-12,"Wankhede Stadium, Mumbai",1,19.3,Punjab Kings,Rajasthan Royals,M Shahrukh Khan,JA Richardson,C Sakariya,0,0,,,,,,,,,
1254061,2021,2021-04-12,"Wankhede Stadium, Mumbai",1,19.4,Punjab Kings,Rajasthan Royals,M Shahrukh Khan,JA Richardson,C Sakariya,1,0,,,,,,,,,
1254061,2021,2021-04-12,"Wankhede Stadium, Mumbai",1,19.5,Punjab Kings,Rajasthan Royals,JA Richardson,M Shahrukh Khan,C Sakariya,0,0,,,,,,,,,
1254061,2021,2021-04-12,"Wankhede Stadium, Mumbai",1,19.6,Punjab Kings,Rajasthan Royals,JA Richardson,M Shahrukh Khan,C Sakariya,0,0,,,,,,caught,JA Richardson,,
1254061,2021,2021-04-12,"Wankhede Stadium, Mumbai",2,0.1,Rajasthan Royals,Punjab Kings,BA Stokes,M Vohra,Mohammed Shami,0,0,,,,,,,,,
1254061,2021,2021-04-12,"Wankhede Stadium, Mumbai",2,0.2,Rajasthan Royals,Punjab Kings,BA Stokes,M Vohra,Mohammed Shami,0,0,,,,,,,,,
1254061,2021,2021-04-12,"Wankhede Stadium, Mumbai",2,0.3,Rajasthan Royals,Punjab Kings,BA Stokes,M Vohra,Mohammed Shami,0,0,,,,,,caught and bowled,BA Stokes,,
1254061,2021,2021-04-12,"Wankhede Stadium, Mumbai",2,0.4,Rajasthan Royals,Punjab Kings,SV Samson,M Vohra,Mohammed Shami,0,0,,,,,,,,,
1254061,2021,2021-04-12,"Wankhede Stadium, Mumbai",2,0.5,Rajasthan Royals,Punjab Kings,SV Samson,M Vohra,Mohammed Shami,4,0,,,,,,,,,
1254061,2021,2021-04-12,"Wankhede Stadium, Mumbai",2,0.6,Rajasthan Royals,Punjab Kings,SV Samson,M Vohra,Mohammed Shami,0,0,,,,,,,,,
1254061,2021,2021-04-12,"Wankhede Stadium, Mumbai",2,1.1,Rajasthan Royals,Punjab Kings,M Vohra,SV Samson,JA Richardson,0,1,1,,,,,,,,
1254061,2021,2021-04-12,"Wankhede Stadium, Mumbai",2,1.2,Rajasthan Royals,Punjab Kings,M Vohra,SV Samson,JA Richardson,6,0,,,,,,,,,
1254061,2021,2021-04-12,"Wankhede Stadium, Mumbai",2,1.3,Rajasthan Royals,Punjab Kings,M Vohra,SV Samson,JA Richardson,0,0,,,,,,,,,
1254061,2021,2021-04-12,"Wankhede Stadium, Mumbai",2,1.4,Rajasthan Royals,Punjab Kings,M Vohra,SV Samson,JA Richardson,0,0,,,,,,,,,
1254061,2021,2021-04-12,"Wankhede Stadium, Mumbai",2,1.5,Rajasthan Royals,Punjab Kings,M Vohra,SV Samson,JA Richardson,4,0,,,,,,,,,
1254061,2021,2021-04-12,"Wankhede Stadium, Mumbai",2,1.6,Rajasthan Royals,Punjab Kings,M Vohra,SV Samson,JA Richardson,0,0,,,,,,,,,
1254061,2021,2021-04-12,"Wankhede Stadium, Mumbai",2,1.7,Rajasthan Royals,Punjab Kings,M Vohra,SV Samson,JA Richardson,2,0,,,,,,,,,
1254061,2021,2021-04-12,"Wankhede Stadium, Mumbai",2,2.1,Rajasthan Royals,Punjab Kings,SV Samson,M Vohra,Mohammed Shami,0,0,,,,,,,,,
1254061,2021,2021-04-12,"Wankhede Stadium, Mumbai",2,2.2,Rajasthan Royals,Punjab Kings,SV Samson,M Vohra,Mohammed Shami,0,0,,,,,,,,,
1254061,2021,2021-04-12,"Wankhede Stadium, Mumbai",2,2.3,Rajasthan Royals,Punjab Kings,SV Samson,M Vohra,Mohammed Shami,0,0,,,,,,,,,
1254061,2021,2021-04-12,"Wankhede Stadium, Mumbai",2,2.4,Rajasthan Royals,Punjab Kings,SV Samson,M Vohra,Mohammed Shami,4,0,,,,,,,,,
1254061,2021,2021-04-12,"Wankhede Stadium, Mumbai",2,2.5,Rajasthan Royals,Punjab Kings,SV Samson,M Vohra,Mohammed Shami,0,0,,,,,,,,,
1254061,2021,2021-04-12,"Wankhede Stadium, Mumbai",2,2.6,Rajasthan Royals,Punjab Kings,SV Samson,M Vohra,Mohammed Shami,4,0,,,,,,,,,
1254061,2021,2021-04-12,"Wankhede Stadium, Mumbai",2,3.1,Rajasthan Royals,Punjab Kings,M Vohra,SV Samson,Arshdeep Singh,0,0,,,,,,,,,
1254061,2021,2021-04-12,"Wankhede Stadium, Mumbai",2,3.2,Rajasthan Royals,Punjab Kings,M Vohra,SV Samson,Arshdeep Singh,0,0,,,,,,caught and bowled,M Vohra,,
1254061,2021,2021-04-12,"Wankhede Stadium, Mumbai",2,3.3,Rajasthan Royals,Punjab Kings,JC Buttler,SV Samson,Arshdeep Singh,1,0,,,,,,,,,
1254061,2021,2021-04-12,"Wankhede Stadium, Mumbai",2,3.4,Rajasthan Royals,Punjab Kings,SV Samson,JC Buttler,Arshdeep Singh,0,0,,,,,,,,,
1254061,2021,2021-04-12,"Wankhede Stadium, Mumbai",2,3.5,Rajasthan Royals,Punjab Kings,SV Samson,JC Buttler,Arshdeep Singh,0,0,,,,,,,,,
1254061,2021,2021-04-12,"Wankhede Stadium, Mumbai",2,3.6,Rajasthan Royals,Punjab Kings,SV Samson,JC Buttler,Arshdeep Singh,4,0,,,,,,,,,
1254061,2021,2021-04-12,"Wankhede Stadium, Mumbai",2,4.1,Rajasthan Royals,Punjab Kings,JC Buttler,SV Samson,RP Meredith,4,0,,,,,,,,,
1254061,2021,2021-04-12,"Wankhede Stadium, Mumbai",2,4.2,Rajasthan Royals,Punjab Kings,JC Buttler,SV Samson,RP Meredith,4,0,,,,,,,,,
1254061,2021,2021-04-12,"Wankhede Stadium, Mumbai",2,4.3,Rajasthan Royals,Punjab Kings,JC Buttler,SV Samson,RP Meredith,4,0,,,,,,,,,
1254061,2021,2021-04-12,"Wankhede Stadium, Mumbai",2,4.4,Rajasthan Royals,Punjab Kings,JC Buttler,SV Samson,RP Meredith,4,0,,,,,,,,,
1254061,2021,2021-04-12,"Wankhede Stadium, Mumbai",2,4.5,Rajasthan Royals,Punjab Kings,JC Buttler,SV Samson,RP Meredith,1,0,,,,,,,,,
1254061,2021,2021-04-12,"Wankhede Stadium, Mumbai",2,4.6,Rajasthan Royals,Punjab Kings,SV Samson,JC Buttler,RP Meredith,1,0,,,,,,,,,
1254061,2021,2021-04-12,"Wankhede Stadium, Mumbai",2,5.1,Rajasthan Royals,Punjab Kings,SV Samson,JC Buttler,Arshdeep Singh,4,0,,,,,,,,,
1254061,2021,2021-04-12,"Wankhede Stadium, Mumbai",2,5.2,Rajasthan Royals,Punjab Kings,SV Samson,JC Buttler,Arshdeep Singh,1,0,,,,,,,,,
1254061,2021,2021-04-12,"Wankhede Stadium, Mumbai",2,5.3,Rajasthan Royals,Punjab Kings,JC Buttler,SV Samson,Arshdeep Singh,0,0,,,,,,,,,
1254061,2021,2021-04-12,"Wankhede Stadium, Mumbai",2,5.4,Rajasthan Royals,Punjab Kings,JC Buttler,SV Samson,Arshdeep Singh,1,0,,,,,,,,,
1254061,2021,2021-04-12,"Wankhede Stadium, Mumbai",2,5.5,Rajasthan Royals,Punjab Kings,SV Samson,JC Buttler,Arshdeep Singh,4,0,,,,,,,,,
1254061,2021,2021-04-12,"Wankhede Stadium, Mumbai",2,5.6,Rajasthan Royals,Punjab Kings,SV Samson,JC Buttler,Arshdeep Singh,1,0,,,,,,,,,
1254061,2021,2021-04-12,"Wankhede Stadium, Mumbai",2,6.1,Rajasthan Royals,Punjab Kings,SV Samson,JC Buttler,M Ashwin,1,1,,1,,,,,,,
1254061,2021,2021-04-12,"Wankhede Stadium, Mumbai",2,6.2,Rajasthan Royals,Punjab Kings,JC Buttler,SV Samson,M Ashwin,4,0,,,,,,,,,
1254061,2021,2021-04-12,"Wankhede Stadium, Mumbai",2,6.3,Rajasthan Royals,Punjab Kings,JC Buttler,SV Samson,M Ashwin,1,0,,,,,,,,,
1254061,2021,2021-04-12,"Wankhede Stadium, Mumbai",2,6.4,Rajasthan Royals,Punjab Kings,SV Samson,JC Buttler,M Ashwin,0,0,,,,,,,,,
1254061,2021,2021-04-12,"Wankhede Stadium, Mumbai",2,6.5,Rajasthan Royals,Punjab Kings,SV Samson,JC Buttler,M Ashwin,0,0,,,,,,,,,
1254061,2021,2021-04-12,"Wankhede Stadium, Mumbai",2,6.6,Rajasthan Royals,Punjab Kings,SV Samson,JC Buttler,M Ashwin,0,1,,,,1,,,,,
1254061,2021,2021-04-12,"Wankhede Stadium, Mumbai",2,6.7,Rajasthan Royals,Punjab Kings,JC Buttler,SV Samson,M Ashwin,0,1,,,,1,,,,,
1254061,2021,2021-04-12,"Wankhede Stadium, Mumbai",2,7.1,Rajasthan Royals,Punjab Kings,JC Buttler,SV Samson,JA Richardson,1,0,,,,,,,,,
1254061,2021,2021-04-12,"Wankhede Stadium, Mumbai",2,7.2,Rajasthan Royals,Punjab Kings,SV Samson,JC Buttler,JA Richardson,1,0,,,,,,,,,
1254061,2021,2021-04-12,"Wankhede Stadium, Mumbai",2,7.3,Rajasthan Royals,Punjab Kings,JC Buttler,SV Samson,JA Richardson,0,0,,,,,,bowled,JC Buttler,,
1254061,2021,2021-04-12,"Wankhede Stadium, Mumbai",2,7.4,Rajasthan Royals,Punjab Kings,S Dube,SV Samson,JA Richardson,4,0,,,,,,,,,
1254061,2021,2021-04-12,"Wankhede Stadium, Mumbai",2,7.5,Rajasthan Royals,Punjab Kings,S Dube,SV Samson,JA Richardson,2,0,,,,,,,,,
1254061,2021,2021-04-12,"Wankhede Stadium, Mumbai",2,7.6,Rajasthan Royals,Punjab Kings,S Dube,SV Samson,JA Richardson,2,0,,,,,,,,,
1254061,2021,2021-04-12,"Wankhede Stadium, Mumbai",2,8.1,Rajasthan Royals,Punjab Kings,SV Samson,S Dube,RP Meredith,6,0,,,,,,,,,
1254061,2021,2021-04-12,"Wankhede Stadium, Mumbai",2,8.2,Rajasthan Royals,Punjab Kings,SV Samson,S Dube,RP Meredith,0,0,,,,,,,,,
1254061,2021,2021-04-12,"Wankhede Stadium, Mumbai",2,8.3,Rajasthan Royals,Punjab Kings,SV Samson,S Dube,RP Meredith,1,0,,,,,,,,,
1254061,2021,2021-04-12,"Wankhede Stadium, Mumbai",2,8.4,Rajasthan Royals,Punjab Kings,S Dube,SV Samson,RP Meredith,0,0,,,,,,,,,
1254061,2021,2021-04-12,"Wankhede Stadium, Mumbai",2,8.5,Rajasthan Royals,Punjab Kings,S Dube,SV Samson,RP Meredith,1,0,,,,,,,,,
1254061,2021,2021-04-12,"Wankhede Stadium, Mumbai",2,8.6,Rajasthan Royals,Punjab Kings,SV Samson,S Dube,RP Meredith,1,0,,,,,,,,,
1254061,2021,2021-04-12,"Wankhede Stadium, Mumbai",2,9.1,Rajasthan Royals,Punjab Kings,SV Samson,S Dube,M Ashwin,1,0,,,,,,,,,
1254061,2021,2021-04-12,"Wankhede Stadium, Mumbai",2,9.2,Rajasthan Royals,Punjab Kings,S Dube,SV Samson,M Ashwin,1,0,,,,,,,,,
1254061,2021,2021-04-12,"Wankhede Stadium, Mumbai",2,9.3,Rajasthan Royals,Punjab Kings,SV Samson,S Dube,M Ashwin,0,1,1,,,,,,,,
1254061,2021,2021-04-12,"Wankhede Stadium, Mumbai",2,9.4,Rajasthan Royals,Punjab Kings,SV Samson,S Dube,M Ashwin,0,1,1,,,,,,,,
1254061,2021,2021-04-12,"Wankhede Stadium, Mumbai",2,9.5,Rajasthan Royals,Punjab Kings,SV Samson,S Dube,M Ashwin,1,0,,,,,,,,,
1254061,2021,2021-04-12,"Wankhede Stadium, Mumbai",2,9.6,Rajasthan Royals,Punjab Kings,S Dube,SV Samson,M Ashwin,1,0,,,,,,,,,
1254061,2021,2021-04-12,"Wankhede Stadium, Mumbai",2,9.7,Rajasthan Royals,Punjab Kings,SV Samson,S Dube,M Ashwin,0,0,,,,,,,,,
1254061,2021,2021-04-12,"Wankhede Stadium, Mumbai",2,9.8,Rajasthan Royals,Punjab Kings,SV Samson,S Dube,M Ashwin,2,0,,,,,,,,,
1254061,2021,2021-04-12,"Wankhede Stadium, Mumbai",2,10.1,Rajasthan Royals,Punjab Kings,S Dube,SV Samson,RP Meredith,1,0,,,,,,,,,
1254061,2021,2021-04-12,"Wankhede Stadium, Mumbai",2,10.2,Rajasthan Royals,Punjab Kings,SV Samson,S Dube,RP Meredith,6,0,,,,,,,,,
1254061,2021,2021-04-12,"Wankhede Stadium, Mumbai",2,10.3,Rajasthan Royals,Punjab Kings,SV Samson,S Dube,RP Meredith,2,0,,,,,,,,,
1254061,2021,2021-04-12,"Wankhede Stadium, Mumbai",2,10.4,Rajasthan Royals,Punjab Kings,SV Samson,S Dube,RP Meredith,4,0,,,,,,,,,
1254061,2021,2021-04-12,"Wankhede Stadium, Mumbai",2,10.5,Rajasthan Royals,Punjab Kings,SV Samson,S Dube,RP Meredith,0,0,,,,,,,,,
1254061,2021,2021-04-12,"Wankhede Stadium, Mumbai",2,10.6,Rajasthan Royals,Punjab Kings,SV Samson,S Dube,RP Meredith,1,0,,,,,,,,,
1254061,2021,2021-04-12,"Wankhede Stadium, Mumbai",2,11.1,Rajasthan Royals,Punjab Kings,SV Samson,S Dube,M Ashwin,1,0,,,,,,,,,
1254061,2021,2021-04-12,"Wankhede Stadium, Mumbai",2,11.2,Rajasthan Royals,Punjab Kings,S Dube,SV Samson,M Ashwin,0,0,,,,,,,,,
1254061,2021,2021-04-12,"Wankhede Stadium, Mumbai",2,11.3,Rajasthan Royals,Punjab Kings,S Dube,SV Samson,M Ashwin,4,0,,,,,,,,,
1254061,2021,2021-04-12,"Wankhede Stadium, Mumbai",2,11.4,Rajasthan Royals,Punjab Kings,S Dube,SV Samson,M Ashwin,1,0,,,,,,,,,
1254061,2021,2021-04-12,"Wankhede Stadium, Mumbai",2,11.5,Rajasthan Royals,Punjab Kings,SV Samson,S Dube,M Ashwin,1,0,,,,,,,,,
1254061,2021,2021-04-12,"Wankhede Stadium, Mumbai",2,11.6,Rajasthan Royals,Punjab Kings,S Dube,SV Samson,M Ashwin,1,0,,,,,,,,,
1254061,2021,2021-04-12,"Wankhede Stadium, Mumbai",2,12.1,Rajasthan Royals,Punjab Kings,S Dube,SV Samson,Arshdeep Singh,4,0,,,,,,,,,
1254061,2021,2021-04-12,"Wankhede Stadium, Mumbai",2,12.2,Rajasthan Royals,Punjab Kings,S Dube,SV Samson,Arshdeep Singh,1,0,,,,,,,,,
1254061,2021,2021-04-12,"Wankhede Stadium, Mumbai",2,12.3,Rajasthan Royals,Punjab Kings,SV Samson,S Dube,Arshdeep Singh,1,0,,,,,,,,,
1254061,2021,2021-04-12,"Wankhede Stadium, Mumbai",2,12.4,Rajasthan Royals,Punjab Kings,S Dube,SV Samson,Arshdeep Singh,0,0,,,,,,caught,S Dube,,
1254061,2021,2021-04-12,"Wankhede Stadium, Mumbai",2,12.5,Rajasthan Royals,Punjab Kings,SV Samson,R Parag,Arshdeep Singh,1,0,,,,,,,,,
1254061,2021,2021-04-12,"Wankhede Stadium, Mumbai",2,12.6,Rajasthan Royals,Punjab Kings,R Parag,SV Samson,Arshdeep Singh,4,0,,,,,,,,,
1254061,2021,2021-04-12,"Wankhede Stadium, Mumbai",2,13.1,Rajasthan Royals,Punjab Kings,SV Samson,R Parag,Mohammed Shami,0,0,,,,,,,,,
1254061,2021,2021-04-12,"Wankhede Stadium, Mumbai",2,13.2,Rajasthan Royals,Punjab Kings,SV Samson,R Parag,Mohammed Shami,4,0,,,,,,,,,
1254061,2021,2021-04-12,"Wankhede Stadium, Mumbai",2,13.3,Rajasthan Royals,Punjab Kings,SV Samson,R Parag,Mohammed Shami,1,0,,,,,,,,,
1254061,2021,2021-04-12,"Wankhede Stadium, Mumbai",2,13.4,Rajasthan Royals,Punjab Kings,R Parag,SV Samson,Mohammed Shami,6,0,,,,,,,,,
1254061,2021,2021-04-12,"Wankhede Stadium, Mumbai",2,13.5,Rajasthan Royals,Punjab Kings,R Parag,SV Samson,Mohammed Shami,1,0,,,,,,,,,
1254061,2021,2021-04-12,"Wankhede Stadium, Mumbai",2,13.6,Rajasthan Royals,Punjab Kings,SV Samson,R Parag,Mohammed Shami,1,0,,,,,,,,,
1254061,2021,2021-04-12,"Wankhede Stadium, Mumbai",2,14.1,Rajasthan Royals,Punjab Kings,SV Samson,R Parag,JA Richardson,1,0,,,,,,,,,
1254061,2021,2021-04-12,"Wankhede Stadium, Mumbai",2,14.2,Rajasthan Royals,Punjab Kings,R Parag,SV Samson,JA Richardson,1,0,,,,,,,,,
1254061,2021,2021-04-12,"Wankhede Stadium, Mumbai",2,14.3,Rajasthan Royals,Punjab Kings,SV Samson,R Parag,JA Richardson,4,0,,,,,,,,,
1254061,2021,2021-04-12,"Wankhede Stadium, Mumbai",2,14.4,Rajasthan Royals,Punjab Kings,SV Samson,R Parag,JA Richardson,6,0,,,,,,,,,
1254061,2021,2021-04-12,"Wankhede Stadium, Mumbai",2,14.5,Rajasthan Royals,Punjab Kings,SV Samson,R Parag,JA Richardson,1,0,,,,,,,,,
1254061,2021,2021-04-12,"Wankhede Stadium, Mumbai",2,14.6,Rajasthan Royals,Punjab Kings,R Parag,SV Samson,JA Richardson,0,0,,,,,,,,,
1254061,2021,2021-04-12,"Wankhede Stadium, Mumbai",2,15.1,Rajasthan Royals,Punjab Kings,SV Samson,R Parag,M Ashwin,6,0,,,,,,,,,
1254061,2021,2021-04-12,"Wankhede Stadium, Mumbai",2,15.2,Rajasthan Royals,Punjab Kings,SV Samson,R Parag,M Ashwin,1,0,,,,,,,,,
1254061,2021,2021-04-12,"Wankhede Stadium, Mumbai",2,15.3,Rajasthan Royals,Punjab Kings,R Parag,SV Samson,M Ashwin,0,0,,,,,,,,,
1254061,2021,2021-04-12,"Wankhede Stadium, Mumbai",2,15.4,Rajasthan Royals,Punjab Kings,R Parag,SV Samson,M Ashwin,6,0,,,,,,,,,
1254061,2021,2021-04-12,"Wankhede Stadium, Mumbai",2,15.5,Rajasthan Royals,Punjab Kings,R Parag,SV Samson,M Ashwin,6,0,,,,,,,,,
1254061,2021,2021-04-12,"Wankhede Stadium, Mumbai",2,15.6,Rajasthan Royals,Punjab Kings,R Parag,SV Samson,M Ashwin,1,0,,,,,,,,,
1254061,2021,2021-04-12,"Wankhede Stadium, Mumbai",2,16.1,Rajasthan Royals,Punjab Kings,R Parag,SV Samson,Mohammed Shami,0,1,1,,,,,,,,
1254061,2021,2021-04-12,"Wankhede Stadium, Mumbai",2,16.2,Rajasthan Royals,Punjab Kings,R Parag,SV Samson,Mohammed Shami,0,0,,,,,,,,,
1254061,2021,2021-04-12,"Wankhede Stadium, Mumbai",2,16.3,Rajasthan Royals,Punjab Kings,R Parag,SV Samson,Mohammed Shami,0,0,,,,,,caught,R Parag,,
1254061,2021,2021-04-12,"Wankhede Stadium, Mumbai",2,16.4,Rajasthan Royals,Punjab Kings,R Tewatia,SV Samson,Mohammed Shami,0,0,,,,,,,,,
1254061,2021,2021-04-12,"Wankhede Stadium, Mumbai",2,16.5,Rajasthan Royals,Punjab Kings,R Tewatia,SV Samson,Mohammed Shami,0,1,1,,,,,,,,
1254061,2021,2021-04-12,"Wankhede Stadium, Mumbai",2,16.6,Rajasthan Royals,Punjab Kings,R Tewatia,SV Samson,Mohammed Shami,1,0,,,,,,,,,
1254061,2021,2021-04-12,"Wankhede Stadium, Mumbai",2,16.7,Rajasthan Royals,Punjab Kings,SV Samson,R Tewatia,Mohammed Shami,4,0,,,,,,,,,
1254061,2021,2021-04-12,"Wankhede Stadium, Mumbai",2,16.8,Rajasthan Royals,Punjab Kings,SV Samson,R Tewatia,Mohammed Shami,1,0,,,,,,,,,
1254061,2021,2021-04-12,"Wankhede Stadium, Mumbai",2,17.1,Rajasthan Royals,Punjab Kings,SV Samson,R Tewatia,JA Richardson,4,0,,,,,,,,,
1254061,2021,2021-04-12,"Wankhede Stadium, Mumbai",2,17.2,Rajasthan Royals,Punjab Kings,SV Samson,R Tewatia,JA Richardson,6,0,,,,,,,,,
1254061,2021,2021-04-12,"Wankhede Stadium, Mumbai",2,17.3,Rajasthan Royals,Punjab Kings,SV Samson,R Tewatia,JA Richardson,4,0,,,,,,,,,
1254061,2021,2021-04-12,"Wankhede Stadium, Mumbai",2,17.4,Rajasthan Royals,Punjab Kings,SV Samson,R Tewatia,JA Richardson,2,0,,,,,,,,,
1254061,2021,2021-04-12,"Wankhede Stadium, Mumbai",2,17.5,Rajasthan Royals,Punjab Kings,SV Samson,R Tewatia,JA Richardson,0,1,1,,,,,,,,
1254061,2021,2021-04-12,"Wankhede Stadium, Mumbai",2,17.6,Rajasthan Royals,Punjab Kings,SV Samson,R Tewatia,JA Richardson,1,0,,,,,,,,,
1254061,2021,2021-04-12,"Wankhede Stadium, Mumbai",2,17.7,Rajasthan Royals,Punjab Kings,R Tewatia,SV Samson,JA Richardson,1,0,,,,,,,,,
1254061,2021,2021-04-12,"Wankhede Stadium, Mumbai",2,18.1,Rajasthan Royals,Punjab Kings,R Tewatia,SV Samson,RP Meredith,0,0,,,,,,caught,R Tewatia,,
1254061,2021,2021-04-12,"Wankhede Stadium, Mumbai",2,18.2,Rajasthan Royals,Punjab Kings,CH Morris,SV Samson,RP Meredith,0,0,,,,,,,,,
1254061,2021,2021-04-12,"Wankhede Stadium, Mumbai",2,18.3,Rajasthan Royals,Punjab Kings,CH Morris,SV Samson,RP Meredith,1,0,,,,,,,,,
1254061,2021,2021-04-12,"Wankhede Stadium, Mumbai",2,18.4,Rajasthan Royals,Punjab Kings,SV Samson,CH Morris,RP Meredith,6,0,,,,,,,,,
1254061,2021,2021-04-12,"Wankhede Stadium, Mumbai",2,18.5,Rajasthan Royals,Punjab Kings,SV Samson,CH Morris,RP Meredith,1,0,,,,,,,,,
1254061,2021,2021-04-12,"Wankhede Stadium, Mumbai",2,18.6,Rajasthan Royals,Punjab Kings,CH Morris,SV Samson,RP Meredith,0,0,,,,,,,,,
1254061,2021,2021-04-12,"Wankhede Stadium, Mumbai",2,19.1,Rajasthan Royals,Punjab Kings,SV Samson,CH Morris,Arshdeep Singh,0,0,,,,,,,,,
1254061,2021,2021-04-12,"Wankhede Stadium, Mumbai",2,19.2,Rajasthan Royals,Punjab Kings,SV Samson,CH Morris,Arshdeep Singh,1,0,,,,,,,,,
1254061,2021,2021-04-12,"Wankhede Stadium, Mumbai",2,19.3,Rajasthan Royals,Punjab Kings,CH Morris,SV Samson,Arshdeep Singh,1,0,,,,,,,,,
1254061,2021,2021-04-12,"Wankhede Stadium, Mumbai",2,19.4,Rajasthan Royals,Punjab Kings,SV Samson,CH Morris,Arshdeep Singh,6,0,,,,,,,,,
1254061,2021,2021-04-12,"Wankhede Stadium, Mumbai",2,19.5,Rajasthan Royals,Punjab Kings,SV Samson,CH Morris,Arshdeep Singh,0,0,,,,,,,,,
1254061,2021,2021-04-12,"Wankhede Stadium, Mumbai",2,19.6,Rajasthan Royals,Punjab Kings,SV Samson,CH Morris,Arshdeep Singh,0,0,,,,,,caught,SV Samson,,
